222 227 10000 10012 6000 7218 21969 994
320 336 10000 10031 6000 12674 21969 994
357 66 10000 10015 6000 8397 42483 994
296 163 10000 10017 6000 8746 42483 994
301 197 10000 10029 2500 12587 41513 417
271 157 10000 10033 6000 12968 42483 994
325 212 10000 10040 2500 15849 41513 417
70 71 10000 10003 20000 1180 62027 3320
154 272 10000 10049 6000 20055 43289 994
101 311 10000 10060 2100 26266 41513 353
108 314 10000 10069 6000 29887 42483 994
162 315 10000 10099 2500 40352 41513 417
294 243 10000 10101 2500 41122 41513 417
34 226 10000 10005 10000 2374 83026 1660
237 112 10000 10113 2500 44145 41513 417
249 354 10000 10117 6000 45855 42639 994
392 10 10000 10119 6000 45898 42600 994
26 13 10000 10118 6000 45855 42703 994
8 146 10000 10010 10000 5930 83026 1660
207 204 10000 10184 2100 68584 21019 353
275 101 10000 10134 2500 52544 41618 417
232 106 10000 10152 2500 56460 41513 417
264 305 10000 10157 2100 60568 41513 353
92 282 10000 10172 2100 63908 41513 353
10 303 10000 10179 2500 66591 41513 417
83 81 10000 10045 80000 17227 93943 13266
35 36 10000 10124 30000 48495 64937 4972
359 352 10000 10070 50000 30207 84244 8293
37 20 10000 10131 30000 50224 64462 4972
335 283 10000 10194 2500 73835 41513 417
173 345 10000 10195 2100 74000 41513 353
140 75 10000 10077 10000 32144 83511 1660
41 242 10000 10196 6000 74245 42708 994
233 122 10000 10203 2500 76897 41640 417
49 278 10000 10089 10000 37821 83026 1660
23 99 10000 10090 10000 39128 83026 1660
268 110 10000 10214 6000 81914 42483 994
142 292 10000 10006 20000 2649 123569 3320
203 207 10000 10083 80000 35333 92049 13266
157 22 10000 10218 6000 83781 45056 994
258 84 10000 10007 30000 3039 126479 4972
87 193 10000 10011 20000 6567 123742 3320
1 122 10000 10235 2100 91168 41513 353
343 33 10000 10236 2100 91237 41513 353
310 120 10000 10023 30000 10916 127449 4972
91 189 10000 10252 6000 99790 42483 994
33 26 10000 10304 6000 121122 21969 994
161 159 10000 10257 2100 101627 41513 353
156 354 10000 10253 6000 100673 42483 994
32 35 10000 10135 80000 52554 91559 13266
126 204 10000 10167 10000 63114 83026 1660
4 71 10000 10260 6000 103283 42949 994
282 192 10000 10044 30000 16986 129582 4972
80 56 10000 10052 30000 21340 126479 4972
76 204 10000 10055 30000 22687 126622 4972
329 283 10000 10279 2500 110229 41513 417
125 257 10000 10073 20000 31064 123569 3320
329 154 10000 10288 2100 114313 41513 353
9 10 10000 10237 30000 91703 64999 4972
84 255 10000 10076 20000 31761 125848 3320
151 389 10000 10295 2500 116703 41513 417
264 374 10000 10082 20000 34736 123946 3320
140 214 10000 10192 10000 73400 85577 1660
260 229 10000 10303 2100 120922 41513 353
313 385 10000 10311 2100 123464 41513 353
207 251 10000 10319 6000 125683 42483 994
249 270 10000 10104 30000 41629 126974 4972
387 194 10000 10108 30000 42171 126559 4972
373 375 10000 10199 80000 75120 94155 13266
140 86 10000 10116 30000 44692 126479 4972
80 357 10000 10121 30000 46267 126479 4972
136 281 10000 10128 20000 49486 124717 3320
305 64 10000 10016 50000 8434 166537 8293
28 101 10000 10133 20000 52391 123569 3320
127 107 10000 10001 80000 762 176692 13266
115 125 10000 10026 50000 11771 166831 8293
95 280 10000 10353 6000 136376 42483 994
216 283 10000 10030 50000 12648 166537 8293
398 14 10000 10141 30000 53533 126479 4972
136 335 10000 10355 6000 137528 42698 994
157 375 10000 10036 50000 13807 166537 8293
147 363 10000 10008 80000 5113 176407 13266
351 49 10000 10009 80000 5256 176722 13266
183 187 10000 10419 2100 160981 21212 353
356 279 10000 10002 80000 806 181414 13266
324 268 10000 10363 2100 141592 41676 353
359 100 10000 10145 30000 54057 131316 4972
255 29 10000 10019 80000 9230 176287 13266
134 374 10000 10018 80000 9202 176502 13266
34 107 10000 10022 80000 10355 176688 13266
360 119 10000 10171 20000 63668 123569 3320
179 151 10000 10159 30000 60945 126730 4972
37 0 10000 10174 20000 64937 124271 3320
326 397 10000 10166 30000 62922 126479 4972
211 75 10000 10170 30000 63251 126479 4972
265 303 10000 10374 6000 146025 44563 994
207 56 10000 10270 10000 107579 83065 1660
12 40 10000 10183 20000 67967 123569 3320
335 358 10000 10037 50000 14361 177394 8293
82 341 10000 10027 80000 12537 180197 13266
303 170 10000 10386 2500 151256 41705 417
381 299 10000 10177 30000 66234 127201 4972
213 13 10000 10065 50000 29072 166537 8293
154 195 10000 10048 80000 18921 177070 13266
328 197 10000 10038 80000 14828 181289 13266
25 248 10000 10186 20000 72158 124433 3320
360 148 10000 10153 30000 56532 141669 4972
96 341 10000 10187 30000 72563 126628 4972
236 29 10000 10294 10000 116631 83228 1660
86 76 10000 10081 50000 34455 166553 8293
193 190 10000 10272 80000 109540 92610 13266
106 383 10000 10062 80000 26528 176237 13266
264 52 10000 10301 10000 119685 84042 1660
3 367 10000 10204 30000 77294 126597 4972
111 312 10000 10173 30000 64508 139509 4972
10 71 10000 10209 20000 80044 124783 3320
145 205 10000 10200 30000 75323 129549 4972
321 218 10000 10190 30000 73379 131546 4972
199 149 10000 10054 80000 22559 183078 13266
353 169 10000 10206 30000 78627 127043 4972
315 340 10000 10093 50000 39380 166722 8293
256 213 10000 10092 50000 39331 166824 8293
225 159 10000 10071 80000 30239 176277 13266
260 255 10000 10100 50000 40374 166585 8293
63 71 10000 10371 30000 145016 64937 4972
12 201 10000 10078 80000 32541 177468 13266
62 97 10000 10436 2100 169102 41513 353
175 88 10000 10440 6000 170084 42483 994
120 204 10000 10084 80000 35979 177631 13266
393 125 10000 10331 10000 130267 83411 1660
304 277 10000 10106 50000 41885 172057 8293
74 149 10000 10211 30000 81064 133029 4972
361 152 10000 10098 50000 40314 178785 8293
278 265 10000 10460 10000 177608 42058 1660
387 242 10000 10350 10000 135881 84599 1660
196 229 10000 10357 10000 138266 83026 1660
388 58 10000 10241 30000 93648 128287 4972
21 100 10000 10443 2500 170883 51669 417
85 71 10000 10458 6000 177446 47303 994
222 140 10000 10095 80000 39958 185870 13266
19 197 10000 10129 80000 49686 176975 13266
368 61 10000 10477 6000 184148 42916 994
336 100 10000 10254 30000 101084 126794 4972
344 334 10000 10162 50000 61350 166587 8293
325 76 10000 10256 30000 101123 127073 4972
26 264 10000 10484 6000 187770 42483 994
385 36 10000 10261 30000 103350 127031 4972
94 150 10000 10263 30000 105043 126479 4972
69 175 10000 10143 80000 53631 179687 13266
146 194 10000 10146 80000 54461 179147 13266
284 282 10000 10376 30000 146372 87740 4972
247 138 10000 10150 80000 55866 179472 13266
122 32 10000 10271 20000 109434 126345 3320
247 244 10000 10434 30000 167975 68373 4972
34 218 10000 10275 30000 109759 128577 4972
250 189 10000 10406 10000 156320 84679 1660
143 374 10000 10524 2500 200772 41513 417
55 108 10000 10525 2100 200987 41513 353
128 61 10000 10523 2500 200727 42061 417
153 104 10000 10512 6000 197138 45927 994
59 294 10000 10496 6000 192926 51849 994
103 125 10000 10300 30000 118780 126693 4972
174 49 10000 10533 6000 204048 42887 994
178 223 10000 10161 80000 61148 187139 13266
269 352 10000 10538 2500 206116 42679 417
152 57 10000 10151 80000 55933 192942 13266
4 372 10000 10543 6000 207211 43052 994
307 25 10000 10217 50000 83561 166981 8293
262 167 10000 10312 20000 123521 127294 3320
131 371 10000 10552 2100 209071 41766 353
153 176 10000 10280 30000 110534 140710 4972
150 76 10000 10287 20000 114269 138742 3320
381 286 10000 10439 10000 169925 83783 1660
295 167 10000 10207 80000 78771 176297 13266
216 243 10000 10230 50000 87955 167395 8293
282 253 10000 10332 20000 130657 124971 3320
170 68 10000 10535 2500 204564 51385 417
350 229 10000 10320 30000 125776 130834 4972
239 260 10000 10210 80000 80673 176446 13266
214 379 10000 10181 80000 66925 191078 13266
209 297 10000 10455 10000 174678 83630 1660
319 379 10000 10354 20000 136803 123569 3320
198 323 10000 10132 80000 51978 210711 13266
110 288 10000 10358 20000 138828 124385 3320
393 92 10000 10435 10000 168283 95392 1660
19 203 10000 10571 6000 219350 45016 994
286 76 10000 10231 80000 88095 176660 13266
17 333 10000 10325 30000 128788 136548 4972
58 24 10000 10247 50000 97674 168433 8293
182 48 10000 10249 50000 99101 167061 8293
321 5 10000 10360 30000 139657 126648 4972
318 178 10000 10245 50000 97478 171460 8293
115 35 10000 10592 2100 227748 41513 353
201 324 10000 10365 30000 142218 127965 4972
256 339 10000 10328 30000 129265 141491 4972
335 359 10000 10164 80000 62231 210036 13266
73 370 10000 10602 2500 231805 42349 417
32 393 10000 10240 50000 93542 181076 8293
356 258 10000 10223 80000 85176 189550 13266
121 343 10000 10476 10000 183722 91156 1660
202 66 10000 10380 30000 149232 126479 4972
48 119 10000 10057 200000 25286 251292 33157
302 49 10000 10372 30000 145213 131628 4972
268 125 10000 10233 80000 88899 188006 13266
170 124 10000 10610 6000 234797 43161 994
394 353 10000 10342 30000 132774 145703 4972
113 338 10000 10375 30000 146156 133665 4972
153 77 10000 10623 2500 238335 41921 417
93 111 10000 10622 6000 238223 42706 994
132 94 10000 10613 6000 235905 45392 994
223 168 10000 10626 2500 240082 41513 417
138 212 10000 10412 20000 157773 124400 3320
248 168 10000 10501 10000 193513 89669 1660
340 13 10000 10258 80000 102170 181762 13266
333 274 10000 10506 10000 195543 88846 1660
356 95 10000 10227 80000 86858 197568 13266
9 115 10000 10415 20000 160131 124371 3320
65 163 10000 10292 50000 115447 170306 8293
173 134 10000 10244 80000 96691 189110 13266
300 17 10000 10404 30000 155544 130328 4972
329 296 10000 10632 2500 242946 43105 417
115 109 10000 10635 10000 243398 43632 1660
193 104 10000 10075 200000 31663 255483 33157
107 358 10000 10283 50000 113070 175024 8293
221 14 10000 10405 20000 156061 133387 3320
30 251 10000 10420 20000 160989 129370 3320
143 193 10000 10426 30000 162490 128076 4972
222 307 10000 10208 80000 79697 211816 13266
299 300 10000 10277 80000 110097 182252 13266
241 387 10000 10397 30000 153903 138472 4972
360 255 10000 10437 20000 169202 124103 3320
248 134 10000 10291 80000 115135 178492 13266
241 167 10000 10424 20000 161942 131897 3320
138 108 10000 10302 50000 120273 174243 8293
132 220 10000 10276 80000 109850 184907 13266
314 63 10000 10282 80000 111945 183495 13266
10 203 10000 10557 10000 211161 84790 1660
15 373 10000 10413 30000 159724 136521 4972
36 200 10000 10262 80000 103510 193236 13266
201 5 10000 10656 2500 253080 44649 417
130 70 10000 10123 200000 47563 250296 33157
371 128 10000 10550 10000 208858 89631 1660
287 97 10000 10441 30000 170097 129004 4972
150 279 10000 10451 20000 172895 126339 3320
134 179 10000 10548 10000 208421 91680 1660
223 394 10000 10421 30000 161187 139006 4972
206 333 10000 10246 80000 97642 202811 13266
27 386 10000 10666 2100 258130 43397 353
129 158 10000 10316 50000 124593 177077 8293
31 263 10000 10670 6000 259837 43007 994
169 210 10000 10139 200000 53451 250179 33157
314 375 10000 10337 50000 131478 172261 8293
334 2 10000 10351 50000 136038 167936 8293
328 132 10000 10137 200000 53148 250837 33157
222 315 10000 10063 200000 27985 277067 33157
159 119 10000 10682 2500 263269 42233 417
260 273 10000 10727 6000 283809 21972 994
139 76 10000 10683 2500 263394 43084 417
318 182 10000 10445 30000 171098 135401 4972
278 231 10000 10473 20000 183003 123988 3320
174 188 10000 10317 80000 125381 181962 13266
212 128 10000 10148 200000 55151 252963 33157
11 315 10000 10154 200000 57012 251386 33157
160 87 10000 10693 2100 267804 41539 353
83 48 10000 10679 2500 262604 47129 417
165 212 10000 10341 80000 132673 177093 13266
92 166 10000 10680 2500 263022 47486 417
76 372 10000 10459 30000 177456 133768 4972
18 354 10000 10485 20000 188063 124122 3320
113 8 10000 10364 50000 141601 171953 8293
374 341 10000 10469 30000 182099 131800 4972
33 96 10000 10234 80000 89810 224351 13266
135 51 10000 10490 20000 190451 124265 3320
178 399 10000 10593 10000 228458 86956 1660
355 394 10000 10598 10000 230732 84712 1660
82 321 10000 10163 200000 61957 254217 33157
143 210 10000 10495 20000 192803 124079 3320
287 49 10000 10373 50000 145656 171296 8293
156 310 10000 10712 6000 274321 43031 994
91 344 10000 10607 10000 233601 83893 1660
208 274 10000 10383 50000 150026 167970 8293
172 279 10000 10486 30000 189002 129322 4972
109 2 10000 10338 80000 131874 186803 13266
231 266 10000 10080 200000 34394 285128 33157
364 300 10000 10704 2500 271290 48366 417
113 144 10000 10377 50000 147081 173556 8293
270 385 10000 10361 80000 140569 182057 13266
83 311 10000 10323 80000 128635 194273 13266
123 289 10000 10189 200000 73235 250138 33157
339 225 10000 10511 30000 196991 126951 4972
311 22 10000 10516 20000 197485 126528 3320
231 172 10000 10491 30000 192113 132021 4972
307 51 10000 10726 2100 282911 41812 353
288 222 10000 10615 10000 236453 88454 1660
24 139 10000 10503 30000 194119 130968 4972
103 94 10000 10395 50000 153602 171651 8293
40 69 10000 10520 20000 199484 126037 3320
355 37 10000 10307 50000 122134 203697 8293
198 33 10000 10392 50000 152849 173577 8293
397 3 10000 10517 30000 199226 127390 4972
382 51 10000 10527 20000 201491 125471 3320
352 87 10000 10728 6000 284987 42968 994
101 60 10000 10531 30000 202494 127203 4972
135 44 10000 10430 50000 165041 166577 8293
351 244 10000 10737 2500 290920 41513 417
249 2 10000 10643 10000 247190 86779 1660
221 293 10000 10740 6000 291501 42868 994
391 190 10000 10741 6000 291532 42948 994
1 252 10000 10433 50000 167085 168249 8293
284 138 10000 10554 20000 209836 129474 3320
215 170 10000 10736 6000 290367 49254 994
33 264 10000 10409 80000 156497 183542 13266
382 292 10000 10766 2100 300077 42283 353
343 184 10000 10382 80000 149658 193748 13266
47 44 10000 10837 2500 323746 20999 417
92 3 10000 10755 6000 296180 48765 994
136 204 10000 10568 20000 217819 127346 3320
35 152 10000 10776 2100 303830 41976 353
105 68 10000 10452 50000 173039 173130 8293
329 373 10000 10165 200000 62285 285593 33157
78 362 10000 10402 80000 155192 192716 13266
9 183 10000 10792 2100 308621 41513 353
93 5 10000 10692 10000 267381 83026 1660
125 115 10000 10690 10000 267119 83673 1660
316 211 10000 10399 80000 154622 198950 13266
176 36 10000 10449 80000 171814 181797 13266
297 225 10000 10462 80000 178003 176853 13266
282 88 10000 10705 10000 271623 84002 1660
167 369 10000 10228 200000 87343 268947 33157
95 324 10000 10574 30000 220688 136007 4972
273 10 10000 10418 80000 160906 195950 13266
104 348 10000 10810 2500 315367 42609 417
219 62 10000 10478 50000 184150 174161 8293
80 210 10000 10583 30000 224501 134535 4972
173 209 10000 10487 50000 189578 170419 8293
177 208 10000 10468 80000 182072 178892 13266
343 387 10000 10812 6000 316282 45415 994
234 181 10000 10715 10000 276660 85102 1660
9 329 10000 10612 30000 235227 126679 4972
144 54 10000 10722 10000 278733 84604 1660
206 311 10000 10481 50000 186713 177230 8293
357 168 10000 10500 50000 193511 171096 8293
304 102 10000 10787 2100 306697 57937 353
67 2 10000 10188 200000 73086 291632 33157
161 164 10000 10724 30000 280451 84810 4972
23 315 10000 10616 30000 236765 128694 4972
25 394 10000 10425 80000 162087 204957 13266
381 157 10000 10633 30000 243239 127837 4972
152 239 10000 10851 2100 328067 43502 353
343 18 10000 10507 50000 196104 176748 8293
396 348 10000 10488 80000 189592 184160 13266
209 103 10000 10854 6000 329854 43952 994
390 332 10000 10513 80000 197272 176614 13266
180 157 10000 10515 80000 197475 177064 13266
352 105 10000 10483 80000 187701 187408 13266
47 180 10000 10544 50000 207394 167887 8293
73 289 10000 10546 50000 208336 167198 8293
208 59 10000 10508 80000 196177 179943 13266
35 133 10000 10489 80000 190420 185737 13266
338 135 10000 10655 20000 252265 124248 3320
25 199 10000 10843 2100 325287 51520 353
58 160 10000 10739 10000 291480 85984 1660
126 251 10000 10470 80000 182285 196262 13266
240 67 10000 10509 80000 196641 183092 13266
110 50 10000 10278 200000 110133 270161 33157
396 247 10000 10873 2500 337761 42588 417
247 10 10000 10555 50000 210065 172989 8293
184 38 10000 10658 30000 254088 129230 4972
321 247 10000 10510 80000 196794 187383 13266
142 31 10000 10326 200000 128924 255785 33157
315 149 10000 10663 30000 256563 128530 4972
383 120 10000 10664 30000 257021 128622 4972
376 30 10000 10639 30000 245373 141647 4972
65 311 10000 10904 2500 347464 41998 417
258 201 10000 10530 50000 202230 187266 8293
224 19 10000 10575 50000 220811 169586 8293
184 219 10000 10687 20000 266325 124086 3320
97 95 10000 10955 6000 367407 23009 994
357 138 10000 10898 6000 345383 45106 994
25 72 10000 10800 6000 310499 80746 994
321 332 10000 10769 50000 301334 90919 8293
316 51 10000 10238 200000 92592 299757 33157
148 60 10000 10628 30000 240548 152355 4972
360 118 10000 10669 30000 259775 133344 4972
24 314 10000 10589 50000 226756 167056 8293
242 8 10000 10578 50000 222904 171165 8293
15 211 10000 10585 50000 225367 168864 8293
258 214 10000 10877 6000 339285 55005 994
58 75 10000 10916 2500 352226 42118 417
309 16 10000 10366 200000 142972 251627 33157
134 304 10000 10577 50000 222309 173324 8293
314 193 10000 10561 50000 213851 181823 8293
287 38 10000 10273 200000 109696 287081 33157
322 181 10000 10694 30000 268632 128173 4972
40 16 10000 10888 2500 341673 56208 417
270 392 10000 10597 50000 230353 169505 8293
337 303 10000 10713 30000 274340 126756 4972
70 300 10000 10305 200000 121373 279984 33157
347 192 10000 10814 10000 317078 84339 1660
33 202 10000 10581 50000 223800 177661 8293
185 110 10000 10584 80000 224786 176794 13266
266 36 10000 10659 30000 255236 149905 4972
168 76 10000 10620 50000 237678 169022 8293
209 121 10000 10565 80000 217117 191346 13266
384 188 10000 10721 20000 278679 131201 3320
169 251 10000 10591 80000 227658 182295 13266
224 310 10000 10956 6000 367735 44617 994
75 46 10000 10939 6000 361825 51539 994
36 242 10000 10390 200000 152297 261326 33157
365 126 10000 10394 200000 153167 261004 33157
366 110 10000 10948 6000 364369 50287 994
264 230 10000 10941 2500 362410 53121 417
51 295 10000 10836 10000 323460 93119 1660
321 156 10000 10579 80000 223188 194475 13266
294 208 10000 10653 50000 251991 167326 8293
5 307 10000 10588 80000 226751 192736 13266
267 358 10000 10747 30000 293380 126907 4972
163 131 10000 10428 200000 162769 257532 33157
6 144 10000 10756 20000 297222 123929 3320
163 153 10000 10865 10000 335378 86425 1660
185 322 10000 10631 50000 242856 179644 8293
190 316 10000 10765 20000 299960 124282 3320
217 25 10000 10642 80000 246855 177694 13266
327 375 10000 10609 80000 234480 190615 13266
66 243 10000 10619 80000 237638 188453 13266
151 346 10000 10753 30000 295124 131102 4972
95 306 10000 10641 80000 246784 180160 13266
65 21 10000 10605 80000 233145 195649 13266
234 273 10000 11000 2100 385759 43242 353
190 115 10000 10785 20000 305148 124651 3320
373 233 10000 10760 30000 298123 132561 4972
59 335 10000 10701 30000 270835 161609 4972
182 45 10000 10786 20000 306154 126329 3320
159 4 10000 10368 200000 143707 289109 33157
180 332 10000 10764 30000 299193 133964 4972
57 42 10000 10868 80000 336183 97078 13266
89 14 10000 10660 50000 255895 177604 8293
66 295 10000 11016 6000 390341 44650 994
251 374 10000 10634 80000 243362 191953 13266
56 60 10000 10697 30000 268925 167270 4972
124 52 10000 10702 30000 270916 165426 4972
189 171 10000 10869 10000 337060 99576 1660
55 103 10000 10749 20000 293872 143281 3320
256 72 10000 10689 50000 266613 170892 8293
159 327 10000 11026 2100 395700 41808 353
151 24 10000 10919 10000 353564 84342 1660
325 326 10000 10896 80000 345291 93000 13266
239 294 10000 10662 80000 256517 181790 13266
393 211 10000 10618 80000 237501 201545 13266
311 130 10000 10789 20000 307566 132462 3320
136 26 10000 10798 20000 309932 131007 3320
98 85 10000 11032 10000 397288 44018 1660
272 342 10000 10997 6000 384920 56850 994
126 94 10000 10710 50000 273865 168668 8293
195 353 10000 11038 2500 401952 43027 417
224 279 10000 10630 50000 241866 203350 8293
17 114 10000 10809 30000 314928 131447 4972
329 26 10000 10695 50000 268814 177916 8293
23 124 10000 10779 30000 304115 142675 4972
262 340 10000 10818 30000 317939 128902 4972
328 383 10000 11049 2500 405627 41708 417
380 345 10000 11042 6000 403476 45631 994
174 214 10000 11034 2100 398472 51114 353
201 214 10000 10953 50000 367041 86410 8293
3 142 10000 11044 6000 404298 49514 994
101 320 10000 10850 10000 328015 125955 1660
311 64 10000 10718 20000 277586 176826 3320
272 49 10000 10803 20000 311451 143145 3320
220 32 10000 11067 2500 413349 41757 417
122 193 10000 10829 20000 322075 133866 3320
178 206 10000 10504 200000 194523 262275 33157
169 76 10000 11071 2500 414226 43190 417
375 126 10000 10968 10000 374530 83130 1660
138 219 10000 10608 80000 233678 224351 13266
45 168 10000 10860 30000 334303 127399 4972
144 148 10000 11033 30000 398250 65779 4972
255 114 10000 10717 80000 277453 187150 13266
280 53 10000 10732 80000 287579 177505 13266
198 342 10000 10499 200000 193289 272320 33157
322 58 10000 10542 200000 207171 258891 33157
319 369 10000 10982 10000 379376 87404 1660
140 203 10000 11092 6000 421539 45290 994
272 271 10000 10977 20000 378250 88925 3320
186 97 10000 10385 200000 151019 316643 33157
211 117 10000 10867 30000 336104 133009 4972
250 193 10000 10866 30000 335823 133633 4972
198 124 10000 10830 30000 322381 147228 4972
386 76 10000 10734 80000 287964 181770 13266
308 340 10000 10878 30000 339301 130455 4972
234 279 10000 10731 50000 287429 183269 8293
190 270 10000 11082 6000 417644 53647 994
201 321 10000 10744 80000 292162 179793 13266
71 373 10000 11116 2500 429637 44113 417
398 46 10000 10887 30000 341359 132534 4972
54 203 10000 11072 6000 414689 59293 994
29 338 10000 10551 200000 208969 265165 33157
249 208 10000 10563 200000 215473 259113 33157
374 77 10000 10056 1000000 23539 451326 165762
272 126 10000 11069 6000 414119 61162 994
17 311 10000 11101 6000 424436 50874 994
100 103 10000 11059 30000 409627 65812 4972
132 71 10000 10874 30000 338674 137159 4972
279 73 10000 11070 6000 414218 61821 994
354 107 10000 10567 200000 217559 259301 33157
134 386 10000 11017 10000 391098 85960 1660
251 341 10000 10735 80000 289113 187945 13266
305 20 10000 11027 10000 395981 83660 1660
114 264 10000 10863 30000 334861 144828 4972
365 191 10000 10842 30000 325013 154690 4972
173 255 10000 10539 200000 206582 273463 33157
45 241 10000 11136 6000 436581 43683 994
8 259 10000 11025 10000 395176 85854 1660
1 143 10000 11054 2100 407253 73888 353
35 271 10000 10637 50000 244564 237587 8293
15 202 10000 10920 30000 353676 128952 4972
234 124 10000 11147 2100 441920 43731 353
363 291 10000 10811 50000 315529 170163 8293
70 75 10000 11024 50000 395151 90829 8293
188 142 10000 10847 20000 326314 160552 3320
154 234 10000 10777 80000 303898 184083 13266
351 268 10000 10940 30000 362228 127756 4972
98 173 10000 10921 20000 353830 137436 3320
195 345 10000 10912 30000 351052 140573 4972
16 76 10000 10627 200000 240515 252302 33157
10 70 10000 10826 50000 320707 173283 8293
339 112 10000 10934 30000 358682 135424 4972
213 297 10000 10927 30000 356706 137539 4972
293 331 10000 11061 10000 410817 84020 1660
396 301 10000 11149 2500 442713 52606 417
85 145 10000 10848 50000 326840 168676 8293
143 39 10000 10962 20000 371131 124578 3320
331 65 10000 10624 80000 238647 257459 13266
107 195 10000 10730 80000 285872 211515 13266
89 35 10000 11163 6000 451750 45996 994
241 318 10000 10617 50000 236976 260871 8293
48 16 10000 10805 80000 313579 186359 13266
290 94 10000 10625 200000 238761 261505 33157
283 32 10000 10815 80000 317592 183036 13266
359 263 10000 10846 50000 325979 174716 8293
318 313 10000 11078 50000 416859 85455 8293
100 325 10000 10699 80000 270812 232037 13266
19 390 10000 10781 50000 304722 198488 8293
195 14 10000 10858 50000 333018 171165 8293
3 160 10000 10534 200000 204276 300035 33157
122 68 10000 10549 200000 208471 295959 33157
87 33 10000 10988 20000 380122 124396 3320
356 276 10000 10926 20000 355290 149236 3320
222 37 10000 10652 200000 251243 254087 33157
345 54 10000 10558 200000 212969 292415 33157
134 343 10000 10808 80000 314705 190870 13266
173 397 10000 11037 10000 401315 105316 1660
379 260 10000 10838 50000 323900 183619 8293
290 95 10000 10797 80000 309848 198452 13266
359 367 10000 10985 30000 379601 130260 4972
102 17 10000 11197 6000 467449 42523 994
78 258 10000 11103 10000 425540 84500 1660
324 335 10000 11094 50000 421996 88483 8293
343 30 10000 10960 30000 370557 139995 4972
285 332 10000 11076 10000 415726 95438 1660
335 257 10000 10668 200000 259502 251819 33157
345 19 10000 10738 80000 290960 220699 13266
223 366 10000 10671 200000 260362 252369 33157
185 247 10000 10885 50000 340911 172098 8293
103 373 10000 10474 200000 183361 330945 33157
181 262 10000 10834 80000 322840 193053 13266
183 142 10000 10806 80000 313846 202297 13266
40 380 10000 10987 30000 380033 136184 4972
61 320 10000 11117 10000 429934 86317 1660
16 227 10000 10903 50000 346946 169410 8293
358 236 10000 10999 30000 385324 131065 4972
281 14 10000 10859 80000 333437 183321 13266
43 174 10000 10801 20000 310623 206995 3320
42 10 10000 10822 50000 319064 198581 8293
158 350 10000 11216 6000 476166 44697 994
94 69 10000 10784 80000 305100 216027 13266
281 30 10000 11003 30000 386601 136124 4972
119 327 10000 11004 20000 387306 136020 3320
32 2 10000 10964 20000 371497 152357 3320
226 60 10000 10897 80000 345366 178600 13266
248 8 10000 10925 50000 355266 170015 8293
36 197 10000 10629 200000 241586 284128 33157
357 232 10000 11225 6000 480998 45293 994
210 338 10000 10973 30000 377207 149206 4972
203 351 10000 10884 80000 340769 185816 13266
119 242 10000 11238 2100 486269 41750 353
264 240 10000 11018 10000 391602 137594 1660
328 95 10000 10917 80000 352360 177876 13266
245 4 10000 11237 6000 485863 44747 994
147 384 10000 10296 1000000 117464 414035 165762
218 294 10000 10965 30000 372737 159014 4972
301 355 10000 11028 30000 395981 135870 4972
207 385 10000 10823 50000 319194 212776 8293
397 373 10000 10947 50000 364230 167887 8293
251 307 10000 11108 2500 427792 105738 417
272 73 10000 10782 50000 304765 228776 8293
333 340 10000 10795 80000 309687 224441 13266
4 274 10000 10928 80000 357167 177427 13266
180 359 10000 10918 80000 353432 181364 13266
114 203 10000 10845 80000 325972 209677 13266
265 186 10000 11050 30000 405970 129950 4972
113 48 10000 10949 50000 364555 173429 8293
19 397 10000 11257 6000 495414 42952 994
217 363 10000 10933 80000 358509 180252 13266
148 247 10000 10961 30000 370832 168200 4972
109 210 10000 10959 50000 369374 169692 8293
342 168 10000 10793 80000 308778 230520 13266
399 73 10000 10937 80000 360226 181628 13266
128 391 10000 11261 6000 497095 45386 994
101 19 10000 10521 200000 199885 342600 33157
76 214 10000 11266 2100 498006 44608 353
390 340 10000 11161 10000 450282 93283 1660
244 265 10000 10708 200000 273138 270949 33157
193 265 10000 11258 6000 496142 48339 994
356 288 10000 11262 2500 497386 47274 417
114 162 10000 11063 30000 412450 133169 4972
199 205 10000 10492 200000 192117 353663 33157
151 301 10000 11093 20000 421747 124696 3320
31 264 10000 11083 20000 418259 128313 3320
380 332 10000 11260 6000 496820 49756 994
389 225 10000 11279 6000 502598 47168 994
161 279 10000 11084 20000 418293 131648 3320
297 383 10000 11090 20000 421126 129133 3320
61 152 10000 10992 50000 382716 168147 8293
296 38 10000 11096 30000 423250 128028 4972
138 215 10000 10748 200000 293425 258470 33157
39 259 10000 10944 50000 362960 189419 8293
34 316 10000 11251 6000 493778 59713 994
91 151 10000 10991 50000 382200 172607 8293
277 328 10000 11178 10000 459446 96654 1660
149 175 10000 11204 10000 471408 84804 1660
366 394 10000 11286 2500 504322 52258 417
220 46 10000 11012 50000 389499 168041 8293
265 224 10000 11118 30000 431129 127035 4972
14 120 10000 11309 2100 514951 43515 353
337 117 10000 10929 80000 357479 202876 13266
62 301 10000 11120 30000 431396 129712 4972
32 146 10000 11192 10000 465851 95540 1660
92 398 10000 11009 50000 389084 173067 8293
185 117 10000 11060 30000 410310 153363 4972
372 68 10000 10895 80000 345158 218596 13266
22 219 10000 11267 6000 498017 65846 994
288 213 10000 11125 30000 432984 132286 4972
297 235 10000 11126 30000 433746 132072 4972
181 217 10000 10981 50000 379247 186921 8293
16 5 10000 11378 6000 543885 22751 994
130 332 10000 11039 30000 401975 165427 4972
338 199 10000 10774 200000 303513 263998 33157
337 162 10000 11228 10000 482413 85420 1660
308 11 10000 10990 30000 381647 186272 4972
41 286 10000 11224 10000 480260 89142 1660
348 362 10000 11129 30000 434314 135233 4972
348 277 10000 11013 50000 389850 180182 8293
385 359 10000 10975 80000 377419 192623 13266
306 279 10000 10074 1000000 31132 539375 165762
303 33 10000 10820 200000 318581 252662 33157
266 15 10000 11073 30000 414938 156639 4972
245 275 10000 10816 200000 317723 254981 33157
111 233 10000 10908 30000 348949 223915 4972
235 56 10000 10974 50000 377274 195633 8293
19 112 10000 11328 2500 523859 49391 417
329 2 10000 10914 80000 351569 223867 13266
17 216 10000 11151 20000 444274 131221 3320
105 162 10000 11047 50000 405493 170378 8293
271 256 10000 11264 6000 497763 78130 994
125 64 10000 11014 50000 390207 185747 8293
224 208 10000 11087 30000 418899 157559 4972
393 349 10000 10352 1000000 136226 441219 165762
23 275 10000 11357 6000 535076 42839 994
217 164 10000 11002 50000 386079 192071 8293
398 15 10000 10667 200000 258845 319787 33157
169 114 10000 10752 200000 294170 284998 33157
333 101 10000 11085 30000 418446 160728 4972
279 189 10000 10343 1000000 132782 448381 165762
204 178 10000 10677 200000 262123 319174 33157
64 397 10000 11169 30000 454803 128069 4972
191 376 10000 11159 30000 450252 133698 4972
262 144 10000 11019 50000 391765 192744 8293
84 143 10000 10978 20000 378302 206764 3320
274 18 10000 11377 2500 543767 42273 417
269 63 10000 11045 30000 404359 182568 4972
104 149 10000 10835 200000 323064 263914 33157
36 381 10000 11253 2500 493886 94537 417
106 223 10000 11175 20000 458039 130406 3320
213 39 10000 10966 80000 373775 214671 13266
271 197 10000 10688 80000 266563 323768 13266
11 136 10000 10932 50000 358483 233643 8293
123 233 10000 11006 80000 388221 204610 13266
112 177 10000 11030 50000 396459 196619 8293
154 41 10000 11396 6000 550795 42928 994
274 44 10000 11102 50000 425191 170475 8293
330 311 10000 11273 10000 500551 95381 1660
392 88 10000 10540 200000 206761 390778 33157
313 277 10000 11202 30000 470184 127615 4972
15 285 10000 11062 80000 411589 186509 13266
371 284 10000 10711 200000 273932 324187 33157
54 309 10000 11172 30000 455935 142210 4972
162 46 10000 11388 6000 547642 51721 994
156 178 10000 11196 30000 467379 132364 4972
365 107 10000 11185 30000 463506 137000 4972
307 116 10000 11121 50000 431418 169794 8293
213 370 10000 11015 80000 390211 211963 13266
79 255 10000 11313 10000 516611 85740 1660
261 19 10000 11138 50000 436977 167045 8293
371 353 10000 10852 200000 328947 275357 33157
228 386 10000 11122 30000 431512 173533 4972
255 170 10000 11201 20000 470183 135349 3320
198 274 10000 11220 30000 476857 128683 4972
111 246 10000 11188 30000 464777 141922 4972
77 304 10000 11080 80000 417430 190049 13266
199 304 10000 11068 80000 413798 193967 13266
80 301 10000 10951 50000 365277 242538 8293
329 277 10000 11416 2100 563765 44292 353
79 285 10000 10140 1000000 53487 554971 165762
256 47 10000 10882 200000 340073 268428 33157
27 182 10000 10971 80000 376980 233206 13266
101 196 10000 10935 80000 358861 251791 13266
88 381 10000 11074 80000 414993 196697 13266
40 42 10000 11315 50000 517139 94859 8293
34 134 10000 11342 10000 528495 83701 1660
206 373 10000 11182 20000 461198 151259 3320
41 128 10000 10995 80000 383156 230186 13266
197 6 10000 10923 200000 354979 259398 33157
105 323 10000 11428 6000 569796 45649 994
103 129 10000 10794 200000 309366 307097 33157
392 263 10000 11323 6000 521775 95515 994
135 326 10000 10890 80000 342431 275793 13266
152 338 10000 10994 50000 382961 237306 8293
124 270 10000 10936 80000 360049 260421 13266
349 391 10000 11352 10000 533492 86978 1660
326 394 10000 11249 20000 492150 128685 3320
138 320 10000 11213 30000 474897 146121 4972
387 0 10000 11137 80000 436663 185164 13266
72 62 10000 11304 80000 512137 110184 13266
33 127 10000 11360 10000 535641 87120 1660
17 203 10000 11134 80000 436125 186717 13266
78 97 10000 11443 6000 575982 47222 994
273 152 10000 11135 50000 436468 186839 8293
103 376 10000 11252 20000 493785 129573 3320
352 189 10000 11240 30000 487462 136064 4972
363 293 10000 11256 30000 494835 128812 4972
236 101 10000 11132 50000 435133 188681 8293
36 87 10000 11113 80000 429171 195748 13266
315 39 10000 11089 50000 421018 204160 8293
247 344 10000 11167 50000 453567 175159 8293
226 151 10000 11276 30000 502320 126479 4972
291 399 10000 11160 50000 450274 179590 8293
279 34 10000 11145 50000 441599 189427 8293
336 373 10000 11285 30000 504041 127814 4972
159 54 10000 11481 2100 590015 42847 353
390 358 10000 11291 20000 508040 125001 3320
44 241 10000 11403 6000 555202 77993 994
342 276 10000 11177 50000 459201 174346 8293
10 371 10000 11282 30000 503121 131972 4972
340 380 10000 11186 50000 463940 171465 8293
248 217 10000 10894 200000 343800 291750 33157
148 381 10000 11381 10000 544440 92227 1660
204 70 10000 11373 10000 541737 95865 1660
195 214 10000 10883 200000 340181 297600 33157
8 342 10000 11210 30000 474558 163254 4972
194 67 10000 11143 80000 441280 196680 13266
145 275 10000 11290 20000 507080 131436 3320
112 362 10000 11280 30000 502676 136629 4972
268 132 10000 11281 10000 502831 136594 1660
165 51 10000 11171 80000 455174 184423 13266
258 319 10000 11490 2500 593940 45752 417
173 304 10000 11146 50000 441657 201085 8293
84 58 10000 11337 10000 526765 116276 1660
39 165 10000 11318 20000 517893 127321 3320
118 106 10000 11434 20000 572823 72885 3320
293 259 10000 10998 200000 385243 261018 33157
246 234 10000 11164 50000 452432 194053 8293
302 187 10000 11305 20000 512567 134055 3320
104 176 10000 11513 6000 603953 43529 994
292 91 10000 11314 30000 517037 130664 4972
315 123 10000 11412 10000 559916 87789 1660
78 171 10000 10900 200000 346099 301865 33157
205 372 10000 11088 80000 419684 229056 13266
293 369 10000 11168 50000 453773 196058 8293
192 331 10000 11222 50000 477047 172796 8293
192 245 10000 11098 80000 423852 226496 13266
167 14 10000 11227 50000 481748 168891 8293
146 8 10000 11329 30000 523979 126976 4972
183 210 10000 11195 50000 466572 185193 8293
208 278 10000 11199 50000 468992 182981 8293
360 233 10000 10706 200000 272192 381144 33157
310 38 10000 11214 80000 475166 179680 13266
319 145 10000 11310 20000 515041 140837 3320
209 179 10000 11525 2100 609822 46828 353
345 212 10000 10831 200000 322426 336009 33157
283 287 10000 11438 50000 575043 85988 8293
322 252 10000 11346 30000 531477 129659 4972
251 242 10000 11493 30000 595394 66987 4972
231 18 10000 11203 30000 470758 192039 4972
221 154 10000 11157 80000 449615 213476 13266
296 305 10000 11362 20000 536032 127613 3320
157 247 10000 10220 1000000 84626 579058 165762
225 352 10000 11205 80000 471707 193221 13266
357 35 10000 11226 50000 481570 183622 8293
373 387 10000 11340 30000 527467 138287 4972
113 280 10000 11349 30000 532964 133229 4972
134 18 10000 11369 30000 539883 127601 4972
330 313 10000 11269 50000 498811 169085 8293
129 237 10000 11361 30000 535793 133075 4972
21 189 10000 11544 2100 621243 48059 353
76 203 10000 11008 200000 388868 280837 33157
187 150 10000 11311 30000 515452 155544 4972
51 265 10000 11334 20000 525622 147502 3320
310 48 10000 11221 80000 477042 197730 13266
317 247 10000 11265 80000 497901 178068 13266
38 100 10000 11532 2500 612990 63196 417
258 239 10000 11319 30000 517988 158512 4972
183 371 10000 11382 30000 545363 132217 4972
369 21 10000 11393 20000 549394 128857 3320
86 338 10000 11155 80000 449051 229287 13266
251 292 10000 11029 80000 396425 282728 13266
348 281 10000 11303 50000 511681 168119 8293
208 27 10000 11347 30000 532049 150418 4972
205 343 10000 11248 80000 491223 191455 13266
300 257 10000 11300 50000 510465 172277 8293
176 156 10000 11065 200000 413042 270505 33157
335 373 10000 11500 10000 598806 84794 1660
320 39 10000 11376 30000 543206 141165 4972
242 364 10000 11229 80000 482570 202609 13266
4 38 10000 11400 30000 553441 132137 4972
132 346 10000 11239 80000 486582 199561 13266
380 236 10000 11277 80000 502403 183759 13266
248 197 10000 11348 30000 532229 153964 4972
118 249 10000 11254 80000 494395 192899 13266
74 103 10000 11301 50000 510799 176543 8293
377 320 10000 11292 50000 508399 179505 8293
142 374 10000 11189 80000 465107 222940 13266
139 192 10000 11211 80000 474628 213447 13266
208 336 10000 11408 20000 557634 132423 3320
83 299 10001 11297 10000 509121 182282 1660
307 212 10000 11293 80000 508686 185211 13266
32 204 10000 11294 50000 508692 185772 8293
75 247 10000 11602 2500 645499 49508 417
228 123 10000 11156 80000 449575 245447 13266
255 139 10000 11021 30000 394418 301029 4972
62 90 10000 11621 2100 652045 43670 353
290 142 10000 11424 20000 567802 128196 3320
282 329 10000 11200 80000 469704 227271 13266
37 368 10000 11534 10000 613430 84921 1660
127 313 10000 11421 30000 564822 133739 4972
170 267 10001 11128 200000 434182 264700 33157
71 67 10000 11573 30000 633199 66080 4972
152 396 10000 11630 6000 655777 44479 994
179 301 10000 11232 80000 484371 217237 13266
364 216 10000 11333 50000 525342 176594 8293
232 228 10000 11695 6000 680107 22345 994
64 151 10000 11422 30000 565086 137597 4972
45 315 10000 11507 10000 600552 103365 1660
112 358 10000 11445 30000 577027 128496 4972
359 341 10000 11645 10000 661798 44014 1660
187 200 10000 11410 30000 558545 147324 4972
286 201 10000 11447 20000 577650 129680 3320
364 333 10000 11312 80000 516186 192660 13266
149 335 10000 11426 30000 568325 141937 4972
344 86 10000 11353 50000 533882 176952 8293
323 216 10000 11368 50000 538824 172151 8293
243 48 10000 11367 50000 538124 172944 8293
10 378 10000 11486 10000 591394 119709 1660
216 195 10000 11437 30000 574952 136655 4972
176 292 10000 11380 50000 544415 167985 8293
380 20 10000 11473 20000 586539 126176 3320
288 277 10000 11343 80000 529366 184355 13266
148 39 10000 11363 50000 536481 179897 8293
23 290 10000 11569 10000 632153 85860 1660
62 156 10000 11463 30000 582014 137275 4972
166 192 10000 11568 10000 631603 87803 1660
305 163 10000 11458 30000 580274 139751 4972
347 182 10000 11150 200000 443062 278020 33157
140 141 10000 11095 1000000 422242 299085 165762
143 169 10000 11495 20000 596375 125422 3320
290 177 10000 11330 80000 524061 198365 13266
279 154 10000 11355 50000 534441 188563 8293
173 103 10000 11123 200000 432458 290701 33157
195 230 10000 11365 50000 537235 186158 8293
98 340 10000 11041 200000 403350 320316 33157
265 287 10000 11351 80000 533138 191140 13266
310 133 10000 11475 20000 587413 137146 3320
268 63 10000 10518 1000000 199278 525922 165762
95 289 10000 11375 20000 542780 183119 3320
287 390 10000 11374 80000 541759 185719 13266
39 377 10000 11399 50000 552826 175096 8293
62 60 10000 11508 80000 600850 129827 13266
236 325 10000 11694 2500 679300 51646 417
62 48 10000 11503 30000 599666 131516 4972
180 55 10000 11596 10000 641475 89712 1660
180 265 10000 11714 2500 688840 42852 417
323 131 10000 11718 6000 689050 43379 994
16 97 10000 11492 30000 595291 137358 4972
380 290 10000 11384 50000 545909 187247 8293
16 326 10000 11616 10000 649396 84470 1660
60 141 10000 11590 2500 639003 95175 417
33 82 10000 11603 10000 646683 87700 1660
7 351 10000 11612 10000 648864 85599 1660
342 241 10000 11339 80000 527234 207643 13266
221 44 10000 11726 2500 692132 43769 417
140 62 10000 11729 6000 692904 43963 994
373 371 10000 11792 2100 718134 21256 353
353 358 10000 11795 2500 718612 21188 417
61 30 10000 11502 30000 599526 143370 4972
170 297 10000 11727 6000 692208 51088 994
286 364 10000 10645 1000000 248272 495240 165762
233 91 10000 11356 80000 534852 208783 13266
41 70 10000 11751 2500 700336 43597 417
89 165 10000 11051 200000 406310 337675 33157
145 180 10000 11359 80000 535473 208828 13266
130 310 10000 11476 20000 587815 156753 3320
367 215 10000 11366 80000 537682 208345 13266
208 227 10000 11719 6000 689693 56760 994
77 228 10000 11208 200000 474240 272334 33157
104 355 10000 11454 50000 579624 169664 8293
95 101 10000 11244 50000 490274 259178 8293
248 360 10000 11519 30000 606147 144075 4972
136 153 10000 11431 50000 570273 179984 8293
340 361 10000 11767 2100 705973 47184 353
104 213 10000 11417 50000 563903 190929 8293
140 46 10000 11299 80000 509972 245127 13266
380 15 10000 11779 2500 712419 42702 417
310 281 10000 10103 1000000 41549 713825 165762
244 112 10000 11236 80000 485411 270139 13266
146 92 10000 11780 6000 712748 43123 994
348 61 10000 11467 50000 583513 173128 8293
4 271 10000 11478 50000 588627 168276 8293
171 147 10000 11413 80000 559950 197871 13266
190 398 10000 11777 2500 711464 46961 417
272 239 10000 11559 30000 628260 131159 4972
349 308 10000 11385 80000 546023 214115 13266
187 0 10000 11539 30000 618118 144503 4972
58 1 10000 10984 200000 379581 384584 33157
98 84 10000 11805 10000 721850 43156 1660
263 176 10000 10359 1000000 139171 626543 165762
306 301 10000 11749 30000 700019 66889 4972
284 397 10000 11425 30000 568204 198880 4972
199 300 10000 11685 10000 676239 91539 1660
384 282 10000 11680 10000 674680 93496 1660
165 365 10000 11699 10000 682489 85889 1660
127 170 10000 11489 50000 593487 175108 8293
34 32 10000 11677 80000 674195 95492 13266
200 211 10000 11762 30000 704604 65240 4972
225 377 10000 11791 6000 717713 57168 994
332 11 10000 11710 10000 686992 88080 1660
38 273 10000 11543 30000 620100 155178 4972
215 351 10000 11808 2100 723675 52145 353
196 282 10000 11470 50000 584446 191758 8293
273 212 10000 10202 1000000 75757 700580 165762
75 51 10000 11660 10000 665914 111899 1660
322 134 10000 11595 30000 641131 136811 4972
273 34 10000 11440 30000 575593 204898 4972
50 182 10000 10180 1000000 66674 713907 165762
253 304 10000 11838 6000 735941 45968 994
90 184 10000 11847 2500 739458 44368 417
30 326 10000 11317 30000 517230 268898 4972
17 108 10000 11646 20000 662037 124329 3320
45 121 10000 11442 80000 575651 211523 13266
298 320 10000 11766 6000 705941 81278 994
152 119 10000 11700 10000 682920 105122 1660
193 261 10000 11721 10000 690352 97958 1660
140 308 10000 11298 80000 509670 279449 13266
111 79 10000 11857 2500 743580 45615 417
359 137 10000 11611 30000 648712 141084 4972
96 230 10000 11659 20000 665697 125060 3320
278 146 10000 11515 80000 604458 186300 13266
45 379 10000 11509 80000 601441 191188 13266
388 155 10000 11496 80000 597179 195835 13266
359 330 10000 11764 10000 705129 88327 1660
162 269 10000 11865 6000 749305 45297 994
76 189 10000 11781 6000 712938 83430 994
99 17 10000 11484 80000 591063 206033 13266
370 133 10000 11058 200000 409272 388139 33157
112 266 10000 11487 80000 591550 206491 13266
328 77 10000 11436 80000 574726 223503 13266
19 281 10000 11618 30000 650518 147815 4972
280 20 10000 11658 30000 665650 132733 4972
23 251 10000 11623 30000 653383 146137 4972
70 369 10000 11877 2500 756333 46924 417
65 276 10000 11883 2100 758843 45749 353
69 300 10000 11564 50000 630171 175262 8293
181 82 10000 11288 200000 505224 300832 33157
383 253 10000 11801 10000 719844 87017 1660
397 319 10000 11633 30000 656476 150620 4972
325 62 10000 11687 30000 676635 130556 4972
193 74 10000 10315 2000000 124543 682844 331525
288 363 10000 11691 30000 678073 129320 4972
9 50 10000 11542 50000 619375 188159 8293
36 248 10000 11531 50000 612687 197028 8293
137 375 10000 11882 6000 758582 51980 994
292 323 10000 11593 50000 639826 172576 8293
211 81 10000 11512 80000 603667 209732 13266
205 191 10000 11874 6000 754270 59498 994
224 3 10000 11514 80000 604349 210058 13266
31 61 10000 11902 6000 766645 47794 994
78 370 10000 11693 30000 679215 137180 4972
132 355 10000 11643 30000 661239 155680 4972
228 375 10000 11441 50000 575641 243034 8293
337 358 10000 11565 80000 630933 187949 13266
246 291 10000 11935 6000 775512 43780 994
348 314 10000 11930 6000 774113 45286 994
325 173 10000 11811 10000 724853 94805 1660
178 230 10000 10393 1000000 152980 669170 165762
221 171 10000 11550 80000 624121 198399 13266
201 264 10000 11735 20000 694966 127796 3320
48 106 10000 11907 2500 767693 55755 417
195 39 10000 10621 1000000 238050 586916 165762
79 48 10000 11927 6000 773566 51703 994
300 352 10000 11599 50000 642878 183573 8293
105 269 10000 11730 10000 692998 133551 1660
139 25 10000 11947 6000 779951 48351 994
285 344 10000 11755 30000 701284 127770 4972
275 338 10000 11724 30000 691304 139290 4972
137 387 10000 11608 50000 648089 183349 8293
242 39 10000 11696 30000 680324 153142 4972
283 59 10000 11656 50000 664890 168922 8293
39 332 10000 11756 30000 701314 133546 4972
154 311 10000 11977 2500 792999 42265 417
399 277 10000 11649 50000 662797 172469 8293
106 379 10000 11617 80000 650275 185016 13266
255 397 10000 11959 6000 785894 49597 994
30 136 10000 10061 1000000 26308 810550 165762
216 228 10000 11523 80000 608255 229640 13266
85 274 10000 11370 80000 540247 298391 13266
1 219 10000 10345 1000000 133243 705795 165762
279 177 10000 11619 50000 650621 188490 8293
162 277 10000 11637 50000 658634 180483 8293
355 55 10000 11723 30000 690367 149564 4972
154 69 10000 11594 80000 640211 200186 13266
247 110 10000 11911 6000 768979 71587 994
212 236 10000 11581 80000 636539 204801 13266
294 276 10000 11871 10000 752894 90116 1660
247 335 10000 11665 50000 668012 175423 8293
68 201 10000 10004 1000000 1280 842991 165762
26 171 10000 11112 80000 428915 415630 13266
198 310 10000 11785 30000 715136 129774 4972
281 349 10000 11731 30000 693167 152063 4972
190 168 10000 11466 200000 583415 262071 33157
74 255 10000 11893 10000 762094 84732 1660
397 275 10000 11918 6000 770960 76838 994
150 131 10000 11661 80000 666380 181626 13266
104 74 10000 11651 50000 664216 184594 8293
184 151 10000 11953 6000 783066 66049 994
1 312 10000 11960 6000 786050 64006 994
384 254 10000 11786 30000 716419 133721 4972
25 388 10000 10088 1000000 37736 812447 165762
17 142 10000 11672 50000 672512 178575 8293
223 10 10000 11703 50000 683595 167625 8293
0 351 10000 11962 6000 787209 64169 994
117 153 10000 12013 6000 805115 46503 994
358 248 10000 11639 80000 658873 193282 13266
320 254 10000 11671 80000 672053 180948 13266
108 319 10000 12028 2500 810895 42880 417
114 316 10000 12029 6000 811009 42891 994
391 57 10000 11632 80000 656260 197827 13266
36 10 10000 11958 2100 785368 69523 353
22 326 10000 10861 1000000 334408 520988 165762
381 142 10000 12023 6000 808437 47519 994
27 14 10000 11816 20000 727668 128704 3320
213 188 10000 11636 30000 658284 198222 4972
312 257 10000 11772 30000 708919 148571 4972
352 120 10000 11910 10000 768883 88682 1660
171 98 10000 11806 30000 721923 136855 4972
396 47 10000 11540 80000 618606 240713 13266
80 291 10000 11404 200000 556497 304334 33157
338 103 10000 11497 80000 597687 263331 13266
278 36 10000 11681 80000 674777 187023 13266
89 156 10000 12033 6000 815058 46912 994
397 173 10000 11716 50000 689023 173090 8293
389 70 10000 10572 1000000 219482 643122 165762
129 273 10000 11669 30000 669683 193505 4972
118 138 10000 11952 6000 782553 81535 994
39 334 10000 11720 50000 689867 176094 8293
161 389 10000 11583 80000 636981 229029 13266
338 234 10000 11763 10000 705068 161110 1660
97 214 10000 10889 200000 341978 526145 33157
326 27 10000 11853 20000 741561 126842 3320
35 276 10000 10130 1000000 49859 818674 165762
24 247 10000 11746 30000 699320 169463 4972
371 191 10000 11840 30000 738035 131219 4972
55 297 10000 11504 80000 599742 271034 13266
387 356 10000 11682 50000 675690 195662 8293
213 180 10000 11624 80000 654253 218062 13266
301 274 10000 11485 200000 591242 282275 33157
330 97 10000 11942 10000 778636 95397 1660
142 257 10000 11706 50000 685384 190077 8293
67 261 10000 11104 80000 426596 449150 13266
363 343 10000 11629 50000 655674 220166 8293
395 35 10000 11705 80000 684666 192188 13266
224 358 10000 11516 200000 605118 271748 33157
126 236 10000 12070 2500 832538 44342 417
379 127 10000 11844 30000 739276 137688 4972
24 226 10000 11973 10000 792050 89502 1660
322 79 10000 11752 80000 700367 181204 13266
196 246 10000 11983 10000 795232 86849 1660
99 119 10000 11560 80000 628376 254692 13266
185 268 10000 12086 6000 838342 45697 994
364 240 10000 12093 2500 842208 43737 417
351 202 10000 11744 80000 698679 188049 13266
48 50 10000 11997 50000 799682 87075 8293
42 235 10000 10333 1000000 130922 756169 165762
98 398 10000 12062 6000 827553 60194 994
380 145 10000 12101 2100 845009 43015 353
144 223 10000 12104 2500 847044 41945 417
118 83 10000 11601 80000 644910 244489 13266
161 312 10000 10127 1000000 49359 840744 165762
87 154 10000 11460 80000 580668 309756 13266
286 214 10000 11923 10000 772742 118283 1660
5 84 10000 11741 80000 697900 193708 13266
189 11 10000 11698 80000 681217 211424 13266
87 377 10000 11852 30000 740917 152480 4972
173 166 10000 10745 1000000 292496 601398 165762
232 267 10000 11745 50000 698919 195501 8293
289 187 10000 11526 80000 610015 284427 13266
211 327 10000 11802 50000 720120 174591 8293
69 363 10000 11717 80000 689041 206539 13266
399 210 10000 12021 10000 807684 88464 1660
50 116 10000 11875 30000 754405 142056 4972
39 160 10000 11866 30000 749799 147313 4972
150 11 10000 11921 20000 771567 126854 3320
364 1 10000 11813 50000 725083 173743 8293
307 228 10000 11798 80000 719298 182529 13266
390 149 10000 11868 30000 750856 151416 4972
121 361 10000 11891 30000 760933 142324 4972
68 243 10000 10147 1000000 54944 848334 165762
276 270 10000 12185 2100 883280 21575 353
55 301 10000 11995 10000 799470 105833 1660
136 395 10000 11888 30000 760275 146273 4972
19 216 10000 12048 10000 821852 84739 1660
113 22 10000 11914 30000 769559 137504 4972
249 312 10000 12156 2100 868061 42158 353
69 14 10000 12044 10000 821176 89378 1660
122 152 10000 11783 50000 714309 196278 8293
11 334 10000 11411 30000 559260 352306 4972
328 249 10000 11842 20000 738381 173237 3320
128 262 10000 11898 10000 764209 148518 1660
110 271 10000 11546 80000 621738 292144 13266
77 42 10000 11501 200000 598836 315461 33157
283 331 10000 11803 80000 720138 194857 13266
9 152 10000 11776 50000 711074 205672 8293
244 267 10000 11770 50000 707282 209495 8293
330 203 10000 10700 1000000 270828 646031 165762
367 164 10000 10160 2000000 60996 856316 331525
231 25 10000 11231 200000 484299 433746 33157
230 299 10000 12069 10000 832229 86433 1660
52 356 10000 11967 30000 788704 130832 4972
202 143 10000 11818 80000 729041 190641 13266
396 220 10000 11812 80000 724861 194822 13266
118 233 10000 12106 6000 848138 71941 994
192 324 10000 10067 2000000 29700 891940 331525
100 211 10000 11971 20000 791470 130194 3320
195 75 10000 11456 200000 579842 343603 33157
1 156 10000 12138 6000 859866 64143 994
30 321 10000 11885 20000 759996 164377 3320
287 55 10000 11748 80000 699721 225311 13266
203 54 10000 11894 20000 762184 163956 3320
256 329 10000 11974 30000 792723 136360 4972
33 16 10000 11881 50000 758380 170806 8293
80 355 10000 11736 30000 695483 234297 4972
48 170 10000 11851 80000 740813 189034 13266
313 357 10000 12001 30000 800211 129821 4972
3 24 10000 11932 30000 774384 155958 4972
63 103 10000 11899 10000 764918 165549 1660
316 155 10000 11825 80000 731556 199645 13266
63 64 10000 10691 1000000 267154 664777 165762
331 55 10000 11833 10000 733892 198335 1660
101 348 10000 11690 80000 677875 254690 13266
23 89 10000 11464 200000 582022 351195 33157
272 245 10000 10155 2000000 59101 874301 331525
274 42 10000 11860 50000 744965 190362 8293
269 153 10000 10079 1000000 32856 902858 165762
37 348 10000 12030 20000 811344 124700 3320
291 115 10000 11846 50000 739406 196867 8293
300 178 10000 12191 6000 886267 50744 994
240 71 10000 11966 20000 788377 149276 3320
399 150 10000 11994 30000 799262 139995 4972
5 22 10000 11904 50000 766893 172691 8293
326 285 10000 11897 50000 763468 176175 8293
121 215 10000 11984 20000 796975 143380 3320
385 298 10000 12024 20000 808728 132903 3320
65 249 10000 12208 2500 894781 47349 417
371 109 10000 11884 80000 759467 183229 13266
393 122 10000 11870 80000 751879 191036 13266
228 337 10000 10335 1000000 131119 815209 165762
152 48 10000 12210 6000 896459 49885 994
148 97 10000 11991 30000 798656 150229 4972
394 296 10000 11620 200000 650924 298248 33157
199 137 10000 11684 200000 675857 274896 33157
2 8 10000 12238 10000 908642 42489 1660
349 41 10000 12230 6000 905716 46503 994
393 274 10000 12242 2500 909695 43374 417
186 192 10000 12148 50000 864829 88664 8293
8 76 10000 12111 10000 850085 104327 1660
349 335 10000 11823 80000 730112 224838 13266
45 90 10000 11861 80000 746378 209111 13266
182 118 10000 11887 50000 760070 195433 8293
101 100 10000 12299 2500 931616 24767 417
288 26 10000 12049 20000 822196 134233 3320
240 378 10000 11872 50000 753481 203082 8293
40 124 10000 12258 2500 912673 45673 417
294 250 10000 11743 80000 698561 261387 13266
323 55 10000 12051 30000 823205 137493 4972
152 101 10000 12224 2500 903590 57545 417
213 271 10000 12261 2500 913183 48503 417
290 34 10000 12061 30000 827120 134605 4972
18 399 10000 12228 6000 905526 56955 994
215 2 10000 11753 50000 700704 262158 8293
99 52 10000 11849 50000 739629 223464 8293
209 87 10000 12126 10000 855817 107328 1660
265 287 10001 11556 200000 627094 336336 33157
137 62 10000 11905 80000 767292 196226 13266
188 91 10000 11548 200000 623897 339932 33157
379 393 10000 12052 30000 823267 140622 4972
318 294 10000 11494 200000 595760 368151 33157
129 130 10000 12326 6000 942804 22207 994
213 282 10000 11580 200000 635453 331328 33157
299 244 10000 11614 200000 649244 317694 33157
73 165 10000 10250 1000000 99372 867794 165762
74 342 10000 11761 200000 704415 263176 33157
265 167 10000 12038 30000 818423 150251 4972
331 234 10000 11955 10000 783925 184981 1660
233 183 10000 12053 20000 823847 146168 3320
35 113 10000 12189 10000 885267 85892 1660
71 207 10000 12014 30000 805744 166012 4972
229 390 10000 11965 80000 788341 183700 13266
259 107 10000 12089 30000 839819 133682 4972
295 141 10000 12002 50000 800340 173598 8293
34 243 10000 12006 50000 802108 173929 8293
90 205 10000 11915 50000 769638 207538 8293
120 293 10000 11931 80000 774307 203318 13266
134 170 10000 11906 80000 767293 210631 13266
186 152 10000 12305 6000 935344 42918 994
368 391 10000 11797 200000 719150 260370 33157
101 254 10000 11979 50000 794209 185497 8293
347 249 10000 11423 200000 566955 413252 33157
363 171 10000 12311 2500 937078 43259 417
179 76 10000 12317 2500 939506 42186 417
24 178 10000 12188 10000 884565 97235 1660
207 156 10000 12078 30000 835487 146369 4972
335 88 10000 11759 200000 702469 279448 33157
160 97 10000 11975 80000 792770 189763 13266
65 313 10000 12312 6000 937223 45363 994
27 294 10000 12004 80000 801799 182159 13266
65 121 10000 12108 20000 849160 134932 3320
218 309 10000 12306 6000 935730 48519 994
86 215 10000 12017 50000 806530 177854 8293
102 84 10000 12316 6000 938945 46727 994
206 279 10000 11673 200000 672584 316789 33157
80 113 10000 12118 30000 852555 137159 4972
372 60 10000 12035 50000 817478 172705 8293
17 293 10000 12055 30000 824810 166946 4972
290 245 10000 11822 200000 729949 263435 33157
59 391 10000 11371 200000 540933 452641 33157
58 270 10000 12307 2500 935874 57950 417
335 277 10000 11750 200000 700136 294336 33157
258 86 10000 12318 6000 939652 55115 994
34 328 10000 12128 30000 856365 138664 4972
139 166 10000 12075 30000 834490 162878 4972
48 351 10000 12027 80000 810781 187235 13266
138 5 10000 11968 80000 790359 207753 13266
194 327 10000 12246 10000 910006 88400 1660
25 206 10000 11924 30000 772814 225977 4972
0 377 10000 11908 50000 767813 231020 8293
247 24 10000 11926 80000 773340 225970 13266
369 399 10000 11993 80000 799113 200520 13266
61 141 10000 12255 10000 912027 87960 1660
142 215 10000 10467 1000000 181783 819577 165762
386 293 10000 12007 80000 802404 200507 13266
312 294 10000 10788 1000000 306889 696054 165762
60 153 10000 12043 50000 819970 184141 8293
364 85 10000 11654 200000 664704 339847 33157
76 83 10000 11913 80000 769187 236724 13266
276 74 10000 12039 80000 818529 187468 13266
339 176 10000 12032 80000 813790 193479 13266
103 302 10000 12279 10000 922164 86823 1660
257 217 10000 12083 50000 836707 172491 8293
170 250 10000 12047 80000 821737 188053 13266
219 71 10000 12270 10000 919847 90308 1660
276 348 10000 12155 30000 866954 143972 4972
358 64 10000 12067 50000 831267 180599 8293
10 347 10000 12354 6000 957611 54322 994
219 89 10000 12090 50000 839991 174445 8293
166 242 10000 12380 6000 970057 44492 994
70 98 10000 12131 20000 858522 157628 3320
159 156 10000 12134 200000 858954 157915 33157
242 82 10000 10265 1000000 105776 911541 165762
389 147 10000 12397 2100 974244 43558 353
87 83 10000 11683 200000 675716 342923 33157
62 145 10000 10450 1000000 172400 847486 165762
382 320 10000 10909 200000 349485 671434 33157
314 298 10000 12207 30000 894493 127961 4972
335 32 10000 12058 80000 826335 196848 13266
94 9 10000 12129 30000 858441 165335 4972
126 384 10000 12201 20000 893023 131026 3320
133 215 10000 11771 200000 708326 315858 33157
380 369 10000 12418 6000 981011 44116 994
369 0 10000 12163 30000 870277 155021 4972
331 159 10000 12285 2500 924006 101403 417
262 351 10000 12124 50000 854526 171155 8293
168 62 10000 12100 50000 844402 181453 8293
87 276 10000 11925 80000 772848 254047 13266
368 154 10000 10059 2000000 25526 1001481 331525
346 20 10000 11839 200000 737390 289632 33157
52 320 10000 12180 30000 879797 149390 4972
196 99 10000 12325 10000 942698 86867 1660
189 54 10000 12194 30000 887616 144216 4972
171 271 10000 12370 6000 964686 67278 994
106 340 10000 11934 80000 775204 256864 13266
265 364 10000 12174 30000 876226 156909 4972
156 357 10000 11989 80000 797929 236807 13266
83 152 10000 11829 30000 732400 303424 4972
164 208 10000 12225 30000 904343 132465 4972
34 138 10000 12221 30000 902291 135577 4972
266 43 10000 12136 50000 859407 179529 8293
316 319 10000 12345 50000 954415 84836 8293
72 277 10000 12099 80000 844389 194991 13266
349 348 10000 12504 2500 1016963 22459 417
49 247 10000 12444 2500 992627 47025 417
368 51 10000 12436 2500 988653 51161 417
73 56 10000 12239 20000 908754 131748 3320
220 287 10000 11788 200000 716816 324043 33157
142 66 10000 12211 30000 897350 144008 4972
297 118 10000 12452 2100 998792 43648 353
236 127 10000 12122 80000 853340 189202 13266
115 155 10000 12334 10000 947073 96095 1660
349 170 10000 10768 1000000 301220 743177 165762
159 252 10000 12120 50000 853002 193733 8293
321 371 10000 12166 50000 872556 175166 8293
28 48 10000 12085 50000 837690 210300 8293
215 20 10000 12022 30000 807963 240666 4972
306 287 10000 12319 10000 940079 108648 1660
233 262 10000 12471 2500 1006083 44017 417
218 231 10000 12283 20000 922645 127709 3320
345 127 10000 11937 50000 775786 275268 8293
393 387 10000 12368 50000 964191 86995 8293
286 126 10000 12105 50000 847364 204486 8293
131 85 10000 12244 10000 909748 142432 1660
272 289 10000 12152 50000 865851 186533 8293
382 195 10000 11742 80000 698472 355794 13266
40 119 10000 12234 30000 907227 149044 4972
218 321 10000 12096 50000 843646 212882 8293
215 330 10000 12102 30000 845341 213151 4972
191 316 10000 12497 6000 1014869 44455 994
188 149 10000 11824 200000 731089 329149 33157
158 41 10000 12395 10000 973680 86651 1660
156 130 10000 12110 80000 849648 212537 13266
80 52 10000 12010 200000 804595 257885 33157
286 120 10000 12291 20000 927170 135334 3320
273 152 10001 11553 200000 625681 437869 33157
25 288 10000 11936 50000 775643 288240 8293
399 87 10000 12273 30000 920686 143841 4972
322 312 10000 12524 2500 1022195 42675 417
315 198 10000 12202 50000 893345 171573 8293
390 396 10000 12453 20000 998808 66788 3320
182 298 10000 12320 20000 940089 125657 3320
65 345 10000 10025 2000000 11151 1054662 331525
18 158 10000 12098 80000 844304 221921 13266
220 275 10000 12512 2100 1018681 48099 353
69 341 10000 10714 2000000 275449 791608 331525
199 116 10000 12386 10000 970563 97020 1660
192 42 10000 12532 6000 1024155 44232 994
325 37 10000 11954 200000 783191 285304 33157
137 97 10000 10783 1000000 304854 763696 165762
249 202 10000 12149 80000 865182 203875 13266
239 376 10000 11980 80000 794511 274936 13266
204 29 10000 12526 2500 1022502 47655 417
26 348 10000 11944 30000 779217 291421 4972
90 303 10000 10547 2000000 208341 862948 331525
156 272 10000 12393 10000 973274 99195 1660
20 124 10000 12119 30000 852649 220568 4972
310 256 10000 12176 50000 876370 197120 8293
214 136 10000 11528 50000 611063 462545 8293
335 174 10000 12332 20000 945311 128762 3320
116 251 10000 12182 80000 880737 193700 13266
57 331 10000 12179 50000 879689 196616 8293
115 332 10000 12335 20000 947144 129328 3320
4 56 10000 12439 10000 990365 86347 1660
390 350 10000 12274 20000 920987 156575 3320
72 80 10000 12541 2500 1028298 50254 417
323 217 10000 12233 30000 907058 172134 4972
314 18 10000 12547 2500 1032518 47507 417
357 106 10000 12557 2100 1037614 43866 353
7 97 10000 11928 200000 774010 307839 33157
32 68 10000 10169 1000000 63248 1018977 165762
313 246 10000 12327 30000 942872 139823 4972
273 313 10000 11598 200000 642531 441720 33157
399 282 10000 12430 10000 985547 99442 1660
143 62 10000 12165 80000 872066 212964 13266
123 107 10000 12474 6000 1007112 78328 994
273 360 10000 11961 50000 787004 299008 8293
77 378 10000 11972 80000 791697 295101 13266
218 370 10001 10594 1000000 228591 858639 165762
382 221 10000 12381 2100 970079 117157 353
361 217 10000 12219 50000 902082 185471 8293
16 63 10000 12142 80000 863533 224379 13266
322 261 10000 12570 6000 1044989 44340 994
293 345 10000 12565 6000 1042147 47753 994
364 392 10000 12206 30000 894258 196754 4972
375 350 10000 12276 50000 921514 169499 8293
308 370 10000 12257 50000 912308 178794 8293
268 132 10001 12068 50000 831809 259331 8293
110 65 10000 12158 50000 869006 223046 8293
16 198 10000 12315 20000 938394 154377 3320
230 195 10000 12200 80000 892757 202296 13266
49 55 10000 12477 50000 1008027 87776 8293
367 156 10000 12590 6000 1052980 43017 994
70 366 10000 12470 10000 1005282 91047 1660
229 171 10000 12243 80000 909742 186620 13266
189 45 10000 12250 80000 910821 185564 13266
104 211 10000 12322 20000 940945 155607 3320
49 367 10000 12377 20000 968795 128018 3320
337 226 10000 12263 50000 914574 182496 8293
256 94 10000 12139 50000 860135 237605 8293
3 60 10000 10791 1000000 308311 789540 165762
82 148 10000 12236 50000 907570 190695 8293
206 52 10000 12337 30000 949952 148441 4972
193 27 10000 12159 80000 869663 230059 13266
190 371 10000 12288 50000 924669 176573 8293
243 164 10000 11814 200000 726412 375980 33157
116 82 10000 12376 20000 968449 134025 3320
250 380 10000 12287 50000 924207 179791 8293
33 145 10000 12369 30000 964557 140017 4972
347 373 10000 12347 30000 954896 149809 4972
273 281 10000 12231 20000 906711 198162 3320
199 5 10000 12256 50000 912052 192950 8293
225 234 10000 12424 50000 983044 123064 8293
104 110 10000 12499 30000 1015770 90740 4972
136 64 10000 12608 6000 1059185 47550 994
271 374 10000 10087 1000000 37451 1069336 165762
42 369 10000 11578 200000 635025 472414 33157
77 127 10000 12574 6000 1046625 61095 994
210 373 10000 12609 6000 1059248 49081 994
226 376 10000 12310 50000 936420 171942 8293
25 382 10000 10239 1000000 93492 1015017 165762
259 135 10000 12162 50000 870076 238626 8293
392 20 10000 11722 200000 690360 419614 33157
263 375 10000 12630 2100 1067729 42664 353
383 111 10000 12241 80000 909557 202075 13266
222 183 10000 12621 2100 1064299 47574 353
10 106 10000 12394 30000 973590 139434 4972
103 374 10000 12209 80000 895428 218616 13266
304 273 10000 12000 80000 800169 314620 13266
383 227 10000 12277 80000 921695 193341 13266
116 223 10000 12408 20000 978352 138121 3320
17 230 10000 12606 2500 1058580 58110 417
295 346 10000 12390 30000 971827 145108 4972
331 158 10000 11850 80000 740263 377124 13266
318 197 10000 11985 50000 797146 321505 8293
200 128 10000 12324 50000 942240 176613 8293
0 1 10000 12259 200000 912790 206222 33157
289 8 10000 11709 80000 686898 433653 13266
397 384 10000 12603 20000 1058245 62958 3320
213 71 10000 12516 10000 1019083 102168 1660
295 253 10000 12657 2100 1080170 42204 353
372 397 10000 12416 30000 980739 141724 4972
32 124 10000 12612 6000 1059791 63312 994
99 139 10000 12646 2100 1076576 48644 353
270 351 10000 11992 200000 798919 327663 33157
57 174 10000 10479 1000000 185786 941293 165762
194 364 10000 12348 50000 955110 172045 8293
223 231 10000 12730 2500 1106966 21466 417
258 274 10000 12636 2500 1071584 57430 417
285 230 10000 12567 10000 1044199 85988 1660
176 222 10000 12665 2100 1084026 46329 353
13 363 10000 12490 10000 1013167 118902 1660
84 94 10000 11647 80000 662300 471281 13266
342 240 10000 12313 30000 937662 197008 4972
333 346 10000 12660 2100 1082556 52508 353
251 186 10000 12476 20000 1007769 127898 3320
319 264 10000 10553 1000000 209103 928185 165762
146 164 10000 12364 50000 963277 174026 8293
19 90 10000 10175 2000000 65836 1071503 331525
385 180 10000 10825 1000000 319894 817654 165762
249 13 10000 12437 30000 988876 148762 4972
9 20 10000 12143 200000 863572 275229 33157
208 59 10001 12663 6000 1083333 55685 994
379 250 10000 12586 10000 1052425 88210 1660
39 239 10000 12060 50000 827001 313692 8293
19 173 10000 12186 50000 883659 257456 8293
325 204 10000 12172 200000 875280 265935 33157
176 95 10000 12689 6000 1091413 50471 994
198 29 10000 10532 1000000 203835 939923 165762
23 261 10000 12249 50000 910701 233424 8293
355 348 10000 12449 80000 995111 149077 13266
162 259 10000 12719 2100 1102533 42244 353
172 80 10000 12579 10000 1049022 95807 1660
105 273 10000 12511 20000 1018652 127792 3320
84 355 10000 12003 20000 801370 345190 3320
318 376 10000 12598 6000 1055325 91570 994
7 20 10000 12502 30000 1016619 130798 4972
16 209 10000 11828 200000 732139 415595 33157
83 255 10000 12127 30000 856196 292507 4972
248 399 10000 12331 80000 945113 203628 13266
30 202 10000 12686 2500 1089346 59415 417
317 240 10000 10344 2000000 133055 1016228 331525
172 51 10000 12404 50000 976828 172499 8293
371 358 10000 12303 80000 934569 215003 13266
89 65 10000 12260 80000 912845 237582 13266
4 62 10000 12220 80000 902230 248708 13266
91 196 10000 10757 1000000 297362 853999 165762
43 314 10000 12711 6000 1099906 53338 994
348 392 10000 12147 200000 864671 289983 33157
97 16 10000 12203 80000 893395 261795 13266
149 24 10000 12519 20000 1021301 134712 3320
205 93 10000 12592 6000 1053591 102800 994
152 40 10000 12192 50000 886495 270070 8293
164 118 10000 12150 200000 865662 291648 33157
168 126 10000 12375 80000 966644 191069 13266
114 166 10000 12546 20000 1030722 127477 3320
355 220 10000 11951 200000 782357 377172 33157
342 178 10000 11005 1000000 387340 773205 165762
355 238 10000 12486 30000 1011682 149585 4972
96 63 10000 12423 80000 982696 182017 13266
286 132 10000 11449 1000000 578788 587143 165762
134 347 10000 12412 80000 979043 188563 13266
121 243 10000 12429 80000 985050 182751 13266
172 307 10000 11996 200000 799596 369162 33157
327 184 10000 12227 30000 905199 263696 4972
395 133 10000 10526 1000000 201103 968830 165762
13 296 10000 12525 30000 1022358 148216 4972
331 322 10000 12448 20000 995071 176645 3320
178 106 10000 12751 2500 1115974 55867 417
380 279 10000 12564 30000 1041867 131778 4972
162 268 10000 12534 30000 1025433 149162 4972
191 220 10000 12468 50000 1005231 169779 8293
146 74 10000 12410 80000 978832 196321 13266
127 269 10000 12401 80000 975469 199701 13266
246 17 10000 12463 50000 1001740 174276 8293
395 348 10000 10339 2000000 132317 1044600 331525
304 10 10000 10432 2000000 166078 1011999 331525
379 30 10000 12785 2500 1127686 50525 417
169 364 10000 12691 10000 1092930 86075 1660
32 197 10000 12772 2500 1122662 57377 417
294 194 10000 12266 30000 917247 262877 4972
379 95 10000 12576 30000 1047469 132699 4972
226 220 10000 12655 50000 1079980 100453 8293
342 305 10000 12168 80000 874023 306914 13266
324 274 10000 12353 80000 956952 224248 13266
208 192 10000 11097 1000000 423256 757975 165762
270 341 10000 12704 10000 1097224 84806 1660
66 311 10000 12669 10000 1084744 98430 1660
370 133 10001 12391 80000 971834 212664 13266
95 225 10000 12703 10000 1097120 87873 1660
168 190 10000 12483 50000 1009466 175663 8293
1 160 10000 12294 50000 929055 256205 8293
381 9 10000 12262 200000 914466 270846 33157
193 237 10000 12454 80000 998860 187373 13266
236 107 10000 12596 20000 1053958 132611 3320
161 318 10000 12813 2100 1137912 49043 353
266 395 10000 12247 80000 910274 277028 13266
169 209 10000 12715 10000 1101892 86673 1660
73 303 10000 12146 200000 864441 325849 33157
51 222 10000 12443 80000 992135 198401 13266
314 80 10000 12615 30000 1060234 130764 4972
299 372 10000 12469 80000 1005259 186021 13266
260 236 10000 10833 1000000 322620 868818 165762
278 128 10000 11302 1000000 511339 680134 165762
105 39 10000 12601 30000 1057501 134360 4972
334 313 10000 12727 10000 1106204 86582 1660
1 182 10000 12467 30000 1004612 188254 4972
281 382 10000 12114 200000 850616 342674 33157
253 242 10000 12771 20000 1122631 72805 3320
294 351 10000 12154 50000 866778 329845 8293
179 63 10000 12487 80000 1012185 184475 13266
173 359 10000 12489 50000 1012444 184812 8293
282 350 10000 12329 50000 944220 253810 8293
8 282 10000 12508 50000 1018074 180263 8293
131 146 10000 12056 50000 825020 373493 8293
271 256 10001 12466 10000 1004508 195801 1660
328 63 10000 12827 2500 1144255 57267 417
79 217 10000 12479 80000 1008271 193388 13266
138 352 10000 12862 2100 1159321 42347 353
358 391 10000 12480 80000 1008625 193168 13266
2 258 10000 12625 30000 1065260 136595 4972
26 357 10000 12036 50000 817588 384852 8293
128 55 10000 12709 10000 1099542 103690 1660
170 276 10000 12293 200000 927933 276138 33157
69 389 10000 12481 80000 1008854 195269 13266
279 155 10000 11064 1000000 412867 791630 165762
138 263 10000 11886 80000 760007 444496 13266
237 137 10000 12842 2100 1151268 53432 353
167 42 10000 12164 200000 870317 336599 33157
20 286 10000 12836 6000 1148445 59268 994
98 59 10000 10336 2000000 131142 1076605 331525
23 397 10000 12336 80000 948648 259694 13266
276 258 10000 12425 50000 983721 225195 8293
307 254 10000 12538 80000 1026677 182676 13266
304 328 10000 12874 2500 1166877 43299 417
362 80 10000 12434 80000 988046 223237 13266
378 311 10000 12652 30000 1079377 132822 4972
165 353 10000 12766 10000 1120664 91735 1660
243 76 10000 12768 10000 1121436 92161 1660
58 23 10000 10014 1000000 7999 1209707 165762
261 119 10000 12640 30000 1073519 145928 4972
396 182 10000 12461 50000 1001358 219499 8293
163 57 10000 12555 80000 1036750 185686 13266
121 294 10000 12656 30000 1080144 142614 4972
334 108 10000 12695 20000 1094861 128310 3320
305 56 10000 12513 50000 1018693 204686 8293
313 29 10000 10891 1000000 342855 880561 165762
79 348 10000 12580 50000 1049998 173722 8293
11 30 10000 11876 50000 755644 468540 8293
318 303 10000 12816 10000 1138891 85950 1660
307 368 10000 12809 10000 1136495 89120 1660
365 110 10000 12654 30000 1079857 146299 4972
164 200 10000 11183 1000000 462020 764487 165762
24 368 10000 12414 80000 979928 247898 13266
252 119 10000 12924 6000 1184931 43713 994
216 193 10000 12591 50000 1053199 177330 8293
247 16 10000 12571 80000 1045007 185615 13266
1 156 10001 12597 30000 1054779 176255 4972
309 243 10000 12535 80000 1025434 206297 13266
44 119 10000 12445 80000 993810 238929 13266
18 73 10000 12584 50000 1051792 180988 8293
312 42 10000 12717 20000 1102302 130593 3320
160 17 10000 12568 50000 1044240 188750 8293
208 173 10000 12692 30000 1094325 139840 4972
276 390 10000 12581 30000 1050353 184825 4972
138 308 10000 11107 1000000 427741 808735 165762
399 40 10000 12708 20000 1099443 137278 3320
139 140 10000 12908 6000 1178587 59071 994
234 312 10000 12585 80000 1052295 185560 13266
304 348 10000 12522 20000 1021678 217773 3320
259 46 10000 12529 80000 1023085 216853 13266
82 54 10000 12588 80000 1052786 187750 13266
247 165 10000 12945 6000 1193558 48238 994
158 173 10000 12952 6000 1194662 47189 994
358 362 10000 12721 30000 1103166 138825 4972
375 105 10000 12309 200000 936241 307085 33157
249 140 10000 12402 50000 976044 268690 8293
73 26 10000 12619 50000 1064174 181315 8293
286 108 10000 12967 2500 1203128 42866 417
94 206 10000 12406 80000 977575 269103 13266
96 274 10000 12964 6000 1201074 45798 994
48 242 10000 12572 80000 1045594 201500 13266
255 122 10000 12639 10000 1073115 174331 1660
368 338 10000 12352 200000 956531 291328 33157
103 266 10000 12716 30000 1102034 145893 4972
277 82 10000 12972 6000 1203924 44303 994
141 133 10000 12355 200000 957743 290685 33157
325 317 10000 12610 80000 1059443 189103 13266
341 317 10000 12745 30000 1115043 134640 4972
209 161 10000 12617 50000 1061822 187960 8293
42 166 10000 12724 20000 1104532 146482 3320
20 6 10000 12419 50000 981078 270383 8293
228 252 10000 12781 20000 1125578 125895 3320
397 230 10000 12438 200000 990065 261713 33157
156 361 10000 12514 50000 1018699 233273 8293
184 211 10000 12459 30000 1000790 251569 4972
292 97 10000 12975 6000 1205559 47193 994
343 340 10000 12664 200000 1083836 169402 33157
288 386 10000 12982 6000 1208921 45155 994
206 30 10000 12644 50000 1075956 179773 8293
46 322 10000 11588 1000000 638142 618798 165762
39 318 10000 12770 30000 1122379 134978 4972
106 196 10000 12764 30000 1120445 137518 4972
6 287 10000 12794 30000 1129787 128810 4972
379 253 10000 12754 20000 1116797 141970 3320
352 383 10000 12634 50000 1070404 188529 8293
104 244 10000 11462 1000000 581992 677903 165762
54 122 10000 11268 1000000 498152 761747 165762
61 13 10000 12367 200000 963948 296612 33157
186 242 10000 12784 20000 1127665 133001 3320
212 205 10000 12949 30000 1194297 66636 4972
35 180 10000 10828 1000000 322022 939415 165762
139 64 10000 11527 1000000 610657 651404 165762
7 77 10000 12509 80000 1018328 244489 13266
67 3 10000 12041 80000 819673 443166 13266
294 191 10000 12300 50000 932420 331496 8293
155 312 10000 13002 6000 1218431 46423 994
205 33 10000 12237 80000 907664 357694 13266
255 272 10000 12688 10000 1090809 175740 1660
216 201 10000 10910 2000000 349963 916651 331525
338 302 10000 11181 1000000 461182 805644 165762
121 47 10000 12662 80000 1083031 183882 13266
4 282 10000 12666 80000 1084045 183779 13266
29 57 10000 12917 10000 1182761 85288 1660
157 179 10000 12543 50000 1030020 238087 8293
151 180 10000 11664 1000000 667648 601295 165762
18 116 10000 12677 50000 1086174 184319 8293
10 398 10000 12796 20000 1130293 140454 3320
74 114 10000 10085 1000000 36401 1234366 165762
331 92 10000 12215 80000 898172 373330 13266
397 286 10000 13026 2500 1227327 44515 417
69 50 10000 12676 50000 1086104 185891 8293
26 307 10000 12304 30000 934964 339540 4972
257 124 10000 12939 10000 1189948 84576 1660
35 174 10000 12910 10000 1179109 95677 1660
197 95 10000 12661 80000 1082840 191950 13266
68 313 10000 11127 1000000 433935 841244 165762
392 175 10000 12510 80000 1018581 256761 13266
209 117 10000 10369 2000000 144388 1131154 331525
285 267 10000 13031 6000 1228757 47650 994
31 246 10000 12810 20000 1136554 140515 3320
380 294 10000 12679 30000 1086508 190645 4972
333 307 10000 12441 80000 991488 286203 13266
228 11 10000 13050 2500 1234903 43284 417
14 398 10000 13040 6000 1231309 47269 994
56 32 10000 10647 1000000 248860 1030229 165762
177 370 10000 12658 80000 1080393 199887 13266
368 52 10000 12707 80000 1099023 181329 13266
265 268 10000 13113 6000 1257663 22874 994
275 382 10000 12478 200000 1008270 272664 33157
146 358 10000 12628 80000 1066775 215624 13266
345 204 10000 12647 20000 1076684 205879 3320
353 143 10000 12807 30000 1135015 147919 4972
394 310 10000 12818 30000 1139658 143467 4972
188 0 10000 12712 50000 1100038 183231 8293
100 301 10000 12833 30000 1146114 137369 4972
67 173 10000 12517 30000 1019795 264274 4972
324 184 10000 11982 200000 795041 489739 33157
220 47 10000 11391 1000000 548837 736170 165762
159 270 10000 10871 1000000 337420 947853 165762
362 306 10000 12659 50000 1081681 204438 8293
219 95 10000 12587 80000 1052535 235099 13266
264 30 10000 11837 80000 735514 554248 13266
269 45 10000 12599 50000 1055794 234257 8293
176 134 10000 12379 200000 969747 320823 33157
194 208 10000 10379 2000000 149005 1141799 331525
100 317 10000 12848 30000 1153539 137528 4972
313 348 10000 12649 80000 1078412 212711 13266
254 71 10000 12738 50000 1112379 179133 8293
382 144 10000 12605 10000 1058479 233144 1660
25 268 10000 12515 20000 1019047 273935 3320
299 241 10000 13087 6000 1247836 45547 994
97 46 10000 11326 1000000 523550 771357 165762
335 150 10000 12747 80000 1115157 180715 13266
331 396 10000 12563 30000 1040826 255238 4972
286 242 10000 12732 50000 1108065 189038 8293
333 269 10000 12447 80000 994920 303193 13266
309 14 10000 12812 30000 1136921 162000 4972
211 381 10000 12779 50000 1124830 174273 8293
255 174 10000 12398 50000 974297 324996 8293
124 69 10000 12633 50000 1068439 231461 8293
158 285 10000 12720 80000 1103034 197003 13266
215 230 10000 12849 30000 1153611 146527 4972
120 334 10000 12681 50000 1087718 213024 8293
196 295 10000 12790 50000 1128681 173400 8293
100 213 10000 12693 80000 1094638 208841 13266
32 116 10000 13008 2500 1220507 84024 417
337 54 10000 13007 10000 1220281 84374 1660
20 280 10000 12739 10000 1113298 191398 1660
102 81 10000 13122 6000 1259834 45514 994
288 84 10000 12883 20000 1170050 135742 3320
244 388 10000 12495 200000 1014431 292062 33157
384 251 10000 12774 80000 1123054 183583 13266
119 7 10000 10733 2000000 287938 1019511 331525
88 346 10000 12763 80000 1119793 188327 13266
241 169 10000 12752 50000 1116761 191861 8293
73 345 10000 13116 6000 1258581 50682 994
123 185 10000 12343 80000 953467 357824 13266
67 162 10000 13018 6000 1223905 88190 994
3 183 10000 12700 50000 1096173 215980 8293
227 237 10000 13004 50000 1218906 93831 8293
322 330 10000 13000 80000 1217835 94968 13266
216 311 10000 12911 30000 1179387 135069 4972
126 260 10000 11272 1000000 500252 815087 165762
359 337 10000 12892 30000 1172830 144888 4972
21 147 10000 13013 10000 1222525 95268 1660
149 27 10000 12583 80000 1050863 267132 13266
210 195 10000 12826 50000 1143878 174624 8293
90 49 10000 12829 50000 1144687 174375 8293
334 378 10000 13005 10000 1219128 100136 1660
357 260 10000 12737 80000 1112056 207606 13266
13 179 10000 12491 200000 1013304 307432 33157
242 84 10000 12797 30000 1130494 190558 4972
350 139 10000 12753 80000 1116791 206066 13266
97 191 10000 11477 1000000 588492 734637 165762
115 266 10000 10980 1000000 379135 944132 165762
293 53 10000 12582 200000 1050658 272944 33157
101 358 10000 12843 50000 1151370 172303 8293
391 229 10000 12820 80000 1140244 183768 13266
356 248 10000 10453 2000000 173217 1152360 331525
33 162 10000 12912 20000 1180519 145703 3320
387 135 10000 12944 30000 1192145 134275 4972
26 269 10000 12558 20000 1037789 288797 3320
387 8 10000 12802 80000 1133444 193738 13266
66 340 10000 12946 30000 1193809 133641 4972
136 171 10000 12938 20000 1189409 138459 3320
227 311 10000 12919 30000 1182967 145374 4972
210 228 10000 13180 2500 1285332 43604 417
331 81 10000 12643 30000 1075778 253610 4972
168 355 10000 13019 10000 1223997 106050 1660
136 44 10000 13042 10000 1231943 98181 1660
353 380 10000 12787 80000 1128274 202211 13266
279 364 10000 13176 2100 1283358 47995 353
21 272 10000 13061 10000 1240250 91159 1660
393 300 10000 12950 30000 1194522 137445 4972
104 105 10000 13240 2500 1309288 23331 417
65 79 10000 13091 50000 1249060 85132 8293
9 381 10000 13186 6000 1289638 44733 994
348 268 10000 13195 2500 1292643 42870 417
161 84 10000 12808 80000 1136372 200611 13266
118 32 10000 13024 10000 1226451 110964 1660
289 81 10000 12272 50000 920658 416910 8293
36 224 10000 12943 30000 1191748 146023 4972
240 257 10000 12989 80000 1212882 125576 13266
225 158 10000 12602 50000 1057647 281655 8293
84 120 10001 12984 2100 1209396 130216 353
57 236 10000 12823 80000 1142083 199897 13266
202 60 10000 10400 1000000 155095 1186953 165762
155 181 10000 12382 200000 970089 373008 33157
261 308 10000 11148 1000000 442420 902122 165762
220 122 10000 12856 50000 1156635 188439 8293
174 281 10000 13224 2100 1302978 42211 353
371 167 10000 13109 10000 1256318 88899 1660
342 344 10000 12706 200000 1097849 250491 33157
156 244 10000 12906 50000 1177687 170908 8293
376 238 10000 12866 50000 1161248 187683 8293
238 56 10000 12974 30000 1204610 144462 4972
328 104 10000 13130 10000 1263078 86130 1660
191 201 10000 12762 80000 1119718 229522 13266
204 163 10000 12880 50000 1168899 180694 8293
377 365 10000 10064 2000000 28160 1322073 331525
224 2 10000 12905 50000 1177588 172706 8293
303 80 10000 12734 80000 1108975 241721 13266
381 273 10000 12886 50000 1171077 179927 8293
263 59 10000 12895 50000 1174192 177433 8293
251 332 10000 13238 2100 1308421 43246 353
374 273 10000 12882 50000 1169642 184628 8293
153 285 10000 13183 6000 1287762 66839 994
312 269 10000 13246 6000 1311700 43275 994
165 158 10000 13241 6000 1309549 45899 994
182 63 10000 12675 200000 1085932 269609 33157
87 117 10000 13237 2500 1307852 47867 417
220 24 10000 11667 200000 669247 686859 33157
263 305 10000 13014 30000 1222567 133757 4972
376 16 10000 12913 50000 1180717 175869 8293
348 122 10000 12867 50000 1161734 195630 8293
367 172 10000 12891 80000 1172434 186007 13266
230 268 10000 12888 80000 1171150 187497 13266
26 354 10000 13125 2500 1261361 97388 417
124 188 10000 10274 2000000 109745 1249540 331525
138 394 10000 12742 50000 1113700 245647 8293
143 67 10000 12857 80000 1156846 202925 13266
330 37 10000 13253 6000 1313822 46324 994
352 13 10000 11754 1000000 701077 659153 165762
398 249 10000 12604 200000 1058334 302012 33157
191 98 10000 13261 2100 1318280 42260 353
143 322 10000 13259 6000 1318158 43068 994
243 33 10000 13027 30000 1227516 133829 4972
23 225 10000 13205 6000 1295836 65687 994
51 307 10000 10286 2000000 113867 1247663 331525
178 218 10000 12835 80000 1147451 214331 13266
384 100 10000 12871 50000 1165883 196818 8293
58 141 10000 12264 200000 916329 446940 33157
149 156 10000 13145 80000 1268238 95189 13266
167 384 10000 12847 80000 1153020 210416 13266
50 223 10000 12614 200000 1060003 304717 33157
205 149 10000 12977 10000 1207355 159665 1660
70 36 10000 12899 30000 1176249 192321 4972
218 371 10000 13057 30000 1238644 130243 4972
271 2 10000 10388 2000000 152034 1217196 331525
338 272 10000 13282 6000 1325772 43568 994
390 178 10000 13278 6000 1324728 44724 994
175 297 10000 11605 1000000 647443 723559 165762
4 292 10000 12953 50000 1194671 176393 8293
33 3 10000 12941 50000 1190969 180111 8293
227 107 10000 13036 30000 1230901 140525 4972
274 192 10000 13136 10000 1264273 107803 1660
126 52 10000 13076 20000 1243573 128813 3320
320 36 10000 12897 80000 1175318 197708 13266
275 187 10000 12885 50000 1170808 202499 8293
47 327 10000 11635 1000000 656888 716536 165762
238 387 10000 12729 200000 1106721 268108 33157
209 56 10000 10802 1000000 310976 1064125 165762
204 359 10000 12965 50000 1201087 174954 8293
30 290 10000 10219 1000000 84090 1291994 165762
186 181 10000 11940 1000000 777926 600262 165762
166 116 10000 13034 30000 1230372 147877 4972
99 269 10000 12626 200000 1065279 313336 33157
58 296 10000 12947 20000 1194066 184844 3320
308 256 10000 12893 80000 1173646 205444 13266
276 260 10000 13218 20000 1300204 80203 3320
382 371 10000 10472 1000000 182766 1197703 165762
246 164 10000 13072 30000 1242943 138549 4972
188 155 10000 13033 30000 1230278 151520 4972
371 134 10000 13297 6000 1333918 48053 994
155 202 10000 12960 50000 1198548 184932 8293
31 306 10000 13085 30000 1246857 137023 4972
313 189 10000 13078 30000 1245063 139861 4972
1 323 10000 12758 50000 1118317 266805 8293
270 302 10000 11170 1000000 454820 930438 165762
255 374 10000 12932 10000 1187589 197942 1660
206 7 10000 12863 80000 1159916 226742 13266
327 399 10000 12853 20000 1155457 232079 3320
348 70 10000 12999 50000 1216474 172067 8293
115 51 10000 12714 200000 1100743 288693 33157
14 336 10000 13119 10000 1258840 131551 1660
340 103 10000 12733 200000 1108836 282028 33157
1 144 10000 10676 2000000 261188 1129848 331525
176 76 10000 12870 50000 1165743 225908 8293
148 14 10000 13101 20000 1252869 139119 3320
155 268 10000 13120 30000 1258983 133357 4972
93 75 10000 12876 20000 1167472 225656 3320
346 256 10000 13108 30000 1256160 137038 4972
158 34 10000 12958 80000 1195991 197297 13266
389 330 10000 13213 2500 1299281 94010 417
306 298 10000 10813 1000000 316999 1076598 165762
380 152 10000 12963 80000 1200398 193229 13266
172 214 10000 13313 2500 1340271 53672 417
153 109 10000 12841 80000 1150485 243537 13266
76 217 10000 12485 200000 1011059 383273 33157
198 163 10000 12761 200000 1119172 275205 33157
44 383 10000 13275 2500 1322825 74856 417
84 120 10000 12175 50000 876277 521603 8293
292 204 10000 12994 80000 1214084 185348 13266
280 278 10000 13023 50000 1225746 174691 8293
343 287 10000 13152 20000 1272545 128146 3320
26 307 10001 12528 50000 1022825 378866 8293
190 241 10000 12988 50000 1211925 190186 8293
331 294 10000 12593 50000 1053618 349300 8293
160 254 10000 12973 80000 1204452 199174 13266
298 348 10000 13353 2100 1359231 44428 353
259 235 10000 13133 30000 1263960 141128 4972
157 391 10000 12407 200000 977912 427336 33157
81 259 10000 12935 80000 1188468 216883 13266
378 350 10000 13015 50000 1223180 182383 8293
357 338 10000 13139 30000 1266131 140209 4972
84 244 10000 11999 80000 799811 606669 13266
57 284 10000 13364 6000 1363033 44402 994
362 294 10000 12696 200000 1095018 312521 33157
355 269 10000 13112 20000 1256541 151976 3320
87 211 10000 12969 50000 1203532 205963 8293
52 56 10000 11444 2000000 576484 833298 331525
279 338 10000 13068 30000 1241588 171181 4972
356 248 10001 13030 30000 1228331 186438 4972
115 238 10000 13045 50000 1233852 181640 8293
198 297 10000 13260 10000 1318174 99761 1660
326 76 10000 13197 20000 1293344 125499 3320
200 93 10000 13389 2100 1375886 42987 353
257 133 10000 13075 50000 1243454 176138 8293
15 335 10000 12931 80000 1187573 232694 13266
177 344 10000 13155 20000 1273882 146462 3320
48 317 10000 13001 50000 1218381 201967 8293
347 185 10000 13037 80000 1231027 190688 13266
179 208 10000 13110 30000 1256363 165815 4972
175 266 10000 13043 30000 1232854 189845 4972
157 69 10000 13220 10000 1301156 122248 1660
339 378 10000 12837 200000 1148903 274589 33157
208 258 10000 12651 200000 1079252 344687 33157
156 278 10000 13062 80000 1240616 183791 13266
31 211 10000 13054 50000 1236703 187820 8293
377 260 10000 13168 30000 1279495 146163 4972
38 177 10000 10125 2000000 48926 1377801 331525
154 189 10000 12927 80000 1186148 242050 13266
246 35 10000 12985 30000 1209432 218855 4972
123 115 10000 13017 10000 1223633 205248 1660
364 20 10000 12650 200000 1079218 349871 33157
196 355 10000 13227 20000 1303319 126038 3320
278 60 10000 13055 80000 1237517 191971 13266
212 258 10000 12600 200000 1056693 373653 33157
194 292 10000 13319 10000 1344148 86244 1660
311 227 10000 13413 2500 1386279 44672 417
96 286 10000 12791 80000 1128742 304991 13266
217 266 10000 13426 2100 1392195 42944 353
35 192 10000 13106 50000 1255642 180722 8293
254 98 10000 13081 30000 1245242 191791 4972
67 146 10000 12861 30000 1159173 277965 4972
6 84 10000 13424 2100 1391449 45845 353
51 139 10000 13093 30000 1249933 188784 4972
78 275 10000 11758 1000000 702077 737081 165762
229 42 10000 13190 30000 1291444 148350 4972
163 151 10000 13429 6000 1392624 47308 994
312 76 10000 13090 80000 1248905 191250 13266
269 47 10000 12417 200000 980852 459399 33157
327 25 10000 12821 50000 1141455 299108 8293
150 62 10000 13173 30000 1282539 158048 4972
53 320 10000 10502 2000000 193865 1247091 331525
290 326 10000 12852 200000 1154934 286081 33157
343 8 10000 13032 80000 1229893 211742 13266
224 187 10000 12298 200000 931403 511984 33157
60 102 10000 10938 1000000 360658 1083365 165762
75 65 10000 12930 200000 1187364 257651 33157
170 286 10000 12540 200000 1027924 417121 33157
19 55 10000 13215 30000 1299768 147609 4972
74 296 10000 12778 200000 1124310 323718 33157
47 15 10000 12904 200000 1177398 271277 33157
119 95 10000 12887 80000 1171085 278752 13266
202 274 10000 11131 1000000 434765 1015982 165762
135 172 10000 13166 50000 1278217 172551 8293
370 69 10000 13457 6000 1405485 45322 994
212 94 10000 13071 80000 1242671 208273 13266
35 227 10000 13365 10000 1363184 88228 1660
231 344 10000 13245 30000 1310956 140952 4972
36 200 10001 13303 10000 1336085 116987 1660
64 318 10000 13380 10000 1368605 84801 1660
170 27 10000 13464 6000 1407503 46092 994
333 46 10000 11390 1000000 547790 906167 165762
328 217 10000 11592 1000000 639742 814394 165762
367 361 10000 13373 50000 1364858 90921 8293
241 260 10000 12801 200000 1133126 322673 33157
212 333 10000 12907 200000 1177805 278602 33157
209 283 10000 13255 30000 1317422 139166 4972
252 294 10000 13011 50000 1222388 234647 8293
197 54 10000 13280 30000 1325239 133486 4972
112 200 10000 13276 30000 1323124 135693 4972
1 205 10000 13478 2500 1413831 45898 417
107 209 10000 13268 30000 1320004 140064 4972
262 395 10000 13273 30000 1321349 139181 4972
341 214 10000 13283 20000 1326188 136724 3320
132 326 10000 13158 20000 1275121 188950 3320
159 166 10000 13175 50000 1283057 181881 8293
108 159 10000 13160 80000 1275949 189071 13266
193 81 10000 13191 50000 1291458 174107 8293
354 390 10000 13499 2100 1420930 44665 353
315 52 10000 13498 2500 1420666 45323 417
354 280 10000 13204 50000 1295835 170730 8293
344 307 10000 13185 50000 1288250 179285 8293
227 382 10000 13182 50000 1287481 180192 8293
269 385 10000 13200 30000 1294865 173275 4972
101 42 10000 12997 80000 1216152 252278 13266
59 312 10000 12846 80000 1152987 315588 13266
335 101 10000 13406 10000 1383584 86101 1660
280 118 10000 11320 1000000 518035 952268 165762
272 19 10000 12955 200000 1195039 275304 33157
66 347 10000 10681 2000000 263197 1207566 331525
235 321 10000 13211 50000 1298564 172931 8293
341 172 10000 13189 50000 1290729 181487 8293
292 349 10000 11804 1000000 721579 751658 165762
279 203 10000 13058 80000 1238982 235688 13266
278 94 10000 13156 80000 1273891 202032 13266
43 278 10000 13510 2500 1427749 48412 417
293 140 10000 11124 1000000 432667 1043933 165762
244 170 10000 13325 20000 1347625 129804 3320
167 77 10000 12951 200000 1194620 283344 33157
205 263 10000 10142 2000000 53536 1424892 331525
226 91 10001 13082 80000 1245289 233409 13266
1 364 10000 13530 6000 1436869 43661 994
99 150 10000 12735 200000 1110359 370249 33157
214 340 10000 12819 80000 1140235 340551 13266
203 206 10000 13566 6000 1450817 30825 994
102 214 10000 13223 50000 1302828 178865 8293
359 327 10000 13302 30000 1335712 146103 4972
138 98 10000 13537 2100 1439324 43514 353
235 323 10000 13212 80000 1298791 186636 13266
123 362 10000 12909 30000 1179099 306778 4972
83 65 10000 10761 2000000 298137 1188102 331525
240 62 10000 12978 80000 1207615 279384 13266
249 385 10000 13299 30000 1334330 153005 4972
113 54 10000 12872 80000 1166091 321287 13266
108 251 10000 13233 50000 1306912 180780 8293
308 217 10000 12934 200000 1188354 299385 33157
382 32 10000 12942 50000 1190976 297844 8293
183 58 10000 13552 2500 1446641 42891 417
155 339 10000 13333 30000 1352094 137446 4972
256 362 10000 13181 80000 1285577 204360 13266
211 233 10000 13326 20000 1347775 142164 3320
331 209 10000 12956 30000 1195412 294806 4972
329 24 10000 12901 80000 1176456 313925 13266
84 187 10000 12456 80000 999893 490705 13266
254 302 10000 13322 30000 1346415 145103 4972
83 6 10000 13115 10000 1258326 233779 1660
44 6 10000 12498 200000 1014991 477426 33157
108 195 10000 13207 50000 1296637 196337 8293
275 240 10000 13214 80000 1299533 193526 13266
375 343 10000 12518 200000 1019869 474449 33157
329 219 10000 13140 30000 1266155 228440 4972
157 148 10000 13541 10000 1441632 53205 1660
366 134 10000 13254 80000 1314359 180507 13266
104 201 10000 13208 80000 1296949 198851 13266
96 365 10000 13341 30000 1353132 143002 4972
304 338 10000 13368 20000 1363938 133655 3320
44 286 10000 10899 1000000 345453 1152878 165762
231 133 10000 13347 30000 1356426 142056 4972
184 195 10000 13460 10000 1406669 92147 1660
246 179 10000 13581 2100 1454879 45305 353
368 42 10000 12896 200000 1174280 327071 33157
272 180 10000 13327 30000 1348073 154754 4972
224 387 10000 13585 6000 1455610 47323 994
61 112 10000 13589 6000 1457535 45492 994
13 361 10000 13492 10000 1416515 87272 1660
235 341 10000 13594 2500 1461475 42689 417
114 169 10000 13250 50000 1312749 191730 8293
289 131 10000 13226 30000 1303093 201823 4972
66 77 10000 13305 200000 1337834 167169 33157
253 157 10000 11218 2000000 476838 1030803 331525
159 153 10000 13352 80000 1359049 149423 13266
229 19 10000 13312 50000 1340052 169296 8293
271 238 10000 13123 80000 1260629 249606 13266
203 177 10000 13366 30000 1363465 148060 4972
137 293 10000 13194 50000 1292112 219525 8293
179 18 10000 13376 30000 1365829 147836 4972
184 146 10000 13222 20000 1302563 211961 3320
363 65 10000 13285 80000 1328920 185780 13266
31 57 10000 13495 10000 1419106 96464 1660
289 298 10000 13546 10000 1443040 73425 1660
305 158 10000 13198 80000 1293521 223976 13266
181 260 10000 12280 200000 922313 595255 33157
226 229 10000 13459 80000 1406300 111535 13266
264 328 10000 12744 80000 1114887 403730 13266
110 390 10000 13247 80000 1312124 206690 13266
265 104 10000 13286 50000 1329002 191446 8293
166 94 10000 13398 30000 1380204 140811 4972
274 75 10000 13623 6000 1473416 48063 994
240 211 10000 13600 2500 1464002 57582 417
159 38 10000 13048 200000 1234700 287847 33157
8 248 10000 13441 20000 1397979 126565 3320
23 389 10000 13126 80000 1261893 263757 13266
378 177 10000 13409 20000 1384591 141288 3320
324 26 10000 11670 1000000 670233 855674 165762
112 203 10000 13433 20000 1394200 133328 3320
355 265 10000 13656 2100 1485305 43451 353
388 118 10000 13414 30000 1386443 142332 4972
155 341 10000 13632 6000 1478155 50651 994
151 393 10000 13407 20000 1384227 144741 3320
229 104 10000 13540 10000 1441358 88183 1660
163 118 10000 13543 10000 1442202 87651 1660
382 256 10000 10423 1000000 161798 1368494 165762
182 64 10000 13643 2500 1482119 48211 417
359 215 10000 13408 30000 1384583 145863 4972
157 255 10000 13619 2500 1472185 58454 417
276 170 10000 13644 6000 1482377 50337 994
45 371 10000 13362 30000 1362324 170767 4972
55 150 10000 13664 2500 1491592 42884 417
277 178 10000 13358 50000 1360670 174492 8293
212 12 10000 13345 50000 1356108 179376 8293
199 381 10000 13310 50000 1339829 196240 8293
233 343 10000 13235 80000 1307537 228951 13266
216 51 10000 13550 10000 1445422 91444 1660
59 292 10000 13400 10000 1381050 156588 1660
297 356 10000 13670 6000 1494521 44227 994
213 20 10000 13658 6000 1487591 51582 994
196 240 10000 13281 80000 1325699 213554 13266
386 269 10000 13292 80000 1332451 208069 13266
45 7 10000 13251 80000 1313336 227332 13266
32 121 10000 13415 30000 1387062 153734 4972
234 305 10000 13475 20000 1413204 127866 3320
128 116 10000 13437 30000 1396417 144656 4972
331 63 10000 12864 80000 1160128 381885 13266
297 158 10000 13588 10000 1457316 84931 1660
55 97 10000 13243 80000 1309807 233251 13266
375 303 10000 13468 30000 1409679 133525 4972
190 80 10000 13307 80000 1339327 204946 13266
63 270 10000 13620 6000 1472338 72979 994
355 126 10000 13356 50000 1360443 184938 8293
348 324 10000 13361 80000 1362320 183291 13266
300 237 10000 13472 30000 1412925 134110 4972
390 71 10000 13172 30000 1282200 265485 4972
17 337 10000 13337 80000 1352524 196201 13266
80 185 10000 13471 20000 1412445 136324 3320
166 280 10001 13684 2100 1501363 48313 353
59 10 10000 13142 50000 1266709 285131 8293
282 241 10000 12971 50000 1203860 348527 8293
216 181 10000 13509 20000 1426876 125907 3320
284 155 10000 13052 80000 1236045 317127 13266
226 370 10000 13473 30000 1413040 140688 4972
232 312 10000 13374 50000 1365105 188779 8293
71 356 10000 13371 80000 1364609 189613 13266
306 301 10001 12987 80000 1210131 344215 13266
73 259 10000 13513 20000 1428264 126176 3320
342 84 10000 11773 1000000 710262 844651 165762
315 349 10000 13601 10000 1464051 91015 1660
383 213 10000 13458 30000 1405576 149945 4972
152 322 10000 12889 80000 1171227 384311 13266
80 296 10000 13377 80000 1366260 190301 13266
230 153 10000 13692 2100 1504120 52626 353
301 333 10000 11274 1000000 500668 1056271 165762
11 46 10000 13349 20000 1357272 199716 3320
396 84 10000 13320 80000 1344207 213260 13266
76 301 10000 13635 6000 1478928 78959 994
374 332 10000 13596 10000 1462586 96407 1660
56 6 10000 13206 50000 1296378 262655 8293
38 303 10000 13711 6000 1512956 48218 994
280 201 10000 13504 30000 1424140 137249 4972
396 187 10000 13547 10000 1443532 117861 1660
119 334 10000 13421 10000 1389381 172218 1660
367 213 10000 13486 30000 1414847 146806 4972
87 244 10000 13723 2500 1518306 44507 417
106 380 10000 13225 80000 1303021 259880 13266
123 40 10000 12222 200000 902485 663835 33157
336 171 10000 13306 50000 1339256 227250 8293
355 67 10000 11707 1000000 685583 881058 165762
125 212 10000 13514 20000 1428334 138632 3320
171 14 10000 13687 6000 1502783 64327 994
31 371 10001 13485 30000 1414644 153108 4972
184 206 10000 11712 200000 688034 880145 33157
306 99 10000 11815 1000000 727097 841723 165762
43 183 10000 13301 80000 1335172 233739 13266
234 373 10000 10310 1000000 122787 1446298 165762
370 269 10000 13346 80000 1356178 213459 13266
249 17 10000 13369 80000 1363955 206084 13266
171 20 10001 13351 80000 1358659 211608 13266
298 122 10000 13396 50000 1379586 191253 8293
200 328 10000 13536 30000 1439078 131764 4972
144 82 10000 13379 80000 1368449 202445 13266
301 174 10000 13535 30000 1438620 133226 4972
234 22 10000 13427 50000 1392488 179795 8293
261 243 10000 13736 6000 1522327 50347 994
164 328 10000 13755 6000 1529422 43858 994
104 161 10000 13610 10000 1467146 106607 1660
210 344 10000 13388 80000 1375857 198199 13266
156 324 10000 13443 30000 1398181 177146 4972
206 53 10000 13450 50000 1402127 173825 8293
263 308 10000 13645 10000 1482886 93191 1660
181 75 10000 13386 30000 1372369 204319 4972
376 284 10000 13174 200000 1282591 294706 33157
377 379 10000 13657 30000 1486904 91649 4972
310 250 10000 12627 80000 1066481 512576 13266
67 245 10001 13477 10000 1413739 166287 1660
281 207 10000 13455 30000 1404269 175975 4972
38 26 10000 13822 6000 1557590 22961 994
389 50 10000 13230 20000 1305120 277031 3320
255 117 10000 13728 2500 1520214 61988 417
61 231 10000 13184 200000 1287952 294918 33157
155 278 10000 13171 200000 1281852 304011 33157
177 394 10000 13404 50000 1382656 203844 8293
319 235 10000 13491 50000 1416310 171358 8293
23 60 10000 13739 6000 1524549 63364 994
46 21 10000 13672 10000 1496125 92019 1660
248 298 10000 10817 1000000 317803 1271286 165762
388 387 10000 13734 30000 1522163 68355 4972
31 371 10000 13430 80000 1392899 197978 13266
322 150 10000 13680 10000 1500325 90773 1660
223 90 10000 13799 2500 1549148 42660 417
283 46 10000 13567 30000 1450962 141082 4972
121 44 10000 13479 50000 1413962 179143 8293
72 294 10000 13493 50000 1417556 176186 8293
56 160 10000 13316 50000 1341544 252652 8293
271 141 10000 13290 80000 1331754 262549 13266
209 321 10000 13482 50000 1414414 179945 8293
249 6 10000 13696 10000 1507795 87021 1660
336 121 10000 13063 80000 1240907 354675 13266
395 271 10000 13598 30000 1463116 132781 4972
45 252 10000 13715 6000 1514718 81236 994
172 327 10000 13787 6000 1544730 51286 994
356 199 10000 12520 200000 1021497 575215 33157
151 165 10000 13556 20000 1448553 148724 3320
190 150 10000 13557 20000 1448965 148568 3320
323 28 10000 13812 2100 1554672 43176 353
348 346 10000 13713 50000 1514254 85608 8293
155 395 10000 11206 1000000 472161 1129175 165762
94 207 10000 13759 2100 1530978 71439 353
255 37 10000 13411 30000 1385290 217293 4972
32 202 10000 13824 6000 1558185 46385 994
140 348 10000 13304 200000 1337618 267283 33157
288 270 10000 13606 30000 1465991 139380 4972
164 235 10000 13517 50000 1428742 177460 8293
244 340 10000 13707 10000 1510868 95803 1660
284 115 10000 12828 200000 1144611 462267 33157
220 36 10000 13295 80000 1333357 273747 13266
239 173 10000 13751 2500 1527829 81886 417
332 126 10000 13621 20000 1472479 138343 3320
226 206 10000 13633 20000 1478251 132712 3320
30 228 10000 13423 50000 1391138 220100 8293
396 22 10000 13256 80000 1317422 294253 13266
267 57 10000 13840 6000 1567246 45135 994
196 139 10000 13503 50000 1423348 189957 8293
248 142 10000 11053 2000000 407236 1206583 331525
136 370 10000 12501 200000 1016593 597354 33157
15 320 10000 13395 80000 1378669 236108 13266
312 8 10000 13533 50000 1437566 180265 8293
198 310 10001 13329 80000 1349321 268545 13266
278 343 10000 13763 10000 1534027 84349 1660
291 314 10000 13525 80000 1431868 186938 13266
347 2 10000 13508 80000 1426451 192670 13266
296 391 10000 13417 80000 1387195 232274 13266
149 14 10000 10042 2000000 16345 1604248 331525
55 364 10000 13428 80000 1392494 228860 13266
56 86 10000 13107 80000 1255663 366767 13266
86 354 10000 13162 80000 1276045 347738 13266
19 248 10000 13731 10000 1521283 102944 1660
234 83 10000 13841 6000 1567442 56938 994
279 159 10000 13452 50000 1402986 222312 8293
51 358 10000 10498 2000000 193255 1433581 331525
137 47 10000 13872 2100 1581869 45176 353
105 345 10000 13677 20000 1498026 130135 3320
24 368 10001 13249 80000 1312509 316481 13266
181 327 10000 13515 20000 1428369 201928 3320
377 323 10000 13449 80000 1401640 230367 13266
59 116 10000 13526 30000 1433917 198780 4972
338 204 10000 13689 20000 1503378 129660 3320
162 344 10000 13321 200000 1344806 288453 33157
151 218 10000 13890 6000 1589556 43751 994
186 270 10000 13885 6000 1588007 45594 994
136 87 10000 11615 1000000 649355 984252 165762
174 393 10000 13572 50000 1452991 181970 8293
13 64 10000 13512 80000 1427927 207194 13266
353 95 10000 13551 80000 1445546 190331 13266
188 283 10000 13469 50000 1411103 225401 8293
211 242 10000 13775 10000 1540430 96298 1660
279 289 10000 11704 1000000 684647 952339 165762
109 254 10000 13673 30000 1497048 140197 4972
149 348 10000 13915 2100 1596792 42336 353
264 205 10000 13804 6000 1551173 88237 994
135 259 10000 13570 80000 1452351 187938 13266
340 195 10000 13569 80000 1451973 188611 13266
364 129 10000 13394 80000 1378471 263450 13266
106 11 10000 13497 80000 1420643 222154 13266
216 41 10000 13102 200000 1253697 389254 33157
227 99 10000 13927 2500 1600119 42861 417
180 259 10000 13709 30000 1511756 132054 4972
182 293 10000 13683 20000 1500869 143008 3320
302 52 10000 13561 80000 1449646 194366 13266
303 106 10000 13470 50000 1412069 232259 8293
242 294 10000 13562 20000 1449851 194615 3320
276 27 10000 13487 50000 1414970 229523 8293
24 140 10000 10644 1000000 247787 1397038 165762
318 288 10000 10058 2000000 25497 1620145 331525
64 126 10000 13714 30000 1514477 134245 4972
198 112 10000 13722 20000 1517642 131385 3320
305 254 10000 13834 10000 1562255 86812 1660
40 161 10000 13418 80000 1387562 261640 13266
399 82 10000 12426 200000 983748 665500 33157
28 321 10000 13531 80000 1436945 213195 13266
112 142 10000 13725 20000 1518707 131848 3320
349 207 10000 13724 30000 1518416 133890 4972
256 362 10001 13576 80000 1454366 198599 13266
311 350 10000 13776 10000 1540489 112613 1660
7 280 10000 13586 50000 1455733 199653 8293
293 333 10000 13940 6000 1608324 47492 994
61 83 10000 13706 30000 1510447 145398 4972
369 162 10000 13718 30000 1515499 140512 4972
298 333 10000 13737 20000 1523266 134781 3320
159 284 10000 13474 80000 1413075 245759 13266
92 250 10000 13604 20000 1465546 198343 3320
254 132 10000 13742 20000 1525234 138851 3320
324 123 10000 13974 6000 1620591 43764 994
373 80 10000 13630 50000 1477436 187460 8293
247 361 10000 13637 50000 1479848 185051 8293
120 268 10000 13837 10000 1564863 101073 1660
118 1 10000 13390 50000 1376546 289805 8293
321 319 10000 13614 50000 1468496 198814 8293
83 328 10000 13917 6000 1597016 71250 994
376 332 10000 13694 20000 1505392 164053 3320
132 178 10000 13741 20000 1524857 145147 3320
358 392 10000 13977 2500 1621427 48617 417
161 40 10000 13634 50000 1478384 192138 8293
260 333 10000 13979 2500 1622911 47947 417
120 388 10000 13331 200000 1350096 322210 33157
336 172 10000 13342 80000 1355764 316679 13266
285 359 10000 13767 30000 1534849 137662 4972
306 351 10000 11383 1000000 545770 1127159 165762
157 68 10000 13748 30000 1527236 145783 4972
321 328 10000 13999 10000 1630108 43075 1660
241 146 10000 13655 80000 1485237 188379 13266
386 29 10000 13876 10000 1583903 90602 1660
26 380 10000 13403 20000 1382464 292985 3320
44 285 10000 13392 80000 1377503 299540 13266
146 179 10000 13573 80000 1453270 224027 13266
387 124 10000 13663 80000 1491404 186492 13266
133 28 10000 13985 2500 1625781 52443 417
28 53 10000 13532 80000 1437334 241417 13266
129 261 10000 13669 80000 1494123 185230 13266
61 186 10000 13660 50000 1487706 192065 8293
200 356 10000 13652 50000 1485034 194831 8293
96 20 10000 13311 200000 1339901 340350 33157
205 162 10000 13580 80000 1454874 226765 13266
140 30 10000 13309 200000 1339584 342252 33157
28 240 10000 13558 80000 1449398 232537 13266
269 203 10000 12879 200000 1168692 513979 33157
12 271 10000 13544 80000 1442348 241015 13266
366 385 10000 13678 80000 1498463 185327 13266
67 132 10000 13124 80000 1260727 423190 13266
159 376 10000 13719 30000 1515889 168852 4972
289 42 10000 13422 80000 1390100 294988 13266
186 322 10000 14015 2500 1641251 44396 417
380 36 10000 14024 2100 1643100 42859 353
275 285 10000 11407 1000000 557332 1129607 165762
90 232 10000 13991 6000 1627206 60630 994
19 321 10000 13704 50000 1509788 178176 8293
383 178 10000 14025 6000 1643188 45725 994
138 234 10000 13721 50000 1517480 171636 8293
327 59 10000 13496 80000 1420361 268814 13266
388 257 10000 14031 2500 1646461 44426 417
48 236 10000 13647 80000 1483754 207148 13266
112 234 10000 13628 80000 1476144 215656 13266
30 4 10000 13527 50000 1435087 256997 8293
352 395 10000 13577 80000 1454392 238065 13266
294 239 10000 13056 200000 1237689 457166 33157
278 275 10000 13984 30000 1625264 69793 4972
284 149 10000 13716 30000 1515020 180291 4972
340 58 10000 13883 10000 1587314 108829 1660
210 95 10000 13705 50000 1510028 187130 8293
89 357 10000 13393 50000 1377785 319529 8293
54 278 10000 13815 10000 1555597 143612 1660
106 25 10000 13624 80000 1474332 225680 13266
68 338 10000 13631 80000 1478147 225496 13266
294 97 10000 13524 50000 1430820 272839 8293
24 9 10000 11057 2000000 408652 1295650 331525
355 207 10000 13809 20000 1553281 152168 3320
97 26 10000 13661 30000 1488636 218862 4972
182 152 10000 13846 30000 1570785 137121 4972
10 176 10000 13761 50000 1531021 177159 8293
47 248 10000 13865 30000 1577122 131845 4972
291 104 10000 13849 30000 1571967 137133 4972
248 45 10000 14082 6000 1665125 44872 994
222 90 10000 12998 80000 1216470 494019 13266
184 339 10000 13516 80000 1428474 285667 13266
88 102 10000 13378 200000 1367824 346462 33157
59 284 10000 13228 50000 1303466 410894 8293
156 58 10000 13868 30000 1579545 135819 4972
51 303 10000 13879 20000 1586124 129516 3320
277 246 10000 13870 20000 1580567 135240 3320
133 138 10000 13951 50000 1613225 102752 8293
129 110 10001 14107 2100 1675054 42392 353
351 109 10000 13866 30000 1577174 141677 4972
227 202 10000 11031 2000000 397285 1322601 331525
103 343 10000 13988 10000 1627031 94229 1660
241 263 10000 13889 30000 1589243 133402 4972
95 63 10000 13773 50000 1538277 184610 8293
127 258 10000 14105 2500 1674625 48467 417
136 350 10000 14110 2100 1676496 46970 353
381 230 10000 14120 2500 1679843 43905 417
249 68 10000 11784 1000000 714858 1008955 165762
244 322 10000 13821 30000 1557478 166369 4972
278 397 10000 14119 2500 1679449 44425 417
394 83 10000 10614 2000000 236151 1488234 331525
175 55 10000 14027 6000 1643447 80973 994
317 21 10000 14113 2500 1676830 47764 417
208 135 10000 13029 200000 1228158 496499 33157
187 281 10000 13698 80000 1508257 216577 13266
38 251 10000 14013 10000 1637376 87520 1660
356 240 10000 12019 1000000 807144 917906 165762
277 154 10000 11835 1000000 734368 991590 165762
238 87 10000 13802 50000 1550784 177006 8293
371 294 10000 13790 50000 1546130 184047 8293
318 176 10000 13618 50000 1470553 262156 8293
373 65 10000 13908 30000 1595916 137725 4972
376 33 10000 13798 80000 1548992 184978 13266
99 219 10000 11675 1000000 672949 1062707 165762
322 204 10000 14151 6000 1692537 44239 994
322 53 10000 13922 20000 1597963 139298 3320
323 351 10000 14051 10000 1651873 86460 1660
267 394 10000 13794 80000 1547040 191336 13266
199 174 10000 13820 50000 1557287 181178 8293
94 142 10000 13780 80000 1541749 196796 13266
243 334 10000 13902 20000 1595216 144153 3320
19 392 10000 13778 80000 1541258 199387 13266
4 125 10000 13642 200000 1481299 260636 33157
86 187 10000 13756 80000 1530518 211601 13266
361 84 10000 11686 1000000 676529 1065949 165762
172 225 10000 13828 50000 1559819 182721 8293
350 55 10000 13387 200000 1373286 370718 33157
75 2 10000 13952 20000 1613988 130122 3320
276 284 10000 13856 30000 1573607 171299 4972
280 382 10000 13766 80000 1534765 210452 13266
389 2 10000 14156 2500 1694223 50995 417
395 258 10000 13800 80000 1549393 196425 13266
208 81 10000 14184 2500 1703383 43384 417
164 100 10000 13896 20000 1594168 153247 3320
167 390 10000 13930 30000 1602845 144823 4972
121 302 10000 13934 30000 1605486 142411 4972
95 223 10000 13826 80000 1559105 189072 13266
377 249 10000 13695 50000 1507050 241907 8293
255 200 10000 11575 1000000 633288 1115953 165762
367 211 10000 14191 2100 1705497 44631 353
229 55 10000 14196 2500 1707606 42608 417
385 316 10000 13784 80000 1543292 207414 13266
349 119 10000 13605 200000 1465849 286293 33157
156 113 10000 13816 80000 1555657 197699 13266
315 316 10000 14036 80000 1647594 105885 13266
302 192 10000 13831 50000 1561164 192335 8293
93 342 10000 13542 200000 1441907 311796 33157
230 373 10000 13850 50000 1572027 181805 8293
208 47 10000 13935 20000 1607480 147583 3320
395 98 10000 13864 50000 1576650 178836 8293
182 272 10000 13946 30000 1611851 145216 4972
161 301 10000 13855 80000 1573308 185076 13266
57 351 10000 13978 30000 1622175 136910 4972
198 44 10000 13772 80000 1538220 221302 13266
42 284 10000 13777 80000 1540917 218709 13266
214 197 10000 10198 2000000 74990 1685394 331525
102 213 10000 10922 1000000 354688 1406950 165762
260 199 10000 11455 1000000 579812 1183162 165762
243 191 10000 13901 20000 1594751 168286 3320
346 147 10000 14045 10000 1650628 112759 1660
46 24 10000 11582 1000000 636746 1127571 165762
331 262 10000 10197 2000000 74557 1692146 331525
384 248 10000 13994 20000 1628663 139174 3320
67 139 10000 13823 20000 1557840 210921 3320
167 238 10000 14000 30000 1630257 138698 4972
89 25 10000 12232 1000000 906722 862601 165762
103 336 10000 10839 2000000 324799 1445402 331525
244 131 10000 13746 80000 1526678 243761 13266
350 80 10000 13854 80000 1572998 197623 13266
360 19 10000 11427 1000000 569401 1201318 165762
132 105 10000 11554 1000000 626468 1144433 165762
305 165 10000 11324 2000000 522449 1248774 331525
220 139 10000 14228 6000 1721830 49695 994
330 373 10000 13188 200000 1290118 481709 33157
39 208 10000 13998 30000 1630093 142504 4972
76 67 10000 14278 6000 1740233 32707 994
349 4 10000 13842 50000 1568108 204914 8293
191 188 10000 14126 50000 1683422 89915 8293
227 42 10000 10313 2000000 124150 1649567 331525
244 29 10000 14168 6000 1698543 75785 994
131 5 10000 13875 80000 1583472 191224 13266
33 307 10000 11856 1000000 743100 1032280 165762
119 85 10000 13795 80000 1547262 229528 13266
360 106 10000 14197 6000 1707629 69365 994
314 142 10000 14087 10000 1669673 108805 1660
64 175 10000 13288 200000 1329839 449866 33157
69 75 10000 14071 80000 1660400 119431 13266
61 104 10000 14257 2100 1733856 47331 353
221 17 10000 13343 200000 1355914 425354 33157
236 259 10000 13913 50000 1596448 186694 8293
152 59 10000 12966 200000 1202156 582206 33157
173 138 10000 13921 20000 1597681 186762 3320
322 318 10000 13851 80000 1572832 212752 13266
11 392 10000 10686 2000000 265742 1519924 331525
187 245 10000 14295 2100 1743946 43210 353
85 60 10000 13805 30000 1551322 235977 4972
324 44 10000 13925 80000 1599765 189077 13266
216 261 10000 13703 200000 1509462 279792 33157
109 376 10000 12991 1000000 1213149 576859 165762
137 343 10000 14049 30000 1651436 138936 4972
322 169 10000 14299 2500 1745644 45540 417
206 76 10000 14286 6000 1742710 48581 994
219 196 10000 13888 80000 1589177 203247 13266
263 274 10000 13354 1000000 1359248 433382 165762
331 48 10000 13771 80000 1537112 257193 13266
283 315 10000 14298 2500 1745600 49684 417
143 110 10000 13881 80000 1586991 208810 13266
94 394 10000 14200 10000 1708942 87805 1660
168 366 10000 13727 200000 1520199 276769 33157
254 95 10000 13960 50000 1617462 180521 8293
251 104 10000 14165 10000 1697357 100757 1660
266 74 10000 13943 50000 1609978 188231 8293
43 125 10000 13941 20000 1608383 190354 3320
66 4 10000 14102 20000 1673693 125211 3320
63 321 10000 13690 80000 1503412 296796 13266
238 225 10000 14374 6000 1778438 23030 994
36 107 10000 14002 30000 1632868 168827 4972
176 56 10000 14028 20000 1644284 157661 3320
320 4 10000 13911 80000 1596328 205737 13266
38 396 10000 13933 50000 1604841 197782 8293
390 13 10000 13949 80000 1612765 190275 13266
312 145 10000 14209 10000 1714821 88269 1660
294 374 10000 13500 200000 1422155 381365 33157
280 23 10000 13928 80000 1600499 204329 13266
95 361 10000 13898 80000 1594558 211947 13266
293 363 10000 13638 200000 1480085 327547 33157
273 41 10000 13929 50000 1602706 205114 8293
1 188 10001 14187 10000 1704864 105232 1660
316 30 10000 14101 30000 1673191 137422 4972
76 31 10000 14017 20000 1641482 169918 3320
67 339 10000 10387 2000000 151703 1660044 331525
34 297 10000 13926 50000 1599846 212788 8293
268 80 10000 11480 1000000 588895 1224813 165762
181 178 10000 13293 200000 1332684 481060 33157
86 247 10000 14343 6000 1761679 53566 994
398 101 10000 13827 50000 1559212 256589 8293
303 263 10000 14244 10000 1728630 89628 1660
136 384 10000 14212 10000 1715573 103910 1660
353 149 10000 14205 10000 1713758 106762 1660
120 396 10000 14357 2100 1769064 51595 353
214 210 10000 13582 50000 1454930 366532 8293
306 14 10000 14052 30000 1652691 168819 4972
213 19 10000 14125 30000 1683291 139485 4972
161 249 10000 13895 80000 1593626 229727 13266
123 93 10000 13009 200000 1221733 602559 33157
352 378 10000 14263 10000 1736378 88122 1660
352 202 10000 14375 2100 1778727 46278 353
61 142 10000 13959 80000 1617170 208224 13266
79 83 10000 13976 50000 1621094 204808 8293
340 224 10000 14142 20000 1689386 137637 3320
231 317 10000 13938 80000 1608045 219031 13266
162 55 10000 14135 20000 1687530 139565 3320
268 303 10000 13862 50000 1576039 251895 8293
260 141 10000 14154 30000 1693508 134642 4972
271 116 10000 11165 1000000 452450 1375894 165762
325 373 10000 14265 10000 1736709 91963 1660
82 52 10000 14161 30000 1696765 132001 4972
283 314 10000 14023 50000 1642843 186918 8293
324 286 10000 14394 2100 1785658 44362 353
235 260 10000 14055 50000 1655022 175692 8293
70 245 10000 13750 80000 1527672 304123 13266
346 91 10000 10856 2000000 331962 1500966 331525
165 337 10000 13880 80000 1586274 246853 13266
316 321 10000 14134 30000 1687140 146458 4972
275 36 10000 13867 50000 1578890 255267 8293
12 239 10000 14183 20000 1703196 131877 3320
86 138 10000 13730 200000 1520837 314350 33157
245 333 10000 13668 200000 1493866 341648 33157
230 398 10000 14059 50000 1656108 179857 8293
166 232 10000 14011 80000 1636846 199192 13266
267 156 10000 13764 200000 1534121 302095 33157
79 265 10000 14032 80000 1646523 190044 13266
130 27 10000 11627 1000000 655398 1182063 165762
53 351 10000 14148 30000 1690853 147089 4972
43 197 10000 13987 30000 1626625 211779 4972
113 323 10000 14057 30000 1655161 184006 4972
318 213 10000 13538 200000 1439864 399426 33157
245 346 10000 14006 80000 1635412 205031 13266
238 295 10000 14158 30000 1695676 144773 4972
166 139 10000 12063 1000000 828682 1011799 165762
174 147 10000 14010 80000 1636670 204018 13266
81 295 10000 13060 200000 1239342 601495 33157
340 9 10000 14311 10000 1751428 90256 1660
254 102 10000 14182 30000 1703111 139980 4972
117 316 10000 14199 30000 1708409 134843 4972
271 397 10000 14416 2500 1792256 51022 417
342 375 10000 14215 20000 1717177 126648 3320
257 399 10000 14072 50000 1662082 181872 8293
214 314 10000 13676 50000 1497662 347555 8293
9 147 10000 13807 200000 1552629 293338 33157
112 23 10000 12193 1000000 886777 959628 165762
145 219 10000 14426 6000 1798583 49706 994
230 242 10000 14007 80000 1635974 212334 13266
104 348 10001 14208 30000 1714794 133948 4972
379 373 10000 14389 20000 1783974 64897 3320
64 201 10000 14062 50000 1656521 192351 8293
382 92 10000 14447 6000 1805341 43814 994
242 106 10000 13300 200000 1334494 514733 33157
135 187 10000 14418 6000 1792715 56579 994
303 330 10000 13796 80000 1547923 301947 13266
2 166 10000 14099 50000 1673048 177488 8293
340 223 10000 14190 20000 1705435 145231 3320
108 285 10000 14166 20000 1698026 152694 3320
89 334 10000 14307 10000 1749333 101465 1660
158 122 10000 14207 20000 1714629 136282 3320
231 289 10000 14312 10000 1751542 99922 1660
52 197 10000 13813 200000 1554984 297500 33157
145 80 10000 14090 50000 1670722 182124 8293
193 51 10000 12595 1000000 1053917 799387 165762
327 375 10001 11255 2000000 494553 1358780 331525
337 365 10000 14037 80000 1647932 206213 13266
294 187 10000 14004 50000 1634578 219865 8293
255 333 10000 12996 200000 1215941 638651 33157
294 190 10000 13367 200000 1363661 491533 33157
354 63 10000 14091 50000 1670872 184579 8293
207 186 10000 14455 2100 1810279 45809 353
371 237 10000 14432 2100 1800419 57687 353
317 349 10000 14241 30000 1728066 130180 4972
245 344 10000 11810 2000000 724423 1134007 331525
59 390 10000 14413 2100 1791705 66734 353
82 260 10000 14005 80000 1635319 223133 13266
21 127 10000 14237 30000 1726266 132979 4972
361 179 10000 14464 2100 1815625 44538 353
137 230 10000 14118 80000 1679342 182003 13266
58 132 10000 12167 1000000 873968 988492 165762
126 270 10000 11641 1000000 660841 1202197 165762
155 302 10000 13986 80000 1625933 237306 13266
213 212 10000 14390 30000 1784043 79319 4972
112 149 10000 14018 80000 1641878 221617 13266
265 160 10000 14250 30000 1732078 132252 4972
276 138 10000 12092 1000000 841615 1023910 165762
364 174 10000 14061 80000 1656485 209183 13266
7 89 10000 12726 1000000 1105841 760116 165762
48 130 10000 13747 200000 1527193 339226 33157
31 104 10000 13884 80000 1587338 279602 13266
185 43 10000 14472 2500 1818638 49396 417
379 304 10000 12411 1000000 978888 889263 165762
162 280 10000 14326 10000 1756576 111675 1660
288 378 10000 14085 50000 1667239 201406 8293
135 129 10000 14216 200000 1717192 151598 33157
279 315 10000 14143 50000 1689758 179069 8293
159 157 10000 12442 1000000 992061 877101 165762
108 315 10000 14152 30000 1692849 176515 4972
49 176 10000 14491 6000 1825475 44836 994
127 187 10000 13858 200000 1573875 297154 33157
209 270 10000 14153 50000 1693032 178406 8293
31 159 10000 14277 20000 1739811 132098 3320
280 398 10000 14505 2500 1830934 43458 417
375 371 10000 14449 30000 1807362 68057 4972
210 108 10000 14186 50000 1703884 172084 8293
38 136 10000 14075 50000 1663397 212907 8293
152 177 10000 14409 6000 1790219 86800 994
234 122 10000 14047 80000 1651076 226072 13266
81 320 10000 14109 80000 1675949 202449 13266
338 331 10000 14393 80000 1784603 94006 13266
108 203 10000 14140 50000 1688815 190583 8293
117 384 10000 14121 80000 1680300 200046 13266
299 204 10000 14321 20000 1753906 126605 3320
84 307 10000 14235 30000 1725787 155897 4972
148 292 10000 13990 30000 1627122 255218 4972
354 156 10000 14046 80000 1650850 232469 13266
8 377 10000 13609 200000 1466793 416898 33157
285 89 10000 14211 30000 1715346 168656 4972
165 227 10000 14533 6000 1840942 44026 994
208 81 10001 14537 2100 1842625 42833 353
248 284 10000 14150 50000 1691739 194742 8293
231 81 10000 14267 20000 1737247 149509 3320
316 340 10000 14333 20000 1757856 128911 3320
372 156 10000 13762 200000 1531884 354943 33157
389 9 10000 14029 50000 1645652 242170 8293
359 109 10000 14112 80000 1676540 211501 13266
329 113 10001 14066 80000 1658239 230138 13266
312 59 10000 12667 1000000 1084429 804259 165762
242 338 10000 13877 80000 1584940 304724 13266
140 184 10000 14424 10000 1795678 94138 1660
23 350 10000 14306 20000 1749233 140792 3320
64 242 10000 14552 6000 1846344 43884 994
9 84 10000 14089 50000 1670143 220349 8293
43 204 10000 13955 80000 1615046 275858 13266
231 387 10000 14546 6000 1845075 47764 994
160 256 10000 14176 50000 1701776 191318 8293
248 397 10000 14204 50000 1713571 180553 8293
232 329 10000 13768 200000 1535429 358763 33157
282 323 10000 14414 6000 1791747 102722 994
352 325 10000 14303 30000 1747415 147242 4972
57 377 10000 13733 200000 1521601 373309 33157
178 70 10000 11938 1000000 777108 1118952 165762
271 166 10000 14058 80000 1655388 240755 13266
190 304 10000 14532 6000 1840401 55791 994
250 137 10000 12573 1000000 1045930 850787 165762
319 101 10000 14334 30000 1758320 138481 4972
93 136 10000 13971 50000 1619580 278419 8293
250 247 10000 14603 2500 1866867 31325 417
371 352 10000 14214 30000 1716251 182282 4972
154 1 10000 14564 6000 1851011 47907 994
168 283 10000 14253 30000 1733531 165655 4972
119 355 10000 13857 200000 1573821 325393 33157
244 263 10000 13641 200000 1481080 418350 33157
71 118 10000 14573 2500 1854125 45927 417
337 13 10000 14218 50000 1717964 184646 8293
100 275 10000 13818 200000 1556132 346814 33157
18 53 10000 14452 10000 1808840 94490 1660
117 393 10000 14566 2500 1852938 50657 417
229 233 10000 14645 6000 1881152 23338 994
197 83 10000 13770 200000 1536788 368040 33157
83 182 10000 13383 200000 1369652 535414 33157
153 108 10000 10673 2000000 260634 1644711 331525
43 190 10000 10431 1000000 165673 1740016 165762
287 72 10000 14229 80000 1722011 184221 13266
169 29 10000 14547 2500 1845259 62854 417
260 151 10000 12533 1000000 1024372 883759 165762
210 59 10000 14213 80000 1716055 192236 13266
69 39 10000 14376 20000 1778917 129580 3320
28 181 10000 14347 30000 1762653 147118 4972
399 187 10000 13944 80000 1610791 299897 13266
266 237 10000 14485 10000 1822807 88123 1660
58 283 10000 10742 1000000 291767 1619500 165762
190 326 10000 14358 30000 1769257 142409 4972
94 237 10000 11679 1000000 674653 1237155 165762
185 134 10000 14612 2100 1869343 43919 353
233 157 10000 14217 80000 1717670 196090 13266
194 336 10000 11401 1000000 553479 1361710 165762
101 23 10000 10314 2000000 124469 1790986 331525
248 166 10000 14254 50000 1733609 183011 8293
204 76 10000 14178 80000 1702116 215053 13266
9 231 10000 14403 20000 1788820 128444 3320
352 316 10000 14040 200000 1648877 270076 33157
233 118 10000 13590 200000 1457941 462961 33157
162 210 10000 14175 80000 1701708 219881 13266
76 248 10000 12670 1000000 1085101 837133 165762
354 394 10000 14289 50000 1743517 178866 8293
297 314 10000 14310 50000 1750357 172942 8293
108 33 10000 11628 2000000 655652 1268723 331525
336 294 10000 14367 30000 1773073 151398 4972
195 361 10000 14287 80000 1742758 182882 13266
193 98 10000 14635 6000 1877894 47848 994
247 393 10000 14399 20000 1786820 140708 3320
101 279 10000 13679 200000 1499083 428709 33157
333 24 10000 10857 1000000 332296 1596241 165762
285 57 10000 10519 2000000 199290 1729375 331525
18 349 10000 14650 2500 1884511 44617 417
302 16 10000 14313 50000 1751552 177841 8293
268 294 10000 14065 80000 1657880 272457 13266
203 250 10000 14404 30000 1789276 144293 4972
156 18 10000 11451 2000000 579299 1354388 331525
362 55 10000 14323 50000 1755356 178715 8293
372 161 10000 12074 1000000 834185 1100076 165762
366 166 10000 14279 80000 1740547 193773 13266
22 111 10000 14185 80000 1703804 231116 13266
162 110 10000 14335 30000 1758439 176625 4972
138 42 10000 14669 2500 1890655 45207 417
66 9 10000 13892 200000 1590795 345895 33157
325 174 10000 14318 80000 1753152 184713 13266
235 341 10001 14680 6000 1894531 44116 994
35 205 10000 14659 2100 1887511 52556 353
262 210 10000 14225 80000 1720851 219664 13266
220 153 10000 14369 30000 1774544 166298 4972
267 313 10000 14681 2500 1895161 46133 417
214 229 10000 14233 20000 1724898 218588 3320
384 141 10000 14128 50000 1684153 260996 8293
90 212 10000 13801 200000 1549797 396085 33157
200 390 10000 14296 50000 1744312 201719 8293
309 316 10000 14697 10000 1902208 44148 1660
301 381 10000 14477 30000 1819472 128261 4972
389 155 10000 14684 6000 1896291 51988 994
364 110 10000 14685 6000 1896443 52192 994
182 291 10000 11834 1000000 734041 1214678 165762
307 241 10000 14332 80000 1757832 191809 13266
283 151 10000 13967 200000 1618797 331017 33157
173 286 10000 12112 1000000 850501 1099401 165762
364 249 10000 14329 80000 1757331 193829 13266
196 106 10000 14450 30000 1808627 142784 4972
280 32 10000 14314 80000 1751856 199638 13266
169 206 10000 14056 80000 1655047 296898 13266
44 139 10000 14171 80000 1699528 253022 13266
61 190 10000 14536 10000 1841983 110781 1660
195 179 10000 14451 30000 1808666 144574 4972
318 163 10000 14201 80000 1709269 244022 13266
222 181 10000 12683 1000000 1089058 864599 165762
300 86 10000 11562 1000000 629397 1325937 165762
57 6 10000 14601 10000 1866561 88848 1660
34 186 10000 14693 6000 1900981 55043 994
303 230 10000 14527 10000 1839290 117767 1660
262 88 10000 14362 50000 1770383 186702 8293
124 238 10000 14476 30000 1819469 137855 4972
11 339 10000 13899 50000 1594633 367356 8293
16 7 10000 14621 50000 1873197 88978 8293
391 16 10000 14365 50000 1771974 191455 8293
357 311 10000 14435 30000 1801008 163346 4972
148 280 10000 14224 30000 1720822 245975 4972
396 186 10000 14492 20000 1825833 141215 3320
187 314 10000 14378 50000 1779840 187806 8293
219 309 10000 14704 6000 1907058 60646 994
325 134 10000 14498 30000 1827730 140210 4972
308 111 10000 14360 50000 1769431 198618 8293
282 180 10000 14115 30000 1677677 290968 4972
147 124 10000 14371 80000 1775321 193993 13266
261 6 10000 14647 10000 1881767 87643 1660
186 292 10000 14747 2100 1924648 44942 353
110 332 10000 14270 30000 1737530 233086 4972
303 395 10000 14388 50000 1783595 187169 8293
203 143 10000 14366 50000 1772442 198644 8293
340 268 10000 14364 80000 1771828 200613 13266
50 116 10001 14657 10000 1885956 86782 1660
253 219 10000 13839 200000 1567156 407470 33157
374 148 10001 14384 80000 1781208 193828 13266
84 360 10000 14325 20000 1756221 220309 3320
294 279 10000 14493 30000 1826089 150684 4972
213 128 10000 14760 6000 1930017 47426 994
58 377 10000 14138 80000 1688619 289750 13266
183 238 10000 14656 10000 1885712 93191 1660
101 149 10000 14766 6000 1933117 46825 994
226 101 10000 14382 80000 1780774 199548 13266
256 316 10000 14629 10000 1874641 108020 1660
229 269 10000 14383 50000 1780858 201828 8293
256 381 10000 14550 30000 1846145 137486 4972
43 157 10000 14720 2100 1913552 70571 353
290 235 10000 14674 10000 1893135 91009 1660
217 330 10000 14671 10000 1892084 92731 1660
342 27 10000 12252 1000000 911354 1074253 165762
19 96 10000 14688 10000 1897251 88563 1660
107 388 10000 13612 200000 1468117 518658 33157
185 221 10000 14690 10000 1897797 89266 1660
116 136 10000 14584 30000 1858437 130664 4972
161 390 10000 14422 80000 1793614 197486 13266
310 104 10000 13914 50000 1596747 394590 8293
307 94 10000 14453 50000 1808846 183836 8293
212 28 10000 14519 30000 1835883 157022 4972
392 262 10000 14245 80000 1728719 264321 13266
377 212 10000 11688 2000000 677420 1315684 331525
360 47 10000 14083 200000 1665702 327423 33157
327 280 10000 14291 80000 1743789 249612 13266
234 268 10000 14709 10000 1908092 85933 1660
96 70 10000 14809 2100 1951634 42955 353
160 276 10000 14461 50000 1813926 180674 8293
21 344 10000 14785 6000 1943755 51176 994
154 199 10000 12743 1000000 1113908 881127 165762
165 243 10000 14789 6000 1944854 50304 994
50 120 10000 14500 30000 1828328 166864 4972
76 152 10000 14324 80000 1755712 239521 13266
353 291 10000 14805 6000 1950377 45428 994
35 39 10000 14596 200000 1862576 133250 33157
334 340 10000 14484 50000 1822115 174566 8293
187 156 10000 14529 30000 1839861 157852 4972
304 224 10000 14563 30000 1850688 147604 4972
224 142 10000 14824 2500 1955990 42828 417
3 85 10000 14437 80000 1801846 197312 13266
223 109 10000 14708 10000 1907957 91210 1660
344 190 10000 14012 80000 1637372 363174 13266
350 336 10000 14341 50000 1760729 240214 8293
96 83 10000 14683 80000 1896052 106031 13266
73 99 10000 14842 2100 1962813 42736 353
255 219 10001 14236 80000 1726060 279669 13266
159 324 10000 14611 20000 1869230 136502 3320
186 187 10000 14735 50000 1920056 86017 8293
53 253 10000 14784 6000 1943623 62922 994
56 218 10000 14442 80000 1804202 202532 13266
236 169 10000 14454 80000 1809401 197887 13266
236 52 10000 14457 50000 1811209 196574 8293
387 272 10000 14831 6000 1959046 49617 994
238 291 10000 14849 2500 1965218 43952 417
200 286 10000 14838 2500 1961551 47840 417
74 182 10000 14827 6000 1957479 52103 994
267 274 10000 14679 80000 1894357 116107 13266
117 142 10000 14626 30000 1874252 136442 4972
394 386 10000 14782 30000 1942111 68597 4972
66 303 10000 14466 80000 1815831 194951 13266
57 104 10000 14525 50000 1838393 172473 8293
83 165 10000 14732 2500 1919494 93186 417
259 49 10000 14412 80000 1791494 221596 13266
162 148 10000 14844 2100 1963141 50055 353
382 309 10000 13982 200000 1624925 388671 33157
127 250 10000 13114 1000000 1258170 755505 165762
355 275 10000 10205 2000000 78185 1935564 331525
327 363 10000 14117 200000 1679258 334714 33157
209 191 10000 14488 80000 1823518 190644 13266
219 138 10000 14839 6000 1961631 52713 994
213 189 10000 14627 20000 1874272 140263 3320
168 249 10000 14620 30000 1872373 142293 4972
68 299 10000 14846 6000 1963826 52037 994
221 122 10000 14397 80000 1786414 229479 13266
309 248 10000 14828 6000 1958637 57903 994
299 79 10000 14606 20000 1867561 149146 3320
361 297 10000 14871 2100 1974928 42863 353
9 145 10000 14509 80000 1831734 186353 13266
319 366 10000 14726 10000 1916882 101732 1660
238 317 10000 14624 30000 1874011 145094 4972
44 380 10000 14480 50000 1821045 198270 8293
106 370 10000 13263 1000000 1318765 700967 165762
102 93 10000 14526 50000 1839153 181092 8293
6 63 10000 14507 80000 1831312 189194 13266
342 29 10000 14737 10000 1920723 100105 1660
327 303 10000 14309 50000 1749856 271091 8293
82 0 10000 14470 30000 1817619 204317 4972
39 381 10000 14193 200000 1705590 316743 33157
83 204 10000 14501 10000 1829346 193045 1660
187 338 10000 14541 50000 1843333 180592 8293
12 193 10000 12981 1000000 1208796 815206 165762
165 320 10000 14556 50000 1848576 176679 8293
146 354 10000 14063 200000 1656899 368379 33157
164 128 10000 14304 80000 1748041 277243 13266
393 313 10000 14260 200000 1734820 293025 33157
97 297 10000 14867 6000 1972747 55361 994
29 335 10000 14686 20000 1896452 132378 3320
133 132 10000 14804 20000 1950311 78553 3320
246 261 10000 14503 80000 1829669 199268 13266
389 204 10000 11663 2000000 667087 1362470 331525
235 348 10000 14514 50000 1833953 195854 8293
259 285 10000 14589 20000 1859228 170793 3320
76 273 10000 14444 50000 1805294 225058 8293
194 386 10000 14576 50000 1855766 175651 8293
382 286 10000 14662 20000 1888917 143931 3320
242 101 10000 14264 50000 1736461 298402 8293
149 262 10000 14687 30000 1896791 139630 4972
297 195 10000 14353 80000 1765809 270919 13266
162 66 10000 14019 200000 1642193 394625 33157
275 248 10000 14829 6000 1958798 79511 994
164 371 10000 14879 6000 1980163 58164 994
146 184 10000 14895 2100 1986217 52565 353
128 60 10000 14522 80000 1837480 202260 13266
216 24 10000 14129 200000 1684605 356363 33157
309 137 10000 12415 1000000 980289 1060749 165762
23 236 10000 14638 20000 1879036 162488 3320
148 199 10000 14591 20000 1861538 179987 3320
308 130 10000 14517 80000 1834477 207916 13266
92 160 10000 14380 50000 1780457 263509 8293
111 344 10000 14820 10000 1955028 89018 1660
155 76 10000 14436 80000 1801430 242620 13266
264 31 10000 13931 80000 1604218 440336 13266
4 395 10000 14510 50000 1832610 212128 8293
375 227 10000 14810 10000 1951917 93512 1660
372 157 10000 14579 50000 1856463 190076 8293
210 301 10000 14917 6000 1996369 50273 994
326 50 10000 14934 2100 2003826 43613 353
320 270 10000 14619 50000 1871758 175808 8293
15 189 10000 14790 10000 1944879 103039 1660
351 82 10000 14713 30000 1909549 138541 4972
159 317 10000 12323 1000000 941250 1109392 165762
343 146 10000 14901 2100 1988516 63027 353
366 257 10000 14792 10000 1945821 106110 1660
375 359 10000 14569 50000 1853468 199082 8293
12 133 10000 13966 200000 1618193 434434 33157
92 163 10000 14557 20000 1849522 203667 3320
17 309 10000 13886 200000 1588819 464453 33157
59 328 10000 14933 6000 2003717 50209 994
34 190 10000 14396 80000 1785958 268544 13266
298 1 10000 14511 80000 1832696 222540 13266
154 146 10000 14947 10000 2009562 46495 1660
388 36 10000 14730 30000 1918845 138503 4972
114 208 10000 14753 30000 1926785 130672 4972
212 286 10000 14745 30000 1923504 134235 4972
203 154 10000 14587 50000 1858966 198849 8293
190 216 10000 14915 2500 1995762 62128 417
252 299 10000 14516 80000 1834450 224047 13266
190 156 10000 14349 200000 1763404 295218 33157
166 260 10000 14468 80000 1816034 243901 13266
282 11 10000 14847 6000 1964116 95853 994
128 324 10000 10767 2000000 300223 1759768 331525
285 212 10000 14545 50000 1844918 215461 8293
239 235 10000 14802 30000 1949688 111613 4972
224 63 10000 14634 50000 1877505 183950 8293
28 124 10000 14984 2100 2016954 44651 353
366 179 10000 14605 80000 1867520 194686 13266
344 140 10000 14352 80000 1765183 297196 13266
199 167 10000 14542 80000 1843987 218515 13266
137 308 10000 14487 80000 1823480 239149 13266
60 146 10000 14538 80000 1842871 220513 13266
25 20 10000 14907 30000 1992113 72415 4972
213 113 10000 12645 1000000 1076184 989401 165762
258 81 10000 13258 1000000 1318046 748025 165762
160 221 10000 14534 80000 1841158 225417 13266
240 250 10000 14530 200000 1839971 227676 33157
268 108 10000 14395 80000 1785920 281959 13266
287 246 10000 14651 50000 1884795 183425 8293
7 279 10000 14149 200000 1691071 378062 33157
320 263 10000 14994 6000 2021340 47868 994
306 214 10000 14387 50000 1782846 287176 8293
245 328 10000 14222 200000 1720329 349728 33157
207 368 10000 14076 200000 1663441 406964 33157
33 205 10000 14978 6000 2015738 55941 994
392 317 10000 14764 10000 1930495 141307 1660
182 96 10000 14462 80000 1814532 258357 13266
27 92 10000 14551 80000 1846316 227634 13266
278 376 10000 14459 200000 1812696 261896 33157
368 378 10000 15069 6000 2052925 22643 994
360 269 10000 14499 80000 1828187 247982 13266
7 262 10000 15017 2100 2030649 45530 353
330 352 10000 14770 20000 1937225 139339 3320
57 159 10000 14655 80000 1885625 192476 13266
53 389 10000 14549 80000 1845395 232794 13266
16 67 10000 14772 30000 1938104 140595 4972
382 262 10000 14610 80000 1868752 210859 13266
10 72 10000 15030 6000 2036628 43854 994
179 188 10000 14888 10000 1982321 98303 1660
360 346 10000 15021 2100 2032077 50711 353
330 317 10000 15039 2100 2039024 44348 353
114 301 10000 14597 80000 1862957 221220 13266
340 168 10000 14543 80000 1844364 240340 13266
32 352 10000 14808 30000 1951433 136396 4972
250 109 10000 14300 200000 1746593 341909 33157
71 290 10000 14694 80000 1901156 187683 13266
365 95 10000 14769 30000 1935732 155961 4972
307 131 10000 14602 50000 1866653 226683 8293
168 77 10000 14350 200000 1763586 330263 33157
6 367 10000 14771 30000 1937433 156947 4972
365 382 10000 12875 1000000 1167074 928151 165762
181 300 10000 14331 80000 1757752 338424 13266
298 42 10000 14841 30000 1962585 135685 4972
72 97 10000 15078 2500 2055960 42713 417
38 218 10000 12629 1000000 1067145 1031580 165762
283 372 10000 12550 1000000 1034387 1064929 165762
251 155 10000 15041 2500 2039942 59545 417
107 247 10000 14231 200000 1722664 377330 33157
264 164 10000 10946 1000000 363562 1737564 165762
210 26 10000 14723 50000 1915169 186162 8293
354 326 10000 14746 50000 1924437 177383 8293
362 231 10000 14729 50000 1918284 183759 8293
334 125 10000 14682 80000 1895854 206574 13266
390 50 10000 14696 80000 1902045 200431 13266
53 131 10000 10264 2000000 105503 1998867 331525
312 52 10000 14761 50000 1930019 174395 8293
310 131 10000 12082 2000000 836410 1268308 331525
289 199 10000 14489 30000 1823733 281276 4972
318 47 10000 14678 80000 1894062 213236 13266
9 27 10000 14643 50000 1879908 227752 8293
64 336 10000 14733 50000 1919903 188866 8293
67 245 10000 12025 1000000 808954 1299816 165762
312 238 10000 12575 1000000 1046838 1063263 165762
4 10 10000 14567 200000 1853006 260480 33157
63 201 10000 14617 20000 1870684 243878 3320
122 57 10000 14633 80000 1877060 238216 13266
234 109 10000 14344 200000 1761809 353485 33157
190 47 10000 14644 80000 1880350 235212 13266
130 169 10000 12492 1000000 1013384 1102449 165762
107 386 10000 13236 1000000 1307696 809185 165762
154 34 10000 15009 10000 2028103 89485 1660
279 37 10000 15095 6000 2066034 51613 994
299 1 10000 12859 1000000 1157518 960905 165762
81 112 10000 11662 1000000 666847 1452145 165762
250 281 10000 11711 1000000 687517 1432067 165762
254 105 10000 10381 2000000 149579 1970028 331525
254 142 10000 14415 200000 1792117 327737 33157
343 74 10000 14877 20000 1979269 140861 3320
134 341 10000 14874 30000 1975673 145060 4972
70 216 10000 10915 1000000 351839 1768970 165762
100 24 10000 12350 1000000 955657 1166290 165762
232 399 10000 14880 20000 1980590 142073 3320
75 66 10000 15074 30000 2055419 67478 4972
269 299 10001 14897 20000 1987095 136579 3320
376 249 10000 14740 80000 1921565 203262 13266
125 178 10000 14261 80000 1735015 390444 13266
232 312 10001 15126 2100 2079763 46187 353
369 25 10000 14410 80000 1790366 339975 13266
11 76 10000 15049 2500 2041968 88784 417
369 45 10000 14636 80000 1878452 254096 13266
108 83 10000 14822 50000 1955492 177391 8293
290 309 10000 14923 20000 2000165 132939 3320
70 60 10000 15085 20000 2060142 73331 3320
54 287 10000 15005 6000 2025479 108644 994
218 366 10000 15154 2500 2091426 43249 417
55 242 10000 14925 20000 2000529 134589 3320
55 233 10000 15142 2500 2087391 48964 417
1 79 10000 14814 50000 1953864 182572 8293
88 278 10000 14625 50000 1874221 263050 8293
261 351 10000 14825 50000 1956325 182067 8293
374 341 10001 13216 1000000 1299924 838666 165762
159 160 10000 14513 200000 1833937 305055 33157
287 107 10000 15171 2500 2096988 42748 417
199 311 10000 11873 2000000 753847 1386485 331525
141 95 10000 14900 30000 1988390 152615 4972
84 340 10000 14319 200000 1753622 388843 33157
49 67 10000 14948 20000 2009815 132817 3320
38 18 10000 14797 50000 1947578 195893 8293
289 162 10000 13863 200000 1576086 567600 33157
362 116 10000 14817 30000 1954465 190366 4972
111 142 10000 14799 80000 1948090 196747 13266
321 324 10000 15236 2500 2123126 22240 417
238 162 10000 14966 30000 2013542 132805 4972
204 293 10000 11414 2000000 561764 1584680 331525
335 158 10000 13494 1000000 1418767 728100 165762
286 266 10000 14465 200000 1815733 331152 33157
250 177 10000 14786 50000 1943771 203164 8293
246 210 10000 14976 30000 2015456 131568 4972
86 94 10000 15027 80000 2035410 111976 13266
337 19 10000 14920 30000 1998255 149302 4972
279 158 10000 14816 50000 1954440 193517 8293
46 43 10000 14774 200000 1938939 209607 33157
37 386 10000 14913 30000 1995144 153513 4972
273 363 10000 15185 6000 2102133 46555 994
379 73 10000 14972 30000 2014641 134377 4972
148 240 10000 15165 6000 2094862 54420 994
94 81 10000 15042 80000 2039971 110253 13266
211 153 10000 12788 1000000 1128456 1021793 165762
147 194 10000 14962 20000 2012820 138045 3320
128 96 10000 15084 10000 2059672 91210 1660
51 254 10000 15164 6000 2094823 57387 994
275 88 10000 14560 50000 1849775 303006 8293
385 268 10000 12537 1000000 1026074 1127936 165762
329 147 10000 14982 20000 2016830 138977 3320
99 88 10000 15128 30000 2081004 74881 4972
255 296 10000 14788 30000 1944784 211590 4972
31 75 10000 14456 200000 1810705 345813 33157
200 287 10000 14946 20000 2009031 147626 3320
268 6 10000 14904 30000 1991021 166646 4972
137 89 10000 14531 200000 1839989 318380 33157
55 347 10000 14878 50000 1979838 178856 8293
12 0 10000 15113 50000 2072265 87256 8293
101 136 10000 14964 30000 2013073 146566 4972
97 60 10000 15219 6000 2116208 43604 994
108 253 10000 14899 50000 1988289 171659 8293
150 213 10000 15019 20000 2031338 128788 3320
95 217 10000 14718 80000 1912991 247187 13266
99 145 10000 14483 80000 1821799 338588 13266
120 146 10000 14951 20000 2011383 149477 3320
217 282 10000 11364 2000000 537169 1624521 331525
162 125 10000 14361 200000 1769920 392045 33157
268 107 10000 14067 200000 1658617 503356 33157
264 226 10000 14616 80000 1870333 292202 13266
36 128 10000 14992 30000 2021182 141692 4972
130 208 10000 14555 200000 1848189 315650 33157
252 381 10000 12284 1000000 923546 1240377 165762
170 271 10000 15215 6000 2114493 49692 994
94 11 10000 15002 30000 2024581 140767 4972
25 68 10000 14864 50000 1972057 193446 8293
268 294 10001 14577 80000 1856315 309934 13266
64 79 10000 15186 20000 2102219 64143 3320
324 354 10000 14727 50000 1917691 249180 8293
38 147 10000 14181 200000 1702984 464024 33157
232 333 10000 14857 50000 1968689 198418 8293
95 308 10000 14773 50000 1938345 228956 8293
87 340 10000 15194 2500 2105127 62518 417
336 118 10000 14845 30000 1963602 205624 4972
97 41 10000 13882 200000 1587300 581996 33157
272 266 10000 15285 6000 2144896 24722 994
330 238 10000 14898 50000 1987906 182333 8293
374 139 10000 14870 50000 1974099 196147 8293
18 359 10000 14853 50000 1967142 204232 8293
269 216 10000 10907 1000000 348657 1822996 165762
249 22 10000 14903 50000 1990967 180713 8293
152 102 10000 14701 50000 1904828 266988 8293
341 35 10000 14401 200000 1788331 383861 33157
327 263 10000 10672 2000000 260520 1912037 331525
2 124 10000 15246 6000 2127696 45869 994
398 309 10000 11308 2000000 513629 1660279 331525
1 356 10000 15004 30000 2025307 148616 4972
42 315 10000 14712 80000 1908711 265917 13266
113 137 10000 14639 80000 1879212 295494 13266
343 77 10000 15181 2500 2100429 74849 417
95 254 10000 15239 2100 2123624 52289 353
320 56 10000 14673 200000 1892421 283895 33157
3 101 10000 10569 2000000 217951 1958658 331525
18 210 10000 11488 2000000 593293 1584065 331525
344 76 10000 14641 50000 1879478 299248 8293
152 372 10000 13334 200000 1352210 827262 33157
177 7 10000 14832 80000 1959309 220208 13266
372 35 10000 14885 80000 1982086 198135 13266
383 38 10000 14928 50000 2001611 179935 8293
67 303 10000 14783 80000 1942752 240994 13266
179 36 10000 14896 80000 1987060 196952 13266
163 237 10000 15053 30000 2043581 141286 4972
395 3 10000 14902 80000 1990814 195060 13266
262 274 10000 14823 200000 1955972 230057 33157
397 86 10000 14420 200000 1793460 393695 33157
255 384 10000 14999 30000 2024146 164029 4972
101 329 10000 14910 80000 1992820 195376 13266
113 77 10000 14859 30000 1969050 219637 4972
363 272 10000 14837 20000 1961330 227579 3320
250 363 10000 15283 2100 2142330 46981 353
88 368 10001 15071 30000 2054449 135413 4972
189 137 10000 14758 80000 1929473 260425 13266
288 43 10000 15070 30000 2053565 136582 4972
207 322 10000 14919 50000 1998078 192515 8293
169 345 10000 14762 50000 1930069 260751 8293
206 215 10000 15233 30000 2122663 68539 4972
199 358 10000 15303 2500 2149625 42315 417
181 10 10000 13059 1000000 1239239 952846 165762
55 274 10000 15276 6000 2140054 52269 994
266 151 10000 14891 80000 1983354 209509 13266
267 188 10000 14865 80000 1972133 221006 13266
213 85 10000 15050 30000 2042107 152680 4972
151 6 10000 12561 1000000 1039498 1157438 165762
385 25 10000 14710 80000 1908207 289210 13266
359 370 10000 14954 50000 2011770 185926 8293
186 138 10000 14967 80000 2013562 184208 13266
315 17 10000 15287 2100 2145101 53322 353
45 138 10000 15089 10000 2062301 136869 1660
154 139 10000 14930 80000 2003280 196434 13266
162 160 10000 14926 80000 2000815 198948 13266
276 27 10001 14998 20000 2023754 176320 3320
121 315 10000 14983 80000 2016912 183164 13266
368 248 10000 14973 50000 2015030 185170 8293
62 230 10000 15152 10000 2090860 109393 1660
222 235 10000 15259 20000 2133234 67194 3320
293 24 10000 14953 50000 2011515 188932 8293
90 318 10000 14941 50000 2007499 193923 8293
3 327 10000 14821 80000 1955082 246862 13266
17 177 10000 15067 10000 2051624 150839 1660
3 318 10000 12435 1000000 988094 1214371 165762
239 331 10000 11655 1000000 664725 1538075 165762
29 205 10000 14938 80000 2006369 198487 13266
135 235 10000 14950 50000 2010796 194239 8293
88 368 10000 14743 200000 1921934 284809 33157
33 232 10000 14894 80000 1985489 221308 13266
13 90 10000 15121 20000 2075599 133135 3320
168 295 10000 15108 20000 2070631 138897 3320
236 124 10000 15222 10000 2117137 92808 1660
59 198 10000 14986 50000 2017911 192532 8293
320 46 10000 12184 2000000 883069 1327708 331525
178 301 10000 12109 2000000 849241 1361674 331525
75 302 10000 11287 2000000 505146 1705810 331525
174 158 10000 15337 2500 2168915 42464 417
62 2 10000 14949 50000 2010555 201011 8293
163 392 10000 12845 1000000 1152013 1059738 165762
90 228 10000 14815 50000 1953962 259026 8293
299 163 10000 15120 30000 2074056 139397 4972
363 1 10000 14996 80000 2022525 191776 13266
399 49 10000 11848 1000000 739598 1476663 165762
121 307 10000 15174 10000 2097618 118785 1660
138 203 10000 15059 50000 2046231 170741 8293
249 356 10000 15110 30000 2071473 147507 4972
267 399 10000 15340 6000 2169765 49230 994
374 15 10000 15008 80000 2027691 191544 13266
390 359 10000 15060 50000 2047226 172127 8293
98 109 10000 13154 1000000 1273763 945675 165762
223 262 10000 15016 50000 2030553 189124 8293
304 132 10000 15000 20000 2024173 196137 3320
201 9 10000 15037 50000 2038866 181526 8293
337 245 10000 15349 2100 2173555 47022 353
50 341 10000 15043 50000 2040580 181044 8293
210 202 10000 15271 20000 2137370 84740 3320
377 214 10000 15135 30000 2082912 139502 4972
266 141 10000 14146 200000 1690146 532418 33157
0 399 10000 11336 2000000 526209 1696623 331525
3 240 10000 11668 1000000 669645 1553732 165762
28 74 10000 15073 30000 2055186 168409 4972
58 159 10000 14893 80000 1985042 238903 13266
347 360 10000 15319 2500 2159920 64773 417
189 262 10000 15322 6000 2161197 64833 994
123 271 10000 14593 80000 1861782 364728 13266
124 387 10000 14561 200000 1850090 376479 33157
177 11 10000 15119 30000 2073907 152757 4972
78 216 10000 15133 30000 2082686 144236 4972
208 197 10000 14995 50000 2021808 206206 8293
89 233 10000 15139 30000 2084471 144923 4972
300 222 10000 15045 80000 2040776 188750 13266
356 238 10000 15344 6000 2171486 59720 994
341 335 10000 14997 50000 2022551 208889 8293
343 222 10000 14714 200000 1910756 320754 33157
269 253 10000 15375 6000 2184605 47419 994
69 142 10000 14751 80000 1926537 305497 13266
233 82 10000 14979 50000 2015765 216671 8293
197 77 10000 15087 50000 2061908 171501 8293
78 155 10000 12173 1000000 876052 1357440 165762
213 268 10000 14882 80000 1981362 252799 13266
281 130 10000 14068 200000 1658817 576020 33157
185 118 10000 15024 80000 2033059 201899 13266
56 348 10000 15179 30000 2099481 135909 4972
11 398 10000 14631 50000 1876515 359166 8293
257 236 10000 12553 1000000 1035322 1200782 165762
53 368 10000 15056 80000 2044896 191826 13266
106 263 10000 15184 20000 2102102 135364 3320
29 137 10000 15393 6000 2190259 47447 994
128 137 10000 15346 30000 2172224 66049 4972
18 281 10000 14294 200000 1743870 494612 33157
51 219 10000 15392 2500 2190153 49317 417
328 146 10000 14716 200000 1912733 327097 33157
108 346 10000 14987 80000 2018964 221365 13266
95 38 10000 15203 20000 2109400 131267 3320
359 20 10000 15199 30000 2106771 133909 4972
307 144 10000 15026 80000 2034962 206926 13266
357 35 10001 15032 50000 2037111 204822 8293
58 359 10000 14937 50000 2006134 236595 8293
153 207 10000 15061 50000 2048119 196200 8293
345 49 10000 10804 2000000 313521 1930839 331525
13 294 10000 15183 30000 2100805 143763 4972
160 194 10000 11522 2000000 607172 1637526 331525
137 336 10000 15054 50000 2044044 200662 8293
79 294 10000 11933 1000000 774509 1470968 165762
264 86 10000 15395 6000 2190334 55269 994
317 237 10000 14924 50000 2000277 245379 8293
325 171 10000 15216 30000 2114733 131136 4972
187 364 10000 15296 10000 2146912 99000 1660
50 392 10000 15225 20000 2117823 128434 3320
397 164 10000 15314 10000 2154802 91462 1660
259 61 10000 12087 1000000 838419 1409760 165762
82 103 10000 14779 200000 1941679 306560 33157
237 324 10000 14958 80000 2012206 236113 13266
239 235 10001 15263 10000 2135481 113259 1660
18 346 10000 13137 2000000 1264520 984313 331525
58 360 10000 15127 30000 2080424 168500 4972
208 334 10000 15162 20000 2093995 155696 3320
390 118 10000 15209 30000 2112723 137725 4972
4 216 10000 12993 1000000 1213808 1038249 165762
140 16 10000 14918 200000 1996672 255748 33157
230 329 10000 15034 80000 2037676 215133 13266
247 105 10000 15092 80000 2064856 188992 13266
142 156 10000 15359 10000 2177246 76642 1660
83 42 10000 11854 1000000 742556 1511729 165762
23 148 10000 15047 80000 2040943 213696 13266
46 65 10000 13431 1000000 1392910 861918 165762
265 131 10000 15031 80000 2037067 219206 13266
5 211 10000 15132 50000 2082591 174862 8293
198 158 10000 14664 80000 1889404 368340 13266
71 47 10000 13150 1000000 1272391 985490 165762
378 213 10000 15007 80000 2027443 230671 13266
333 278 10000 10297 2000000 117464 2140746 331525
96 81 10000 15345 50000 2172048 86338 8293
288 151 10000 15327 10000 2163289 95953 1660
92 395 10000 15028 30000 2035616 224135 4972
172 248 10000 15131 50000 2082423 177971 8293
155 326 10000 15227 30000 2120237 140424 4972
116 23 10000 15094 50000 2065392 195482 8293
77 80 10000 14975 30000 2015208 245771 4972
239 295 10000 15013 30000 2030004 231198 4972
50 24 10000 15248 30000 2128444 133107 4972
56 351 10000 11949 1000000 780724 1481470 165762
311 392 10000 15213 30000 2113683 149894 4972
166 331 10000 15254 20000 2130613 133036 3320
77 174 10000 11344 2000000 529993 1734188 331525
243 154 10000 12387 2000000 971018 1294594 331525
269 315 10000 15244 30000 2127462 138472 4972
30 80 10000 15100 30000 2067824 199179 4972
302 25 10000 15442 2100 2211236 56250 353
47 340 10000 15076 50000 2055748 212723 8293
241 105 10000 15104 80000 2069520 199555 13266
60 377 10000 15475 2500 2223225 46311 417
213 88 10000 14843 200000 1963023 306552 33157
209 8 10000 15136 50000 2083062 186550 8293
45 340 10000 14754 80000 1928384 342271 13266
322 127 10000 15465 2500 2220812 51113 417
383 265 10000 14794 200000 1946665 325342 33157
317 6 10000 15437 6000 2209354 63115 994
205 204 10000 15408 30000 2196703 76655 4972
265 120 10000 15289 20000 2145625 127917 3320
251 41 10000 13995 200000 1628894 644724 33157
332 30 10000 14273 200000 1738156 537388 33157
293 311 10000 14258 200000 1733904 541825 33157
66 188 10000 15390 10000 2189837 87386 1660
369 166 10000 14836 200000 1960577 317701 33157
280 375 10000 15130 50000 2082334 196040 8293
334 232 10000 15098 80000 2067365 211593 13266
55 160 10000 11734 1000000 694920 1584285 165762
270 203 10000 13529 1000000 1436254 843473 165762
99 186 10000 15265 20000 2135794 145509 3320
352 17 10000 15511 2100 2238288 43211 353
370 217 10000 15291 30000 2145807 136043 4972
211 83 10000 15147 80000 2088791 193599 13266
182 236 10000 15261 30000 2134063 148951 4972
79 359 10000 15129 80000 2082016 201082 13266
207 98 10000 15297 30000 2147031 136118 4972
65 191 10000 14811 200000 1952131 331901 33157
372 126 10000 15305 20000 2151037 133584 3320
327 102 10000 14889 80000 1982474 302925 13266
307 189 10000 15513 6000 2239176 46519 994
386 313 10000 15210 50000 2112775 172957 8293
268 371 10000 11950 1000000 780969 1506151 165762
222 74 10000 14851 200000 1966806 320563 33157
101 116 10000 15588 2500 2267548 21583 417
276 52 10000 15148 80000 2089079 200824 13266
359 8 10000 11010 2000000 389323 1901121 331525
157 45 10000 15166 80000 2095241 195480 13266
17 355 10000 14886 80000 1982298 308805 13266
192 144 10000 15109 80000 2071300 220552 13266
243 286 10000 15220 50000 2116313 175859 8293
12 21 10000 11657 2000000 665398 1626931 331525
162 369 10000 15157 80000 2092018 200423 13266
314 260 10000 15200 50000 2107404 185599 8293
44 234 10000 15527 6000 2247212 47008 994
31 197 10000 12378 1000000 969706 1325371 165762
135 107 10000 15214 50000 2113713 181838 8293
81 77 10000 15423 10000 2202399 93228 1660
144 192 10000 15334 20000 2167533 128376 3320
199 369 10000 15530 6000 2247825 49596 994
35 311 10000 15197 80000 2106047 193216 13266
242 391 10000 13296 1000000 1333520 966522 165762
161 58 10000 12396 1000000 973983 1326288 165762
329 111 10000 15288 30000 2145453 154981 4972
155 178 10000 15234 50000 2122959 177758 8293
315 209 10000 15176 80000 2097935 203330 13266
76 280 10000 10442 2000000 170696 2130642 331525
69 182 10000 15557 6000 2256405 45063 994
159 25 10000 15243 50000 2125306 178287 8293
177 331 10000 14927 200000 2001106 302672 33157
24 103 10000 15551 2100 2254727 50397 353
290 151 10000 15579 2500 2263661 41988 417
97 69 10000 14618 200000 1871601 434200 33157
31 50 10000 10242 2000000 93866 2212310 331525
281 245 10000 14989 30000 2019299 286892 4972
125 168 10000 15102 30000 2068857 238165 4972
254 209 10000 15350 20000 2173559 133623 3320
337 356 10000 15544 6000 2253351 54137 994
340 35 10000 15576 2500 2263165 44892 417
103 93 10000 15574 6000 2262075 46045 994
238 305 10000 15212 80000 2113341 195373 13266
2 253 10000 15255 50000 2130669 178294 8293
354 327 10000 15023 50000 2032428 277528 8293
260 393 10000 15269 50000 2136638 173496 8293
63 129 10000 15426 6000 2203205 107309 994
308 244 10000 15170 80000 2096716 213920 13266
12 351 10000 15351 30000 2174580 136778 4972
375 235 10000 15328 30000 2163416 148160 4972
333 335 10000 15103 80000 2068877 243480 13266
232 84 10000 15399 10000 2192118 120580 1660
255 91 10000 15274 20000 2139831 172938 3320
347 119 10000 15377 10000 2186124 126990 1660
167 84 10000 14852 200000 1966890 346541 33157
264 336 10000 14768 80000 1934635 378990 13266
334 113 10000 15356 20000 2176481 139329 3320
243 360 10000 15256 50000 2130772 185449 8293
244 10 10000 14803 50000 1949937 366869 8293
373 378 10000 15458 50000 2217563 101315 8293
117 103 10000 15499 50000 2233843 85756 8293
169 322 10000 13244 1000000 1310632 1009123 165762
141 357 10000 15383 30000 2187437 132611 4972
98 399 10000 15590 2500 2268317 52217 417
165 73 10000 14471 200000 1817635 503381 33157
180 32 10000 15195 80000 2105326 215999 13266
346 57 10000 15370 30000 2181564 140763 4972
263 318 10000 14622 80000 1873250 449892 13266
128 211 10000 15388 20000 2189497 134553 3320
107 195 10001 15507 10000 2236854 89590 1660
196 27 10000 15267 80000 2136415 190610 13266
318 226 10000 15369 20000 2181273 146498 3320
54 49 10001 15548 6000 2254262 74693 994
93 41 10000 12928 1000000 1186375 1142899 165762
341 33 10000 15621 6000 2281548 48066 994
239 179 10000 15088 50000 2062118 269169 8293
123 171 10001 11295 1000000 508752 1823349 165762
270 149 10000 15406 30000 2195317 137457 4972
22 172 10000 15299 50000 2148508 184810 8293
244 43 10000 14504 80000 1830826 502547 13266
78 122 10000 15106 80000 2070409 263039 13266
326 338 10000 15159 200000 2093217 240672 33157
80 383 10000 14259 200000 1734211 600478 33157
6 345 10000 15421 30000 2202329 133803 4972
15 377 10000 15523 10000 2243458 92975 1660
232 273 10000 15145 80000 2087873 249426 13266
25 303 10000 15252 80000 2129877 207687 13266
91 41 10000 15624 2500 2281731 56961 417
18 289 10000 15398 30000 2192027 146735 4972
103 20 10000 15644 6000 2293269 45622 994
388 30 10000 15326 50000 2162805 177809 8293
299 350 10000 15654 6000 2295549 45222 994
317 265 10000 15286 80000 2145074 196080 13266
108 91 10000 15521 10000 2241549 100996 1660
40 329 10000 15362 10000 2179152 163613 1660
273 3 10000 15301 50000 2149542 193270 8293
14 19 10000 15198 50000 2106345 236492 8293
337 258 10000 13021 1000000 1225255 1117606 165762
396 140 10000 12775 1000000 1123196 1220893 165762
41 398 10000 14807 80000 1951425 392954 13266
149 212 10000 15318 80000 2158685 186064 13266
138 227 10000 15428 20000 2204692 141310 3320
316 196 10000 15374 20000 2184435 162002 3320
275 83 10000 14813 50000 1952774 393898 8293
221 339 10000 12181 1000000 880106 1466725 165762
42 324 10000 15118 200000 2073618 275836 33157
73 42 10000 15405 30000 2195258 154392 4972
323 113 10000 15122 80000 2076514 275237 13266
205 69 10000 15671 6000 2302155 50166 994
285 45 10000 15309 80000 2152141 200321 13266
387 148 10000 15330 80000 2164197 191945 13266
236 224 10000 15697 10000 2312971 43676 1660
116 384 10000 15571 10000 2261377 96091 1660
214 219 10000 15753 2500 2337838 21811 417
60 245 10000 15363 50000 2179375 180446 8293
291 4 10000 15578 10000 2263544 96358 1660
299 25 10000 15306 80000 2151101 209295 13266
221 232 10000 15640 20000 2291478 69382 3320
176 230 10000 15051 80000 2042568 320687 13266
225 188 10000 14914 80000 1995487 368002 13266
23 264 10000 15493 20000 2232129 131854 3320
87 126 10000 15381 30000 2187025 178238 4972
123 276 10000 15325 30000 2162561 202853 4972
357 366 10000 15695 6000 2312448 53423 994
203 172 10000 11450 2000000 578933 1786971 331525
60 32 10000 15614 10000 2279840 86545 1660
397 305 10000 15483 20000 2227961 138643 3320
14 391 10000 15235 30000 2123116 243604 4972
86 258 10000 12034 2000000 816611 1550432 331525
7 398 10000 15175 80000 2097654 271165 13266
18 112 10000 15618 10000 2280427 88867 1660
137 155 10000 15661 6000 2298264 71216 994
379 395 10000 15738 6000 2328550 43780 994
116 81 10000 15258 80000 2132794 240052 13266
152 196 10000 15282 80000 2142157 231033 13266
197 55 10000 15382 50000 2187190 186579 8293
115 129 10000 15064 80000 2049918 325194 13266
274 170 10000 12275 1000000 921341 1454163 165762
391 272 10000 15394 50000 2190330 185841 8293
335 200 10000 15385 80000 2187876 188297 13266
286 116 10000 15338 80000 2169269 207138 13266
30 51 10000 11106 2000000 427690 1949146 331525
115 360 10000 14595 200000 1862385 514508 33157
71 285 10000 14668 200000 1890549 488296 33157
295 94 10000 15613 10000 2279416 99443 1660
140 320 10000 15495 30000 2232832 146309 4972
329 332 10000 15367 80000 2180847 198386 13266
212 27 10000 12937 1000000 1189053 1191422 165762
217 335 10000 14781 200000 1941913 438719 33157
318 137 10000 15361 50000 2178856 201945 8293
63 397 10000 14439 200000 1803038 577891 33157
168 371 10000 15726 6000 2323698 57536 994
258 58 10000 15469 30000 2221736 160228 4972
360 350 10000 15347 80000 2173020 210023 13266
264 308 10000 15172 80000 2097055 286785 13266
57 102 10000 15221 80000 2116659 267741 13266
65 97 10000 15765 2100 2343048 42947 353
315 138 10000 14707 200000 1907922 478744 33157
168 255 10000 15742 6000 2331146 56078 994
147 228 10000 15403 80000 2194518 192809 13266
302 346 10000 15553 30000 2255467 132674 4972
40 1 10000 15310 20000 2152455 235724 3320
78 68 10000 15622 80000 2281652 107029 13266
28 48 10001 14812 200000 1952281 436800 33157
376 11 10000 15558 20000 2256479 132604 3320
341 207 10000 15490 30000 2230919 158249 4972
227 7 10000 15430 50000 2205136 184841 8293
398 239 10000 15238 50000 2123563 266727 8293
124 221 10000 15336 50000 2168727 221701 8293
20 355 10000 15503 30000 2235437 156415 4972
313 23 10000 15315 80000 2155691 236648 13266
69 165 10000 15324 80000 2162236 231213 13266
94 44 10000 15519 30000 2241039 152696 4972
304 27 10000 15304 50000 2150630 243396 8293
124 244 10000 15575 30000 2262113 132136 4972
147 66 10000 15585 20000 2266528 128410 3320
50 336 10000 15302 50000 2149622 246437 8293
65 351 10000 15445 50000 2213502 183262 8293
92 219 10000 15086 80000 2061637 336014 13266
146 74 10001 15770 6000 2346486 51562 994
204 48 10000 15531 20000 2248984 149330 3320
258 330 10000 15470 50000 2221917 176624 8293
360 234 10000 14481 200000 1821074 578189 33157
253 228 10000 12178 2000000 879057 1520394 331525
374 91 10000 15537 30000 2251485 148678 4972
312 271 10000 15454 50000 2216933 184851 8293
41 265 10000 15485 20000 2228816 173467 3320
313 337 10000 12814 2000000 1138379 1264554 331525
148 6 10000 15014 200000 2030088 373049 33157
86 48 10000 15438 50000 2209497 194114 8293
349 98 10000 15538 20000 2251777 152129 3320
363 349 10000 15615 20000 2280112 125115 3320
87 218 10000 15809 2500 2360910 45194 417
207 384 10000 15595 30000 2271204 137316 4972
202 239 10000 15341 80000 2170282 238246 13266
45 20 10000 15134 50000 2082702 326070 8293
152 286 10000 15498 30000 2233112 175943 4972
148 21 10000 10347 2000000 134032 2275423 331525
36 151 10000 15804 6000 2358575 51657 994
326 312 10000 14763 200000 1930334 480570 33157
366 307 10000 15602 30000 2274979 136643 4972
35 175 10000 15433 80000 2206294 205722 13266
247 3 10000 15352 80000 2175121 237018 13266
120 135 10000 15837 10000 2368558 43631 1660
183 48 10000 15572 30000 2261483 151148 4972
143 196 10000 15592 30000 2269735 144480 4972
54 222 10000 13754 200000 1528618 886819 33157
211 232 10000 15845 2500 2371387 44582 417
336 137 10000 15604 20000 2275679 140397 3320
89 211 10000 15562 30000 2257511 160359 4972
33 178 10000 15711 10000 2317636 100631 1660
138 128 10000 15419 200000 2201307 216977 33157
59 187 10000 15803 2100 2356669 61616 353
282 103 10000 10952 2000000 366443 2052175 331525
52 55 10000 15484 200000 2228171 191758 33157
311 388 10000 15819 6000 2362721 58449 994
83 245 10000 15217 80000 2114932 307623 13266
43 120 10000 15552 20000 2254864 167743 3320
204 183 10000 11453 2000000 579623 1843032 331525
390 372 10000 15447 50000 2214253 208907 8293
210 310 10000 15440 50000 2210817 212976 8293
91 2 10000 15864 6000 2376410 47845 994
165 171 10000 15805 20000 2358739 66835 3320
172 263 10000 15456 80000 2217189 209573 13266
101 15 10000 15481 80000 2227224 199767 13266
126 334 10000 15476 80000 2223267 204279 13266
269 176 10000 11964 1000000 788266 1639474 165762
49 310 10000 15525 50000 2245803 182090 8293
102 89 10000 15892 2500 2385564 42597 417
83 253 10000 15801 2500 2356152 72773 417
378 350 10001 15077 80000 2055929 373268 13266
345 107 10000 15231 80000 2121845 310562 13266
389 11 10000 15884 2500 2382833 49768 417
237 295 10000 15316 50000 2156428 277202 8293
288 206 10000 15526 50000 2246228 187439 8293
328 129 10000 14980 200000 2016002 417738 33157
190 165 10000 15410 50000 2197705 236316 8293
310 120 10002 15192 30000 2103796 331779 4972
260 70 10000 15656 30000 2295901 140179 4972
67 41 10000 11275 1000000 502087 1935609 165762
47 0 10000 15387 80000 2188590 249234 13266
73 191 10000 15666 20000 2299475 139266 3320
253 259 10000 15333 200000 2166963 272202 33157
160 133 10000 15560 50000 2256827 182582 8293
66 225 10000 13269 1000000 1320472 1119219 165762
391 46 10000 15505 50000 2236723 206574 8293
335 62 10000 15790 10000 2352789 90886 1660
210 363 10000 15522 50000 2242137 201598 8293
47 385 10000 15561 30000 2257172 186710 4972
231 294 10000 15488 50000 2229982 217109 8293
1 6 10000 15972 2100 2422446 25891 353
134 70 10000 15699 30000 2313211 135713 4972
250 373 10000 15700 30000 2313448 136153 4972
356 374 10000 15413 80000 2198715 251636 13266
121 113 10000 15829 10000 2365361 85018 1660
34 50 10000 15938 6000 2402973 47512 994
101 366 10000 15704 30000 2314553 136862 4972
332 278 10000 12961 1000000 1198836 1253603 165762
20 376 10000 15471 80000 2222300 230155 13266
253 343 10000 15669 30000 2301458 151116 4972
295 112 10000 15240 200000 2124741 327978 33157
341 90 10000 15478 80000 2223893 229204 13266
358 141 10000 15532 80000 2249060 205371 13266
25 358 10000 15444 80000 2212906 241739 13266
62 114 10000 15914 6000 2394949 59850 994
192 126 10000 15446 50000 2214004 241022 8293
351 249 10001 15536 80000 2251411 204074 13266
252 98 10000 15565 80000 2258296 198334 13266
1 283 10000 15479 80000 2226481 230644 13266
195 236 10000 15685 30000 2308396 148771 4972
90 6 10000 15573 50000 2261685 196579 8293
63 347 10000 15589 10000 2268086 190568 1660
110 29 10000 15494 30000 2232764 227091 4972
230 273 10000 15955 6000 2411906 47981 994
119 174 10000 15564 50000 2257710 202259 8293
200 313 10000 13686 1000000 1502491 958349 165762
317 56 10000 15373 200000 2184377 276949 33157
270 105 10000 15542 80000 2252952 209399 13266
372 180 10000 15577 50000 2263487 199026 8293
205 137 10000 15642 30000 2292406 171545 4972
209 359 10000 15859 10000 2375748 88678 1660
340 172 10000 15716 30000 2319267 145184 4972
275 102 10000 14114 200000 1676988 788209 33157
367 312 10000 15694 30000 2312329 153395 4972
151 237 10000 15966 2100 2417134 49042 353
317 299 10000 15605 50000 2276042 190772 8293
337 200 10000 15600 80000 2273610 193512 13266
246 51 10000 12005 1000000 802105 1665496 165762
150 321 10000 15965 6000 2416795 51274 994
379 129 10000 15876 10000 2379859 90028 1660
230 22 10000 15871 10000 2377221 93526 1660
171 106 10000 15472 80000 2222388 248833 13266
53 307 10000 15969 2500 2418725 53370 417
264 372 10000 15974 2500 2422885 49582 417
296 150 10000 15736 20000 2328147 144862 3320
147 19 10000 15757 20000 2339197 134212 3320
270 68 10000 15988 6000 2428379 46389 994
240 176 10000 15662 30000 2298303 176798 4972
263 334 10000 14759 200000 1929954 545570 33157
22 30 10000 15865 50000 2376457 100416 8293
54 156 10000 13920 200000 1597230 879781 33157
173 271 10000 15524 80000 2245306 231825 13266
327 371 10000 15985 6000 2426972 50319 994
148 104 10000 12539 1000000 1026691 1451646 165762
117 212 10000 15582 80000 2265223 213144 13266
387 166 10000 15762 30000 2340639 138659 4972
345 34 10000 11650 1000000 664149 1815821 165762
22 139 10001 15991 2500 2429289 50761 417
202 195 10000 15679 50000 2304598 177248 8293
0 340 10000 16004 2100 2434500 48486 353
332 207 10000 16003 6000 2434071 49579 994
28 236 10000 14873 200000 1975367 508290 33157
292 95 10000 15690 50000 2310666 174036 8293
282 346 10000 14887 200000 1982315 502797 33157
169 97 10000 11331 2000000 524726 1961754 331525
160 192 10000 15646 50000 2293963 193171 8293
124 340 10000 14724 200000 1915187 572779 33157
367 34 10000 13372 1000000 1364642 1123792 165762
58 310 10000 15668 20000 2300624 187827 3320
301 41 10000 15601 50000 2274726 214318 8293
260 131 10000 14339 200000 1760024 729753 33157
133 283 10000 15497 50000 2233019 257310 8293
259 289 10000 12464 1000000 1003223 1488578 165762
74 154 10000 15793 30000 2353606 138255 4972
291 28 10000 15500 50000 2233908 257977 8293
300 319 10000 16078 2100 2463206 28902 353
91 330 10000 15811 10000 2361261 131111 1660
32 145 10000 16035 2500 2449103 43313 417
349 144 10000 15473 50000 2222758 269931 8293
307 399 10000 15232 200000 2122368 370447 33157
102 316 10000 13219 1000000 1300345 1193931 165762
180 239 10000 15596 80000 2272555 223064 13266
79 225 10000 13348 1000000 1356739 1139373 165762
117 371 10000 15800 30000 2355674 140817 4972
337 241 10000 13942 1000000 1608408 888306 165762
89 335 10000 13229 1000000 1304079 1193957 165762
270 59 10000 15688 80000 2309680 189382 13266
254 307 10000 15814 20000 2361359 137773 3320
140 104 10000 15609 80000 2277683 221980 13266
16 242 10000 15792 30000 2352987 146999 4972
227 128 10000 15610 80000 2277726 223057 13266
366 267 10000 15678 30000 2304390 196414 4972
292 267 10000 15253 200000 2130239 370633 33157
66 44 10000 15427 200000 2204287 298140 33157
76 186 10000 15457 80000 2217502 285180 13266
240 19 10000 15735 30000 2327831 175258 4972
91 49 10000 10053 2000000 21837 2481468 331525
40 280 10000 16009 2500 2436337 66977 417
354 39 10000 15844 20000 2370100 133501 3320
241 76 10000 15817 30000 2362025 142806 4972
285 26 10000 16041 6000 2451021 54182 994
399 332 10000 15710 30000 2316426 188851 4972
344 197 10000 15836 10000 2368479 138298 1660
19 249 10000 15875 20000 2378738 129539 3320
72 84 10000 15941 10000 2404249 104364 1660
260 153 10000 15723 50000 2322427 186227 8293
281 118 10000 15218 80000 2115559 394128 13266
47 321 10000 15196 80000 2105533 404353 13266
94 65 10000 15870 30000 2377108 132925 4972
71 323 10000 15696 80000 2312569 198238 13266
16 309 10000 15880 20000 2381402 129614 3320
377 38 10000 15847 30000 2371814 139339 4972
330 127 10000 15980 10000 2425564 85873 1660
123 126 10000 15886 30000 2383341 128475 4972
135 365 10000 10772 2000000 301909 2210112 331525
291 92 10000 16039 6000 2450144 63674 994
298 271 10000 15853 30000 2374443 140260 4972
217 222 10000 15229 200000 2121198 393758 33157
28 199 10000 15533 50000 2249832 265831 8293
378 138 10000 15663 80000 2298456 217324 13266
185 251 10000 15416 80000 2199953 315907 13266
270 194 10000 15487 200000 2229943 287095 33157
272 191 10000 15747 50000 2334025 183304 8293
288 341 10000 15693 80000 2312178 205188 13266
167 374 10000 15713 80000 2318302 200382 13266
273 364 10000 13028 1000000 1227743 1291180 165762
302 164 10000 13463 1000000 1407306 1112017 165762
321 19 10000 15617 50000 2280275 239313 8293
242 202 10000 12839 1000000 1150000 1369698 165762
125 350 10000 13945 200000 1611383 908398 33157
395 144 10000 13098 1000000 1252077 1268411 165762
129 395 10000 15754 50000 2338291 182936 8293
123 51 10000 15638 30000 2290912 231085 4972
28 360 10000 15155 200000 2091897 430403 33157
57 19 10000 15903 30000 2391080 131249 4972
265 95 10000 16114 2100 2477137 45405 353
121 69 10000 15769 50000 2345644 177212 8293
226 155 10000 15545 80000 2253455 270282 13266
143 303 10000 15919 20000 2395741 129488 3320
396 140 10001 15740 50000 2329328 196050 8293
167 253 10000 15652 80000 2295344 230989 13266
370 213 10000 10750 2000000 294006 2235916 331525
386 381 10000 16079 30000 2464180 65850 4972
258 230 10000 15893 30000 2386322 144693 4972
269 194 10000 15727 50000 2324230 206901 8293
28 155 10000 16015 10000 2437944 93268 1660
310 8 10000 15376 30000 2185079 346253 4972
98 92 10000 16201 2100 2509783 21763 353
65 264 10000 15921 20000 2397251 135827 3320
235 155 10000 15926 30000 2398728 134750 4972
316 134 10000 15810 20000 2361251 172671 3320
180 296 10000 11733 2000000 694074 1839865 331525
351 256 10000 16147 6000 2486538 47851 994
30 111 10000 15916 20000 2395312 139443 3320
321 246 10000 12713 1000000 1100402 1435524 165762
355 107 10000 15623 80000 2281673 255056 13266
151 181 10000 16163 6000 2493019 44521 994
178 304 10000 15946 20000 2406974 130608 3320
368 159 10000 15768 30000 2344870 193039 4972
314 283 10000 15923 30000 2397322 140710 4972
109 255 10000 15455 200000 2217156 320943 33157
44 221 10000 16151 6000 2488499 49806 994
134 294 10000 15789 50000 2352564 185814 8293
340 16 10000 15591 200000 2269184 269832 33157
158 42 10000 15781 50000 2349648 189442 8293
333 1 10000 16150 2500 2488242 51294 417
144 275 10001 16160 2100 2492262 47540 353
269 278 10000 15900 50000 2389019 150955 8293
217 248 10000 16157 6000 2491292 48688 994
189 97 10000 16155 6000 2490172 50445 994
140 122 10000 15815 80000 2361599 179703 13266
141 287 10000 15724 80000 2322649 219343 13266
379 67 10000 15951 30000 2409671 132366 4972
162 261 10000 13453 2000000 1402998 1139298 331525
40 204 10000 15515 50000 2239573 304953 8293
65 240 10000 16169 6000 2494138 51463 994
105 143 10000 15950 20000 2409590 136062 3320
34 316 10001 16176 6000 2496677 49896 994
261 142 10000 15732 80000 2326044 221664 13266
101 54 10000 10456 2000000 176871 2371388 331525
345 61 10000 11162 2000000 451137 2097540 331525
317 340 10000 15937 30000 2402526 147197 4972
338 191 10000 15633 80000 2285225 264899 13266
157 129 10000 15857 30000 2374769 176291 4972
116 227 10000 15954 20000 2411684 140224 3320
104 3 10000 15931 30000 2400402 151682 4972
319 383 10000 16195 6000 2504733 48132 994
280 158 10000 16086 10000 2468173 85415 1660
375 190 10000 16037 10000 2449721 104552 1660
87 180 10000 15733 80000 2327460 228214 13266
376 328 10000 15989 20000 2428922 127397 3320
111 377 10000 15555 80000 2255758 300868 13266
78 116 10000 15952 30000 2410921 146539 4972
338 51 10000 16213 6000 2513315 44258 994
124 48 10000 15820 80000 2362839 194962 13266
305 28 10000 15722 50000 2322333 235934 8293
67 354 10000 16069 10000 2459645 98640 1660
323 273 10000 16221 2100 2515832 42951 353
223 142 10000 16216 2100 2514894 43900 353
310 186 10000 15189 80000 2102883 457097 13266
375 208 10000 15680 80000 2305289 255343 13266
247 391 10000 15612 200000 2278955 282995 33157
103 289 10000 15982 30000 2425945 139174 4972
185 354 10000 15294 80000 2146006 419119 13266
18 161 10000 15862 80000 2376103 189134 13266
245 304 10000 10993 2000000 382792 2182921 331525
386 57 10000 15852 80000 2374246 191782 13266
242 256 10000 15750 50000 2336354 230246 8293
192 306 10000 15911 50000 2393507 173185 8293
255 384 10001 16228 6000 2517257 49531 994
62 7 10000 13980 1000000 1623461 943369 165762
271 159 10000 15434 200000 2206584 360403 33157
110 145 10000 15746 30000 2333751 233935 4972
385 160 10000 15939 30000 2403514 164915 4972
303 178 10000 15681 80000 2305802 263431 13266
196 336 10000 16200 6000 2509348 61151 994
311 369 10000 13456 1000000 1404882 1165674 165762
2 127 10000 15546 200000 2253856 316765 33157
87 63 10000 16227 6000 2517246 53874 994
353 218 10000 15947 30000 2407975 163263 4972
332 153 10000 15994 20000 2430417 141462 3320
168 137 10000 15877 50000 2380443 193001 8293
123 188 10000 15854 20000 2374454 199223 3320
154 355 10000 15851 80000 2373455 201392 13266
363 330 10000 15890 80000 2384620 190279 13266
106 338 10000 15928 50000 2399051 176148 8293
141 292 10000 15779 80000 2349009 226947 13266
231 298 10000 15927 30000 2398807 177287 4972
331 90 10000 16006 30000 2435146 141290 4972
29 92 10000 15355 200000 2175626 400918 33157
221 157 10000 15882 80000 2381821 195507 13266
273 235 10000 11223 2000000 477282 2100083 331525
23 178 10000 15849 30000 2373286 204716 4972
9 250 10000 16018 30000 2438357 139722 4972
314 207 10000 16020 30000 2438869 139293 4972
291 73 10000 16242 2500 2524782 53922 417
269 91 10000 15771 80000 2346635 233220 13266
223 275 10000 12046 2000000 821679 1758342 331525
385 235 10000 15850 50000 2373339 206696 8293
396 298 10000 15863 50000 2376117 204097 8293
247 340 10000 15942 50000 2404806 175961 8293
232 98 10000 13650 1000000 1484787 1097088 165762
116 177 10000 15889 50000 2384501 197766 8293
11 230 10000 15567 80000 2260303 323027 13266
307 235 10000 15603 200000 2275206 308379 33157
81 397 10000 16105 10000 2474290 109321 1660
245 87 10000 16017 30000 2438264 145710 4972
300 297 10000 15692 80000 2311533 272795 13266
9 365 10000 15920 50000 2396315 188062 8293
345 342 10000 10773 2000000 303417 2281097 331525
239 73 10000 10475 2000000 183696 2401281 331525
290 220 10000 16277 6000 2542166 44790 994
399 74 10000 15964 30000 2416688 170726 4972
108 33 10001 15944 50000 2405818 182139 8293
287 117 10000 15883 80000 2382569 205963 13266
301 30 10000 16148 10000 2486676 101876 1660
237 94 10000 16129 10000 2481428 107451 1660
30 281 10000 15956 20000 2412754 179219 3320
69 35 10000 16014 30000 2437641 156477 4972
229 67 10000 15945 50000 2406379 188155 8293
213 389 10000 14034 1000000 1646970 948153 165762
119 255 10000 12530 1000000 1023217 1574295 165762
63 319 10000 16197 6000 2506815 91248 994
7 12 10001 16203 50000 2510046 88524 8293
113 177 10000 15798 50000 2355610 243265 8293
304 377 10000 15486 200000 2229614 370331 33157
325 304 10000 15957 50000 2413275 187707 8293
338 104 10000 15856 80000 2374683 226323 13266
282 146 10000 15616 80000 2280214 321352 13266
336 279 10000 16000 30000 2433183 168467 4972
243 279 10000 16051 30000 2454502 147391 4972
105 342 10000 15878 80000 2380747 221344 13266
62 33 10000 15001 200000 2024395 577977 33157
90 228 10001 16310 2500 2558191 44273 417
176 119 10000 16186 10000 2501683 102312 1660
375 268 10000 16082 20000 2465788 141163 3320
124 193 10000 16298 6000 2553137 54006 994
292 79 10000 16306 2500 2555405 51817 417
304 37 10000 16294 2100 2551270 56301 353
395 160 10000 16321 2500 2564485 43730 417
313 24 10000 15826 80000 2364722 244244 13266
111 207 10000 15684 80000 2307282 302046 13266
201 385 10000 15979 50000 2425463 184678 8293
233 203 10000 15959 50000 2414047 197148 8293
202 284 10000 13438 1000000 1396525 1214848 165762
24 177 10000 15242 200000 2125088 486500 33157
90 178 10000 16088 30000 2468874 142764 4972
230 340 10000 15628 200000 2283199 329625 33157
351 170 10000 15999 50000 2431923 181241 8293
253 106 10000 15908 80000 2392518 223432 13266
181 52 10000 16334 6000 2569992 46055 994
130 229 10000 15492 50000 2231947 384172 8293
301 244 10000 16066 30000 2458521 157847 4972
175 110 10000 15887 20000 2383948 232871 3320
23 249 10000 16071 10000 2460034 157158 1660
14 156 10000 15093 200000 2065324 551970 33157
253 95 10000 15909 80000 2392889 224584 13266
0 189 10000 16115 30000 2477319 141266 4972
391 284 10000 15934 80000 2401123 218235 13266
125 48 10000 16117 10000 2478571 140822 1660
153 330 10000 16325 6000 2567167 52253 994
345 92 10000 10862 2000000 334489 2286651 331525
286 310 10000 16256 10000 2531232 89929 1660
292 101 10000 15932 80000 2400553 221158 13266
397 78 10000 15922 80000 2397269 225534 13266
171 205 10000 16255 10000 2530914 93299 1660
84 223 10000 11821 1000000 729682 1894565 165762
230 283 10001 15721 80000 2322106 302275 13266
119 229 10000 16104 30000 2473835 150957 4972
270 11 10000 16038 50000 2449730 175478 8293
307 159 10000 16370 2100 2583183 42906 353
340 62 10000 16029 50000 2443085 183843 8293
189 115 10000 16087 30000 2468787 158314 4972
269 264 10000 10367 2000000 143127 2484106 331525
34 81 10000 16140 30000 2485144 142906 4972
367 92 10000 16028 50000 2442437 187242 8293
138 117 10000 14283 1000000 1741332 889175 165762
148 335 10000 16171 20000 2494858 136874 3320
188 41 10000 15813 80000 2361297 270457 13266
237 334 10000 15541 80000 2252235 380017 13266
157 396 10000 15881 50000 2381626 250708 8293
372 18 10000 16184 30000 2501480 131035 4972
120 18 10000 16122 30000 2480113 152844 4972
54 20 10000 15448 80000 2214522 418904 13266
28 385 10000 16027 50000 2441616 192458 8293
327 46 10000 16049 50000 2453306 181083 8293
71 60 10000 16304 30000 2555127 79887 4972
204 134 10000 16381 6000 2588487 46621 994
119 155 10000 16274 10000 2540787 95771 1660
125 132 10000 15866 50000 2376795 260261 8293
336 238 10000 11086 2000000 418638 2222104 331525
11 281 10000 16350 2100 2575792 66313 353
264 269 10000 10763 1000000 299100 2343367 165762
97 288 10000 16382 6000 2588599 54317 994
376 161 10000 15188 200000 2102863 540428 33157
178 247 10000 16290 10000 2548998 94790 1660
94 69 10001 16415 2100 2601383 43168 353
68 2 10000 16209 30000 2511615 132969 4972
71 223 10000 15777 80000 2348086 296907 13266
60 133 10000 15962 80000 2415261 230148 13266
233 207 10000 15943 80000 2405726 240340 13266
209 80 10000 16048 80000 2453250 192833 13266
263 285 10000 15705 80000 2314670 331871 13266
112 9 10000 14392 1000000 1784467 862400 165762
283 318 10000 16302 10000 2553857 93568 1660
97 55 10000 16218 20000 2515128 132312 3320
38 28 10000 16472 6000 2623769 24696 994
129 267 10000 16425 6000 2604169 44891 994
92 1 10000 15676 30000 2303978 346143 4972
227 21 10000 15885 80000 2383196 269007 13266
139 30 10000 12235 1000000 907343 1744967 165762
361 379 10000 16466 6000 2622701 30331 994
3 180 10000 16065 80000 2458372 196727 13266
103 121 10000 16239 20000 2524261 133364 3320
117 263 10000 16342 10000 2574081 85680 1660
168 103 10000 16019 80000 2438663 221156 13266
126 123 10000 16500 6000 2636860 23452 994
16 332 10000 10876 2000000 338907 2321740 331525
243 52 10000 16103 50000 2473687 187672 8293
222 104 10000 16247 30000 2526887 134769 4972
297 12 10000 14096 1000000 1672310 989488 165762
28 72 10000 16124 50000 2480671 182083 8293
276 393 10000 15748 200000 2334858 328529 33157
235 327 10000 16107 80000 2474469 189215 13266
62 295 10000 15414 200000 2199592 464491 33157
178 53 10000 15767 200000 2343926 320333 33157
314 79 10000 16021 80000 2438898 225714 13266
105 245 10000 16098 50000 2472566 192521 8293
85 369 10000 15975 20000 2422904 242390 3320
87 31 10001 16149 50000 2486824 178667 8293
149 396 10000 16110 80000 2475912 189693 13266
4 27 10000 16463 2500 2621294 44919 417
203 302 10000 16429 6000 2607143 59985 994
12 205 10000 16167 50000 2493681 173792 8293
168 41 10001 16154 20000 2489708 180012 3320
153 75 10000 11769 2000000 706767 1963206 331525
378 273 10000 15464 200000 2220691 449340 33157
278 110 10000 16133 80000 2482323 187711 13266
19 65 10000 16471 6000 2623432 46640 994
271 219 10000 16365 10000 2581713 89247 1660
207 166 10000 16047 80000 2453150 217814 13266
289 260 10000 15904 30000 2391134 280237 4972
282 26 10000 10013 2000000 7541 2665010 331525
287 109 10000 16146 50000 2486405 186928 8293
8 325 10000 16052 80000 2455277 218917 13266
299 226 10000 16245 20000 2525828 148798 3320
95 235 10000 16101 80000 2473340 201441 13266
383 302 10000 15807 200000 2359093 316070 33157
143 141 10000 16539 2500 2652080 24160 417
291 259 10000 15535 200000 2250625 426149 33157
375 304 10000 16385 10000 2589029 87819 1660
262 293 10000 16161 80000 2492464 185743 13266
144 202 10000 16379 10000 2587804 91044 1660
190 178 10000 16479 6000 2626275 54649 994
120 61 10000 16509 2100 2639813 42097 353
157 212 10000 16120 30000 2479042 203781 4972
394 115 10000 16279 30000 2543346 141084 4972
136 316 10000 16207 50000 2510939 174114 8293
388 56 10000 16074 50000 2461881 223232 8293
11 120 10001 15868 80000 2376994 308524 13266
268 36 10000 16162 50000 2493014 192512 8293
132 9 10000 15734 200000 2327472 358546 33157
150 308 10000 13274 1000000 1321794 1364252 165762
47 216 10000 15620 200000 2281484 405718 33157
130 145 10000 16024 20000 2440100 248467 3320
57 75 10000 16316 20000 2561251 128200 3320
274 88 10000 16096 80000 2471987 217517 13266
282 145 10000 16172 20000 2495023 194501 3320
373 149 10000 16283 30000 2545669 145012 4972
361 239 10000 16398 10000 2594396 96401 1660
22 287 10000 16164 80000 2493181 198328 13266
298 189 10000 16077 80000 2463006 228566 13266
379 260 10001 16297 30000 2552907 138787 4972
368 58 10000 14038 1000000 1648106 1045771 165762
108 185 10000 16535 6000 2651195 44336 994
217 155 10000 16130 80000 2481511 217323 13266
134 148 10000 11800 2000000 719505 1979387 331525
280 281 10000 13440 1000000 1397958 1302148 165762
92 263 10000 15758 50000 2339833 360391 8293
187 349 10000 15861 80000 2375844 324432 13266
384 264 10000 11432 1000000 571556 2128859 165762
147 59 10000 16258 50000 2532656 168326 8293
292 300 10000 16175 80000 2496667 204551 13266
103 297 10000 16293 30000 2551204 150414 4972
259 156 10000 16275 30000 2541359 160759 4972
279 280 10000 16053 80000 2455351 246956 13266
399 56 10000 16522 6000 2646824 56174 994
260 321 10000 16494 2500 2635440 67996 417
130 97 10000 14956 200000 2011881 691932 33157
76 149 10000 16570 2500 2659139 45412 417
97 250 10000 16520 2100 2645873 58879 353
211 15 10000 16250 50000 2527792 177064 8293
143 79 10000 16208 50000 2511311 193865 8293
198 70 10000 16231 50000 2518582 187129 8293
342 161 10000 16585 2500 2664185 42353 417
243 25 10000 16099 80000 2472877 233864 13266
351 16 10000 16564 6000 2658228 49205 994
157 296 10000 16177 30000 2496817 210725 4972
2 138 10000 16576 2500 2661032 47222 417
107 361 10000 16212 50000 2513103 195297 8293
231 224 10000 16652 2500 2688083 21774 417
308 217 10001 16323 30000 2565290 144753 4972
157 242 10000 16093 20000 2470989 239768 3320
317 20 10000 16596 2500 2668681 42479 417
169 128 10000 13481 1000000 1414354 1296843 165762
261 136 10000 16249 80000 2527754 183600 13266
51 125 10000 16251 50000 2529301 182137 8293
245 275 10001 16565 6000 2658500 54172 994
357 241 10000 16356 30000 2578470 134747 4972
219 80 10000 14346 1000000 1762294 951685 165762
177 29 10000 16558 6000 2656024 58328 994
275 171 10000 15514 80000 2239200 475371 13266
131 166 10000 16353 30000 2577614 137322 4972
252 118 10000 16482 10000 2628623 86796 1660
287 60 10000 15981 200000 2425809 289732 33157
144 177 10000 16346 30000 2574510 141645 4972
147 271 10000 11739 2000000 697240 2019191 331525
271 386 10000 16384 20000 2589014 127628 3320
111 272 10000 16568 6000 2659114 58768 994
49 332 10000 16141 50000 2485287 232631 8293
318 344 10000 14931 200000 2003357 717015 33157
321 17 10000 16352 30000 2576897 143518 4972
319 281 10000 16454 10000 2617708 102711 1660
247 144 10000 16268 50000 2537768 182793 8293
306 95 10000 15425 80000 2203143 519455 13266
122 308 10000 12940 1000000 1190257 1532843 165762
41 392 10000 16587 2500 2665210 58659 417
135 107 10001 16485 10000 2630136 93991 1660
272 373 10000 16198 80000 2507192 218006 13266
117 202 10000 16632 6000 2680368 45170 994
19 160 10000 16222 80000 2516295 210044 13266
19 179 10000 16243 80000 2524879 201707 13266
253 306 10000 16493 10000 2634698 92677 1660
365 166 10000 16405 20000 2598279 132816 3320
175 10 10000 16193 30000 2503710 227583 4972
233 21 10000 15719 200000 2321009 410718 33157
116 307 10000 16504 10000 2637822 94562 1660
103 83 10000 16648 2100 2686837 45704 353
319 215 10000 15958 200000 2413744 318822 33157
107 105 10000 14750 1000000 1926243 806673 165762
252 124 10000 16397 30000 2593652 139602 4972
285 133 10000 12959 1000000 1198088 1535416 165762
67 92 10000 13765 1000000 1534227 1200403 165762
67 181 10000 16329 30000 2567754 167846 4972
163 90 10000 13785 1000000 1543363 1192514 165762
289 150 10000 15627 80000 2282822 453910 13266
5 251 10000 16404 20000 2596731 140018 3320
9 185 10000 16423 30000 2603710 133358 4972
96 144 10000 13070 1000000 1242660 1495130 165762
67 273 10000 16627 6000 2678466 59836 994
116 328 10000 16660 2100 2691284 47648 353
3 226 10000 16420 30000 2602133 137091 4972
298 224 10000 16653 6000 2688646 51003 994
227 184 10000 16540 10000 2652144 88017 1660
396 79 10000 16518 10000 2645749 95009 1660
324 349 10000 16335 50000 2570029 172868 8293
248 243 10000 16547 50000 2654277 89480 8293
117 190 10000 16531 10000 2650706 93192 1660
296 210 10000 14421 1000000 1793556 950907 165762
323 204 10000 16266 30000 2536546 208471 4972
49 356 10000 16226 50000 2516802 228585 8293
157 133 10000 15729 50000 2325474 420730 8293
177 10 10000 16435 20000 2610367 136272 3320
399 101 10000 15379 200000 2186856 559976 33157
253 43 10000 16272 50000 2540050 207343 8293
100 235 10000 16340 50000 2572603 175875 8293
63 255 10000 16108 30000 2474881 274075 4972
305 341 10001 13956 1000000 1615525 1134591 165762
26 24 10000 14494 80000 1826828 924908 13266
100 324 10000 16592 10000 2666781 85379 1660
360 301 10000 16708 2500 2707278 45205 417
283 212 10000 16579 10000 2662842 89878 1660
379 132 10000 15869 200000 2377080 375680 33157
49 94 10000 14074 1000000 1663190 1090246 165762
166 16 10000 16450 20000 2615840 137680 3320
2 209 10000 16337 50000 2571958 181830 8293
133 88 10000 16328 80000 2567605 186804 13266
54 106 10000 14990 200000 2019957 734814 33157
186 69 10000 13461 1000000 1407026 1347899 165762
83 335 10000 10222 2000000 85099 2671220 331525
158 111 10000 14079 1000000 1663850 1093370 165762
91 354 10000 16408 30000 2598678 158589 4972
289 396 10000 15910 80000 2393117 365216 13266
352 253 10000 16360 30000 2580058 178524 4972
295 117 10000 16460 30000 2618990 141042 4972
177 321 10000 16714 6000 2708766 51283 994
30 100 10000 16473 30000 2624085 136803 4972
296 341 10000 16731 6000 2715648 45626 994
194 3 10000 15791 200000 2352919 410251 33157
397 339 10000 16206 80000 2510678 252974 13266
45 312 10000 15167 200000 2095836 668377 33157
196 382 10000 16391 30000 2592152 173047 4972
148 141 10000 16609 50000 2671669 94213 8293
270 93 10000 16300 50000 2553324 212675 8293
263 347 10000 16364 80000 2580971 186974 13266
63 299 10000 16144 30000 2485692 282555 4972
330 151 10000 16400 30000 2595668 172766 4972
70 177 10000 16034 80000 2447373 322870 13266
203 197 10000 15480 200000 2226747 543528 33157
292 45 10000 16757 2500 2726656 45223 417
191 24 10000 16753 2500 2724397 47993 417
129 182 10000 16376 80000 2586388 186880 13266
208 65 10000 16333 80000 2569653 204055 13266
377 69 10000 13947 1000000 1612188 1162418 165762
103 291 10000 12900 1000000 1176379 1599082 165762
134 183 10000 16399 50000 2594720 181140 8293
131 322 10000 16512 20000 2642851 133057 3320
294 118 10000 16409 50000 2598802 179983 8293
139 97 10000 16396 80000 2593516 185774 13266
341 50 10000 16223 80000 2516515 263031 13266
395 240 10000 14252 1000000 1733196 1046432 165762
20 341 10000 16507 30000 2638949 140883 4972
242 210 10000 16724 2100 2712282 69256 353
89 183 10000 16762 6000 2728852 52929 994
311 323 10000 15090 1000000 2064263 719511 165762
92 111 10000 16692 6000 2701750 82486 994
235 339 10000 16434 50000 2609944 174481 8293
62 149 10000 12722 1000000 1103580 1681768 165762
95 228 10000 14039 1000000 1648847 1136539 165762
128 65 10000 16806 2100 2744329 41640 353
18 52 10000 16517 30000 2645409 141824 4972
323 353 10000 16320 80000 2563309 224088 13266
205 217 10000 16750 10000 2724056 63883 1660
111 50 10000 15586 80000 2266983 521029 13266
182 151 10000 16551 30000 2654767 133360 4972
76 136 10000 16562 30000 2657640 132682 4972
302 384 10000 16410 80000 2599958 190572 13266
303 256 10000 16783 2500 2737215 53774 417
148 2 10000 16523 30000 2647433 143805 4972
191 294 10000 16326 80000 2567242 225089 13266
249 273 10000 16219 80000 2515365 277201 13266
329 149 10000 16803 2500 2743802 49667 417
3 310 10000 16366 80000 2582341 211528 13266
224 166 10000 16710 10000 2708049 86001 1660
276 142 10000 14649 1000000 1884448 910528 165762
97 376 10000 15917 80000 2395462 400005 13266
172 212 10000 15712 200000 2318124 477850 33157
1 353 10000 16458 50000 2618652 177397 8293
356 165 10000 16476 30000 2625918 170803 4972
36 53 10000 16269 80000 2537847 259237 13266
192 261 10000 16807 2500 2744813 52323 417
369 55 10000 16545 30000 2653300 143866 4972
247 363 10000 16720 10000 2711187 86510 1660
287 302 10000 16581 30000 2663130 135142 4972
136 119 10000 16459 50000 2618843 179494 8293
369 159 10000 16694 10000 2702996 95406 1660
232 342 10000 16447 50000 2614976 184312 8293
23 155 10000 11689 2000000 677578 2122093 331525
88 197 10000 16347 80000 2575322 225039 13266
153 340 10000 16577 30000 2661156 139734 4972
334 112 10000 16417 80000 2601709 199554 13266
36 86 10000 15504 200000 2236607 564750 33157
173 279 10000 15543 200000 2253159 548366 33157
210 220 10001 15650 80000 2294864 506980 13266
294 165 10000 16605 20000 2670964 132071 3320
131 45 10000 16626 20000 2677892 127230 3320
24 26 10000 16080 200000 2464990 340306 33157
391 214 10000 16589 30000 2666625 138831 4972
352 124 10000 16100 80000 2473120 332903 13266
377 360 10000 16833 10000 2758637 47432 1660
58 312 10000 16530 30000 2650343 155962 4972
327 317 10000 16137 200000 2483201 325394 33157
398 107 10000 16698 10000 2704391 104648 1660
30 229 10000 16729 10000 2713236 96406 1660
292 324 10000 16503 50000 2637411 172484 8293
209 350 10000 16606 20000 2671147 139565 3320
371 387 10000 16553 30000 2655302 156057 4972
296 65 10000 16590 30000 2666667 145251 4972
367 14 10000 16749 10000 2723056 89541 1660
340 176 10000 16857 2100 2768368 44744 353
112 113 10000 16919 2100 2791548 21605 353
372 275 10000 13381 1000000 1368902 1444283 165762
22 231 10000 13545 1000000 1442443 1370820 165762
140 248 10000 16634 20000 2680942 132326 3320
157 257 10000 15838 200000 2368607 444920 33157
372 26 10000 16862 2500 2770261 43429 417
38 158 10000 16574 30000 2659729 153992 4972
168 377 10000 16814 6000 2749891 63900 994
73 54 10000 16855 2500 2766755 47461 417
273 140 10000 16612 30000 2673067 141639 4972
75 28 10000 16866 2500 2772474 42504 417
120 150 10000 12286 1000000 924015 1891948 165762
325 6 10000 16554 30000 2655486 161007 4972
18 219 10000 16599 20000 2668958 147839 3320
122 151 10000 16386 50000 2589323 229431 8293
13 280 10000 16418 80000 2601809 217018 13266
118 146 10000 16468 80000 2623210 196354 13266
72 136 10000 12682 1000000 1088337 1731616 165762
269 373 10000 16280 80000 2544733 275517 13266
235 313 10000 16876 2500 2775028 45267 417
45 198 10000 14955 80000 2011853 808871 13266
109 361 10000 12594 2000000 1053709 1767425 331525
83 1 10000 12216 1000000 898551 1922726 165762
339 190 10000 13454 1000000 1404170 1418082 165762
7 243 10000 16521 50000 2646771 175666 8293
134 241 10000 16237 80000 2522938 300338 13266
263 332 10000 16666 30000 2693160 131016 4972
63 358 10000 16036 80000 2449554 376065 13266
146 101 10000 16532 30000 2650801 175173 4972
355 383 10002 16788 10000 2739712 86599 1660
219 46 10000 16481 80000 2628017 199159 13266
394 87 10000 16233 80000 2518895 308349 13266
280 167 10000 16181 200000 2499584 328838 33157
241 228 10000 16668 30000 2694958 133892 4972
325 100 10000 16394 80000 2593270 235932 13266
114 48 10000 16552 50000 2655032 174183 8293
205 29 10000 16843 6000 2761461 68315 994
326 67 10000 16556 50000 2655743 174072 8293
211 88 10000 10853 2000000 329312 2501011 331525
257 316 10000 14689 1000000 1897761 933104 165762
377 123 10000 16645 30000 2685316 145584 4972
184 399 10000 16622 10000 2675886 158447 1660
257 288 10000 16677 30000 2698277 136613 4972
298 140 10000 11395 2000000 549802 2286221 331525
327 239 10000 16785 10000 2737388 98736 1660
40 79 10000 12918 1000000 1182811 1654312 165762
39 45 10000 16559 50000 2656135 181454 8293
31 380 10000 16561 50000 2657360 181667 8293
379 217 10000 16257 80000 2531816 307401 13266
398 43 10000 12980 2000000 1208203 1631311 331525
203 87 10000 16123 80000 2480202 359689 13266
182 249 10000 16905 2100 2788220 52143 353
121 6 10000 16527 50000 2649676 190897 8293
28 292 10000 16924 2500 2793576 47908 417
311 23 10000 15832 200000 2366949 475091 33157
20 312 10000 16524 50000 2649048 193628 8293
19 38 10000 16942 2500 2799743 42975 417
47 321 10001 16914 2500 2790032 52958 417
71 72 10000 15112 1000000 2072030 771717 165762
378 302 10000 16563 50000 2657728 187038 8293
122 331 10000 16836 10000 2759675 86071 1660
141 248 10000 16725 20000 2712426 133801 3320
171 21 10000 16603 50000 2669807 176815 8293
381 366 10000 16955 2500 2805491 42689 417
244 139 10000 12079 1000000 835605 2012760 165762
350 111 10000 16620 50000 2675185 173414 8293
373 159 10000 16419 50000 2601840 247061 8293
378 294 10000 13073 1000000 1243090 1606136 165762
168 68 10000 16912 6000 2789641 59727 994
92 359 10000 15984 80000 2426515 423578 13266
306 389 10000 16430 20000 2608413 242780 3320
171 347 10000 16448 50000 2615290 237897 8293
355 9 10000 16952 2100 2804347 49158 353
223 304 10000 16470 80000 2623335 230938 13266
312 344 10000 16664 30000 2692609 162483 4972
372 358 10000 16543 80000 2652462 202694 13266
304 31 10000 15816 200000 2361931 493330 33157
277 178 10001 16601 80000 2669529 186357 13266
347 169 10000 16752 30000 2724299 131625 4972
396 39 10000 16433 80000 2608704 247396 13266
242 348 10000 16483 30000 2628936 228073 4972
105 299 10000 16496 80000 2636036 221822 13266
397 202 10000 16747 20000 2722962 134951 3320
100 359 10000 16499 80000 2636829 221202 13266
340 308 10000 16644 50000 2684581 173667 8293
118 213 10000 16950 6000 2803739 54665 994
98 279 10000 16975 6000 2812950 45860 994
317 205 10000 16709 30000 2707989 150891 4972
368 205 10000 16421 80000 2602260 256776 13266
77 35 10000 16513 30000 2643260 215936 4972
39 335 10000 13860 1000000 1575505 1285151 165762
236 250 10000 16705 30000 2706242 154674 4972
296 188 10000 16427 80000 2606077 256116 13266
339 306 10000 16271 80000 2539271 323217 13266
290 374 10000 16633 80000 2680758 182661 13266
38 12 10000 16867 10000 2772550 91435 1660
211 89 10000 16769 30000 2730855 134797 4972
230 26 10001 16993 2100 2820414 47005 353
324 237 10000 16654 50000 2688889 178547 8293
181 23 10000 16875 10000 2773980 94701 1660
167 365 10000 16738 30000 2717691 151149 4972
196 12 10000 13416 1000000 1387193 1482616 165762
103 216 10000 15874 200000 2378650 492135 33157
64 350 10000 17011 2500 2828243 42924 417
160 343 10000 16477 80000 2626028 245471 13266
157 92 10000 16678 30000 2698306 173520 4972
151 389 10001 16357 200000 2579176 293179 33157
281 378 10000 16278 80000 2542573 330173 13266
351 68 10000 17012 2500 2828343 44956 417
359 319 10000 14242 1000000 1728235 1147331 165762
315 47 10000 16672 50000 2696544 179541 8293
168 54 10000 16331 80000 2568067 309549 13266
27 253 10000 16474 50000 2624217 253790 8293
8 3 10000 17089 2500 2856342 21900 417
336 380 10000 16643 30000 2684163 194712 4972
150 80 10000 16774 30000 2734320 144980 4972
383 95 10000 16572 80000 2659493 219827 13266
231 71 10000 16892 10000 2785094 94314 1660
21 306 10000 17030 6000 2833289 46300 994
356 364 10000 16506 80000 2638628 241326 13266
340 249 10000 17023 6000 2832162 49747 994
286 70 10000 16670 50000 2695517 186717 8293
53 83 10000 16661 50000 2691948 190347 8293
173 273 10000 16538 50000 2652030 230776 8293
289 7 10000 16608 20000 2671599 211867 3320
187 278 10000 16715 50000 2709348 174584 8293
243 276 10000 16673 80000 2696963 187375 13266
245 15 10000 16696 50000 2703267 181475 8293
184 177 10000 10168 2000000 63191 2822049 331525
43 151 10000 16926 10000 2794134 91315 1660
390 269 10000 16690 20000 2701204 185730 3320
359 100 10001 16713 50000 2708530 181203 8293
258 142 10000 16827 20000 2754614 135224 3320
388 73 10000 16650 80000 2687770 203213 13266
32 326 10000 16830 30000 2756352 136361 4972
58 37 10000 16492 80000 2634517 258201 13266
320 41 10000 16695 80000 2703013 189744 13266
248 323 10000 17049 6000 2841866 51480 994
326 399 10000 16852 20000 2765472 128035 3320
72 396 10000 13792 1000000 1546902 1347838 165762
287 396 10000 16825 20000 2753558 142228 3320
356 66 10000 14164 1000000 1696997 1199793 165762
158 312 10000 16851 20000 2765208 131706 3320
14 164 10000 11864 2000000 748784 2148493 331525
132 280 10000 16667 80000 2694685 202697 13266
322 149 10000 16703 50000 2705676 191788 8293
167 232 10000 16625 80000 2677697 220265 13266
257 205 10000 16092 200000 2470572 429705 33157
373 136 10002 16760 50000 2728215 173393 8293
377 30 10000 16615 80000 2673578 228032 13266
348 63 10000 16734 50000 2716920 184895 8293
158 63 10000 16962 10000 2808997 94233 1660
185 142 10000 16700 80000 2704785 198519 13266
295 210 10000 17064 2500 2846849 56737 417
136 213 10000 17058 6000 2844936 59384 994
383 159 10000 16607 80000 2671451 232910 13266
255 340 10000 16675 80000 2697463 207504 13266
259 301 10000 16854 30000 2766622 138428 4972
78 27 10000 16873 30000 2773257 132630 4972
166 310 10000 16860 30000 2768951 137975 4972
123 302 10000 16282 80000 2545415 362274 13266
338 90 10000 16994 10000 2820509 88083 1660
245 339 10000 14064 1000000 1657566 1251985 165762
204 112 10000 16872 30000 2773022 137110 4972
10 282 10000 17082 6000 2855228 56225 994
361 223 10000 17099 6000 2861309 50216 994
271 393 10000 16984 10000 2817666 94043 1660
256 69 10000 16776 50000 2734800 176933 8293
259 287 10000 17124 2500 2869170 42993 417
190 39 10000 16739 30000 2719005 194507 4972
178 97 10000 16903 20000 2788104 125977 3320
264 383 10000 16196 80000 2506353 408068 13266
17 285 10000 16526 80000 2649544 265053 13266
56 235 10000 17111 2500 2864643 50987 417
235 145 10000 16584 80000 2663711 252834 13266
251 8 10000 10636 2000000 243835 2672768 331525
141 206 10000 16759 50000 2727740 189539 8293
19 357 10000 17020 10000 2831624 86208 1660
107 304 10000 17134 2500 2873786 44841 417
16 211 10000 17127 6000 2870847 48174 994
103 150 10000 16846 30000 2762856 156856 4972
206 288 10000 16484 80000 2629834 290487 13266
115 127 10000 14940 200000 2007393 913034 33157
228 7 10000 16768 80000 2730772 189774 13266
158 55 10000 16621 80000 2675541 245246 13266
110 65 10001 16791 10000 2740896 180260 1660
115 274 10000 14022 2000000 1642723 1278723 331525
212 348 10000 17149 2500 2879543 42212 417
331 306 10000 16886 30000 2780869 140903 4972
80 397 10000 16740 50000 2719489 202646 8293
286 227 10000 16640 80000 2682492 239962 13266
293 324 10000 16908 20000 2789285 133202 3320
365 397 10000 16889 30000 2782611 139970 4972
81 269 10000 16693 50000 2702903 220211 8293
16 142 10000 16923 30000 2793242 130885 4972
203 394 10000 16712 50000 2708511 215762 8293
53 176 10000 17146 6000 2878544 46231 994
200 183 10000 16537 80000 2651695 273134 13266
314 97 10000 17143 6000 2877699 47851 994
143 315 10000 17157 2500 2882054 43939 417
170 251 10000 17014 10000 2828970 98310 1660
225 201 10000 16631 30000 2680245 247374 4972
327 8 10000 16932 20000 2796870 131856 3320
147 48 10000 16808 50000 2745004 183941 8293
222 29 10000 16831 30000 2757570 171537 4972
184 211 10001 16158 200000 2491823 438723 33157
197 22 10000 12622 2000000 1064325 1866247 331525
281 304 10000 16487 80000 2630963 299842 13266
31 215 10000 16790 50000 2740327 190577 8293
147 292 10000 17163 2100 2884610 46612 353
313 154 10000 15554 200000 2255617 675928 33157
42 117 10000 16943 30000 2799893 132430 4972
151 58 10000 16727 50000 2712660 219950 8293
361 87 10000 16220 200000 2515416 418040 33157
269 299 10000 10232 2000000 88216 2845564 331525
104 260 10000 14100 1000000 1673121 1261052 165762
226 166 10000 17182 6000 2892407 43180 994
314 100 10000 17171 6000 2886584 50310 994
115 66 10000 16426 30000 2605258 332116 4972
26 322 10000 16188 50000 2502417 435456 8293
139 279 10000 16804 80000 2743845 194256 13266
198 152 10000 17176 2500 2891438 46684 417
347 65 10000 16911 30000 2789601 148858 4972
284 37 10000 16797 50000 2742267 196252 8293
219 261 10000 16796 80000 2742010 196744 13266
210 108 10001 16588 50000 2665566 274740 8293
254 289 10000 17194 2500 2897291 43183 417
163 205 10000 16842 50000 2761406 179149 8293
123 365 10000 16685 30000 2699732 241349 4972
342 168 10001 16711 80000 2708078 233603 13266
146 334 10000 16569 80000 2659124 285762 13266
94 280 10000 16945 30000 2801718 143746 4972
80 344 10000 13811 1000000 1554467 1391954 165762
124 339 10000 17206 6000 2902995 44167 994
110 374 10000 16424 80000 2603917 343459 13266
312 13 10000 14663 1000000 1889078 1058676 165762
262 373 10000 16963 30000 2810155 138129 4972
219 279 10000 16947 30000 2802843 146646 4972
161 138 10000 17213 6000 2905427 44080 994
301 240 10000 16824 50000 2753450 196287 8293
282 105 10000 15818 200000 2362216 588368 33157
52 328 10000 13399 1000000 1380675 1570768 165762
192 219 10000 17218 6000 2906788 44875 994
108 143 10000 14124 1000000 1682777 1269352 165762
111 151 10000 16775 50000 2734796 217622 8293
190 305 10000 16595 80000 2668523 284471 13266
72 272 10000 16191 200000 2503042 450654 33157
264 109 10000 16684 80000 2699446 254532 13266
80 149 10000 16490 50000 2632368 321838 8293
111 317 10000 16820 50000 2753246 201979 8293
166 128 10000 16754 80000 2724919 230373 13266
141 192 10000 13654 2000000 1485112 1470210 331525
370 153 10000 12399 2000000 974625 1981713 331525
227 202 10001 16178 200000 2497617 459542 33157
279 246 10000 16859 50000 2768853 188707 8293
62 318 10000 16879 50000 2775825 181961 8293
224 66 10000 16868 80000 2772570 185264 13266
277 337 10000 16900 50000 2787155 170921 8293
13 120 10000 17003 30000 2823738 134605 4972
203 315 10000 16969 30000 2811398 147065 4972
75 190 10000 17007 30000 2826109 132700 4972
98 399 10001 17243 2500 2916146 43431 417
31 65 10000 17029 20000 2832839 127758 3320
92 360 10000 12811 2000000 1136812 1824240 331525
240 355 10000 17203 2100 2901804 59636 353
190 368 10000 16744 50000 2721128 240506 8293
15 290 10000 11879 2000000 757485 2204184 331525
302 211 10000 13467 1000000 1407792 1555275 165762
49 13 10001 17080 10000 2854800 108438 1660
240 218 10000 16904 30000 2788174 175235 4972
94 396 10000 10746 2000000 292708 2671292 331525
60 355 10000 16964 30000 2810204 154009 4972
101 211 10000 17001 30000 2822476 141834 4972
192 93 10000 16915 50000 2790304 174391 8293
342 206 10000 11212 2000000 474737 2489960 331525
254 342 10000 16861 80000 2769058 196032 13266
221 79 10000 17221 2100 2907424 60086 353
10 312 10000 17016 30000 2830018 138907 4972
164 37 10000 13701 1000000 1508769 1461105 165762
274 224 10000 17041 30000 2837855 132286 4972
89 12 10000 16909 50000 2789343 181494 8293
148 169 10000 17005 30000 2824531 146469 4972
133 67 10000 16845 50000 2762669 208406 8293
105 307 10000 16890 80000 2783063 188046 13266
184 50 10000 16841 30000 2761226 210366 4972
322 200 10000 16566 80000 2658779 313726 13266
159 184 10000 16766 80000 2730431 242555 13266
221 247 10000 12440 1000000 990822 1982386 165762
92 356 10000 16372 80000 2585426 388083 13266
19 331 10000 17051 20000 2842264 131903 3320
391 178 10000 16970 30000 2811698 162800 4972
97 271 10000 16165 200000 2493512 481315 33157
68 159 10000 17251 6000 2918831 55996 994
398 27 10000 16920 50000 2791684 183436 8293
210 292 10000 14104 1000000 1674020 1301393 165762
157 346 10000 16937 50000 2798751 177986 8293
189 39 10000 13738 1000000 1523413 1453649 165762
259 230 10000 17047 30000 2840233 137289 4972
398 95 10000 17258 6000 2922491 55686 994
222 179 10000 16446 200000 2614800 363925 33157
235 153 10000 17068 30000 2848114 130655 4972
289 232 10000 16802 30000 2743669 235434 4972
372 35 10001 16313 200000 2559730 419475 33157
138 201 10000 17022 30000 2831938 147698 4972
362 104 10000 14070 1000000 1659883 1320803 165762
125 29 10000 14935 200000 2004955 977098 33157
317 71 10000 16849 80000 2764225 219625 13266
228 331 10000 16764 80000 2728869 256158 13266
389 243 10000 17297 6000 2940045 46007 994
116 9 10000 16880 50000 2775855 210203 8293
238 217 10000 16965 50000 2810446 175804 8293
39 379 10000 16930 50000 2795825 190595 8293
305 319 10000 17200 50000 2899945 86551 8293
59 174 10000 16784 80000 2737260 249307 13266
30 375 10000 17204 10000 2902031 84831 1660
65 172 10000 16486 200000 2630211 356760 33157
313 375 10000 14239 1000000 1727657 1259332 165762
240 38 10000 16828 50000 2755068 232336 8293
335 188 10000 12894 2000000 1174099 1814253 331525
81 155 10000 16848 50000 2764008 225313 8293
190 121 10000 17135 10000 2873826 116333 1660
297 59 10000 17091 20000 2859016 131186 3320
5 74 10000 16910 80000 2789535 201014 13266
387 95 10000 16956 80000 2805537 185735 13266
219 37 10000 16935 80000 2798411 192936 13266
198 89 10000 16936 50000 2798427 193121 8293
307 238 10000 17071 20000 2850107 142325 3320
153 42 10000 17088 30000 2856330 136608 4972
152 150 10000 17361 2500 2967972 25063 417
110 362 10000 16732 30000 2715918 277750 4972
391 344 10000 14608 1000000 1868333 1128760 165762
89 88 10000 17247 30000 2918061 79669 4972
39 44 10000 17306 6000 2948355 50111 994
372 250 10000 17322 2100 2953997 44889 353
211 344 10000 17116 30000 2866325 132758 4972
375 37 10000 17069 30000 2848359 151140 4972
330 145 10000 17083 30000 2855344 144573 4972
81 386 10000 16813 50000 2749728 250488 8293
281 308 10000 16874 30000 2773865 226982 4972
14 204 10000 17293 6000 2937743 63162 994
63 193 10000 13385 1000000 1372185 1629735 165762
78 197 10000 17098 20000 2861140 140971 3320
143 252 10000 17128 30000 2871102 131203 4972
17 385 10000 16929 30000 2795510 206817 4972
294 321 10000 17112 30000 2865634 136989 4972
66 16 10000 16614 200000 2673281 329415 33157
27 150 10000 16511 200000 2642595 360233 33157
231 260 10000 17070 30000 2850033 153108 4972
139 323 10000 17109 30000 2864430 139093 4972
93 271 10001 16809 80000 2745530 259008 13266
386 25 10000 17309 6000 2949051 56703 994
375 178 10000 16722 200000 2711591 294505 33157
101 374 10000 16881 80000 2777488 229664 13266
9 101 10000 17017 50000 2830078 177493 8293
275 335 10000 16462 50000 2621033 387871 8293
254 387 10000 17087 30000 2856307 154567 4972
378 250 10000 17331 6000 2956319 54602 994
204 11 10000 13919 1000000 1597203 1414055 165762
314 101 10000 17133 30000 2873686 137616 4972
204 153 10000 16997 50000 2821783 189960 8293
67 230 10000 16475 200000 2624895 388358 33157
386 203 10000 17354 6000 2965666 47614 994
310 391 10000 16746 30000 2722719 292157 4972
273 354 10000 11306 2000000 513187 2502315 331525
374 317 10000 17033 50000 2834673 181856 8293
177 148 10000 17019 50000 2831209 185322 8293
75 198 10000 17013 50000 2828518 188373 8293
330 126 10000 17148 30000 2879160 137783 4972
355 237 10000 17026 50000 2832294 185539 8293
195 63 10000 17015 50000 2829532 190030 8293
394 308 10000 17137 30000 2874553 145548 4972
389 284 10000 16958 50000 2805609 214963 8293
363 111 10000 17045 80000 2839087 182029 13266
26 64 10000 16319 80000 2563197 458191 13266
54 378 10000 17290 6000 2936730 84816 994
335 134 10000 16844 50000 2762347 259443 8293
195 217 10000 16949 50000 2803220 218883 8293
223 226 10000 17326 20000 2954642 68160 3320
389 153 10000 16957 80000 2805561 217277 13266
335 220 10000 17166 30000 2884825 138931 4972
64 368 10000 17195 20000 2897446 127404 3320
151 244 10000 14276 1000000 1738989 1285935 165762
308 55 10000 10212 2000000 81100 2944458 331525
320 13 10000 16265 200000 2536435 489943 33157
48 65 10000 17043 80000 2838123 188333 13266
40 275 10000 17008 20000 2827430 199426 3320
265 329 10000 16628 200000 2679609 347862 33157
1 277 10000 16630 200000 2679763 348720 33157
236 158 10000 16639 200000 2682182 346572 33157
205 274 10000 16516 200000 2645347 383679 33157
274 144 10000 17175 20000 2889385 139937 3320
112 223 10000 17086 50000 2856222 173530 8293
140 254 10000 17028 80000 2832517 197505 13266
100 275 10001 17048 80000 2841766 188303 13266
398 364 10000 16987 80000 2818316 211942 13266
0 371 10000 14202 1000000 1711045 1319776 165762
307 25 10001 16341 200000 2572860 458000 33157
347 79 10000 17021 50000 2831669 199337 8293
210 186 10000 16884 50000 2779405 251605 8293
245 208 10000 16246 200000 2526235 508302 33157
49 70 10000 17057 50000 2844802 190460 8293
16 392 10000 17054 80000 2843361 192105 13266
367 51 10000 17059 80000 2845276 191537 13266
239 106 10000 17284 10000 2932747 104327 1660
30 371 10000 17179 20000 2891986 145682 3320
45 161 10000 16665 80000 2692629 345092 13266
231 146 10000 17311 10000 2949918 88083 1660
65 177 10000 16624 80000 2676976 361130 13266
123 322 10000 16885 20000 2780548 259147 3320
275 180 10000 13239 1000000 1308891 1730969 165762
265 76 10000 15823 200000 2364311 675634 33157
35 163 10000 17055 80000 2843370 196971 13266
115 226 10000 17418 2500 2988208 52299 417
230 89 10000 16671 80000 2695792 344733 13266
398 108 10000 13234 1000000 1307481 1733989 165762
1 393 10000 17307 10000 2948406 93306 1660
250 154 10000 17038 80000 2836117 205981 13266
82 297 10000 17196 20000 2897927 144209 3320
60 6 10000 17439 6000 2996333 46783 994
323 293 10000 17432 2500 2993891 49295 417
110 131 10000 16823 20000 2753348 290241 3320
258 375 10000 17191 30000 2895695 149549 4972
258 308 10000 17115 50000 2866275 180433 8293
104 307 10000 17245 30000 2916983 129959 4972
67 258 10000 16891 80000 2783538 263699 13266
347 36 10000 17152 30000 2880407 168876 4972
333 249 10000 17110 50000 2864445 185350 8293
191 293 10000 17222 30000 2907654 142175 4972
57 381 10000 17250 30000 2918713 132930 4972
183 45 10000 17202 30000 2901642 150004 4972
143 181 10000 16358 200000 2579450 472739 33157
7 319 10000 17267 20000 2924829 127740 3320
370 27 10000 17168 20000 2885273 167352 3320
238 74 10000 17155 50000 2880832 172780 8293
67 134 10000 17154 30000 2880575 173773 4972
17 361 10000 16878 80000 2775074 280353 13266
147 87 10000 16988 80000 2818346 237367 13266
172 152 10000 17471 6000 3008851 46899 994
197 80 10000 16464 200000 2621300 434585 33157
244 84 10000 16387 80000 2591083 465670 13266
361 181 10000 16990 80000 2818756 239078 13266
358 329 10000 12371 1000000 965261 2092775 165762
176 199 10001 17436 6000 2995097 64183 994
20 90 10000 17399 2500 2982885 77000 417
347 387 10000 17489 2500 3016418 43721 417
328 370 10000 17077 80000 2854166 206138 13266
140 10 10000 17271 20000 2925651 134679 3320
367 50 10000 17461 6000 3005334 57119 994
60 195 10001 17473 6000 3009194 53648 994
368 68 10000 17231 30000 2910859 152519 4972
86 47 10000 17052 80000 2842643 221310 13266
321 126 10000 17503 2500 3020863 44252 417
90 117 10000 17131 80000 2872905 192244 13266
355 143 10000 17492 6000 3017740 47873 994
30 158 10000 17513 2100 3024976 42806 353
74 299 10000 17056 50000 2843513 224596 8293
329 99 10000 17165 50000 2884752 183530 8293
48 84 10000 17151 50000 2880343 188382 8293
396 394 10000 17302 50000 2946932 123182 8293
80 188 10000 17237 30000 2914062 156167 4972
198 58 10000 13783 1000000 1542798 1528146 165762
320 201 10000 17257 30000 2922342 150579 4972
359 345 10000 17412 50000 2986508 86621 8293
393 394 10000 11862 5000000 746867 2326973 828805
290 223 10000 17415 10000 2987198 86935 1660
196 202 10000 16192 200000 2503157 571172 33157
305 164 10000 17300 20000 2945018 130826 3320
90 180 10000 17126 80000 2870690 205213 13266
211 199 10000 17530 6000 3031324 47177 994
370 115 10000 17230 20000 2910479 169295 3320
256 125 10000 17201 50000 2900790 179483 8293
151 225 10000 17177 80000 2891647 188647 13266
257 205 10001 17296 20000 2939944 140494 3320
67 345 10000 16613 200000 2673078 408163 33157
158 121 10000 17185 50000 2894061 187347 8293
399 261 10000 17421 10000 2989561 93174 1660
59 61 10000 17233 30000 2911421 172083 4972
265 282 10000 17156 50000 2881054 202478 8293
39 317 10000 17555 2500 3043569 42640 417
146 279 10000 17420 10000 2989519 97308 1660
185 318 10000 14406 1000000 1789689 1297522 165762
274 235 10000 17220 30000 2907277 180441 4972
42 248 10000 17274 30000 2928848 159701 4972
140 243 10000 17446 10000 2999089 92298 1660
275 371 10000 16780 30000 2736552 354894 4972
123 317 10000 17044 30000 2838960 253058 4972
146 126 10000 17554 6000 3043391 48731 994
162 330 10000 17320 20000 2953455 140877 3320
204 160 10000 17232 50000 2911320 183292 8293
380 112 10000 17105 80000 2863366 231255 13266
96 50 10000 17122 80000 2868454 226196 13266
49 214 10000 16610 200000 2672235 423318 33157
74 304 10000 17277 20000 2929723 166679 3320
19 264 10000 17352 30000 2964963 131738 4972
115 52 10000 17563 6000 3047369 49775 994
243 98 10000 17572 6000 3052176 45053 994
375 206 10000 17337 30000 2957582 142413 4972
317 356 10000 12190 2000000 886187 2214787 331525
84 369 10000 17585 2100 3058359 43012 353
116 166 10000 17095 50000 2860607 241335 8293
129 7 10000 17366 30000 2969683 132294 4972
69 58 10000 17576 6000 3055877 46636 994
264 208 10000 17174 50000 2889106 213761 8293
116 288 10000 17212 30000 2905293 197668 4972
398 356 10000 17588 2100 3059318 43763 353
240 21 10000 17120 80000 2867271 236115 13266
263 359 10000 17597 2100 3062255 42724 353
167 87 10000 17369 30000 2971493 133538 4972
257 367 10000 17388 20000 2978505 126607 3320
270 289 10000 17377 30000 2973810 131812 4972
52 291 10000 16701 200000 2704842 402613 33157
141 26 10000 17378 30000 2973968 134277 4972
95 156 10000 16856 80000 2768049 340539 13266
370 130 10000 17596 2100 3061891 47057 353
249 188 10000 17225 50000 2909329 199668 8293
388 97 10000 17579 2100 3056345 53327 353
256 309 10000 17512 10000 3024962 84711 1660
262 329 10000 17318 30000 2953018 157214 4972
298 136 10000 17348 30000 2964324 147473 4972
53 65 10000 17223 80000 2908603 203225 13266
128 358 10000 16931 200000 2796497 315732 33157
37 338 10000 17515 10000 3025370 88440 1660
327 184 10001 17367 30000 2970068 144635 4972
228 314 10000 17363 30000 2968312 146453 4972
146 99 10000 16388 200000 2591338 523730 33157
38 112 10001 17365 20000 2969450 146059 3320
165 218 10000 17280 80000 2929887 188326 13266
306 277 10000 12777 1000000 1123874 1994998 165762
359 54 10000 17608 6000 3071265 47768 994
395 36 10000 17178 30000 2891952 227753 4972
227 129 10000 17084 80000 2855494 264405 13266
215 326 10000 12265 1000000 916450 2203741 165762
256 17 10000 17524 10000 3029008 91201 1660
254 363 10000 17618 6000 3073499 47112 994
319 122 10000 17607 2100 3070375 50313 353
167 229 10000 17387 30000 2977413 143732 4972
105 299 10001 17298 50000 2940751 180411 8293
393 284 10000 17614 6000 3072796 49218 994
304 121 10000 17101 80000 2862335 260065 13266
68 19 10000 16508 200000 2639790 482958 33157
262 64 10000 17386 30000 2976651 146182 4972
43 29 10000 16343 200000 2574180 549399 33157
291 223 10000 17242 50000 2915858 208758 8293
232 377 10000 17229 50000 2910408 214716 8293
378 333 10000 12132 2000000 858639 2266859 331525
85 61 10000 17593 6000 3060184 65704 994
265 228 10000 17211 80000 2904552 222208 13266
106 375 10000 17382 30000 2974762 152222 4972
107 163 10000 16953 200000 2804432 322642 33157
377 211 10000 17317 50000 2952988 178191 8293
122 279 10000 17653 2500 3086614 44749 417
364 345 10000 17553 10000 3042744 89180 1660
113 273 10000 17321 20000 2953603 181132 3320
24 337 10000 17319 50000 2953036 181701 8293
134 42 10000 17295 80000 2938657 197963 13266
268 69 10000 16948 50000 2802992 334150 8293
274 196 10000 17431 30000 2993865 143288 4972
40 270 10000 12064 2000000 828757 2309942 331525
383 158 10000 17224 80000 2908808 229954 13266
170 232 10000 17383 30000 2974871 164391 4972
287 91 10000 17329 80000 2956044 183674 13266
85 206 10000 17603 6000 3068206 71673 994
7 52 10000 17364 50000 2968455 171589 8293
14 162 10000 17642 2500 3081745 58419 417
42 378 10000 17338 80000 2958154 182649 13266
100 233 10000 17094 80000 2860524 280518 13266
56 35 10000 14702 1000000 1905084 1236503 165762
182 177 10000 17244 80000 2916963 226825 13266
300 272 10000 17316 80000 2952589 191728 13266
192 18 10000 12723 2000000 1103682 2041413 331525
339 145 10000 15949 200000 2408501 737190 33157
215 139 10000 17694 2100 3102194 45073 353
70 359 10000 17443 10000 2998095 149847 1660
216 217 10000 17729 2100 3119224 28892 353
208 336 10001 14721 1000000 1913667 1235841 165762
398 26 10000 17677 6000 3096249 53594 994
334 186 10000 17672 2500 3094276 55617 417
274 378 10000 17341 50000 2960409 191632 8293
22 166 10000 17256 50000 2921628 231027 8293
65 227 10000 17589 10000 3059521 93197 1660
212 235 10000 17695 2100 3102300 50988 353
287 390 10001 17507 20000 3021753 131773 3320
195 41 10000 16817 200000 2750800 403014 33157
207 369 10000 17249 80000 2918216 236179 13266
306 216 10000 17255 80000 2920829 233622 13266
59 181 10000 17181 80000 2892346 262744 13266
397 117 10000 14588 1000000 1859141 1296202 165762
286 378 10000 13129 2000000 1262856 1893132 331525
310 351 10000 12351 1000000 955697 2200622 165762
223 105 10000 17279 80000 2929873 226709 13266
203 323 10000 17397 30000 2981905 174912 4972
251 184 10000 17697 2500 3102790 56347 417
91 357 10000 13201 2000000 1295478 1864847 331525
47 186 10000 17351 50000 2964750 196904 8293
54 136 10000 15081 200000 2057474 1105907 33157
180 273 10000 17735 2500 3120644 43331 417
296 364 10000 17410 50000 2986336 178975 8293
252 91 10000 17358 50000 2967753 197851 8293
56 175 10000 17440 20000 2997097 168565 3320
207 128 10000 17396 30000 2981629 185105 4972
246 99 10000 17635 10000 3080320 86771 1660
166 128 10001 17392 50000 2980121 187033 8293
328 228 10000 17637 10000 3080620 87392 1660
164 325 10000 17499 20000 3019369 149854 3320
53 216 10000 12475 1000000 1007506 2161842 165762
20 229 10000 17467 30000 3007466 162815 4972
32 37 10000 17804 6000 3148279 23209 994
332 382 10000 17537 20000 3033744 138680 3320
1 97 10000 17344 80000 2962170 211266 13266
245 202 10000 17435 50000 2994602 179757 8293
200 25 10000 17187 50000 2894543 280167 8293
142 302 10000 17702 6000 3107154 68244 994
165 249 10000 11889 2000000 760407 2415257 331525
94 304 10000 15116 1000000 2073424 1102857 165762
291 224 10000 17301 80000 2945880 230428 13266
160 381 10000 17406 80000 2985243 191614 13266
302 184 10000 16989 200000 2818517 358499 33157
274 218 10000 17447 50000 2999390 179069 8293
116 285 10000 13519 1000000 1429201 1749407 165762
225 267 10000 16770 80000 2731112 447540 13266
279 397 10000 17629 10000 3079149 99741 1660
109 386 10000 17376 80000 2973622 205644 13266
40 28 10000 17601 10000 3065424 115717 1660
76 165 10000 17106 80000 2863872 317556 13266
26 332 10000 16719 50000 2710977 472232 8293
214 123 10000 11176 2000000 458978 2724865 331525
20 145 10000 17393 50000 2980479 203785 8293
369 43 10000 17394 80000 2980799 204292 13266
238 82 10000 17770 2100 3133443 52040 353
14 147 10000 14739 1000000 1921245 1264398 165762
315 95 10000 13221 2000000 1302497 1883408 331525
202 369 10000 17775 6000 3134587 52303 994
220 378 10000 13626 1000000 1475525 1711823 165762
237 194 10000 17544 20000 3037091 151227 3320
302 158 10000 17794 2100 3143559 45288 353
56 36 10000 17299 50000 2944074 245236 8293
296 153 10000 17442 50000 2997823 192345 8293
305 301 10000 17798 10000 3145225 44952 1660
313 359 10000 17498 50000 3019307 172219 8293
10 120 10000 17807 2500 3148902 43119 417
87 373 10000 11110 2000000 428163 2764024 331525
267 293 10000 17485 50000 3015032 177336 8293
359 204 10000 17458 80000 3003721 188731 13266
55 339 10000 16998 200000 2821803 371100 33157
170 158 10000 17424 30000 2992349 201973 4972
376 234 10000 17703 10000 3107496 87487 1660
295 235 10000 17494 50000 3018064 177769 8293
332 114 10000 17460 80000 3005105 190902 13266
174 47 10000 17696 10000 3102543 94012 1660
89 384 10000 16721 200000 2711239 485794 33157
106 8 10000 17451 80000 3001626 195576 13266
175 152 10000 17350 30000 2964747 232592 4972
234 350 10000 17141 200000 2876125 323509 33157
229 395 10000 15249 1000000 2128526 1073154 165762
215 284 10000 17324 80000 2954265 248646 13266
89 290 10000 17566 30000 3048779 154248 4972
67 343 10000 17600 30000 3064426 138822 4972
84 365 10000 16403 200000 2596386 608463 33157
116 366 10000 17400 50000 2983936 220986 8293
278 201 10000 17740 10000 3121218 85154 1660
143 101 10000 17528 50000 3029617 177482 8293
368 306 10000 17462 50000 3005530 201911 8293
332 62 10000 12674 1000000 1085723 2121749 165762
217 107 10000 17847 2500 3165273 42335 417
266 268 10000 17623 30000 3076925 131692 4972
339 236 10000 14042 1000000 1650115 1559606 165762
340 210 10000 17574 30000 3054910 155867 4972
58 84 10001 17511 30000 3024299 187706 4972
211 223 10000 16811 200000 2747599 464842 33157
117 46 10000 17483 80000 3014110 198844 13266
252 59 10000 17859 2100 3171469 42725 353
374 144 10000 17478 50000 3012326 202053 8293
237 160 10000 17564 20000 3047470 167089 3320
84 12 10000 17849 6000 3166509 48335 994
126 68 10000 17506 50000 3021735 193238 8293
337 276 10000 17521 50000 3028055 189184 8293
158 120 10000 17509 50000 3023369 194396 8293
201 302 10000 16451 200000 2616869 601310 33157
158 48 10000 16978 200000 2814239 404021 33157
9 385 10000 17865 2100 3175941 43005 353
398 360 10000 17505 80000 3021687 197488 13266
339 151 10000 16153 200000 2489659 729928 33157
58 307 10000 17395 50000 2981532 238319 8293
91 147 10000 17745 10000 3123269 96717 1660
313 64 10000 17549 50000 3041369 178866 8293
168 230 10000 12873 2000000 1166446 2054455 331525
23 175 10000 17496 80000 3019070 202079 13266
175 60 10000 17782 6000 3138100 83060 994
374 123 10000 17551 80000 3042056 179895 13266
172 87 10000 17658 30000 3089082 134547 4972
273 186 10000 17547 50000 3037360 186935 8293
324 140 10000 17680 20000 3097355 127122 3320
317 225 10000 17552 50000 3042206 182407 8293
268 349 10000 17541 30000 3035194 190364 4972
176 359 10000 17390 50000 2979300 247058 8293
391 35 10000 17863 6000 3173597 53175 994
386 334 10000 17066 200000 2847609 379468 33157
109 156 10000 17858 6000 3170833 56296 994
126 345 10000 17676 20000 3096134 131924 3320
89 199 10000 16449 200000 2615463 613365 33157
127 313 10001 17581 50000 3056702 173818 8293
13 65 10000 17534 80000 3032035 199594 13266
235 89 10000 17888 2500 3184361 47525 417
398 96 10000 17644 30000 3083482 149608 4972
118 154 10000 17310 80000 2949618 283822 13266
253 265 10000 16940 200000 2799456 434016 33157
6 122 10000 17691 30000 3101393 132457 4972
143 21 10000 17561 50000 3046591 187745 8293
109 378 10000 17578 50000 3056253 178203 8293
85 150 10000 17523 30000 3028989 205555 4972
267 167 10000 17627 30000 3078988 155800 4972
134 1 10000 16922 200000 2792811 442617 33157
177 66 10000 17690 30000 3100075 135660 4972
283 83 10000 17571 50000 3052143 183683 8293
190 269 10000 17493 50000 3018045 218561 8293
284 361 10000 13871 1000000 1581353 1655806 165762
258 176 10000 17894 2500 3186524 51998 417
112 208 10000 17683 20000 3097959 141800 3320
35 99 10000 17172 200000 2887624 352265 33157
27 186 10000 17575 50000 3055651 185145 8293
373 51 10000 17916 2100 3194907 45913 353
390 119 10000 16393 200000 2592623 649311 33157
27 150 10001 17923 2500 3198063 44247 417
18 269 10000 17800 10000 3146370 96003 1660
310 62 10000 17283 20000 2932124 310931 3320
238 311 10000 17824 10000 3153737 89772 1660
59 243 10000 17885 2500 3184136 59485 417
122 363 10000 17448 80000 3000998 242760 13266
114 21 10000 17264 200000 2923752 320736 33157
154 87 10000 14398 1000000 1786614 1458522 165762
0 362 10000 17031 200000 2833915 411326 33157
263 282 10000 17835 10000 3159338 86501 1660
218 222 10000 17797 10000 3144373 101546 1660
304 392 10000 17725 10000 3117633 128827 1660
129 394 10000 14020 1000000 1642426 1604194 165762
374 394 10000 17922 6000 3197602 49388 994
242 5 10000 17714 10000 3113054 135517 1660
122 255 10001 17587 50000 3058564 190229 8293
137 104 10000 17325 200000 2954324 295045 33157
145 56 10000 17598 50000 3063482 186690 8293
99 190 10000 17827 10000 3155067 95372 1660
64 271 10000 17751 20000 3124794 126849 3320
379 371 10000 17855 30000 3168447 83729 4972
77 109 10000 17558 30000 3044168 209427 4972
245 188 10000 17731 30000 3119952 133798 4972
153 71 10000 17356 200000 2967018 287440 33157
366 193 10000 17741 30000 3122017 132464 4972
56 270 10000 11557 2000000 628067 2626965 331525
140 142 10000 17780 80000 3137448 117980 13266
353 111 10000 11648 2000000 662372 2593360 331525
156 118 10000 17626 50000 3078650 177863 8293
34 28 10000 17915 20000 3194896 63324 3320
78 330 10000 17750 30000 3124192 134310 4972
314 82 10000 17755 30000 3126438 132691 4972
251 292 10001 17625 30000 3078421 180786 4972
249 303 10000 17630 50000 3079398 180210 8293
321 25 10000 17723 30000 3116972 143445 4972
189 209 10000 16469 200000 2623251 639609 33157
151 321 10000 17954 6000 3217290 45858 994
245 287 10000 17949 2100 3214943 49571 353
166 398 10000 17639 50000 3080887 183844 8293
59 360 10000 17454 80000 3002538 262262 13266
169 159 10000 17779 30000 3135581 130171 4972
57 209 10000 17693 20000 3101537 165486 3320
166 250 10000 17970 2100 3224621 42663 353
34 252 10000 17621 50000 3075287 192078 8293
198 394 10000 17661 50000 3091655 176564 8293
156 140 10000 17866 50000 3176100 92506 8293
92 99 10000 17407 80000 2985824 283026 13266
301 373 10000 17719 30000 3115582 154791 4972
76 126 10000 17371 200000 2972081 298517 33157
298 393 10000 17788 30000 3140559 130814 4972
275 180 10001 17867 6000 3176378 95117 994
290 312 10000 17667 50000 3092718 181627 8293
310 204 10000 17379 20000 2974052 300706 3320
138 397 10000 17796 20000 3144336 131650 3320
146 129 10001 17960 2100 3218850 57676 353
281 61 10000 17631 30000 3079957 197420 4972
163 336 10000 17599 80000 3063797 214074 13266
79 169 10000 17660 50000 3091589 186563 8293
62 202 10000 15270 1000000 2137363 1140854 165762
390 248 10000 15193 1000000 2105040 1173859 165762
119 172 10000 17817 20000 3150881 128419 3320
183 150 10000 17669 50000 3093251 187238 8293
145 24 10000 17795 30000 3143719 136877 4972
144 263 10000 17758 30000 3127330 154813 4972
364 88 10000 17565 30000 3047713 235042 4972
351 185 10000 17917 10000 3195113 87985 1660
182 94 10000 17699 50000 3103865 180199 8293
120 105 10000 17416 80000 2987217 297304 13266
155 277 10000 17632 80000 3080275 204735 13266
295 249 10000 17808 30000 3149456 135558 4972
42 379 10000 17314 80000 2951354 333787 13266
228 229 10000 17936 30000 3210170 75505 4972
248 324 10000 17687 80000 3099451 186333 13266
74 75 10000 16983 200000 2816604 469493 33157
349 145 10000 10911 2000000 350190 2936043 331525
201 197 10000 17746 20000 3123349 163038 3320
120 217 10000 17764 10000 3131214 155256 1660
250 51 10000 18005 2100 3239458 47160 353
354 4 10000 17777 30000 3135277 151485 4972
36 125 10000 17517 50000 3026088 261292 8293
176 385 10000 17853 10000 3168285 119806 1660
333 224 10000 17381 200000 2974733 313714 33157
196 249 10000 17649 50000 3085287 203319 8293
137 79 10000 17711 50000 3112115 176553 8293
380 327 10000 17715 50000 3113642 177009 8293
121 61 10000 17686 80000 3099283 192487 13266
292 181 10000 17793 30000 3143212 149304 4972
212 328 10000 17692 80000 3101491 191365 13266
4 327 10000 17819 20000 3152054 140964 3320
397 111 10000 18029 6000 3250189 45515 994
152 235 10000 17801 30000 3147017 148952 4972
116 382 10000 17335 80000 2956939 339228 13266
118 60 10000 18019 2100 3246899 50511 353
132 165 10000 18027 6000 3248916 48799 994
59 87 10000 11142 2000000 440982 2857171 331525
42 105 10001 12125 2000000 855096 2444080 331525
324 389 10000 17724 80000 3117150 184383 13266
148 201 10000 18055 2100 3259064 44142 353
305 141 10000 17609 80000 3071541 231846 13266
307 268 10000 17828 30000 3155871 147620 4972
271 194 10000 18042 6000 3254207 50010 994
278 129 10000 18039 6000 3253539 51649 994
167 294 10000 17592 50000 3060184 245668 8293
311 257 10000 17933 10000 3209235 97151 1660
38 227 10000 16888 200000 2782174 525975 33157
6 316 10000 17713 80000 3112782 195598 13266
239 215 10000 11725 2000000 691814 2616567 331525
382 369 10000 18034 2500 3252133 56820 417
376 390 10000 16763 200000 2728858 580157 33157
31 105 10000 17749 80000 3124122 185607 13266
370 63 10000 18075 2100 3268621 42783 353
319 356 10000 18070 6000 3264636 46946 994
242 117 10000 17466 80000 3006952 305011 13266
395 33 10001 18044 6000 3254711 57453 994
168 279 10000 17733 50000 3120003 193015 8293
69 6 10000 13653 1000000 1485044 1828028 165762
314 317 10000 18077 10000 3271688 42373 1660
33 354 10000 17767 50000 3132557 181546 8293
27 167 10000 17732 80000 3119957 194408 13266
47 251 10000 14715 1000000 1912091 1402508 165762
22 319 10000 17529 80000 3031239 284383 13266
326 226 10000 17765 50000 3131341 184401 8293
113 201 10000 17772 30000 3133736 182730 4972
121 183 10000 17787 50000 3139735 176843 8293
285 379 10000 11796 2000000 718627 2598707 331525
46 201 10000 17868 30000 3176960 140421 4972
251 86 10000 18016 6000 3244238 73604 994
167 26 10000 17987 10000 3232112 85858 1660
213 321 10000 17656 80000 3088475 230198 13266
294 219 10000 17874 30000 3179326 139871 4972
6 89 10000 18078 6000 3275020 44444 994
399 114 10000 18083 6000 3277554 43147 994
369 341 10000 17615 80000 3072884 247910 13266
306 210 10000 12792 1000000 1128978 2192044 165762
171 340 10000 17235 200000 2913120 408222 33157
118 71 10000 17908 20000 3192015 129602 3320
364 186 10000 17965 10000 3219841 102679 1660
218 336 10000 16895 200000 2785853 536734 33157
141 204 10000 17983 10000 3230232 92791 1660
244 309 10000 18041 2500 3253963 69479 417
46 341 10000 17877 30000 3180406 145556 4972
383 111 10001 17217 200000 2906440 419540 33157
169 384 10000 17670 80000 3093572 232777 13266
258 207 10000 18080 6000 3276557 50545 994
69 280 10000 13105 1000000 1255536 2071856 165762
160 60 10000 17786 80000 3139516 188095 13266
41 167 10000 16683 200000 2699344 628861 33157
360 293 10000 17823 30000 3153246 175956 4972
1 212 10000 17762 80000 3129949 199560 13266
69 248 10000 17761 50000 3129317 201344 8293
284 225 10000 17918 30000 3195844 135482 4972
378 200 10000 13344 1000000 1355997 1975534 165762
167 24 10000 17912 20000 3193134 138461 3320
184 350 10001 17169 200000 2885820 446551 33157
160 306 10000 17706 80000 3109379 223403 13266
326 99 10000 18116 2500 3288703 44117 417
242 348 10001 17590 50000 3059841 274204 8293
157 186 10000 17880 30000 3182058 153489 4972
209 221 10000 17332 200000 2956482 379418 33157
375 8 10000 17704 80000 3108276 228791 13266
41 160 10000 18106 6000 3285117 52028 994
327 372 10000 17610 80000 3071605 266671 13266
184 219 10001 12113 2000000 850527 2491294 331525
272 136 10000 12050 2000000 822510 2519695 331525
171 304 10000 17781 80000 3137903 205399 13266
229 271 10000 14008 2000000 1636050 1708544 331525
200 299 10000 16480 200000 2626735 718911 33157
38 112 10000 14520 2000000 1836208 1510256 331525
269 328 10000 15348 1000000 2173064 1173435 165762
86 327 10000 14337 1000000 1759543 1587821 165762
90 271 10000 18038 10000 3253440 94205 1660
163 104 10000 18145 6000 3303198 45617 994
139 390 10000 17929 30000 3203075 149339 4972
175 131 10000 16491 200000 2632953 719553 33157
207 282 10000 17957 10000 3218016 135494 1660
198 225 10000 17967 20000 3222120 131820 3320
235 341 10002 17939 30000 3212305 141972 4972
391 300 10000 17862 50000 3173287 181631 8293
115 207 10000 17708 50000 3110072 244851 8293
245 76 10000 17842 80000 3163449 192060 13266
33 374 10000 17946 30000 3214133 142154 4972
330 138 10000 17839 80000 3161981 194968 13266
68 246 10000 14523 1000000 1837759 1521936 165762
58 67 10000 18002 10000 3238369 122687 1660
79 107 10000 17962 20000 3219035 143666 3320
69 129 10000 17972 30000 3224951 138968 4972
192 79 10000 17864 80000 3173969 190641 13266
50 294 10000 17716 80000 3115074 249712 13266
327 244 10000 17822 50000 3153244 212216 8293
186 67 10000 17640 200000 3081009 284898 33157
7 41 10000 18177 6000 3318557 47451 994
220 374 10001 17991 20000 3234065 133162 3320
225 174 10000 17924 10000 3200535 167194 1660
16 164 10000 17989 30000 3232354 135537 4972
162 65 10000 17774 80000 3134189 234786 13266
204 299 10000 17898 50000 3188499 182448 8293
215 37 10000 18105 10000 3283996 87656 1660
330 237 10000 17756 50000 3127073 244790 8293
371 111 10000 18092 10000 3279081 93210 1660
275 325 10000 17481 80000 3012964 359652 13266
152 102 10001 17241 80000 2915300 457635 13266
288 83 10000 17889 50000 3184455 188994 8293
19 309 10000 18194 6000 3327060 46790 994
325 4 10000 17837 80000 3161183 213798 13266
130 185 10000 17913 30000 3194336 180771 4972
312 279 10000 17955 20000 3217736 158923 3320
116 197 10000 18101 10000 3282525 94908 1660
176 77 10000 17769 50000 3133416 244571 8293
157 135 10000 18033 20000 3250969 127484 3320
369 169 10000 17710 80000 3111625 267198 13266
228 235 10000 17941 80000 3212778 166168 13266
399 58 10000 17931 50000 3206869 172710 8293
356 196 10000 12361 1000000 960495 2419181 165762
79 384 10000 17906 50000 3191112 189061 8293
281 51 10000 18179 6000 3320866 60481 994
43 149 10001 17935 30000 3210122 171791 4972
70 126 10000 17784 50000 3138657 243277 8293
283 79 10000 18032 30000 3250913 131192 4972
272 24 10000 18216 2100 3336882 46249 353
30 5 10000 13708 1000000 1511225 1872088 165762
326 128 10000 18000 30000 3237508 145873 4972
130 355 10000 18088 10000 3278060 105585 1660
310 111 10000 17357 50000 2967676 417555 8293
94 149 10000 17996 30000 3235798 149696 4972
158 298 10000 17992 30000 3234142 153312 4972
174 48 10000 17860 80000 3172161 215546 13266
250 103 10000 18208 2500 3332319 55431 417
78 137 10000 18063 30000 3261243 131756 4972
195 110 10000 18251 2100 3350463 44153 353
178 139 10000 17728 80000 3118789 276009 13266
216 301 10000 17930 50000 3203395 192168 8293
273 176 10000 17791 80000 3141749 254170 13266
375 198 10000 17825 80000 3154672 242466 13266
255 347 10000 18009 30000 3240732 156529 4972
140 62 10001 16986 200000 2818286 581685 33157
316 324 10000 18065 20000 3262172 138454 3320
240 53 10000 14660 1000000 1887940 1513023 165762
139 18 10000 18043 30000 3254516 147337 4972
233 99 10000 17510 80000 3023640 379092 13266
320 137 10000 18048 30000 3255654 147493 4972
237 68 10000 18053 20000 3258207 145874 3320
71 31 10000 17657 200000 3088712 316910 33157
353 232 10000 18046 30000 3255390 150681 4972
229 94 10000 18173 10000 3316797 89596 1660
396 241 10000 18045 30000 3254798 152274 4972
55 153 10000 18178 10000 3318669 90903 1660
135 377 10000 17934 80000 3209762 200005 13266
101 318 10000 18003 50000 3238505 172132 8293
90 375 10000 18062 30000 3261137 149922 4972
390 82 10000 17881 30000 3182548 228893 4972
158 272 10000 18071 20000 3265744 146001 3320
137 128 10000 18346 2100 3390480 21789 353
156 132 10000 18302 2500 3369674 43264 417
348 31 10000 18112 20000 3286464 127055 3320
159 142 10000 18244 30000 3346687 66887 4972
167 393 10000 18090 20000 3278383 135208 3320
34 399 10000 18108 20000 3285684 127938 3320
2 364 10000 18174 10000 3317850 95803 1660
56 138 10000 17978 50000 3228061 186112 8293
176 324 10000 17980 30000 3228359 189517 4972
36 285 10000 10844 2000000 325965 3091987 331525
157 244 10000 17948 80000 3214796 203391 13266
27 119 10000 17958 80000 3218138 200273 13266
392 249 10000 17851 30000 3167873 252253 4972
333 30 10000 18180 10000 3321262 99032 1660
23 308 10000 18202 10000 3329615 91050 1660
56 31 10000 17520 80000 3027989 392996 13266
94 26 10000 18001 50000 3237509 183643 8293
209 213 10000 18248 30000 3348858 72764 4972
106 19 10000 18287 6000 3365190 56763 994
356 221 10000 14016 1000000 1641456 1780801 165762
147 292 10001 17921 80000 3197412 227399 13266
256 213 10001 17540 200000 3035079 390017 33157
0 251 10000 18122 30000 3291539 133992 4972
261 348 10000 18031 50000 3250804 175642 8293
325 163 10000 18119 30000 3289560 137093 4972
41 363 10000 17147 200000 2878894 548509 33157
254 205 10000 18104 30000 3283963 143441 4972
358 175 10000 17679 80000 3097039 330683 13266
151 380 10000 18215 10000 3335533 92708 1660
247 162 10000 18025 50000 3248855 180001 8293
64 155 10000 18103 20000 3283280 145585 3320
176 43 10000 14787 1000000 1944183 1484780 165762
76 59 10000 18333 6000 3384956 44871 994
40 242 10000 18012 50000 3243261 189050 8293
247 395 10000 18132 30000 3295280 139063 4972
300 350 10000 17986 80000 3231807 202991 13266
106 357 10000 18137 20000 3298449 137211 3320
44 108 10000 18030 50000 3250417 185905 8293
47 155 10000 18060 50000 3260935 175762 8293
340 296 10000 17945 80000 3214043 222692 13266
100 190 10000 18345 6000 3390052 46813 994
257 62 10000 18349 2500 3393012 44423 417
142 195 10000 18193 10000 3326902 110681 1660
117 263 10001 18342 2100 3389054 49087 353
52 197 10001 17944 80000 3213965 225206 13266
143 339 10000 18008 80000 3240405 199198 13266
327 152 10000 18352 2500 3394688 45067 417
156 230 10000 18146 30000 3303435 136402 4972
216 101 10000 18225 10000 3339378 100470 1660
322 48 10000 18059 50000 3260344 181306 8293
375 278 10000 18151 30000 3306367 135871 4972
57 339 10000 18037 80000 3252815 189670 13266
331 394 10000 18072 50000 3265932 176589 8293
369 247 10000 18363 2500 3398329 44542 417
137 108 10000 18164 20000 3314534 129354 3320
58 284 10000 17907 50000 3191256 252844 8293
115 251 10000 18183 10000 3321668 123661 1660
255 197 10000 18188 10000 3324973 121962 1660
58 147 10000 18335 2500 3385986 61122 417
314 169 10000 18165 30000 3314692 132869 4972
347 370 10000 18375 2100 3405777 41931 353
389 184 10000 12915 1000000 1181196 2269299 165762
126 183 10000 12040 2000000 819434 2631835 331525
248 247 10000 18286 50000 3365057 86587 8293
351 74 10000 18167 20000 3314807 137589 3320
223 50 10000 13490 1000000 1416246 2037436 165762
237 230 10000 18426 6000 3429638 24768 994
147 293 10000 18162 20000 3313032 141824 3320
304 318 10000 18394 2500 3414983 40068 417
392 177 10000 17742 50000 3122333 332723 8293
105 312 10000 18073 80000 3266832 189904 13266
168 325 10000 18036 80000 3252696 204412 13266
235 45 10000 18084 50000 3277658 179661 8293
64 257 10000 18377 6000 3406335 51400 994
26 204 10000 17190 80000 2895508 562466 13266
200 204 10000 18360 10000 3397265 60710 1660
326 181 10000 17662 200000 3091702 366945 33157
196 294 10000 17964 50000 3219465 239279 8293
79 351 10000 18069 80000 3264519 194394 13266
272 8 10000 18098 50000 3281743 178046 8293
55 230 10000 17479 200000 3012757 447250 33157
87 187 10000 18047 80000 3255581 204779 13266
385 314 10000 18187 20000 3324682 136017 3320
249 148 10000 18091 80000 3278456 182561 13266
240 196 10000 18066 80000 3262267 198911 13266
254 333 10000 18085 50000 3277666 183986 8293
324 388 10000 18389 6000 3413372 48995 994
243 123 10000 18004 80000 3238977 224170 13266
50 230 10000 17401 200000 2984444 479103 33157
280 168 10000 18093 50000 3279550 185128 8293
206 257 10000 17463 200000 3005998 461084 33157
226 182 10000 18232 20000 3341714 125885 3320
130 123 10000 17423 200000 2992068 476174 33157
137 144 10000 18327 10000 3382336 85916 1660
92 198 10000 18102 50000 3283029 186637 8293
125 181 10000 18356 2500 3395753 74197 417
138 352 10001 18218 30000 3338658 131908 4972
56 322 10000 15824 1000000 2364630 1106843 165762
292 345 10000 18204 30000 3331311 141403 4972
280 120 10000 18318 10000 3378636 96074 1660
156 97 10000 17668 200000 3092854 382596 33157
234 175 10000 18236 20000 3342873 132654 3320
187 382 10000 18425 6000 3429099 47108 994
326 269 10000 15996 1000000 2430734 1045689 165762
202 203 10000 18503 2500 3456086 21183 417
193 4 10000 18420 2500 3427562 49975 417
121 109 10000 18220 30000 3338768 139670 4972
327 182 10000 18205 30000 3331663 147420 4972
179 111 10000 12865 2000000 1160253 2318857 331525
318 366 10000 18446 2500 3434007 45656 417
342 262 10000 18026 80000 3248871 231736 13266
158 342 10000 14433 1000000 1800529 1680158 165762
280 346 10000 18439 6000 3432176 49124 994
77 82 10000 11584 2000000 637063 2844344 331525
363 174 10000 18457 2100 3438647 43171 353
29 4 10000 18253 30000 3350951 131662 4972
251 354 10000 17951 50000 3216702 266134 8293
325 307 10000 17932 50000 3207438 276702 8293
345 216 10000 18140 80000 3300039 185428 13266
23 88 10000 18160 30000 3312326 173376 4972
357 3 10000 18081 80000 3277244 208677 13266
152 329 10000 18155 30000 3309357 176732 4972
41 295 10000 14355 1000000 1768534 1718414 165762
119 43 10000 18364 10000 3399605 87887 1660
35 3 10000 15208 1000000 2111989 1376073 165762
153 319 10000 14054 1000000 1654765 1833309 165762
273 338 10000 18242 20000 3346536 142041 3320
178 38 10000 18170 50000 3315163 174914 8293
12 53 10000 17567 200000 3050134 440486 33157
321 200 10000 18358 10000 3396721 94953 1660
334 179 10000 18231 30000 3341588 150389 4972
42 291 10000 18274 30000 3361095 132128 4972
220 338 10000 18481 2100 3449546 44260 353
311 344 10000 18473 6000 3446365 47928 994
260 326 10000 18171 50000 3315898 178897 8293
73 174 10000 17228 200000 2909464 585731 33157
338 322 10000 18143 200000 3301875 193908 33157
310 149 10000 17475 80000 3010377 485780 13266
367 125 10000 18285 20000 3364717 131732 3320
225 251 10000 18051 20000 3256489 240155 3320
105 97 10000 18495 2100 3453835 43540 353
182 230 10000 18245 30000 3347986 150093 4972
58 334 10000 17988 80000 3232170 266992 13266
61 37 10000 15115 1000000 2072760 1426782 165762
6 305 10000 18086 80000 3277687 222856 13266
236 46 10000 16593 1000000 2666885 834512 165762
387 252 10000 18157 80000 3309959 191825 13266
304 206 10000 18144 30000 3302838 199242 4972
327 335 10000 18399 30000 3417184 85252 4972
64 308 10000 18109 80000 3285696 217243 13266
151 381 10000 18493 6000 3453435 50389 994
159 396 10000 17659 200000 3089774 414107 33157
90 95 10000 18455 30000 3438157 68409 4972
329 114 10000 18392 10000 3414583 92932 1660
109 248 10000 18517 2100 3459939 47677 353
158 385 10000 16143 1000000 2485660 1022137 165762
321 289 10000 14604 2000000 1867080 1641009 331525
179 252 10000 18158 50000 3311317 197135 8293
162 120 10000 18533 6000 3464886 44632 994
129 336 10000 18520 2500 3460634 49237 417
211 234 10000 18175 80000 3317857 192073 13266
236 13 10000 18278 30000 3363173 146850 4972
207 6 10000 17887 80000 3184269 325854 13266
11 66 10000 10596 2000000 229578 3283371 331525
10 97 10000 13571 2000000 1452366 2060900 331525
397 358 10000 18545 6000 3467575 46165 994
94 7 10000 18541 6000 3467270 46512 994
207 229 10001 17928 80000 3202940 310993 13266
212 139 10000 18197 80000 3327799 186205 13266
28 33 10000 18581 6000 3477960 37612 994
165 53 10000 18141 50000 3300572 215268 8293
4 396 10000 18199 50000 3328093 188456 8293
167 288 10000 18414 10000 3423025 93653 1660
143 194 10000 18341 20000 3388970 129057 3320
390 327 10000 18139 30000 3298967 219378 4972
172 293 10000 13629 1000000 1476800 2042800 165762
86 359 10000 18196 50000 3327648 193036 8293
397 19 10000 18221 50000 3338887 181997 8293
71 268 10000 18564 6000 3474598 46835 994
207 198 10000 18536 2500 3465582 56273 417
332 161 10000 17826 200000 3154853 367892 33157
183 329 10000 18076 80000 3268878 254493 13266
8 218 10000 18223 50000 3339350 184247 8293
9 349 10000 18565 6000 3475111 49188 994
275 254 10000 16976 200000 2813302 711559 33157
115 3 10000 18571 2500 3476486 49516 417
387 390 10000 18401 80000 3418316 108209 13266
103 43 10000 18300 30000 3368162 158594 4972
171 72 10000 18219 80000 3338742 188083 13266
85 223 10000 18097 30000 3281647 246095 4972
118 112 10000 18646 6000 3505485 22280 994
266 181 10000 18348 20000 3392762 135433 3320
319 388 10000 14703 1000000 1907050 1622072 165762
187 365 10000 18461 10000 3442204 87238 1660
45 183 10000 18290 20000 3366047 165245 3320
123 211 10000 17646 200000 3083919 448463 33157
39 300 10000 18350 20000 3393513 138934 3320
287 347 10000 18472 10000 3446059 86759 1660
132 361 10000 18328 30000 3383477 151307 4972
12 318 10000 18605 6000 3486327 48523 994
101 259 10000 18239 50000 3344368 190955 8293
356 191 10000 18610 6000 3489618 46685 994
278 343 10001 18185 80000 3323451 213930 13266
208 224 10000 18240 80000 3345585 191884 13266
318 274 10000 10427 2000000 162643 3374888 331525
84 345 10000 18252 50000 3350788 186931 8293
6 312 10000 18261 50000 3353614 184571 8293
136 201 10000 10603 2000000 232146 3306162 331525
154 244 10000 18372 20000 3404118 134779 3320
211 180 10000 15606 1000000 2277093 1263238 165762
301 222 10000 18362 30000 3398016 143250 4972
336 363 10000 18095 30000 3280583 260740 4972
317 79 10000 18373 30000 3405429 135973 4972
173 247 10000 13613 2000000 1468238 2073266 331525
253 205 10000 18152 80000 3308442 233263 13266
389 332 10000 18234 80000 3342428 199858 13266
382 199 10000 18256 80000 3351525 190935 13266
399 109 10000 18630 2100 3498307 44243 353
286 323 10000 18294 50000 3367114 176596 8293
108 121 10000 18277 50000 3362970 181181 8293
145 197 10000 18384 30000 3409769 135392 4972
52 166 10000 18606 6000 3487083 58465 994
247 248 10000 18460 80000 3440000 106428 13266
197 145 10000 18217 50000 3337632 210415 8293
298 133 10000 18161 80000 3312566 236121 13266
117 234 10000 18516 10000 3459275 89463 1660
140 261 10000 18408 20000 3420242 130900 3320
0 58 10000 16441 1000000 2612631 938579 165762
72 367 10000 18210 80000 3333126 218616 13266
140 295 10000 18538 10000 3466285 85589 1660
173 214 10000 18628 2500 3496942 55899 417
337 32 10000 18266 50000 3358872 194182 8293
126 180 10000 13625 2000000 1475107 2079595 331525
304 387 10000 11537 2000000 615468 2940057 331525
302 8 10000 18409 30000 3420323 135765 4972
215 55 10000 18314 30000 3376110 180363 4972
170 72 10000 18381 20000 3408476 148430 3320
187 125 10000 18320 50000 3379363 177544 8293
297 177 10000 18308 50000 3373221 184530 8293
171 15 10000 15670 1000000 2301475 1257566 165762
209 168 10000 18370 30000 3402576 156693 4972
103 307 10000 17942 80000 3213733 345736 13266
3 159 10000 18181 80000 3321293 238304 13266
339 44 10000 14159 1000000 1696168 1863446 165762
86 3 10000 18659 6000 3511222 48643 994
234 332 10000 18407 30000 3419326 140653 4972
259 87 10000 18317 30000 3377532 182497 4972
48 167 10000 18557 10000 3472607 89272 1660
27 243 10000 18505 10000 3456786 105779 1660
85 110 10001 18304 30000 3371840 190766 4972
357 167 10000 18367 30000 3401798 160811 4972
289 169 10000 18166 80000 3314698 249763 13266
98 7 10000 18272 80000 3360667 204088 13266
141 16 10000 18283 80000 3364513 200399 13266
28 253 10000 17500 200000 3019485 546443 33157
82 44 10000 18280 50000 3364013 201973 8293
296 285 10000 18639 20000 3503415 63916 3320
204 361 10000 18678 2500 3522587 45010 417
155 84 10000 18568 10000 3475735 92134 1660
312 313 10000 18680 10000 3523609 45530 1660
198 110 10000 18684 2500 3525449 44032 417
276 312 10000 18685 6000 3526022 44580 994
303 104 10000 12289 2000000 925769 2644915 331525
175 19 10000 12671 2000000 1085103 2486283 331525
173 35 10000 18295 50000 3367289 204605 8293
293 41 10000 15125 1000000 2079400 1493560 165762
254 276 10000 17525 200000 3029237 544065 33157
248 80 10000 17830 200000 3156952 416535 33157
327 66 10000 18547 10000 3468695 104792 1660
51 137 10000 18361 50000 3397699 175818 8293
371 221 10000 18254 50000 3350979 222647 8293
90 180 10001 18415 20000 3423911 149950 3320
172 60 10000 18453 30000 3436550 138079 4972
339 77 10000 13808 1000000 1552886 2023009 165762
349 239 10000 18592 10000 3483764 92632 1660
16 119 10000 18590 10000 3482421 94881 1660
322 130 10000 18269 50000 3359481 218220 8293
71 170 10000 18466 30000 3443066 134947 4972
314 364 10000 18355 50000 3395176 183290 8293
378 243 10001 18467 20000 3444234 134415 3320
35 299 10000 18265 80000 3358816 220120 13266
263 132 10000 14581 1000000 1858184 1720800 165762
198 324 10000 18257 80000 3352355 226745 13266
255 23 10000 10471 2000000 182551 3398340 331525
142 67 10000 14981 1000000 2016043 1565948 165762
226 355 10000 18702 6000 3533604 49051 994
74 44 10000 18378 30000 3406628 176252 4972
0 292 10000 17806 200000 3148621 436034 33157
132 107 10000 18330 50000 3383853 201676 8293
19 121 10000 18338 80000 3386850 198824 13266
343 240 10000 18722 6000 3541334 44825 994
102 84 10001 18713 6000 3539104 47092 994
10 385 10000 17701 200000 3105805 482440 33157
215 345 10000 18613 10000 3491079 97513 1660
147 141 10000 18577 50000 3477698 112004 8293
337 267 10000 17848 200000 3165566 424328 33157
165 384 10000 18388 50000 3411514 178524 8293
384 249 10000 17465 200000 3006170 584372 33157
163 74 10000 18729 6000 3541906 49036 994
387 180 10000 18735 6000 3544733 46831 994
357 112 10000 18483 30000 3449887 141976 4972
221 346 10000 17893 200000 3185445 406749 33157
242 267 10000 18586 10000 3479790 112654 1660
258 118 10000 18506 30000 3456876 137596 4972
75 268 10000 18213 80000 3335291 259858 13266
370 299 10000 18770 2100 3556606 42715 353
341 229 10000 13520 2000000 1429259 2170481 331525
17 218 10000 18291 80000 3366482 233552 13266
201 37 10000 17433 200000 2994109 606125 33157
159 171 10000 17872 200000 3178171 422173 33157
182 396 10000 18351 80000 3393680 207448 13266
204 247 10000 18774 2100 3557369 43764 353
353 198 10000 12358 2000000 959551 2641736 331525
52 27 10000 18326 80000 3382142 221029 13266
9 29 10000 18404 50000 3418755 184535 8293
133 64 10000 18383 50000 3409213 194923 8293
253 4 10000 17539 200000 3034828 569467 33157
274 133 10000 18497 30000 3454574 149764 4972
262 306 10000 18087 200000 3278000 326437 33157
152 351 10000 18512 30000 3457839 147757 4972
387 218 10000 16180 1000000 2498979 1107291 165762
4 352 10000 14084 2000000 1666610 1939705 331525
270 383 10000 18438 50000 3432102 174245 8293
187 150 10001 18443 50000 3433527 173049 8293
169 111 10000 18664 10000 3516062 91028 1660
332 111 10000 18154 80000 3308951 298919 13266
157 114 10000 18456 50000 3438385 170575 8293
29 217 10000 14275 2000000 1738628 1871792 331525
298 110 10000 18593 20000 3484138 126911 3320
203 356 10000 17973 200000 3226791 384839 33157
209 125 10000 17370 200000 2971570 640700 33157
166 43 10000 18589 20000 3481752 131439 3320
84 43 10000 18293 80000 3366646 247518 13266
275 196 10000 18138 80000 3298720 318087 13266
178 348 10000 18444 50000 3433542 183297 8293
124 392 10000 18463 50000 3442830 174200 8293
164 179 10000 18638 50000 3502858 114543 8293
108 285 10001 18403 80000 3418582 202549 13266
69 287 10000 18578 30000 3477717 144195 4972
371 64 10000 18310 80000 3373927 248120 13266
371 284 10001 18750 2500 3549838 72694 417
250 22 10000 18548 30000 3468829 153947 4972
341 121 10000 18835 6000 3577595 45340 994
103 384 10000 18379 80000 3407116 216478 13266
388 124 10000 17841 200000 3162813 460830 33157
324 267 10000 15335 1000000 2168002 1455898 165762
279 301 10000 18822 2100 3574487 52254 353
132 131 10000 18625 50000 3494827 132412 8293
96 59 10000 18418 80000 3426813 201561 13266
75 70 10000 18540 80000 3466670 161868 13266
127 142 10000 18718 10000 3540073 90937 1660
171 110 10000 18468 50000 3444440 186710 8293
114 290 10000 18510 50000 3457428 176047 8293
251 226 10000 15625 1000000 2281814 1352470 165762
322 135 10000 18368 80000 3402291 232093 13266
223 172 10000 18836 6000 3577711 57872 994
41 84 10000 14796 1000000 1947520 1689432 165762
60 164 10000 18134 80000 3296863 340711 13266
195 141 10000 17911 200000 3192928 445462 33157
346 107 10000 18656 20000 3509581 129138 3320
372 173 10000 18369 80000 3402433 236798 13266
332 244 10000 17997 200000 3236040 403609 33157
2 101 10000 18519 50000 3460627 179232 8293
293 356 10000 18755 10000 3551327 88896 1660
265 111 10000 18748 10000 3548434 92142 1660
128 3 10000 18772 10000 3557117 84152 1660
283 248 10000 18501 80000 3455540 186593 13266
229 194 10000 18518 50000 3460127 182234 8293
383 143 10000 13910 1000000 1596236 2046230 165762
107 343 10000 18654 30000 3508661 136762 4972
139 216 10000 18551 30000 3470311 177759 4972
260 340 10000 18781 10000 3559180 89068 1660
362 399 10000 18527 80000 3462735 186031 13266
293 256 10000 18660 30000 3512944 136346 4972
390 257 10000 18058 80000 3260083 389831 13266
44 303 10000 18778 10000 3557899 92360 1660
248 9 10000 18886 2100 3604575 45945 353
267 140 10000 14274 1000000 1738425 1913245 165762
153 388 10000 13662 2000000 1489371 2162301 331525
122 24 10000 18535 80000 3465375 186320 13266
274 44 10001 18580 50000 3477844 173929 8293
229 55 10001 18901 2100 3610401 42254 353
355 333 10000 18576 50000 3477640 175826 8293
222 304 10000 18899 6000 3609940 44966 994
369 276 10000 17768 200000 3133224 523612 33157
351 208 10000 13735 2000000 1522303 2135043 331525
142 48 10000 11896 2000000 763230 2895191 331525
41 199 10000 18529 80000 3463192 195246 13266
244 363 10000 18851 2500 3585992 74339 417
1 84 10000 17891 200000 3184851 476485 33157
188 53 10000 18892 6000 3607101 54480 994
170 125 10000 18902 6000 3610586 51797 994
139 345 10000 18243 200000 3346627 316069 33157
16 274 10000 18099 200000 3282207 381214 33157
198 2 10000 18022 200000 3248097 415459 33157
314 20 10000 18688 30000 3526978 137555 4972
262 107 10000 12057 2000000 825114 2839588 331525
255 56 10000 18818 10000 3572224 92656 1660
357 374 10000 18929 2100 3620393 44587 353
200 223 10000 18848 2500 3583406 82162 417
189 37 10000 14139 1000000 1688721 1976960 165762
363 193 10000 18618 50000 3492721 174062 8293
393 113 10000 17814 200000 3150516 517410 33157
254 24 10000 11420 2000000 564342 3103718 331525
77 224 10000 18805 10000 3568370 99816 1660
359 116 10000 13894 2000000 1593424 2075153 331525
335 170 10000 18679 30000 3522921 148339 4972
207 162 10000 18634 30000 3500632 170977 4972
218 129 10000 17681 200000 3097655 574568 33157
332 288 10000 18724 30000 3541545 131191 4972
177 86 10000 18716 30000 3539662 133095 4972
389 204 10001 18926 6000 3620274 53488 994
281 395 10000 18936 2100 3624772 49229 353
248 72 10000 18635 50000 3501209 174870 8293
266 243 10000 18611 50000 3490220 186388 8293
345 337 10000 18751 20000 3549903 126853 3320
1 313 10000 18133 200000 3296305 380546 33157
206 313 10000 18686 20000 3526204 151019 3320
324 171 10000 18489 80000 3451721 226174 13266
347 43 10000 18698 30000 3532267 146683 4972
108 274 10000 18624 50000 3494615 184679 8293
133 50 10000 18694 30000 3528796 151477 4972
49 343 10000 18675 30000 3522376 157960 4972
251 64 10000 18617 20000 3492668 188112 3320
47 347 10000 18738 20000 3545184 136225 3320
38 222 10000 18604 50000 3486124 195288 8293
122 84 10000 18719 20000 3540327 141430 3320
272 383 10000 18494 80000 3453551 228212 13266
140 120 10000 15180 1000000 2100323 1581966 165762
178 186 10000 18544 80000 3467521 214828 13266
251 144 10000 18246 80000 3348054 336496 13266
310 96 10000 18028 80000 3249013 435563 13266
214 4 10000 12986 1000000 1209821 2475473 165762
291 220 10000 18734 30000 3544385 140913 4972
100 11 10000 18398 80000 3416548 270438 13266
106 27 10000 18555 80000 3471953 215805 13266
91 4 10000 18499 80000 3454907 235333 13266
74 166 10000 17892 200000 3185228 505689 33157
238 296 10000 18979 2500 3647694 43707 417
372 185 10000 18189 200000 3325291 367957 33157
216 96 10000 18709 30000 3538362 155066 4972
189 66 10000 18730 30000 3542036 152699 4972
113 104 10000 18689 50000 3527010 168612 8293
15 54 10000 12405 2000000 977158 2718815 331525
29 256 10000 18984 6000 3650542 45566 994
254 208 10000 18782 20000 3559284 136842 3320
261 156 10000 16083 1000000 2466388 1230097 165762
362 84 10000 18994 6000 3653209 43664 994
261 0 10000 18904 10000 3610769 87190 1660
27 268 10000 18894 10000 3607349 91086 1660
152 189 10000 18938 6000 3626181 73596 994
244 290 10000 18396 50000 3415700 284206 8293
81 285 10000 18633 30000 3500508 200758 4972
213 202 10000 18808 80000 3569369 132856 13266
236 357 10000 18758 30000 3552503 150450 4972
287 166 10000 18672 50000 3520713 183073 8293
26 251 10000 18233 50000 3342284 361787 8293
170 83 10000 19003 6000 3660660 44497 994
374 150 10000 18655 50000 3509441 195800 8293
203 172 10001 18552 80000 3470384 235082 13266
158 5 10000 18824 20000 3574992 131000 3320
364 152 10000 18789 30000 3560583 145571 4972
73 235 10000 15673 1000000 2303637 1403192 165762
248 230 10000 18703 50000 3535119 172358 8293
267 203 10000 18972 6000 3642496 65269 994
1 360 10000 18268 80000 3359198 349320 13266
76 356 10000 18837 20000 3577782 131144 3320
203 387 10000 13466 2000000 1407717 2301502 331525
284 55 10000 15048 1000000 2040951 1668520 165762
30 12 10000 18710 50000 3538809 171157 8293
90 331 10000 16338 1000000 2571980 1138243 165762
223 370 10000 19010 2500 3662490 47941 417
29 15 10000 18930 10000 3620470 90564 1660
40 88 10000 18631 50000 3498334 212982 8293
112 374 10000 18670 50000 3518719 193562 8293
286 67 10000 19035 2500 3671550 42425 417
241 112 10000 19024 2500 3667545 46707 417
72 5 10000 18815 30000 3572045 142953 4972
50 196 10000 18696 50000 3530681 185105 8293
217 140 10000 16253 1000000 2530214 1188534 165762
287 255 10000 18484 80000 3450665 269345 13266
276 331 10000 10754 5000000 295314 3425033 828805
37 162 10000 18845 30000 3581548 139506 4972
345 95 10000 18941 10000 3627482 94085 1660
179 45 10000 18861 10000 3592426 130154 1660
354 62 10000 18700 80000 3533081 190266 13266
312 49 10000 18701 50000 3533092 190448 8293
311 379 10000 18723 30000 3541337 183103 4972
99 332 10000 18459 80000 3439365 285312 13266
191 286 10000 18947 10000 3631556 93226 1660
244 59 10000 19005 2100 3660974 64915 353
52 216 10000 18614 80000 3491633 235090 13266
213 302 10000 18747 50000 3547877 179442 8293
338 377 10000 19054 2500 3679967 47454 417
59 54 10000 12357 2000000 958534 2769286 331525
385 272 10000 18773 50000 3557176 173092 8293
115 235 10000 18591 50000 3483447 247002 8293
98 312 10000 19057 2500 3682872 47798 417
395 78 10000 18959 10000 3635196 96983 1660
218 47 10000 15677 1000000 2304168 1428777 165762
312 96 10000 18673 80000 3521227 213283 13266
267 336 10000 16076 1000000 2462732 1273879 165762
8 178 10000 18889 20000 3606581 130250 3320
126 322 10000 18759 80000 3552602 184676 13266
243 380 10000 18764 80000 3553845 184162 13266
397 208 10000 18744 80000 3546758 193335 13266
76 50 10000 18334 80000 3385547 354955 13266
13 199 10000 12072 2000000 833367 2908877 331525
337 127 10000 17995 200000 3235514 508832 33157
36 326 10000 18442 80000 3433486 310910 13266
264 163 10000 13603 1000000 1464845 2279911 165762
61 89 10000 17886 200000 3184269 560936 33157
207 298 10000 17884 80000 3183923 561694 13266
127 228 10000 18690 80000 3527360 218465 13266
263 83 10000 18893 30000 3607112 139968 4972
34 190 10001 19011 10000 3662776 86118 1660
389 306 10000 19089 2500 3694840 54410 417
84 262 10000 18704 80000 3535200 214247 13266
36 327 10000 18756 30000 3552219 197606 4972
258 348 10000 18914 30000 3615693 134656 4972
183 138 10000 18013 200000 3243331 507516 33157
209 281 10000 18869 30000 3594121 157177 4972
13 229 10000 18693 50000 3528689 222881 8293
308 376 10000 18740 80000 3545431 206359 13266
246 221 10000 18792 50000 3561595 190291 8293
117 185 10000 18534 200000 3465249 287195 33157
65 91 10000 18896 20000 3609097 143404 3320
114 95 10000 18801 80000 3566149 187787 13266
59 171 10000 18746 80000 3547695 206720 13266
144 71 10000 19110 6000 3702297 53025 994
186 83 10000 18585 80000 3478872 278564 13266
79 386 10000 18543 200000 3467399 290219 33157
197 289 10000 19034 10000 3671426 88457 1660
366 317 10000 18794 80000 3563607 196483 13266
65 196 10000 17833 200000 3157835 602377 33157
190 141 10000 18908 30000 3614406 145940 4972
64 5 10000 19036 10000 3672289 88857 1660
272 135 10000 18153 200000 3308745 452759 33157
301 293 10000 18831 50000 3576401 185924 8293
116 121 10000 18850 50000 3585154 177326 8293
97 205 10000 19142 6000 3715329 49022 994
217 182 10000 18717 80000 3539684 224778 13266
359 32 10000 18802 80000 3566376 198136 13266
297 97 10000 19050 10000 3677870 87108 1660
101 17 10000 16094 1000000 2471721 1293562 165762
129 305 10000 18952 20000 3633265 132306 3320
242 72 10000 19136 6000 3712474 53534 994
300 263 10000 19048 10000 3677532 90433 1660
36 130 10000 18023 80000 3248297 519680 13266
220 258 10000 18833 50000 3577069 191092 8293
268 89 10000 18705 80000 3537237 231733 13266
268 206 10000 18844 50000 3581246 187971 8293
110 14 10000 18842 30000 3579930 189965 4972
169 118 10001 18950 30000 3632032 138784 4972
157 44 10000 13083 2000000 1245963 2525463 331525
46 11 10000 18419 200000 3427445 344040 33157
125 166 10000 19103 2500 3699623 71950 417
123 292 10000 18663 30000 3514244 257641 4972
76 242 10000 18955 30000 3634589 138162 4972
351 288 10000 18732 80000 3543546 229530 13266
181 329 10000 18843 50000 3580656 192856 8293
198 353 10000 18720 80000 3541185 232833 13266
81 60 10000 16812 1000000 2747922 1026569 165762
336 363 10001 18337 80000 3386634 389280 13266
62 81 10000 18980 20000 3648095 128358 3320
254 78 10000 18838 80000 3578314 199715 13266
224 120 10000 18859 50000 3590559 187522 8293
49 69 10000 16402 1000000 2596220 1181923 165762
42 272 10000 18977 30000 3646254 132003 4972
200 227 10000 18436 80000 3432007 347694 13266
219 179 10000 18954 30000 3634248 145743 4972
266 17 10000 18238 200000 3343620 436550 33157
50 67 10000 18887 50000 3604988 175473 8293
168 241 10000 18797 50000 3564675 216155 8293
392 289 10000 18475 80000 3446936 334138 13266
335 166 10000 18995 20000 3653560 131197 3320
198 158 10001 18870 80000 3595722 189962 13266
125 200 10000 18742 30000 3546041 239708 4972
98 28 10000 19212 2100 3742330 44114 353
146 181 10000 18762 50000 3553596 232966 8293
6 291 10000 15436 1000000 2208872 1577927 165762
248 143 10000 18321 200000 3379698 408140 33157
49 72 10000 18522 200000 3461585 326859 33157
251 212 10000 18745 80000 3547622 241107 13266
6 307 10000 18876 80000 3600312 188485 13266
23 96 10001 18796 80000 3564354 225108 13266
46 273 10000 17103 1000000 2863193 926280 165762
57 171 10000 18978 30000 3646456 144945 4972
354 319 10000 19017 20000 3664225 127380 3320
383 336 10001 19065 10000 3687371 105620 1660
312 189 10000 18575 80000 3477571 316271 13266
309 53 10000 19226 2500 3750745 43239 417
110 358 10000 19006 10000 3661009 133424 1660
323 83 10000 12295 2000000 929347 2865224 331525
251 275 10000 13559 2000000 1449436 2345175 331525
159 324 10001 18847 80000 3582148 212871 13266
169 384 10001 18807 80000 3569183 226638 13266
196 132 10000 13163 2000000 1276165 2520845 331525
54 395 10001 18572 50000 3476574 320516 8293
205 114 10000 18749 80000 3549528 248388 13266
280 278 10001 18927 50000 3620343 177730 8293
107 95 10000 19001 30000 3657487 142415 4972
354 399 10000 18916 80000 3616314 186030 13266
159 223 10000 16090 1000000 2469789 1333024 165762
14 332 10000 19240 6000 3755345 47650 994
270 127 10000 18911 80000 3614837 189578 13266
298 363 10000 18881 80000 3602751 201673 13266
159 350 10000 19030 30000 3668686 135838 4972
352 232 10000 12359 2000000 959678 2846152 331525
180 251 10000 18998 30000 3654970 151196 4972
177 99 10000 19251 2500 3758798 47872 417
233 63 10000 16361 1000000 2580092 1227094 165762
302 101 10000 19042 30000 3675126 132588 4972
248 23 10000 19281 2100 3765262 42993 353
269 234 10000 18322 200000 3379936 429173 33157
221 107 10000 18776 80000 3557676 251721 13266
24 313 10000 18376 200000 3406071 403766 33157
390 329 10000 17663 200000 3092127 717935 33157
113 324 10000 18976 30000 3646147 164222 4972
171 273 10000 18943 50000 3629279 181282 8293
256 357 10000 18828 80000 3575757 234848 13266
273 343 10000 19267 6000 3762689 48389 994
89 167 10000 18271 200000 3360170 453512 33157
98 134 10000 18817 80000 3572161 242281 13266
269 139 10000 19044 30000 3676212 138391 4972
18 49 10000 19276 2100 3764692 50318 353
283 383 10000 19068 20000 3688760 127969 3320
109 273 10000 18917 50000 3616656 200324 8293
102 260 10000 19188 10000 3732923 85344 1660
16 371 10000 18963 50000 3638165 180246 8293
183 336 10000 18752 80000 3550045 270032 13266
160 5 10000 18235 200000 3342509 479690 33157
98 138 10000 18259 200000 3352608 469909 33157
306 57 10000 19021 30000 3666051 157441 4972
389 87 10000 18714 80000 3539178 284778 13266
366 300 10000 14562 2000000 1850262 1973787 331525
127 272 10000 18975 50000 3645289 179885 8293
277 213 10000 18846 80000 3581814 244263 13266
86 68 10000 18017 200000 3244799 581371 33157
101 37 10000 19335 2100 3782824 43772 353
324 221 10000 19334 2500 3782680 45219 417
156 37 10000 18986 50000 3651056 177243 8293
251 135 10000 19013 30000 3663427 166643 4972
115 109 10001 18985 50000 3650890 179355 8293
307 114 10000 18766 80000 3555505 275145 13266
100 287 10000 19085 30000 3694406 139135 4972
347 376 10000 19355 6000 3788916 44779 994
34 326 10000 19101 30000 3699251 134989 4972
331 11 10000 18779 80000 3558709 275680 13266
182 196 10000 18715 200000 3539281 295345 33157
363 291 10001 18981 50000 3648631 186378 8293
197 124 10000 18879 80000 3602168 233121 13266
116 56 10000 18957 80000 3634800 201261 13266
366 355 10000 18962 80000 3635872 200261 13266
91 345 10000 19346 2500 3786710 49499 417
270 174 10000 18853 80000 3588248 248569 13266
233 256 10000 18788 80000 3560568 276752 13266
203 151 10000 18900 50000 3610234 227364 8293
304 126 10000 18262 200000 3355069 483156 33157
331 3 10000 19164 10000 3720350 118221 1660
20 316 10000 16016 1000000 2438253 1400809 165762
197 21 10000 19242 10000 3755587 84468 1660
339 212 10000 16084 1000000 2466913 1375696 165762
300 91 10000 18203 200000 3331129 511733 33157
87 214 10000 18814 50000 3572025 271431 8293
344 180 10000 18643 20000 3504615 338864 3320
316 137 10000 14652 1000000 1884906 1959177 165762
259 197 10000 19037 20000 3672519 173756 3320
231 314 10000 19126 20000 3707572 138813 3320
64 23 10000 19244 10000 3756337 90620 1660
259 109 10000 18910 50000 3614762 232523 8293
38 376 10000 19107 30000 3700454 146838 4972
114 377 10000 19135 30000 3712297 135066 4972
67 371 10000 19132 30000 3710509 136883 4972
279 371 10000 14916 1000000 1995945 1852089 165762
227 368 10000 19223 10000 3749696 98976 1660
129 43 10000 19384 6000 3802930 46151 994
80 174 10000 19124 30000 3707479 142546 4972
265 150 10000 19139 30000 3713996 136537 4972
258 42 10000 19169 30000 3721861 129803 4972
280 136 10000 18515 200000 3458945 392855 33157
174 361 10000 18992 80000 3652312 199848 13266
328 281 10000 19388 2100 3804999 48561 353
12 180 10000 19171 20000 3723266 130426 3320
94 328 10000 19280 10000 3765236 90525 1660
397 285 10000 19146 20000 3716639 139574 3320
277 189 10000 19141 30000 3714836 142704 4972
248 190 10000 19422 2500 3815946 42375 417
82 152 10000 19095 20000 3696447 161903 3320
264 379 10000 10841 2000000 324981 3533455 331525
207 100 10000 18667 80000 3517063 341680 13266
140 309 10000 16102 2000000 2473550 1385451 331525
219 101 10000 18645 80000 3505411 353750 13266
173 165 10000 18284 200000 3364702 494711 33157
162 343 10000 19177 30000 3728331 131650 4972
130 41 10000 14009 1000000 1636350 2224123 165762
352 381 10000 19430 2500 3818810 42628 417
338 126 10000 19419 2100 3815372 46744 353
344 53 10000 18451 50000 3434862 427518 8293
83 146 10000 19161 20000 3719552 144241 3320
187 128 10000 19410 2100 3811088 53269 353
233 38 10000 17999 200000 3236704 628086 33157
10 84 10000 18637 200000 3501857 363668 33157
324 175 10000 18699 80000 3532434 335804 13266
81 222 10000 17645 200000 3083594 784854 33157
14 190 10000 16619 1000000 2675045 1193803 165762
249 71 10000 18993 80000 3652324 216684 13266
243 28 10000 19207 20000 3740891 128880 3320
265 128 10000 19168 30000 3721626 148518 4972
256 274 10000 19175 30000 3726753 143438 4972
314 182 10000 19071 80000 3689832 181285 13266
203 41 10000 18306 200000 3372411 499492 33157
89 184 10000 10348 2000000 134646 3737924 331525
240 322 10000 19338 10000 3783634 89640 1660
274 376 10000 19063 80000 3686072 187287 13266
176 170 10000 19052 50000 3679405 194419 8293
221 20 10000 18868 80000 3593923 280008 13266
332 196 10000 18965 80000 3638500 235754 13266
114 138 10000 19219 20000 3746036 128836 3320
167 211 10000 19064 80000 3686538 188822 13266
239 32 10000 18912 80000 3615046 261066 13266
377 338 10000 19331 10000 3781523 94773 1660
307 63 10000 19214 30000 3743602 133618 4972
363 209 10000 19204 30000 3738745 138664 4972
3 133 10000 19456 2500 3834473 43575 417
172 309 10000 18799 200000 3564833 313293 33157
313 95 10000 19072 50000 3689854 189129 8293
389 115 10000 19184 30000 3732081 147355 4972
18 11 10000 19439 10000 3823547 56277 1660
240 382 10000 15204 1000000 2110344 1769743 165762
165 98 10000 19189 20000 3732991 148042 3320
390 123 10000 19080 20000 3691742 190897 3320
198 319 10000 19235 20000 3752870 130146 3320
179 180 10000 19111 30000 3702371 181346 4972
322 120 10000 13117 2000000 1258634 2627600 331525
246 323 10000 19127 50000 3707699 178759 8293
345 228 10000 19243 30000 3755797 130867 4972
235 84 10000 18945 80000 3630407 257438 13266
95 22 10000 19066 80000 3687568 201603 13266
316 388 10000 19202 30000 3737790 152069 4972
308 357 10000 18573 200000 3477304 413958 33157
289 163 10000 19229 30000 3751100 141275 4972
109 337 10000 19130 50000 3709991 182693 8293
2 206 10000 18574 80000 3477306 416124 13266
110 156 10000 18919 80000 3617370 276409 13266
399 2 10000 18560 200000 3473117 420878 33157
20 231 10000 18380 80000 3407239 487021 13266
14 130 10000 18863 50000 3593226 301394 8293
239 75 10000 18923 80000 3619756 275034 13266
213 56 10000 19088 50000 3694635 201753 8293
378 228 10000 19502 2500 3855034 44247 417
217 245 10000 14658 2000000 1887102 2012302 331525
163 201 10000 19307 20000 3773481 126031 3320
15 265 10000 19476 2500 3843500 56854 417
362 45 10000 19504 2100 3855812 44846 353
110 158 10001 13937 1000000 1607822 2293584 165762
178 368 10000 19287 30000 3767761 134131 4972
370 209 10000 19060 50000 3685217 218623 8293
291 263 10000 19306 20000 3772736 131994 3320
117 288 10000 19288 30000 3768029 136959 4972
365 248 10000 19116 80000 3703630 202137 13266
195 215 10000 19498 6000 3854481 51288 994
44 280 10000 18531 200000 3464406 441643 33157
8 349 10000 19265 30000 3762335 144304 4972
275 292 10000 19446 2500 3826350 81514 417
382 227 10000 19314 20000 3775718 132930 3320
355 321 10000 19305 30000 3772603 136417 4972
329 80 10000 19527 2500 3863521 46053 417
31 39 10000 19477 30000 3843723 65853 4972
149 75 10000 16555 1000000 2655567 1255643 165762
52 214 10000 19087 80000 3694429 217670 13266
100 223 10000 19328 30000 3779337 133039 4972
256 104 10000 19148 50000 3717211 195198 8293
267 5 10000 19236 30000 3753364 159225 4972
336 318 10000 18795 80000 3564344 349859 13266
155 35 10000 18937 80000 3626008 288287 13266
237 297 10000 15151 1000000 2090069 1824578 165762
395 57 10000 19097 80000 3697436 217510 13266
317 183 10000 19443 10000 3825011 89949 1660
154 320 10000 15441 1000000 2210860 1704901 165762
54 375 10000 18988 20000 3651687 264303 3320
185 113 10000 19026 50000 3667923 248246 8293
152 283 10000 19534 2500 3867775 49006 417
371 52 10000 19249 30000 3757931 159263 4972
18 358 10000 19295 30000 3770016 147311 4972
17 22 10000 17323 1000000 2954023 963481 165762
9 22 10000 19153 80000 3718539 199049 13266
372 119 10000 19211 50000 3742207 175985 8293
188 2 10000 13447 2000000 1399392 2518978 331525
378 303 10000 19539 6000 3869806 48568 994
294 180 10000 19542 6000 3870690 49295 994
292 358 10000 19218 50000 3745692 176458 8293
71 38 10000 19210 50000 3741646 181520 8293
292 103 10000 19205 80000 3739162 184235 13266
364 380 10000 19560 2500 3876915 46504 417
188 245 10000 15706 1000000 2315198 1609115 165762
332 227 10000 19086 80000 3694418 230271 13266
146 8 10001 19199 30000 3737594 187525 4972
99 222 10000 19075 50000 3690347 235055 8293
81 336 10000 10902 2000000 346818 3579061 331525
10 222 10000 19556 6000 3875980 49935 994
292 356 10000 19354 20000 3788701 137586 3320
130 398 10000 15052 1000000 2042861 1884250 165762
280 19 10000 19471 10000 3841196 86371 1660
53 14 10000 19570 6000 3882330 45262 994
315 235 10000 19145 80000 3716456 211309 13266
95 222 10000 19341 20000 3785443 142524 3320
392 47 10000 19154 20000 3718650 210309 3320
375 297 10000 19200 80000 3737627 191397 13266
366 94 10000 18115 200000 3287830 641344 33157
39 94 10000 19554 2500 3874959 55616 417
372 331 10000 18429 200000 3429998 501658 33157
327 49 10000 19568 6000 3881385 50778 994
54 114 10000 18311 80000 3374464 557828 13266
91 17 10000 19343 30000 3785621 147540 4972
312 65 10001 19470 10000 3841177 92146 1660
195 176 10000 18840 200000 3579088 354632 33157
106 129 10000 19227 50000 3750777 183416 8293
19 203 10001 19155 80000 3718724 215901 13266
116 158 10000 14272 1000000 1737982 2196727 165762
336 160 10000 11946 2000000 779876 3155075 331525
260 171 10000 19564 2500 3878516 56901 417
114 315 10000 19485 10000 3847769 88070 1660
292 357 10000 19385 20000 3803606 133197 3320
78 152 10000 15905 1000000 2391520 1545469 165762
388 288 10000 15630 1000000 2283700 1653383 165762
10 223 10000 19041 50000 3673866 263505 8293
316 207 10000 19039 80000 3672950 264855 13266
227 318 10000 19383 30000 3802918 135387 4972
355 61 10000 19293 50000 3769327 169961 8293
36 176 10000 18275 200000 3361333 577980 33157
338 223 10000 19255 50000 3760105 179248 8293
231 154 10000 19031 80000 3668901 271144 13266
254 287 10000 19208 80000 3741294 199559 13266
277 348 10000 19151 50000 3717534 223610 8293
215 336 10000 19056 80000 3682666 259291 13266
309 325 10000 19279 50000 3765154 178147 8293
39 252 10000 18500 200000 3455403 488222 33157
160 193 10000 19137 80000 3713050 231081 13266
303 34 10000 18958 80000 3635089 309677 13266
13 327 10000 18971 50000 3641711 303175 8293
379 84 10000 19252 50000 3759059 186088 8293
4 302 10000 19608 6000 3898508 46912 994
252 333 10000 19230 80000 3751154 194829 13266
199 189 10000 19663 6000 3921221 25156 994
381 2 10000 19302 50000 3771432 176436 8293
255 246 10000 18462 200000 3442248 505650 33157
144 100 10000 19377 30000 3799972 148086 4972
171 220 10000 19391 30000 3805956 142801 4972
160 181 10000 19303 50000 3771714 177226 8293
399 30 10000 19298 50000 3771017 178574 8293
275 333 10000 18627 80000 3496383 453478 13266
135 173 10000 19425 30000 3816881 134569 4972
384 245 10000 18549 200000 3468851 482613 33157
160 368 10000 19612 2500 3900951 51235 417
249 87 10000 19390 30000 3805808 146569 4972
11 272 10000 18726 80000 3541668 413477 13266
342 84 10001 19197 80000 3736473 218911 13266
74 378 10000 19455 10000 3834216 122716 1660
294 179 10000 19300 80000 3771165 187491 13266
213 280 10000 19158 80000 3718817 239884 13266
100 25 10000 16010 1000000 2436393 1524402 165762
100 296 10000 18508 200000 3457009 504043 33157
397 222 10000 19222 50000 3748025 213531 8293
383 289 10000 19452 20000 3830447 134337 3320
183 379 10000 18641 80000 3504289 461214 13266
333 291 10000 19329 50000 3779784 187180 8293
265 180 10000 17125 1000000 2869239 1097806 165762
309 211 10000 19312 80000 3775537 192705 13266
137 13 10000 19203 80000 3738417 229871 13266
5 212 10000 19450 30000 3829685 138760 4972
254 334 10000 19448 30000 3828034 140616 4972
235 159 10000 19683 2500 3927642 42053 417
268 127 10000 15896 1000000 2387830 1581942 165762
41 382 10000 19360 50000 3792288 177776 8293
131 192 10000 19681 6000 3926844 43804 994
161 95 10000 19350 80000 3787438 183217 13266
88 239 10000 19459 20000 3836225 134924 3320
396 359 10000 19467 20000 3839674 131553 3320
346 273 10000 13402 2000000 1382140 2589522 331525
143 161 10000 19351 80000 3787937 184934 13266
279 111 10000 11316 2000000 517218 3455821 331525
232 23 10000 19261 80000 3761543 211583 13266
77 121 10000 19515 10000 3860457 112787 1660
364 289 10001 19453 30000 3833949 140544 4972
94 50 10000 19258 80000 3760588 214515 13266
390 2 10000 19664 6000 3921301 54085 994
270 200 10000 19464 30000 3838497 137057 4972
309 324 10000 19231 80000 3751442 224229 13266
383 49 10000 19451 20000 3830316 145580 3320
369 325 10000 19682 2100 3927325 48774 353
196 230 10000 19427 30000 3817596 158889 4972
282 205 10000 18207 200000 3332174 645217 33157
394 376 10000 19480 20000 3844176 133229 3320
367 373 10000 19752 6000 3954307 23205 994
366 125 10000 19270 80000 3763351 214552 13266
84 8 10000 19688 6000 3929625 48706 994
20 36 10000 19626 30000 3906395 74232 4972
48 346 10000 19709 2100 3937795 43254 353
306 65 10000 19271 50000 3763833 217385 8293
244 128 10000 13981 1000000 1624733 2357324 165762
367 333 10000 18823 200000 3574675 407979 33157
268 372 10000 19191 80000 3734458 248373 13266
189 121 10000 19580 10000 3885549 97372 1660
3 314 10000 19365 80000 3795951 188261 13266
25 207 10000 15593 1000000 2270436 1716296 165762
71 97 10000 18918 200000 3617363 369412 33157
148 277 10000 19701 6000 3936099 51310 994
376 223 10000 19248 50000 3757869 229667 8293
239 163 10000 19336 50000 3783360 205344 8293
343 13 10000 19721 2500 3941818 47054 417
381 31 10000 19481 30000 3844469 144751 4972
253 343 10001 19510 20000 3858596 130647 3320
282 303 10000 19333 50000 3782680 206722 8293
33 89 10000 19514 20000 3860169 129380 3320
182 301 10000 19426 50000 3817061 172921 8293
307 116 10001 19727 2500 3945005 46802 417
268 99 10000 19264 80000 3762130 229754 13266
355 291 10000 19497 30000 3854477 137854 4972
385 258 10000 19479 20000 3843846 149758 3320
395 52 10000 19403 80000 3807922 186619 13266
50 128 10000 19398 50000 3807302 188725 8293
349 289 10000 18068 200000 3264496 732266 33157
42 228 10000 19526 20000 3863295 134254 3320
247 229 10000 19748 6000 3952703 45812 994
104 227 10000 19629 10000 3908355 90233 1660
223 219 10000 19640 10000 3912576 86557 1660
285 144 10000 19413 50000 3812415 186938 8293
88 78 10000 19415 80000 3812805 188711 13266
390 176 10000 19447 20000 3827150 174899 3320
352 272 10000 16152 1000000 2489385 1513703 165762
132 142 10000 19543 20000 3871082 132353 3320
16 3 10000 19711 30000 3938171 65433 4972
55 3 10000 19562 20000 3877862 127084 3320
248 205 10000 18944 200000 3629318 375779 33157
23 94 10000 19289 80000 3768211 237019 13266
395 369 10000 13563 2000000 1450397 2555075 331525
130 370 10000 19768 6000 3959180 46491 994
40 354 10000 18478 200000 3448221 557729 33157
313 306 10000 19486 80000 3848080 158588 13266
357 185 10000 19762 6000 3957281 49524 994
221 15 10000 19337 50000 3783390 223880 8293
107 93 10000 15935 1000000 2401221 1606472 165762
346 395 10000 19647 10000 3914447 94114 1660
89 41 10000 19299 80000 3771120 237758 13266
106 85 10000 17076 1000000 2853106 1157000 165762
162 67 10000 19795 2500 3968326 42673 417
7 242 10000 19566 30000 3879647 132282 4972
313 334 10000 19463 50000 3838295 173645 8293
302 227 10000 19670 10000 3922557 89867 1660
168 348 10000 19432 30000 3820572 192042 4972
65 231 10000 19090 80000 3694879 317948 13266
79 280 10000 19406 50000 3808917 204041 8293
10 163 10000 19268 80000 3762943 252923 13266
316 276 10000 19225 80000 3750734 265210 13266
245 162 10000 19813 6000 3973243 44433 994
115 260 10000 19773 2100 3960872 56868 353
382 63 10000 19358 50000 3790620 227404 8293
82 241 10000 19269 80000 3763100 258236 13266
331 134 10000 19217 80000 3745574 276751 13266
116 331 10000 15756 1000000 2338637 1683954 165762
261 62 10000 19500 50000 3854622 170668 8293
320 95 10000 19458 80000 3835624 190314 13266
112 25 10000 18786 200000 3560032 466742 33157
6 187 10000 19832 2500 3979935 47039 417
385 399 10000 19545 80000 3871560 156166 13266
151 226 10000 19601 30000 3895595 133986 4972
178 180 10000 19378 80000 3800370 230091 13266
29 90 10000 19828 2500 3979283 51230 417
304 183 10000 19593 10000 3891926 139317 1660
169 102 10000 19433 80000 3820847 211182 13266
147 202 10000 19848 6000 3987746 44664 994
259 156 10001 19825 6000 3978767 54440 994
397 239 10001 19356 80000 3789255 244264 13266
387 355 10000 19717 10000 3941312 92259 1660
7 383 10000 19630 20000 3908515 125664 3320
70 210 10000 16045 1000000 2452391 1582616 165762
334 295 10000 18924 80000 3620095 415989 13266
391 70 10000 19530 50000 3864116 172732 8293
318 212 10000 19531 50000 3865066 173174 8293
228 55 10000 19465 80000 3839082 199504 13266
282 148 10000 19340 50000 3784192 254630 8293
275 294 10000 19198 80000 3736587 302320 13266
113 281 10000 19533 30000 3866581 172402 4972
225 158 10001 19122 80000 3706602 332583 13266
90 343 10000 13749 2000000 1527344 2511901 331525
200 112 10000 18888 80000 3605645 434432 13266
328 195 10000 19322 80000 3777863 262549 13266
263 241 10000 19617 20000 3902736 139476 3320
226 196 10000 19125 200000 3707495 335269 33157
35 215 10000 18877 200000 3600653 442580 33157
368 143 10000 17216 1000000 2906193 1137777 165762
51 244 10000 19535 50000 3867898 177923 8293
377 353 10000 19524 50000 3863152 183012 8293
323 90 10000 19429 80000 3818649 227930 13266
104 276 10000 19878 6000 4002057 44631 994
109 271 10000 18951 200000 3632612 415803 33157
349 185 10000 19179 200000 3728932 319961 33157
120 360 10000 19363 80000 3794885 254739 13266
279 27 10000 19492 30000 3852479 197281 4972
372 293 10000 19550 50000 3873582 176623 8293
296 119 10000 19873 6000 4000804 49953 994
7 118 10000 12701 2000000 1096332 2954839 331525
12 311 10000 15634 1000000 2285918 1765519 165762
148 110 10000 19540 50000 3869809 181837 8293
196 254 10000 14001 1000000 1631479 2420187 165762
12 378 10000 19519 50000 3861643 190773 8293
169 254 10000 19538 50000 3869658 183660 8293
314 346 10000 19658 20000 3920007 133684 3320
122 235 10000 19571 50000 3884111 170720 8293
180 324 10000 12296 2000000 929993 3125030 331525
208 32 10000 19615 30000 3902577 152520 4972
239 237 10000 18757 200000 3552227 503188 33157
46 341 10001 19544 50000 3871142 184696 8293
152 371 10000 19563 30000 3878096 178511 4972
197 11 10000 19379 80000 3800528 257809 13266
94 101 10000 19537 80000 3869608 190320 13266
48 338 10000 19442 80000 3824847 235931 13266
240 136 10000 19503 80000 3855089 205699 13266
40 35 10000 19734 10000 3947370 113835 1660
37 203 10000 19908 6000 4014276 47791 994
282 239 10000 12948 1000000 1194087 2869240 165762
383 38 10001 19671 30000 3922746 142123 4972
77 214 10000 19359 80000 3790678 276054 13266
387 48 10000 19469 80000 3840765 226996 13266
206 29 10001 19705 20000 3936462 131908 3320
360 383 10000 19821 2100 3976652 91983 353
200 300 10000 19073 50000 3689942 380104 8293
162 69 10000 19536 80000 3868739 201625 13266
364 178 10000 16259 1000000 2532894 1538590 165762
54 322 10000 19176 80000 3728007 343543 13266
161 237 10000 19940 2500 4026954 44597 417
291 338 10000 19245 80000 3756740 314990 13266
323 246 10000 19796 10000 3968455 103452 1660
10 218 10000 19925 6000 4020503 51873 994
169 367 10000 19548 50000 3872248 200597 8293
250 267 10000 19478 80000 3843803 229277 13266
11 61 10000 11154 2000000 448459 3624792 331525
167 100 10000 19696 30000 3933116 140671 4972
66 303 10001 19344 80000 3785647 288261 13266
85 313 10000 11429 2000000 569848 3504468 331525
375 272 10000 19444 80000 3825315 249081 13266
286 330 10000 19948 2100 4029334 45071 353
90 273 10000 19715 30000 3940847 134915 4972
209 176 10000 19576 80000 3884665 191165 13266
332 239 10000 19285 80000 3766310 309542 13266
246 348 10000 19584 50000 3886241 189705 8293
251 309 10000 13878 2000000 1585158 2492338 331525
256 381 10001 19347 200000 3786833 290676 33157
10 379 10000 19628 30000 3908274 169594 4972
269 85 10000 19023 80000 3667202 410928 13266
71 101 10000 19616 30000 3902630 176272 4972
370 391 10000 19238 200000 3754882 324229 33157
217 279 10000 19710 30000 3937840 141305 4972
256 176 10000 19290 200000 3768333 311435 33157
335 192 10000 19082 200000 3692924 387190 33157
113 259 10000 19649 30000 3915137 166000 4972
348 47 10000 19002 200000 3658227 423432 33157
177 184 10000 19963 2100 4033893 48662 353
315 389 10000 16707 1000000 2706940 1376163 165762
283 158 10000 19735 30000 3947637 135783 4972
176 318 10000 19408 50000 3809913 274482 8293
222 79 10000 19561 50000 3877834 206922 8293
356 333 10000 19976 6000 4039390 45894 994
262 178 10000 19619 80000 3903274 182283 13266
277 73 10000 18809 200000 3570455 515796 33157
384 33 10000 19955 6000 4031947 54869 994
296 273 10000 19541 80000 3869974 217933 13266
299 263 10000 19493 80000 3852567 235607 13266
291 272 10000 12815 2000000 1138610 2950561 331525
345 376 10000 19438 200000 3823030 267253 33157
303 254 10000 19093 80000 3695514 394850 13266
346 384 10000 19644 50000 3913806 176954 8293
208 349 10000 19746 20000 3951985 139350 3320
305 331 10000 19611 80000 3900833 191002 13266
97 193 10000 18636 200000 3501806 590166 33157
299 82 10000 17024 1000000 2832247 1259733 165762
257 268 10000 19610 50000 3900481 192086 8293
275 144 10000 14446 1000000 1805326 2289089 165762
283 351 10000 19632 80000 3909689 184727 13266
349 35 10000 19703 30000 3936366 158067 4972
248 145 10000 19434 80000 3821036 274331 13266
98 367 10000 19431 50000 3819647 276000 8293
73 264 10000 19196 80000 3736342 360633 13266
277 77 10000 19754 20000 3954436 143095 3320
292 302 10000 19788 20000 3966603 131085 3320
392 127 10000 19935 2500 4023812 74030 417
251 394 10000 19886 10000 4004947 93019 1660
152 264 10001 19666 30000 3921710 176501 4972
255 204 10000 19898 10000 4010101 89440 1660
213 77 10000 19763 20000 3957368 142477 3320
62 164 10000 19797 30000 3968572 131719 4972
60 29 10000 19804 20000 3970830 129936 3320
355 399 10000 19558 80000 3876209 225251 13266
289 345 10000 19521 80000 3862056 240174 13266
178 209 10000 19654 80000 3917531 184721 13266
371 391 10000 19757 20000 3954943 147545 3320
252 144 10000 19990 6000 4049265 53468 994
4 207 10000 19770 30000 3959729 143178 4972
285 46 10000 13793 2000000 1547035 2556406 331525
80 97 10000 19950 20000 4030743 72821 3320
28 390 10000 19732 30000 3947343 156385 4972
315 77 10000 19283 200000 3766029 338071 33157
12 365 10000 19807 30000 3971249 133075 4972
128 3 10001 19805 30000 3970962 133638 4972
360 399 10000 11119 2000000 431335 3674716 331525
391 179 10000 19775 30000 3962003 145374 4972
289 82 10000 12081 2000000 836139 3271256 331525
192 241 10000 19923 10000 4019781 87901 1660
230 173 10000 19781 30000 3964060 144897 4972
5 342 10000 14496 2000000 1827444 2281513 331525
325 210 10000 19565 80000 3879534 229689 13266
294 169 10000 17538 1000000 3033779 1075531 165762
108 35 10000 19512 80000 3859512 250041 13266
68 161 10000 19680 80000 3926105 183939 13266
387 205 10000 19589 80000 3888566 221889 13266
196 146 10000 19529 80000 3863897 247790 13266
244 184 10000 19473 50000 3842252 269512 8293
291 45 10000 19505 80000 3855953 256582 13266
49 337 10000 19840 20000 3984359 128283 3320
235 253 10000 19816 30000 3974397 138311 4972
66 77 10001 17486 1000000 3015899 1098018 165762
77 117 10000 19462 80000 3837449 278248 13266
165 193 10000 19852 20000 3989348 127064 3320
180 135 10000 13291 2000000 1332337 2785342 331525
394 262 10001 19600 80000 3895261 223270 13266
284 296 10000 19906 50000 4013543 105277 8293
156 27 10000 19318 200000 3777140 342021 33157
349 178 10000 19874 10000 4000873 119196 1660
109 78 10000 19677 50000 3924293 196351 8293
302 285 10000 19117 200000 3704093 416564 33157
263 25 10000 19474 80000 3843172 277529 13266
8 42 10000 19253 200000 3759120 362719 33157
40 270 10001 19653 50000 3917150 205026 8293
162 247 10000 19738 50000 3949190 173817 8293
368 42 10001 19742 50000 3950646 173164 8293
24 290 10000 19739 50000 3949342 175019 8293
63 47 10000 19631 50000 3909591 215782 8293
54 142 10000 19833 10000 3980061 145325 1660
181 123 10000 19737 50000 3948608 177162 8293
22 85 10000 19370 50000 3798208 327661 8293
347 9 10000 19854 30000 3990317 136034 4972
379 27 10000 19755 50000 3954717 172525 8293
338 83 10000 19698 50000 3934562 192778 8293
364 26 10000 14060 1000000 1656175 2471923 165762
291 221 10000 19920 10000 4019179 110127 1660
142 187 10000 19978 10000 4040074 89416 1660
303 21 10000 15339 1000000 2169295 1960394 165762
9 337 10000 19865 20000 3997618 132115 3320
41 235 10000 19719 50000 3941714 188199 8293
364 392 10001 19826 30000 3979112 151785 4972
81 304 10000 16059 1000000 2457106 1674829 165762
210 275 10000 19718 50000 3941466 190934 8293
265 369 10000 19864 30000 3996796 135649 4972
362 308 10000 19867 30000 3997807 134877 4972
170 104 10000 19605 80000 3897336 236594 13266
149 167 10000 16647 1000000 2685710 1448629 165762
190 225 10000 19983 10000 4043558 91343 1660
379 166 10000 15534 1000000 2249958 1885281 165762
260 346 10000 19495 200000 3854046 281426 33157
381 81 10000 19749 50000 3952997 182656 8293
2 72 10000 19273 200000 3764341 372098 33157
154 19 10000 19888 30000 4006734 130071 4972
134 291 10000 19887 20000 4005106 132530 3320
71 365 10000 19506 80000 3856139 281839 13266
231 103 10000 19579 80000 3885208 253290 13266
233 180 10000 19872 30000 4000482 138175 4972
288 399 10000 19863 20000 3996273 142534 3320
97 126 10000 15298 1000000 2147315 1991790 165762
176 9 10000 16145 1000000 2486349 1653215 165762
338 151 10000 19870 20000 3998808 140852 3320
127 29 10000 14372 2000000 1778069 2361911 331525
213 4 10000 19638 80000 3912101 228127 13266
362 211 10000 19657 80000 3919228 221581 13266
390 268 10000 19802 20000 3970354 171496 3320
94 261 10000 19889 20000 4006870 135896 3320
334 4 10000 19798 20000 3968955 174487 3320
306 15 10000 18969 200000 3639650 505088 33157
289 286 10000 19885 50000 4004522 140767 8293
34 197 10000 13907 2000000 1595747 2549929 331525
16 221 10000 19806 50000 3971080 175403 8293
203 380 10000 19789 50000 3966908 179708 8293
300 148 10000 19819 50000 3975908 171652 8293
137 394 10000 19901 30000 4011235 137042 4972
135 84 10000 18871 200000 3596477 552365 33157
157 44 10001 19912 30000 4015417 133590 4972
240 234 10000 19769 50000 3959181 190921 8293
217 327 10000 19904 30000 4012176 138080 4972
301 47 10000 19686 80000 3929154 221635 13266
40 152 10000 19499 80000 3854588 296342 13266
286 71 10000 19120 200000 3705791 445448 33157
349 206 10000 19850 20000 3988977 162855 3320
338 66 10000 19767 50000 3958676 195604 8293
61 117 10000 19879 30000 4002150 152389 4972
272 99 10000 15848 1000000 2373226 1781414 165762
326 259 10000 19839 50000 3984160 172388 8293
347 368 10000 19815 50000 3974259 182420 8293
26 377 10000 19603 30000 3896305 260510 4972
143 90 10000 19578 80000 3884975 272398 13266
321 85 10000 19027 200000 3668426 490663 33157
170 125 10001 19907 20000 4013981 145383 3320
269 218 10000 19712 80000 3939514 220590 13266
86 167 10000 19673 80000 3922968 239147 13266
339 300 10000 19761 80000 3955627 206921 13266
291 381 10000 19780 50000 3963716 200202 8293
290 204 10000 19342 80000 3785589 379604 13266
271 301 10000 19713 80000 3940193 225564 13266
134 312 10000 13203 2000000 1295657 2870295 331525
358 110 10001 19953 20000 4031737 135433 3320
205 320 10000 19581 80000 3885806 281945 13266
314 0 10000 19961 20000 4033450 134678 3320
90 317 10000 19834 50000 3980207 188348 8293
364 386 10000 19667 80000 3921894 246697 13266
33 278 10000 19922 30000 4019641 149361 4972
27 288 10000 19172 200000 3724057 445381 33157
71 119 10000 19551 200000 3874348 296852 33157
80 102 10000 19836 50000 3981663 189699 8293
86 26 10000 19722 80000 3941968 230903 13266
348 379 10001 19842 80000 3984552 190531 13266
239 226 10000 19905 50000 4012929 162791 8293
13 132 10000 19014 200000 3663619 512392 33157
38 41 10000 19860 50000 3992728 184723 8293
367 3 10000 19843 50000 3985922 193568 8293
323 59 10000 19783 80000 3964555 216419 13266
312 65 10000 17727 1000000 3118216 1064115 165762
15 212 10000 19716 50000 3941290 241502 8293
208 219 10000 19602 200000 3896150 287407 33157
259 218 10000 19876 50000 4001984 181884 8293
39 79 10000 19091 200000 3694923 489152 33157
129 112 10000 19844 80000 3986062 199154 13266
213 331 10000 19831 80000 3979739 206432 13266
328 40 10000 11674 2000000 672651 3514580 331525
32 309 10000 19964 30000 4034966 152378 4972
130 145 10001 19856 50000 3991287 196467 8293
338 8 10000 19995 30000 4052509 135993 4972
69 389 10001 19656 80000 3918811 269940 13266
174 287 10000 19782 80000 3964451 224870 13266
357 330 10000 16853 1000000 2766553 1422796 165762
225 15 10000 19490 80000 3851464 338709 13266
1 121 10000 19929 30000 4022739 168816 4972
398 294 10000 19994 20000 4052041 140379 3320
347 133 10000 19881 50000 4003476 190192 8293
49 166 10000 19997 30000 4053305 140759 4972
108 205 10000 19216 200000 3745513 448682 33157
76 380 10000 16377 1000000 2586585 1608019 165762
13 73 10000 12229 2000000 905601 3289782 331525
274 327 10001 19790 80000 3967640 228805 13266
326 173 10000 19882 50000 4003558 192929 8293
324 137 10000 19883 80000 4003647 193340 13266
317 349 10001 19811 80000 3972347 225933 13266
63 37 10000 11066 2000000 413081 3788897 331525
142 101 10000 15796 1000000 2354790 1847998 165762
95 275 10000 18934 200000 3623716 579187 33157
97 1 10000 15029 1000000 2035961 2169452 165762
112 138 10000 19902 50000 4011484 194435 8293
204 250 10000 19808 80000 3971404 234701 13266
72 250 10000 18997 200000 3654030 552104 33157
183 93 10000 19723 50000 3942182 266816 8293
223 70 10000 19461 200000 3836818 372899 33157
296 342 10000 14776 2000000 1940416 2269655 331525
158 240 10000 19959 50000 4033197 179746 8293
39 216 10000 19921 80000 4019492 194014 13266
19 102 10000 19979 50000 4040399 175195 8293
258 175 10000 19837 80000 3982665 233093 13266
395 256 10000 19962 50000 4033711 185061 8293
43 54 10000 19803 80000 3970817 248615 13266
83 317 10000 14391 2000000 1784333 2435761 331525
94 130 10000 19945 80000 4028808 191740 13266
267 104 10000 19517 200000 3861029 359941 33157
227 16 10000 19376 200000 3799909 421419 33157
307 334 10000 19877 80000 4001999 224618 13266
286 376 10000 19866 80000 3997712 229347 13266
130 356 10000 15449 1000000 2214625 2012706 165762
225 345 10000 19871 30000 3999316 230387 4972
175 350 10000 10046 2000000 18253 4213100 331525
394 262 10000 17036 1000000 2835894 1397105 165762
368 61 10001 17000 1000000 2822310 1411524 165762
266 349 10000 19847 80000 3987626 246565 13266
85 7 10000 19364 200000 3795468 438950 33157
342 48 10000 19981 80000 4042371 192170 13266
62 30 10000 19765 50000 3957883 278357 8293
210 313 10000 19105 200000 3699973 536827 33157
181 25 10000 14957 1000000 2011896 2227676 165762
74 113 10000 19045 80000 3676325 564160 13266
77 180 10000 19400 200000 3807590 434033 33157
177 260 10000 19707 80000 3937446 304317 13266
204 80 10000 19915 50000 4017490 229218 8293
303 107 10000 19724 80000 3943519 303825 13266
32 6 10000 16443 1000000 2613859 1634235 165762
58 395 10000 10720 2000000 278609 3973094 331525
198 67 10000 19800 80000 3969680 282921 13266
340 25 10000 19674 80000 3923640 333882 13266
372 160 10000 19965 80000 4035035 224838 13266
187 335 10000 19927 50000 4021557 238850 8293
279 104 10000 19957 80000 4033120 229457 13266
158 399 10000 19731 200000 3947270 316669 33157
28 323 10000 19824 80000 3977845 286294 13266
356 295 10000 14268 2000000 1737268 2528871 331525
225 126 10000 19345 80000 3786071 483440 13266
275 179 10000 18354 200000 3394825 878211 33157
352 113 10000 19968 80000 4035762 237961 13266
142 315 10000 19993 80000 4052027 224181 13266
387 133 10000 19047 200000 3676692 600436 33157
92 21 10000 13051 2000000 1235824 3041927 331525
364 318 10000 19951 80000 4031497 247104 13266
199 307 10000 15556 1000000 2255764 2025517 165762
22 36 10000 19896 30000 4009066 273252 4972
152 176 10000 19956 80000 4032025 251018 13266
1 206 10000 17102 1000000 2862541 1421738 165762
128 297 10000 19892 80000 4007253 284228 13266
206 220 10000 19766 80000 3958077 337606 13266
360 298 10000 18862 200000 3593170 702888 33157
2 5 10000 17870 1000000 3177338 1119503 165762
267 146 10000 14003 2000000 1634401 2664713 331525
393 164 10000 16999 1000000 2822237 1478432 165762
204 238 10000 19988 50000 4047768 256972 8293
326 175 10000 19849 200000 3988277 320172 33157
339 16 10000 16118 1000000 2478706 1831865 165762
35 122 10000 15308 1000000 2152005 2160882 165762
54 147 10000 19411 200000 3811297 501787 33157
175 151 10000 19786 80000 3965926 348042 13266
376 184 10000 19845 80000 3986342 333296 13266
205 301 10000 16658 1000000 2689977 1631153 165762
214 347 10000 14646 2000000 1881748 2439794 331525
92 381 10000 14613 1000000 1869823 2455071 165762
201 320 10000 16126 1000000 2481022 1846281 165762
159 156 10001 17869 1000000 3177321 1150664 165762
22 337 10000 19862 80000 3996042 335547 13266
364 330 10000 13806 2000000 1551480 2782149 331525
254 381 10000 14474 2000000 1819250 2515201 331525
258 386 10000 19695 200000 3933103 401676 33157
252 164 10000 19159 200000 3719249 617725 33157
360 58 10000 19362 200000 3794678 542548 33157
364 188 10000 19292 200000 3769266 569348 33157
141 173 10000 16542 1000000 2652454 1687186 165762
10 160 10000 16311 1000000 2558628 1783770 165762
171 192 10000 19642 200000 3913116 430717 33157
353 270 10000 13442 2000000 1398057 2946296 331525
96 308 10000 13257 2000000 1317746 3028046 331525
329 214 10000 11640 2000000 660549 3685585 331525
6 202 10000 19416 200000 3813003 533751 33157
339 100 10000 16834 1000000 2758764 1590650 165762
222 9 10000 16663 1000000 2692344 1658557 165762
165 265 10000 19859 80000 3992523 358393 13266
11 138 10000 19186 200000 3732530 620775 33157
188 345 10000 19395 200000 3807043 547281 33157
22 187 10000 19079 200000 3691560 663140 33157
315 265 10001 19936 80000 4024402 331062 13266
266 256 10000 19989 50000 4048941 307213 8293
310 305 10001 19817 80000 3974443 382248 13266
339 369 10000 19466 200000 3839296 522136 33157
0 79 10000 19547 200000 3871933 491746 33157
32 209 10000 19382 200000 3802534 564353 33157
114 130 10000 19714 200000 3940732 428691 33157
129 323 10000 17428 1000000 2992815 1379757 165762
8 143 10000 16414 1000000 2601030 1772016 165762
85 311 10000 15279 1000000 2140964 2232575 165762
219 240 10000 13963 2000000 1617621 2757193 331525
216 117 10000 17308 1000000 2948810 1426858 165762
15 166 10000 19361 200000 3793457 583587 33157
51 221 10000 19668 200000 3922313 464550 33157
2 195 10000 19620 200000 3903740 483472 33157
125 378 10000 13688 1000000 1503203 2884887 165762
218 94 10000 16971 1000000 2811993 1578811 165762
76 27 10000 19509 200000 3858404 532620 33157
225 211 10000 12269 2000000 919553 3471526 331525
256 286 10000 15827 2000000 2364745 2026498 331525
202 8 10000 14073 2000000 1662585 2729135 331525
170 120 10000 16641 1000000 2682983 1709302 165762
387 121 10000 19501 200000 3854914 538016 33157
243 144 10000 19613 200000 3901554 494630 33157
194 314 10000 19134 200000 3711566 686087 33157
120 376 10000 18960 200000 3635274 767034 33157
242 8 10001 14819 1000000 1954936 2451803 165762
72 220 10000 19423 200000 3816038 592104 33157
289 344 10000 19861 200000 3994246 414969 33157
192 381 10000 16546 1000000 2653850 1758891 165762
15 315 10000 19397 200000 3807263 608666 33157
297 22 10000 17050 1000000 2842009 1574320 165762
19 132 10000 19491 200000 3852235 574381 33157
366 119 10000 19409 200000 3810658 618930 33157
24 282 10000 15431 1000000 2205992 2226053 165762
357 72 10000 19675 200000 3924188 510662 33157
168 78 10000 16235 1000000 2520163 1922285 165762
109 85 10000 17039 1000000 2836550 1608180 165762
25 12 10000 12718 2000000 1102380 3343670 331525
100 4 10000 19676 200000 3924234 521953 33157
233 97 10000 19917 80000 4018523 429792 13266
54 234 10000 12245 2000000 909974 3546058 331525
331 307 10000 14469 2000000 1816483 2641646 331525
36 385 10000 19758 200000 3954960 503905 33157
221 195 10000 19418 200000 3814940 646183 33157
119 370 10000 14892 2000000 1984242 2477058 331525
328 200 10000 19704 200000 3936389 525577 33157
282 253 10001 16967 1000000 2810835 1652495 165762
85 201 10000 13639 1000000 1480148 2986108 165762
96 264 10000 19853 200000 3989351 477021 33157
397 146 10000 17162 1000000 2884226 1583281 165762
10 2 10000 17374 1000000 2972834 1497109 165762
190 176 10000 15025 1000000 2034324 2437146 165762
396 360 10000 16073 1000000 2461339 2010455 165762
216 296 10000 14642 2000000 1879842 2594796 331525
332 249 10000 19678 200000 3925804 550909 33157
253 285 10000 19894 200000 4007425 470511 33157
397 239 10000 14818 1000000 1954557 2529293 165762
119 163 10000 17952 1000000 3216763 1268099 165762
153 167 10000 17139 1000000 2875729 1610745 165762
254 98 10001 19822 200000 3976983 518396 33157
197 217 10000 13397 2000000 1380135 3116553 331525
221 174 10000 16837 1000000 2760283 1736936 165762
82 55 10000 16371 1000000 2583741 1922950 165762
74 248 10000 18677 1000000 3522421 996936 165762
61 187 10000 19838 200000 3983892 546765 33157
259 283 10000 12197 2000000 890506 3640822 331525
352 114 10000 16168 2000000 2494082 2046138 331525
214 246 10000 19938 200000 4025986 516355 33157
397 285 10001 19618 200000 3903112 644954 33157
206 173 10000 19996 200000 4052961 496155 33157
176 294 10000 12301 2000000 932834 3618177 331525
305 360 10000 18107 1000000 3285120 1268708 165762
128 285 10000 17739 1000000 3121082 1439807 165762
334 139 10000 13022 2000000 1225513 3338215 331525
336 244 10000 12198 2000000 890905 3674761 331525
87 48 10000 18393 1000000 3414710 1156199 165762
123 239 10000 12196 1000000 889352 3682283 165762
378 80 10000 17484 1000000 3014884 1558031 165762
57 314 10000 16383 1000000 2588694 2008691 165762
338 18 10000 16305 1000000 2555264 2045001 165762
361 58 10000 14835 2000000 1960116 2642618 331525
189 234 10000 13965 2000000 1618094 2986397 331525
390 230 10000 16777 1000000 2735185 1872689 165762
152 115 10000 12103 2000000 845463 3765233 331525
143 40 10000 17240 1000000 2915044 1701734 165762
146 348 10000 16795 1000000 2741991 1878222 165762
308 276 10000 14249 2000000 1731887 2892615 331525
116 135 10000 16887 1000000 2781906 1842683 165762
17 246 10000 15055 1000000 2044861 2587694 165762
16 212 10000 15631 2000000 2284031 2355867 331525
60 22 10000 17123 1000000 2868653 1777528 165762
365 311 10000 18692 1000000 3527713 1118746 165762
153 15 10000 18331 1000000 3384233 1262803 165762
367 223 10000 14929 2000000 2002461 2644916 331525
247 234 10000 19973 200000 4038149 615589 33157
285 100 10000 17752 1000000 3125785 1531400 165762
392 160 10000 16057 1000000 2456511 2202614 165762
91 72 10000 14921 2000000 1999185 2660743 331525
147 303 10000 12635 2000000 1070522 3591473 331525
97 41 10001 18743 1000000 3546249 1116822 165762
189 128 10000 16917 1000000 2791373 1872236 165762
169 279 10000 13923 2000000 1599274 3064537 331525
290 95 10001 16444 1000000 2614478 2049773 165762
30 137 10000 12926 2000000 1185634 3480921 331525
26 399 10000 13476 1000000 1413545 3258701 165762
82 204 10000 16941 1000000 2799706 1874043 165762
212 392 10000 14675 2000000 1893190 2782064 331525
195 283 10000 14615 2000000 1870225 2805722 331525
179 88 10000 16401 1000000 2595835 2081762 165762
257 44 10000 17097 1000000 2860911 1818202 165762
266 236 10000 16959 1000000 2806186 1882029 165762
19 149 10000 17665 1000000 3092387 1602890 165762
217 111 10000 19924 1000000 4019905 680731 165762
90 288 10000 17582 1000000 3056811 1645412 165762
74 286 10000 12799 2000000 1132711 3574986 331525
267 130 10000 15657 1000000 2296046 2422025 165762
52 199 10000 18049 1000000 3255983 1467813 165762
264 172 10000 18582 1000000 3478313 1246609 165762
81 86 10000 16519 1000000 2645849 2086325 165762
302 1 10000 15960 2000000 2414279 2320903 331525
17 280 10000 15559 1000000 2256701 2488391 165762
53 42 10000 18841 1000000 3579274 1168846 165762
121 89 10000 18056 1000000 3259441 1496110 165762
233 226 10000 12957 2000000 1195453 3566799 331525
284 213 10000 17648 1000000 3085020 1690965 165762
39 389 10000 18255 1000000 3351360 1425237 165762
328 212 10000 18554 1000000 3471196 1307821 165762
58 29 10000 12065 2000000 828775 3951573 331525
98 258 10000 16877 1000000 2775071 2023136 165762
98 366 10000 16179 1000000 2498896 2303909 165762
77 258 10000 13665 2000000 1492329 3320064 331525
83 338 10000 14137 2000000 1687673 3126451 331525
183 260 10000 15510 1000000 2237657 2577657 165762
344 95 10000 13774 2000000 1540162 3277087 331525
151 372 10000 13853 2000000 1572984 3244888 331525
47 98 10000 13912 2000000 1596427 3224053 331525
276 249 10000 14872 2000000 1975191 2847519 331525
308 390 10000 13810 2000000 1553530 3271968 331525
63 51 10000 17303 1000000 2947124 1885524 165762
223 281 10000 12340 2000000 952333 3882741 331525
123 362 10001 17495 1000000 3018591 1817592 165762
374 131 10000 15062 1000000 2048133 2789164 165762
84 327 10000 17360 1000000 2967963 1875929 165762
299 384 10000 15686 2000000 2308876 2540954 331525
111 282 10000 10047 5000000 18318 4840893 828805
44 29 10000 15783 1000000 2350956 2510435 165762
355 6 10000 14088 2000000 1669726 3192710 331525
286 353 10000 17090 2000000 2857162 2006499 331525
182 262 10000 18329 1000000 3383514 1485576 165762
215 253 10000 16166 1000000 2493558 2379329 165762
204 186 10000 17766 1000000 3131713 1741470 165762
93 318 10000 18761 1000000 3553531 1330649 165762
220 374 10000 15930 2000000 2399349 2485782 331525
79 129 10000 14800 2000000 1948380 2944209 331525
356 0 10000 12831 2000000 1145734 3747232 331525
358 319 10000 19174 1000000 3726034 1168717 165762
297 100 10000 18440 1000000 3432338 1462735 165762
49 28 10000 13961 2000000 1617466 3278664 331525
197 209 10000 16095 1000000 2471767 2425052 165762
231 179 10000 10447 5000000 171348 4725665 828805
294 380 10000 17158 1000000 2882329 2015817 165762
46 83 10000 16580 2000000 2662945 2237915 331525
14 46 10000 17491 1000000 3017258 1885079 165762
224 318 10000 15156 2000000 2092010 2811746 331525
154 277 10000 18325 1000000 3381517 1525446 165762
377 61 10000 16921 1000000 2792674 2117828 165762
128 31 10000 14952 2000000 2011404 2900972 331525
273 69 10000 18813 1000000 3571459 1346575 165762
36 70 10000 17153 1000000 2880480 2038728 165762
199 68 10000 16286 2000000 2546297 2373391 331525
127 387 10000 10996 5000000 384128 4536200 828805
318 389 10000 11577 2000000 633554 4291968 331525
43 255 10000 17373 1000000 2972473 1955165 165762
81 238 10000 16026 1000000 2441415 2488143 165762
194 4 10000 13675 5000000 1497405 3433111 828805
360 101 10000 19262 1000000 3761808 1173373 165762
373 119 10000 19311 1000000 3775385 1161052 165762
38 7 10000 13969 2000000 1619040 3319351 331525
264 230 10001 15033 1000000 2037601 2902188 165762
301 166 10000 18504 1000000 3456104 1488037 165762
127 21 10000 17624 1000000 3077700 1867685 165762
237 354 10000 13012 2000000 1222413 3723022 331525
160 143 10000 16560 2000000 2657241 2288513 331525
47 118 10000 13975 2000000 1620760 3333655 331525
179 392 10000 18273 1000000 3360873 1596045 165762
84 164 10000 17262 1000000 2923528 2033767 165762
86 195 10000 18767 1000000 3555544 1403327 165762
210 195 10001 14861 2000000 1970722 2994884 331525
67 333 10000 16800 1000000 2743237 2226410 165762
151 82 10000 17180 1000000 2892222 2086271 165762
61 338 10000 17778 1000000 3135420 1845725 165762
74 312 10000 11981 2000000 794685 4190211 331525
307 341 10000 19523 1000000 3863143 1122526 165762
132 399 10000 16571 2000000 2659179 2326841 331525
57 105 10000 19779 1000000 3963428 1037710 165762
85 115 10000 12482 2000000 1009386 3992272 331525
166 280 10000 13161 2000000 1275961 3727160 331525
268 111 10000 16758 1000000 2726683 2276653 165762
48 306 10000 18865 1000000 3593384 1416616 165762
348 379 10000 18753 1000000 3550874 1460877 165762
165 116 10000 17078 1000000 2854493 2166082 165762
254 200 10000 15245 2000000 2127473 2899676 331525
40 93 10000 15096 2000000 2066565 2961468 331525
280 127 10000 18650 1000000 3507059 1521886 165762
351 249 10000 15160 2000000 2093221 2938709 331525
200 292 10000 18374 1000000 3405590 1637640 165762
51 39 10000 16674 2000000 2697373 2346681 331525
157 12 10000 11133 5000000 435150 4612796 828805
375 186 10000 13434 2000000 1394289 3656882 331525
361 90 10000 19315 1000000 3776406 1274876 165762
388 320 10000 15664 2000000 2298628 2753299 331525
39 365 10000 16453 1000000 2617573 2437892 165762
168 228 10000 18411 1000000 3421437 1636748 165762
389 200 10000 17543 1000000 3035626 2025117 165762
22 289 10000 18999 1000000 3656701 1404124 165762
176 299 10000 13518 2000000 1429147 3632699 331525
40 98 10000 16669 1000000 2695495 2369016 165762
357 300 10000 19440 1000000 3824001 1245146 165762
192 240 10000 15858 2000000 2375045 2696384 331525
359 227 10000 18671 1000000 3520285 1552552 165762
136 291 10000 18198 1000000 3327985 1758057 165762
220 245 10000 18299 1000000 3368161 1719649 165762
120 272 10000 14798 2000000 1947967 3142700 331525
111 64 10000 15608 2000000 2277584 2813330 331525
263 93 10000 18883 1000000 3602925 1489403 165762
228 88 10000 16871 2000000 2772894 2322216 331525
334 294 10000 17414 1000000 2986689 2112556 165762
352 375 10000 17260 1000000 2923083 2178146 165762
360 172 10000 17219 1000000 2907184 2200573 165762
110 238 10000 15891 2000000 2385375 2723503 331525
240 357 10000 10178 5000000 66395 5044017 828805
36 196 10000 16287 1000000 2546788 2564730 165762
112 138 10001 19937 1000000 4025049 1087169 165762
304 101 10000 16686 1000000 2699890 2417284 165762
58 3 10000 11233 2000000 484724 4632936 331525
350 38 10000 18445 1000000 3433639 1684585 165762
255 96 10000 11782 2000000 713725 4405640 331525
86 229 10000 15993 2000000 2429977 2693337 331525
316 389 10000 19099 1000000 3697718 1431058 165762
33 323 10000 17718 1000000 3115455 2016964 165762
265 200 10000 17938 1000000 3211512 1921498 165762
10 347 10001 18567 1000000 3475563 1658973 165762
293 317 10000 18169 1000000 3315123 1820053 165762
240 369 10000 18991 1000000 3651984 1483242 165762
294 193 10000 16649 2000000 2687552 2447857 331525
125 304 10000 13659 2000000 1487651 3655090 331525
376 159 10000 18632 1000000 3498849 1644954 165762
98 396 10000 19194 1000000 3734988 1413908 165762
105 367 10000 17476 2000000 3010536 2139819 331525
250 378 10000 16575 2000000 2660094 2493418 331525
357 293 10000 16457 1000000 2617927 2536501 165762
201 193 10000 13178 2000000 1284021 3872181 331525
117 267 10000 11859 5000000 744778 4416855 828805
205 82 10000 11738 5000000 695810 4468468 828805
139 342 10000 16688 2000000 2700383 2464270 331525
80 237 10000 13127 2000000 1261908 3914339 331525
384 38 10000 17474 1000000 3010167 2178390 165762
225 35 10000 14354 1000000 1766708 3423548 165762
298 32 10000 19428 1000000 3817851 1372820 165762
250 185 10000 15772 2000000 2346808 2844170 331525
65 329 10000 16119 2000000 2478784 2715620 331525
12 397 10000 17208 2000000 2903738 2292773 331525
125 177 10000 14749 1000000 1926081 3271468 165762
302 279 10000 15453 2000000 2216758 2982272 331525
344 147 10000 17205 1000000 2902330 2303023 165762
102 191 10000 17550 2000000 3041798 2168779 331525
238 324 10000 18480 1000000 3448618 1764889 165762
202 131 10000 16285 1000000 2545716 2668538 165762
6 174 10000 18968 1000000 3639219 1575537 165762
214 298 10000 18523 1000000 3462083 1755416 165762
108 66 10000 18432 1000000 3431223 1788103 165762
303 138 10000 15018 2000000 2030761 3188946 331525
220 73 10000 19518 1000000 3861174 1358832 165762
253 263 10000 14026 2000000 1643274 3577744 331525
212 224 10000 19323 1000000 3777978 1445306 165762
257 294 10000 16897 1000000 2786504 2437923 165762
366 227 10000 13065 2000000 1241417 3987919 331525
285 258 10000 19131 1000000 3710311 1519300 165762
303 329 10000 11832 2000000 733523 4499783 331525
383 336 10000 16214 2000000 2513887 2728402 331525
251 47 10000 11830 2000000 732418 4514844 331525
106 40 10000 18987 1000000 3651099 1598727 165762
118 201 10000 16699 2000000 2704684 2549147 331525
303 64 10000 19129 1000000 3708992 1555113 165762
344 298 10000 13593 2000000 1460414 3806722 331525
240 349 10000 19213 1000000 3742406 1525440 165762
358 102 10000 14133 2000000 1686888 3581740 331525
384 231 10000 16392 2000000 2592223 2678625 331525
217 226 10000 18806 1000000 3568978 1702343 165762
185 51 10000 19119 1000000 3704694 1577112 165762
118 221 10000 14911 2000000 1992849 3291213 331525
178 68 10000 18307 1000000 3372697 1919066 165762
26 320 10000 10308 2000000 122351 5178660 331525
340 122 10000 18966 1000000 3638637 1662395 165762
285 79 10000 19301 1000000 3771421 1534080 165762
61 355 10000 16515 2000000 2645054 2660831 331525
396 387 10000 14092 2000000 1670891 3636868 331525
374 74 10000 18212 1000000 3334906 1973390 165762
353 207 10000 18492 1000000 3453154 1860943 165762
196 274 10000 18296 1000000 3367987 1946324 165762
204 293 10001 18830 1000000 3576154 1738497 165762
41 94 10000 11653 2000000 664540 4650622 331525
239 207 10000 19532 1000000 3865529 1462390 165762
165 11 10000 18623 1000000 3493818 1838747 165762
289 220 10000 15987 1000000 2427859 2907792 165762
76 196 10000 18405 1000000 3418867 1917257 165762
52 345 10000 17159 2000000 2882810 2456649 331525
303 47 10000 18509 1000000 3457327 1882501 165762
191 27 10000 17753 1000000 3125908 2216215 165762
45 129 10000 15114 1000000 2072613 3270589 165762
110 259 10000 14043 2000000 1650254 3698679 331525
333 104 10000 15058 2000000 2046036 3303928 331525
37 23 10000 19684 1000000 3927700 1423545 165762
333 251 10000 17613 1000000 3072716 2284620 165762
214 54 10000 17783 1000000 3138544 2218807 165762
189 113 10000 17836 1000000 3159905 2202555 165762
257 328 10000 18695 1000000 3529565 1834172 165762
83 226 10000 18276 1000000 3362281 2012662 165762
168 81 10000 17763 1000000 3130477 2244912 165762
358 198 10000 12542 2000000 1028592 4348795 331525
137 399 10000 19201 1000000 3737712 1644361 165762
39 3 10000 18608 1000000 3489368 1896562 165762
304 86 10000 14408 2000000 1790042 3609680 331525
230 310 10000 12356 2000000 958259 4445424 331525
41 52 10000 19572 1000000 3884166 1521874 165762
70 174 10000 10723 5000000 278917 5129912 828805
47 309 10000 19971 1000000 4037464 1372665 165762
265 46 10000 16134 2000000 2482358 2927804 331525
179 195 10000 17591 1000000 3060017 2356451 165762
183 312 10000 16567 1000000 2658864 2760263 165762
393 254 10000 17315 2000000 2952323 2470533 331525
273 351 10000 18711 1000000 3538873 1886904 165762
81 376 10000 18665 1000000 3516278 1913450 165762
264 171 10000 11789 2000000 716822 4713543 331525
179 14 10000 18647 1000000 3505754 1926177 165762
161 332 10000 19728 1000000 3946027 1486824 165762
349 262 10000 19224 1000000 3750573 1683447 165762
92 198 10001 19445 1000000 3825854 1608840 165762
71 167 10000 16113 2000000 2476311 2960546 331525
60 32 10001 18386 1000000 3411346 2035010 165762
384 350 10000 19747 1000000 3952260 1502417 165762
223 214 10000 16636 2000000 2681488 2774941 331525
222 63 10000 18316 1000000 3377239 2081393 165762
289 368 10000 19700 1000000 3936056 1524946 165762
217 112 10000 19977 1000000 4040022 1421444 165762
359 3 10000 12042 5000000 819898 4642911 828805
399 291 10000 15143 2000000 2087549 3375531 331525
168 41 10000 14775 2000000 1939227 3524905 331525
325 45 10000 19555 1000000 3875056 1590417 165762
142 383 10000 18366 1000000 3401354 2065869 165762
80 142 10000 18798 2000000 3564760 1904870 331525
8 343 10000 19651 1000000 3915895 1558393 165762
27 76 10000 19607 1000000 3898437 1576452 165762
331 302 10000 18514 2000000 3458621 2020127 331525
120 42 10000 15397 2000000 2191919 3287263 331525
187 376 10000 19946 1000000 4028979 1450792 165762
164 63 10000 12851 2000000 1154757 4326528 331525
289 45 10000 19128 1000000 3708885 1773955 165762
258 117 10000 10514 5000000 197443 5288650 828805
13 51 10000 17994 2000000 3234448 2252206 331525
125 4 10000 15539 1000000 2251839 3244730 165762
96 306 10000 15760 2000000 2340286 3163128 331525
180 241 10000 18649 2000000 3506395 1998947 331525
135 30 10000 15948 2000000 2408024 3101039 331525
248 53 10000 19372 1000000 3798534 1711708 165762
11 331 10000 18449 1000000 3434304 2077773 165762
279 189 10001 17472 2000000 3009180 2506170 331525
164 31 10000 14035 2000000 1647286 3871077 331525
223 116 10000 18964 1000000 3638179 1882082 165762
225 204 10000 14706 2000000 1907781 3625565 331525
133 364 10000 16847 2000000 2763099 2775279 331525
226 157 10000 12389 5000000 971735 4575084 828805
373 128 10000 17108 2000000 2864093 2686089 331525
370 386 10000 19944 1000000 4028806 1521961 165762
193 237 10001 19407 1000000 3809879 1741170 165762
175 260 10000 14855 2000000 1968288 3583289 331525
361 108 10000 19187 1000000 3732581 1821160 165762
334 56 10000 16778 2000000 2735699 2818806 331525
229 64 10000 18990 1000000 3651852 1906076 165762
258 297 10000 16966 2000000 2810578 2747843 331525
113 329 10000 18279 1000000 3363613 2196321 165762
1 304 10000 12803 5000000 1133678 4426895 828805
189 160 10000 18391 1000000 3414344 2149836 165762
316 70 10000 19814 1000000 3974088 1592906 165762
371 59 10000 17562 2000000 3046694 2522432 331525
61 139 10000 19038 1000000 3672599 1900673 165762
110 347 10000 13859 2000000 1574398 3999001 331525
10 206 10000 12240 5000000 908877 4670627 828805
120 369 10000 17113 2000000 2866008 2719770 331525
397 335 10000 19587 1000000 3887819 1700552 165762
166 261 10000 18558 1000000 3472909 2115572 165762
127 241 10000 17622 2000000 3075789 2515227 331525
175 349 10000 15321 2000000 2161149 3431034 331525
390 91 10000 18525 1000000 3462288 2134346 165762
349 344 10000 15607 2000000 2277105 3321164 331525
84 310 10000 16863 2000000 2770749 2830471 331525
376 283 10000 15257 2000000 2131485 3470347 331525
113 302 10000 12929 5000000 1186772 4416858 828805
59 75 10000 11386 5000000 546245 5059022 828805
22 263 10000 18433 1000000 3431286 2174344 165762
286 270 10000 17214 2000000 2905436 2702349 331525
78 235 10000 17253 2000000 2920503 2687442 331525
209 218 10000 11398 10000000 552046 5058811 1657602
92 269 10000 18620 1000000 3493611 2120110 165762
63 81 10000 15150 2000000 2089579 3528842 331525
4 158 10000 15967 2000000 2417905 3205201 331525
286 71 10001 19606 1000000 3897445 1730809 165762
344 241 10000 10819 5000000 318149 5314092 828805
282 247 10000 15386 2000000 2188276 3459607 331525
83 177 10000 12076 2000000 834729 4813576 331525
212 149 10000 17434 2000000 2994253 2655666 331525
332 178 10000 18301 2000000 3368301 2281978 331525
175 171 10000 14301 1000000 1746714 3904546 165762
252 315 10000 17349 2000000 2964661 2687605 331525
178 369 10000 16355 2000000 2578382 3078643 331525
339 367 10000 19967 1000000 4035635 1622185 165762
106 254 10000 19457 2000000 3835314 1826178 331525
173 390 10000 13523 2000000 1430601 4234315 331525
207 89 10000 17501 1000000 3019866 2645859 165762
350 175 10000 18594 1000000 3484438 2181659 165762
361 306 10000 14670 2000000 1891699 3776776 331525
316 263 10000 16488 2000000 2632182 3038363 331525
169 388 10000 19991 1000000 4050366 1621960 165762
137 32 10000 17846 2000000 3164844 2508125 331525
99 125 10000 14127 2000000 1684019 3989073 331525
374 291 10000 17776 1000000 3134703 2539832 165762
99 188 10000 17336 2000000 2957367 2721342 331525
390 266 10000 15300 2000000 2149213 3533581 331525
200 379 10000 15317 2000000 2158343 3531602 331525
229 27 10000 19697 1000000 3933189 1760522 165762
104 162 10000 18421 1000000 3427694 2266242 165762
259 260 10000 17459 1000000 3003786 2690152 165762
250 170 10000 16339 2000000 2572051 3129018 331525
11 297 10000 16717 2000000 2710253 2991219 331525
134 25 10000 18563 1000000 3474196 2227915 165762
204 22 10000 12749 2000000 1115447 4594378 331525
364 81 10000 14640 2000000 1879261 3835646 331525
142 274 10000 16980 2000000 2815116 2899822 331525
63 389 10000 18915 1000000 3616089 2100444 165762
303 308 10000 17651 1000000 3086150 2634615 165762
155 128 10000 11760 5000000 703039 5035943 828805
334 95 10000 16635 2000000 2681169 3061972 331525
394 99 10000 19827 1000000 3979276 1772946 165762
254 169 10000 19511 2000000 3858663 1899321 331525
78 236 10000 15725 2000000 2323632 3437591 331525
3 309 10000 19820 1000000 3975958 1787307 165762
252 28 10000 19102 1000000 3699254 2070004 165762
111 268 10000 15672 2000000 2303059 3469856 331525
254 151 10000 18015 2000000 3244208 2535602 331525
266 18 10000 16159 2000000 2492187 3287930 331525
383 194 10000 16452 2000000 2616997 3169376 331525
70 65 10000 18482 1000000 3449885 2342107 165762
390 221 10000 18292 1000000 3366501 2425595 165762
203 116 10000 15637 2000000 2287321 3505671 331525
79 259 10000 18661 2000000 3513606 2279406 331525
174 248 10000 19801 2000000 3970164 1831604 331525
216 106 10000 19076 1000000 3690796 2112309 165762
194 328 10000 17969 1000000 3223865 2585030 165762
365 316 10000 16224 2000000 2516618 3297557 331525
53 69 10000 19399 1000000 3807464 2008466 165762
18 160 10000 15906 2000000 2391883 3425460 331525
389 288 10000 12786 5000000 1127822 4694222 828805
356 368 10000 16832 2000000 2757678 3066728 331525
28 13 10000 17802 2000000 3147436 2678116 331525
79 287 10000 19812 1000000 3972357 1857341 165762
279 133 10000 17730 2000000 3119714 2721250 331525
363 55 10000 17616 2000000 3073190 2777694 331525
333 361 10000 18067 2000000 3263770 2592238 331525
142 335 10000 19454 2000000 3834165 2023317 331525
288 11 10000 17532 2000000 3031826 2828058 331525
358 352 10000 15776 2000000 2347816 3520541 331525
128 296 10000 19508 2000000 3857871 2011004 331525
198 202 10000 10340 5000000 132375 5738607 828805
66 222 10000 16502 2000000 2637257 3235468 331525
14 169 10000 10875 5000000 338705 5536201 828805
85 167 10000 13179 2000000 1284824 4605049 331525
158 250 10000 18785 2000000 3560023 2330832 331525
20 178 10000 10537 5000000 205482 5687060 828805
295 182 10000 18537 2000000 3465834 2428476 331525
367 356 10000 11807 5000000 722154 5173335 828805
200 113 10000 19327 1000000 3778890 2117727 165762
33 109 10000 16054 2000000 2455422 3441390 331525
173 348 10000 18128 2000000 3293965 2604157 331525
204 37 10000 17238 2000000 2914090 2993284 331525
9 148 10000 18989 2000000 3651815 2256659 331525
73 391 10000 12214 5000000 897835 5016077 828805
45 363 10000 12373 2000000 966345 4952592 331525
360 222 10000 16234 2000000 2519294 3407106 331525
247 341 10000 18353 2000000 3394810 2571552 331525
182 251 10000 18206 2000000 3331918 2641760 331525
322 291 10000 18546 2000000 3467584 2507157 331525
283 256 10000 18147 2000000 3303990 2674591 331525
152 264 10000 18640 2000000 3503444 2477446 331525
215 143 10000 11448 5000000 577845 5403276 828805
200 314 10000 16927 1000000 2795051 3209398 165762
4 109 10000 19599 2000000 3894907 2110592 331525
231 396 10000 10318 5000000 125382 5884600 828805
371 392 10000 18428 1000000 3429778 2585935 165762
261 371 10000 11919 5000000 771117 5254320 828805
225 147 10000 15741 2000000 2329858 3696046 331525
358 124 10000 19140 1000000 3714738 2312105 165762
133 32 10000 10349 5000000 134750 5897207 828805
155 40 10000 16442 2000000 2613801 3419283 331525
22 26 10000 16525 1000000 2649372 3386243 165762
171 181 10000 16330 2000000 2567969 3468599 331525
181 297 10000 19435 2000000 3822027 2215033 331525
119 45 10000 18725 2000000 3541551 2499074 331525
239 371 10000 12690 2000000 1092053 4959398 331525
328 187 10000 18241 2000000 3346383 2711429 331525
257 289 10000 19966 2000000 4035368 2023168 331525
98 246 10000 18184 2000000 3322521 2737119 331525
184 257 10000 18123 1000000 3291948 2776203 165762
204 124 10000 19482 1000000 3844910 2223485 165762
184 14 10000 18983 1000000 3649128 2422455 165762
4 281 10000 17449 2000000 3001365 3070445 331525
369 143 10000 19958 2000000 4033177 2046585 331525
91 137 10000 15835 2000000 2368165 3712950 331525
2 25 10000 17427 2000000 2992629 3089826 331525
375 222 10000 18491 2000000 3452729 2633743 331525
188 166 10000 17840 2000000 3162416 2924371 331525
395 288 10000 19926 2000000 4021435 2069521 331525
371 306 10000 16042 2000000 2451747 3643483 331525
214 383 10000 14247 2000000 1730726 4396664 331525
336 164 10000 19622 1000000 3904195 2224250 165762
184 350 10000 10924 5000000 355256 5776282 828805
249 140 10001 19349 2000000 3787222 2344704 331525
18 101 10000 16510 2000000 2640703 3494057 331525
158 69 10000 12362 5000000 960705 5174276 828805
323 0 10000 15766 2000000 2343206 3793876 331525
304 273 10001 16211 2000000 2512565 3631312 331525
190 280 10000 14977 2000000 2015481 4159185 331525
205 313 10000 19595 2000000 3892667 2282334 331525
337 212 10000 19693 1000000 3930914 2246292 165762
330 289 10000 17430 2000000 2993241 3184741 331525
154 5 10000 10913 5000000 351516 5833019 828805
365 150 10000 18615 2000000 3492372 2692837 331525
253 217 10000 19809 1000000 3971456 2217940 165762
360 233 10001 19028 1000000 3668459 2521766 165762
103 348 10000 16972 5000000 2812499 3383499 828805
113 278 10000 13720 2000000 1515940 4680201 331525
215 75 10000 14695 2000000 1901226 4295412 331525
210 249 10000 17904 2000000 3190491 3012370 331525
204 367 10000 18939 1000000 3626471 2583820 165762
246 100 10000 10457 5000000 177239 6034124 828805
18 137 10000 16109 2000000 2475846 3736061 331525
326 55 10000 17634 2000000 3080303 3131704 331525
233 351 10000 19441 2000000 3824697 2400777 331525
13 312 10000 18644 2000000 3505072 2722861 331525
59 101 10000 10284 5000000 113252 6116296 828805
160 298 10000 16591 2000000 2666735 3563013 331525
13 165 10000 15785 2000000 2351671 3878714 331525
269 242 10000 16125 2000000 2480795 3759491 331525
273 147 10000 18511 2000000 3457537 2783914 331525
351 46 10000 19046 2000000 3676671 2578426 331525
55 29 10000 19730 2000000 3946661 2310134 331525
103 393 10000 16751 5000000 2724138 3535309 828805
378 105 10000 17129 2000000 2872705 3387627 331525
63 77 10000 13732 2000000 1521328 4743161 331525
22 284 10000 14988 2000000 2019151 4247579 331525
26 288 10000 10201 5000000 75689 6194314 828805
18 202 10000 17132 2000000 2873550 3397207 331525
28 76 10000 14081 2000000 1664736 4612315 331525
190 307 10000 16838 2000000 2760319 3521882 331525
323 165 10000 10072 5000000 30970 6253056 828805
77 193 10000 16534 2000000 2651173 3633792 331525
291 40 10000 17330 2000000 2956250 3335437 331525
229 98 10000 16944 2000000 2801271 3494669 331525
234 66 10000 17785 2000000 3138806 3157671 331525
303 177 10000 17142 2000000 2877627 3427070 331525
100 267 10000 17437 2000000 2995135 3310506 331525
31 109 10000 10216 5000000 82920 6228243 828805
350 395 10000 19436 5000000 3822690 2492303 828805
48 269 10000 11541 5000000 619351 5699113 828805
253 375 10000 16012 2000000 2436599 3890804 331525
253 244 10000 16602 2000000 2669714 3657936 331525
46 278 10000 18110 2000000 3285697 3044607 331525
211 396 10000 18603 2000000 3485819 2845496 331525
110 189 10000 13691 2000000 1503745 4829274 331525
55 10 10000 17037 2000000 2836013 3497906 331525
335 217 10000 16263 2000000 2534568 3799494 331525
357 183 10000 19928 1000000 4021912 2313778 165762
22 270 10000 16529 2000000 2650025 3692460 331525
161 388 10000 19112 2000000 3702373 2646010 331525
93 274 10000 16733 2000000 2716400 3632163 331525
2 75 10000 18390 2000000 3413435 2937774 331525
110 17 10000 10556 5000000 210736 6142057 828805
1 323 10001 19096 2000000 3696796 2656628 331525
190 155 10000 16899 2000000 2787150 3576070 331525
131 179 10000 10224 5000000 86087 6286644 828805
382 175 10000 11461 5000000 581085 5794646 828805
393 365 10000 19367 2000000 3797812 2578120 331525
239 355 10000 17773 2000000 3133918 3250037 331525
164 392 10000 17899 2000000 3188849 3197838 331525
282 277 10000 14290 2000000 1743552 4643530 331525
58 84 10000 16858 2000000 2768661 3638552 331525
201 174 10000 17144 2000000 2877846 3531973 331525
215 298 10000 15275 2000000 2139895 4286220 331525
215 351 10001 17560 2000000 3045623 3380996 331525
242 305 10000 15366 2000000 2180097 4255139 331525
20 133 10000 18340 2000000 3388884 3060419 331525
123 45 10000 11284 2000000 503443 5946571 331525
242 248 10000 10541 5000000 207015 6249117 828805
148 329 10000 17342 2000000 2961526 3508295 331525
84 123 10000 19899 2000000 4010566 2468618 331525
114 189 10000 19396 2000000 3807093 2672121 331525
392 350 10000 10032 5000000 12882 6470349 828805
237 269 10000 11001 5000000 385875 6098498 828805
338 235 10000 17343 2000000 2961571 3533452 331525
174 361 10001 19652 2000000 3916700 2582166 331525
41 258 10000 18925 2000000 3620265 2883800 331525
271 284 10000 19525 2000000 3863183 2644115 331525
376 55 10000 18810 2000000 3570833 2936525 331525
136 144 10000 19760 1000000 3955427 2555199 165762
356 135 10000 11521 5000000 606707 5904600 828805
294 136 10000 11609 5000000 648144 5874681 828805
387 202 10000 19055 2000000 3682280 2842213 331525
337 33 10000 16439 2000000 2611315 3916283 331525
322 315 10000 14173 5000000 1699798 4835553 828805
30 68 10000 19569 2000000 3881805 2662728 331525
311 319 10000 17107 5000000 2864024 3685481 828805
250 201 10000 19646 2000000 3914177 2637147 331525
107 257 10000 19206 2000000 3739911 2812185 331525
320 61 10000 19507 2000000 3856450 2701837 331525
394 47 10000 19998 2000000 4054112 2505246 331525
94 144 10000 19598 2000000 3893864 2666552 331525
112 183 10000 19933 2000000 4023588 2539115 331525
115 211 10000 15933 1000000 2400606 4167926 165762
214 332 10000 18676 2000000 3522418 3046173 331525
136 357 10000 18825 2000000 3575430 2994664 331525
149 36 10000 18397 2000000 3416022 3165360 331525
377 258 10000 15784 5000000 2351557 4231406 828805
100 394 10000 18007 2000000 3239797 3349883 331525
177 340 10000 12302 5000000 934065 5662694 828805
140 303 10000 11768 5000000 706350 5890457 828805
121 103 10000 17173 2000000 2888614 3715326 331525
322 362 10000 18312 2000000 3375057 3234386 331525
224 107 10000 19960 2000000 4033444 2585895 331525
131 378 10000 19421 2000000 3815565 2809137 331525
378 366 10000 18827 5000000 3575747 3057989 828805
304 245 10000 16996 2000000 2821361 3815446 331525
310 222 10000 12854 2000000 1155503 5484724 331525
370 185 10000 18387 2000000 3411420 3231041 331525
77 286 10000 13702 5000000 1508973 5140987 828805
70 31 10000 19636 2000000 3911116 2742922 331525
191 156 10000 14780 2000000 1941732 4715815 331525
316 63 10000 13964 5000000 1617917 5040841 828805
321 28 10000 19081 2000000 3691908 2968039 331525
225 357 10000 16659 2000000 2691253 3980386 331525
399 346 10000 18849 2000000 3583440 3091643 331525
194 385 10000 15788 2000000 2352537 4323588 331525
23 98 10000 11235 5000000 485312 6191507 828805
292 270 10000 18935 2000000 3624547 3053728 331525
132 307 10000 15079 5000000 2056193 4626787 828805
118 332 10000 12613 5000000 1059834 5629707 828805
147 194 10001 19689 2000000 3929630 2763172 331525
55 326 10000 18953 2000000 3633823 3063376 331525
385 30 10000 10780 5000000 304170 6397798 828805
238 75 10000 19183 2000000 3731302 2975462 331525
238 152 10000 14402 5000000 1788427 4923547 828805
239 276 10000 14192 2000000 1705577 5011488 331525
347 254 10000 17981 2000000 3228540 3511899 331525
329 276 10000 10408 5000000 156434 6590637 828805
40 199 10000 10696 5000000 268880 6480670 828805
215 276 10000 14044 2000000 1650596 5106829 331525
240 192 10000 11191 5000000 465628 6291918 828805
160 314 10000 18471 2000000 3444943 3313770 331525
83 299 10000 10611 5000000 235148 6525239 828805
253 202 10000 16822 2000000 2753340 4013852 331525
303 237 10001 18131 2000000 3294398 3473573 331525
167 343 10000 16787 2000000 2739647 4036401 331525
204 128 10000 17413 2000000 2986575 3790586 331525
78 205 10000 11530 5000000 611372 6172575 828805
33 294 10000 10480 5000000 185972 6602554 828805
176 329 10000 19483 2000000 3846167 2944797 331525
139 81 10000 19018 2000000 3665119 3129518 331525
334 91 10000 11144 5000000 441299 6353385 828805
258 376 10000 12569 5000000 1044603 5751905 828805
5 28 10000 15995 5000000 2430440 4380106 828805
63 186 10000 10709 5000000 273573 6537120 828805
280 338 10000 18967 2000000 3639017 3175399 331525
98 50 10000 18297 2000000 3368115 3446513 331525
342 23 10000 12740 5000000 1113356 5712456 828805
133 189 10000 18542 2000000 3467326 3381534 331525
336 288 10000 16252 2000000 2529816 4321002 331525
12 140 10000 14974 5000000 2015083 4836311 828805
22 84 10000 10293 5000000 115679 6744137 828805
310 170 10000 16656 2000000 2689230 4171043 331525
172 295 10000 10259 5000000 102449 6771978 828805
375 147 10000 15105 5000000 2070112 4805213 828805
291 171 10000 15046 5000000 2040851 4837054 828805
77 89 10000 19528 2000000 3863524 3015324 331525
291 181 10000 19488 2000000 3849518 3033026 331525
236 154 10000 18668 2000000 3517154 3371181 331525
304 118 10000 16617 2000000 2673918 4215821 331525
295 21 10000 19778 2000000 3962746 2928029 331525
211 114 10000 11963 5000000 788043 6104213 828805
179 207 10000 18760 2000000 3552942 3346710 331525
323 331 10000 19868 2000000 3998150 2902265 331525
279 159 10001 17445 5000000 2998452 3907529 828805
97 260 10000 15290 2000000 2145670 4765548 331525
44 74 10000 12281 5000000 922437 5989800 828805
15 36 10000 11613 5000000 649240 6268843 828805
154 250 10000 12698 5000000 1095352 5824423 828805
3 19 10000 18860 5000000 3592068 3336061 828805
226 79 10000 18454 2000000 3438146 3501802 331525
295 199 10000 18816 2000000 3572111 3374306 331525
168 103 10001 19392 2000000 3806575 3147159 331525
313 377 10000 18343 2000000 3389505 3564501 331525
106 8 10001 19851 2000000 3989282 2965710 331525
389 241 10000 12251 5000000 911345 6046890 828805
215 260 10000 10438 5000000 169644 6790496 828805
355 36 10000 19067 2000000 3687705 3272881 331525
242 104 10000 19573 2000000 3884424 3083877 331525
342 387 10000 16210 5000000 2512545 4457464 828805
152 97 10000 18821 1000000 3574045 3396945 165762
375 115 10000 13080 5000000 1245237 5737392 828805
344 91 10000 18431 1000000 3430867 3554956 165762
201 377 10000 18570 2000000 3476416 3515124 331525
327 315 10000 10906 5000000 348385 6643271 828805
353 75 10000 13132 5000000 1263400 5740670 828805
327 118 10000 18652 2000000 3507786 3496900 331525
171 375 10000 19369 2000000 3798165 3224441 331525
53 268 10000 17925 2000000 3200707 3828845 331525
57 292 10000 15482 5000000 2227517 4808490 828805
130 302 10000 19583 2000000 3886038 3157985 331525
113 150 10000 10321 5000000 126134 6921082 828805
185 12 10000 19764 2000000 3957640 3097935 331525
175 333 10000 11826 2000000 731626 6332102 331525
198 373 10000 19751 2000000 3953366 3112957 331525
6 365 10000 18136 2000000 3298364 3777190 331525
191 91 10000 17186 2000000 2894247 4182848 331525
268 311 10000 11345 5000000 530315 6557564 828805
358 359 10000 19317 2000000 3776813 3318383 331525
85 24 10000 13936 5000000 1607545 5510936 828805
82 303 10000 17985 2000000 3231010 3899807 331525
282 71 10000 12756 5000000 1117893 6019646 828805
236 183 10000 16798 2000000 2742722 4395567 331525
44 336 10000 19310 2000000 3775029 3365511 331525
43 6 10000 11535 5000000 613438 6533699 828805
0 204 10000 18191 5000000 3325852 3824318 828805
87 122 10000 12902 5000000 1176718 5981063 828805
346 268 10000 18793 2000000 3563288 3595485 331525
321 213 10000 13151 5000000 1272439 5886694 828805
333 266 10000 14777 5000000 1940984 5233004 828805
125 367 10000 14539 2000000 1842932 5332814 331525
92 249 10000 19375 2000000 3799552 3378802 331525
29 13 10000 13651 5000000 1484980 5694120 828805
361 146 10000 15404 5000000 2194696 4990494 828805
60 388 10000 12484 5000000 1009606 6177044 828805
146 17 10000 12554 5000000 1035673 6180957 828805
161 211 10000 19736 2000000 3948085 3272653 331525
153 57 10000 18948 5000000 3631715 3602200 828805
32 91 10000 18172 2000000 3316008 3943383 331525
194 275 10000 15313 5000000 2153272 5109527 828805
310 291 10000 18035 2000000 3252144 4012197 331525
72 70 10000 19918 2000000 4018530 3247548 331525
24 371 10000 19259 2000000 3761262 3508944 331525
370 140 10000 17117 5000000 2866421 4425383 828805
242 390 10000 12632 5000000 1068315 6226926 828805
396 6 10000 19694 2000000 3931291 3366293 331525
33 75 10000 19641 2000000 3912788 3395102 331525
168 365 10000 17757 2000000 3127117 4183455 331525
221 306 10000 14123 5000000 1682345 5628408 828805
231 168 10000 12383 5000000 970124 6368974 828805
330 45 10000 12503 5000000 1016872 6335408 828805
239 131 10000 17278 2000000 2929844 4429935 331525
149 393 10000 15065 5000000 2051161 5316595 828805
193 362 10000 14428 5000000 1798995 5581890 828805
142 290 10000 13193 5000000 1292002 6099099 828805
184 10 10000 12877 5000000 1168099 6246026 828805
177 303 10000 15187 5000000 2102448 5314692 828805
398 176 10000 19590 2000000 3889878 3529214 331525
341 278 10000 18222 2000000 3339293 4083109 331525
392 162 10000 19574 1000000 3884511 3542364 165762
33 20 10000 17085 5000000 2855562 4582194 828805
347 398 10000 10225 5000000 86191 7352085 828805
238 284 10000 18270 2000000 3359511 4081630 331525
174 397 10000 15516 5000000 2239574 5211034 828805
310 305 10000 15206 1000000 2111234 5342035 165762
124 137 10000 18826 5000000 3575737 3881812 828805
6 294 10000 15459 5000000 2219098 5247122 828805
388 48 10000 15976 2000000 2423016 5051796 331525
109 41 10000 17359 5000000 2967766 4510098 828805
243 90 10000 11589 5000000 638767 6864834 828805
341 282 10000 16225 5000000 2516628 4988382 828805
232 102 10000 17261 2000000 2923493 4600579 331525
276 15 10001 17522 5000000 3028439 4504123 828805
270 204 10000 19609 2000000 3899649 3634383 331525
61 313 10000 19352 5000000 3787983 3751502 828805
222 359 10000 19077 2000000 3691217 3854347 331525
130 343 10000 11166 10000000 452959 7096620 1657602
33 132 10000 18209 2000000 3332426 4220517 331525
306 110 10000 12344 5000000 953805 6611154 828805
142 60 10000 11572 5000000 633114 6934119 828805
328 377 10000 15897 5000000 2387943 5201736 828805
262 166 10000 11474 5000000 586852 7003617 828805
238 199 10000 19818 2000000 3974523 3621322 331525
336 347 10000 19947 2000000 4029265 3566720 331525
87 9 10000 15568 5000000 2260755 5342160 828805
215 29 10000 10536 5000000 204921 7398174 828805
69 383 10000 19228 2000000 3750942 3865667 331525
160 319 10000 19623 2000000 3905169 3714922 331525
383 52 10000 17976 5000000 3227708 4397541 828805
124 216 10000 10505 5000000 194827 7436299 828805
258 351 10000 17046 5000000 2840112 4794585 828805
18 200 10000 15063 5000000 2049041 5603014 828805
152 191 10000 12314 5000000 937689 6753585 828805
186 144 10000 17334 5000000 2956644 4738689 828805
376 104 10000 18707 2000000 3537675 4162491 331525
195 118 10000 13202 5000000 1295483 6409519 828805
390 350 10001 12759 5000000 1118470 6589350 828805
44 210 10000 19559 2000000 3876434 3836857 331525
13 73 10001 17062 5000000 2846020 4867331 828805
191 148 10000 13169 5000000 1280828 6433953 828805
93 188 10000 18600 2000000 3485411 4230279 331525
71 192 10000 15461 5000000 2219775 5497675 828805
96 17 10000 15277 5000000 2140550 5578312 828805
275 48 10000 14130 5000000 1686193 6038436 828805
353 7 10000 12365 5000000 963456 6767241 828805
146 226 10000 13196 5000000 1292753 6441153 828805
26 228 10000 18452 1000000 3436174 4308017 165762
28 50 10000 11638 5000000 658831 7086341 828805
40 112 10000 10522 5000000 199971 7551782 828805
115 179 10000 19624 2000000 3905458 3853754 331525
278 112 10000 18819 2000000 3573049 4192508 331525
281 5 10000 14284 5000000 1742072 6028426 828805
176 158 10000 11520 5000000 606176 7164546 828805
161 250 10000 17452 5000000 3001966 4772038 828805
371 81 10000 11917 5000000 770670 7003764 828805
123 397 10000 15641 2000000 2291593 5489442 331525
48 221 10000 18435 2000000 3431855 4352958 331525
324 145 10000 15665 5000000 2298894 5487658 828805
115 192 10000 18247 2000000 3348622 4440730 331525
85 187 10000 11278 5000000 502539 7291580 828805
261 368 10000 18683 5000000 3524446 4295684 828805
110 158 10000 11327 10000000 523693 7304017 1657602
216 372 10000 15674 5000000 2303774 5526271 828805
389 202 10000 14377 5000000 1779813 6051246 828805
150 175 10000 12638 5000000 1073104 6758305 828805
115 338 10000 13757 2000000 1530772 6303790 331525
349 203 10000 17246 5000000 2917608 4920097 828805
200 224 10000 18584 2000000 3478656 4360289 331525
231 18 10001 19648 5000000 3914652 3946832 828805
367 113 10000 14692 5000000 1900042 5967650 828805
312 333 10000 16127 5000000 2481102 5396246 828805
297 162 10000 17914 5000000 3194769 4684469 828805
45 198 10001 18970 2000000 3640321 4239751 331525
318 97 10000 17384 5000000 2974876 4913529 828805
155 239 10000 15990 5000000 2429087 5465841 828805
152 253 10000 15709 5000000 2316317 5581032 828805
271 197 10001 15247 5000000 2128021 5775566 828805
226 284 10000 18057 2000000 3259905 4665902 331525
317 227 10000 19247 5000000 3757211 4189808 828805
255 92 10000 19163 2000000 3719968 4237606 331525
214 134 10000 10356 5000000 137669 7831230 828805
203 349 10000 15415 5000000 2199659 5771155 828805
374 148 10000 14030 5000000 1646092 6325638 828805
324 34 10000 14592 5000000 1861758 6114785 828805
45 270 10000 18423 2000000 3427906 4549546 331525
144 119 10000 18477 2000000 3447819 4541089 331525
210 314 10000 14850 5000000 1966443 6022996 828805
385 38 10000 14033 5000000 1646958 6361729 828805
22 295 10000 15632 5000000 2284290 5729111 828805
41 76 10000 12451 5000000 998514 7014891 828805
91 287 10000 14256 5000000 1733815 6282795 828805
82 155 10000 14528 5000000 1839468 6182638 828805
371 112 10000 10638 10000000 245151 7779209 1657602
200 220 10000 14959 2000000 2012318 6015806 331525
75 344 10000 16025 5000000 2440721 5587754 828805
289 266 10000 11389 5000000 547757 7507515 828805
49 48 10000 15391 5000000 2190037 5865611 828805
75 195 10000 10322 10000000 126876 7941635 1657602
334 126 10000 13968 5000000 1618907 6455934 828805
271 50 10000 19043 5000000 3675849 4401266 828805
120 345 10000 19643 5000000 3913319 4180030 828805
36 283 10000 18553 5000000 3471017 4647452 828805
157 184 10000 14535 5000000 1841742 6277752 828805
348 165 10000 17429 5000000 2993051 5127732 828805
105 390 10000 15202 5000000 2109150 6025964 828805
321 176 10000 17685 5000000 3099108 5040797 828805
293 50 10000 12710 5000000 1099858 7042658 828805
295 46 10000 17852 5000000 3168140 4991540 828805
232 77 10000 19582 2000000 3885829 4275918 331525
89 292 10000 19007 2000000 3661771 4506734 331525
306 333 10000 14441 5000000 1804193 6382933 828805
392 234 10000 19984 2000000 4043652 4145201 331525
192 394 10000 18559 5000000 3472941 4723607 828805
152 54 10000 16815 5000000 2750478 5451021 828805
51 27 10000 17305 5000000 2948200 5258590 828805
319 149 10000 18490 5000000 3452294 4771066 828805
191 292 10000 13170 5000000 1281832 6953230 828805
81 106 10000 10529 10000000 201860 8033656 1657602
90 4 10000 17075 5000000 2851936 5394667 828805
222 265 10000 17150 2000000 2880094 5374223 331525
171 8 10000 17675 5000000 3094644 5163914 828805
182 12 10000 17287 5000000 2934304 5326652 828805
183 152 10000 10330 5000000 130261 8139073 828805
165 280 10000 15761 5000000 2340638 5931009 828805
212 61 10000 17536 5000000 3033057 5242534 828805
270 180 10000 14830 5000000 1958825 6323520 828805
236 299 10000 19008 5000000 3662156 4624650 828805
76 280 10001 15647 5000000 2294122 6006928 828805
264 305 10001 10370 5000000 144594 8163268 828805
392 129 10000 16013 2000000 2436814 5878781 331525
205 35 10000 12830 5000000 1145091 7170839 828805
244 388 10001 17189 2000000 2895489 5422286 331525
246 249 10000 19614 5000000 3902252 4418924 828805
329 84 10000 13279 5000000 1324953 7004709 828805
82 21 10000 19913 5000000 4017171 4314710 828805
306 242 10000 15224 5000000 2117650 6215457 828805
183 200 10000 19160 2000000 3719479 4613829 331525
281 196 10000 11517 5000000 605906 7736401 828805
155 259 10000 18336 5000000 3386248 4960830 828805
316 277 10000 14478 5000000 1819576 6547855 828805
123 66 10000 15953 5000000 2411340 5957896 828805
358 129 10000 14583 5000000 1858395 6514325 828805
319 169 10000 16680 5000000 2698484 5681778 828805
236 194 10000 18214 5000000 3335366 5055857 828805
26 65 10001 13335 2000000 1352322 7043298 331525
1 53 10000 16437 5000000 2610890 5784978 828805
350 216 10000 17259 5000000 2922706 5477908 828805
184 261 10000 11283 5000000 503232 7904788 828805
141 20 10000 16058 5000000 2457083 5951936 828805
304 217 10000 14226 5000000 1721370 6700852 828805
24 172 10000 13157 5000000 1275053 7152396 828805
351 325 10000 17937 5000000 3211407 5216672 828805
306 62 10000 11820 5000000 729625 7711856 828805
381 25 10000 17671 5000000 3093964 5348142 828805
144 275 10000 13752 5000000 1527992 6920242 828805
171 383 10000 12804 5000000 1134005 7316472 828805
53 44 10000 12750 5000000 1115942 7335591 828805
303 237 10000 12493 5000000 1013973 7445376 828805
178 44 10000 19702 5000000 3936237 4528497 828805
20 344 10000 13989 5000000 1627081 6840579 828805
314 125 10000 16741 5000000 2719582 5774139 828805
89 374 10000 18922 5000000 3619679 4881193 828805
23 364 10000 13100 5000000 1252648 7250937 828805
239 287 10000 11604 5000000 646764 7887920 828805
149 225 10000 13786 5000000 1543946 7014380 828805
138 92 10000 19552 5000000 3874474 4685419 828805
35 89 10000 11242 10000000 488558 8081127 1657602
376 93 10000 14292 5000000 1743831 6829790 828805
97 224 10000 13993 5000000 1628161 6947958 828805
274 261 10000 16478 5000000 2626262 5955267 828805
249 399 10000 17834 5000000 3157903 5426501 828805
384 110 10000 19706 2000000 3936972 4648652 331525
279 122 10000 11551 5000000 624636 7962352 828805
278 321 10000 18669 5000000 3517836 5082375 828805
318 207 10000 13549 5000000 1444751 7162611 828805
44 1 10000 17455 5000000 3002740 5605723 828805
340 160 10000 12374 5000000 966529 7642455 828805
393 102 10000 17709 5000000 3110499 5500908 828805
73 336 10000 18148 5000000 3304836 5308318 828805
336 153 10000 16765 5000000 2729594 5884522 828805
205 172 10000 19522 5000000 3862983 4767749 828805
37 130 10000 13819 5000000 1557145 7076977 828805
293 170 10000 12177 10000000 877553 7757642 1657602
313 266 10000 14021 5000000 1642516 7004092 828805
56 363 10000 16869 5000000 2772639 5880181 828805
190 77 10000 16436 5000000 2610384 6047343 828805
157 284 10000 15452 5000000 2216577 6441228 828805
8 380 10000 16440 5000000 2612261 6047707 828805
318 11 10000 11644 10000000 661782 8007601 1657602
149 271 10000 18579 5000000 3477778 5205762 828805
32 240 10000 19062 2000000 3685987 4998109 331525
27 72 10000 17079 5000000 2854698 5829450 828805
86 168 10000 15343 5000000 2170987 6545296 828805
80 226 10000 19791 5000000 3967641 4758190 828805
270 235 10000 19123 2000000 3706763 5019749 331525
377 384 10000 17813 5000000 3150379 5577309 828805
61 379 10000 19771 5000000 3959773 4775645 828805
96 177 10000 16583 5000000 2663682 6090627 828805
58 322 10000 15400 5000000 2192155 6569980 828805
223 255 10000 15821 5000000 2362993 6407223 828805
181 132 10000 14170 5000000 1699350 7075619 828805
377 295 10000 18111 5000000 3285709 5502727 828805
49 203 10000 14672 5000000 1892282 6902293 828805
161 194 10000 17269 5000000 2925501 5873279 828805
173 99 10000 19309 5000000 3774867 5025392 828805
169 77 10000 14869 5000000 1973613 6826691 828805
36 369 10000 13671 5000000 1494541 7312681 828805
275 37 10000 18260 2000000 3353317 5455128 331525
323 340 10000 15491 5000000 2231608 6577126 828805
25 269 10000 15731 10000000 2325819 6483350 1657602
120 188 10000 16618 5000000 2674537 6147658 828805
194 5 10000 17197 5000000 2898621 5927339 828805
310 287 10000 14356 5000000 1768716 7066693 828805
237 60 10000 15970 10000000 2419746 6417238 1657602
18 381 10000 16689 5000000 2700475 6143271 828805
5 73 10000 16629 5000000 2679658 6165311 828805
363 47 10000 18811 5000000 3571123 5279869 828805
259 165 10000 19181 5000000 3730605 5144182 828805
333 362 10001 19012 5000000 3663389 5213051 828805
322 210 10000 13308 5000000 1339551 7547138 828805
386 52 10000 10879 10000000 339406 8568938 1657602
371 357 10000 17347 5000000 2963270 5950524 828805
93 388 10000 15898 5000000 2388066 6528329 828805
357 377 10000 18928 5000000 3620352 5300251 828805
196 246 10001 14742 5000000 1921821 7009415 828805
26 297 10000 14014 2000000 1639779 7291705 331525
120 98 10000 17275 5000000 2929189 6007610 828805
7 268 10000 15683 5000000 2307182 6632026 828805
63 332 10000 10570 5000000 218941 8721793 828805
38 340 10000 19182 5000000 3731025 5215923 828805
84 209 10000 12133 5000000 858827 8088130 828805
362 353 10000 15226 5000000 2120086 6851219 828805
281 72 10000 13583 5000000 1454994 7527116 828805
191 4 10000 16548 5000000 2654574 6331219 828805
366 190 10000 19180 5000000 3730188 5270811 828805
353 74 10000 17654 5000000 3088273 5916065 828805
277 293 10000 19260 5000000 3761515 5252255 828805
64 124 10000 16314 5000000 2560418 6455840 828805
40 237 10000 12560 5000000 1039384 7983493 828805
122 378 10000 14586 5000000 1858783 7168940 828805
373 92 10000 17809 5000000 3149639 5884732 828805
360 239 10000 10334 5000000 130957 8919362 828805
336 62 10000 14136 5000000 1687639 7371379 828805
207 338 10000 16061 5000000 2457488 6608161 828805
155 393 10000 19078 5000000 3691242 5386161 828805
169 51 10000 17380 5000000 2974510 6109760 828805
313 148 10000 14167 5000000 1698224 7394561 828805
275 230 10000 14262 10000000 1736151 7357986 1657602
365 208 10000 13103 5000000 1254624 7839588 828805
298 207 10000 10248 10000000 98485 9005301 1657602
69 89 10000 19069 5000000 3688830 5421519 828805
79 34 10000 17722 5000000 3116262 5995363 828805
369 240 10000 19353 5000000 3788223 5330826 828805
6 335 10000 19215 5000000 3743769 5377706 828805
70 321 10000 15368 5000000 2181018 6941672 828805
87 93 10000 13317 10000000 1341648 7784580 1657602
359 143 10000 19969 5000000 4036775 5101345 828805
301 382 10000 14373 10000000 1778073 7374530 1657602
336 285 10000 16187 5000000 2502146 6662120 828805
391 282 10000 19787 5000000 3965996 5201983 828805
343 103 10000 17712 5000000 3112680 6063443 828805
54 8 10000 12507 5000000 1017699 8159460 828805
95 142 10000 15749 5000000 2335805 6855090 828805
112 72 10000 17950 10000000 3215342 5980694 1657602
257 38 10000 15660 5000000 2297898 6912748 828805
190 40 10000 10590 10000000 226928 8985147 1657602
327 115 10000 16498 5000000 2636814 6575359 828805
396 0 10000 17170 5000000 2885835 6333990 828805
192 277 10000 15901 5000000 2390204 6830708 828805
170 81 10000 19893 5000000 4007407 5223352 828805
2 104 10000 19106 5000000 3700340 5533936 828805
166 232 10001 16894 5000000 2785325 6449903 828805
183 128 10000 18413 5000000 3422112 5818878 828805
227 247 10000 17480 5000000 3012832 6243201 828805
396 23 10000 14661 5000000 1888426 7405684 828805
377 215 10000 19740 5000000 3949690 5355233 828805
3 179 10000 18856 5000000 3589619 5718244 828805
234 276 10000 17114 5000000 2866122 6446948 828805
239 361 10000 11867 5000000 749834 8572329 828805
349 353 10000 18089 5000000 3278283 6045680 828805
139 146 10000 18249 5000000 3349275 5977046 828805
32 387 10000 18629 5000000 3497420 5830261 828805
130 2 10000 14590 5000000 1861225 7473340 828805
198 174 10001 17810 5000000 3149787 6186284 828805
50 347 10000 11040 10000000 402443 8935818 1657602
392 326 10000 18416 2000000 3424051 5943327 331525
115 76 10000 15806 2000000 2358749 7029455 331525
92 271 10000 18498 5000000 3454831 5936371 828805
383 33 10000 16743 5000000 2720910 6706013 828805
335 82 10000 19692 5000000 3930776 5496832 828805
377 15 10000 10028 10000000 12539 9418896 1657602
360 56 10000 17210 5000000 2904443 6536954 828805
355 205 10000 17286 5000000 2933569 6508349 828805
384 197 10000 15237 5000000 2123248 7319668 828805
268 318 10000 19326 5000000 3778612 5680895 828805
123 191 10000 12921 5000000 1183842 8278030 828805
125 15 10000 10751 10000000 294170 9171406 1657602
368 37 10000 15443 10000000 2212135 7253779 1657602
106 94 10000 19330 5000000 3780341 5686724 828805
179 91 10000 16767 5000000 2730623 6741881 828805
283 208 10000 18790 10000000 3560935 5914783 1657602
107 160 10000 17633 5000000 3080282 6397892 828805
265 359 10000 18159 5000000 3311743 6168197 828805
341 374 10000 18907 5000000 3613017 5878585 828805
107 165 10000 18867 5000000 3593896 5905560 828805
104 267 10000 17409 5000000 2986023 6513683 828805
357 263 10000 18359 5000000 3397105 6114169 828805
45 9 10000 13646 5000000 1483030 8028842 828805
130 261 10000 14736 5000000 1920479 7592474 828805
14 61 10000 11610 10000000 648270 8909139 1657602
351 168 10000 14752 5000000 1926622 7635103 828805
208 301 10000 19094 5000000 3696301 5865708 828805
148 134 10000 13574 10000000 1453704 8109476 1657602
221 275 10000 16267 5000000 2536709 7037854 828805
244 194 10000 11081 5000000 417605 9167666 828805
5 365 10000 19972 5000000 4038090 5547490 828805
67 157 10000 13782 5000000 1542782 8048577 828805
264 324 10000 17684 5000000 3098747 6496181 828805
13 9 10000 17748 5000000 3124016 6473010 828805
382 305 10000 13918 10000000 1597071 8005682 1657602
129 110 10000 13506 5000000 1425826 8178426 828805
290 386 10000 15831 10000000 2365523 7247343 1657602
45 379 10001 13419 5000000 1387784 8231465 828805
257 210 10000 18282 10000000 3364225 6256677 1657602
294 130 10000 17726 5000000 3118199 6505897 828805
15 97 10000 13666 10000000 1493512 8131791 1657602
254 223 10000 17272 5000000 2927649 6712063 828805
396 225 10000 17035 5000000 2835325 6809635 828805
97 351 10000 19690 5000000 3930281 5720923 828805
151 224 10000 11916 10000000 770422 8893305 1657602
340 399 10000 12523 5000000 1021832 8645730 828805
153 120 10000 18974 5000000 3644141 6040998 828805
374 22 10000 12123 10000000 854294 8833969 1657602
71 81 10000 19404 5000000 3808194 5884651 828805
175 395 10000 11775 10000000 710777 8998828 1657602
159 16 10000 15797 10000000 2355180 7360288 1657602
24 160 10000 19386 5000000 3803755 5915303 828805
56 44 10000 19810 5000000 3971771 5753211 828805
397 49 10000 19059 5000000 3685058 6061233 828805
281 83 10000 13553 5000000 1447063 8303299 828805
351 230 10000 18595 5000000 3484755 6304296 828805
207 229 10000 14098 5000000 1672438 8118234 828805
26 315 10000 19549 5000000 3872768 5924753 828805
183 96 10000 15117 5000000 2073448 7730322 828805
113 92 10000 16043 5000000 2451768 7356558 828805
197 260 10000 18880 5000000 3602267 6210617 828805
55 278 10000 16002 5000000 2433860 7379475 828805
337 41 10000 19286 5000000 3767131 6046899 828805
76 7 10000 17844 5000000 3163939 6653065 828805
130 251 10000 15146 10000000 2088562 7731090 1657602
300 56 10000 18588 5000000 3480825 6344862 828805
175 303 10000 18288 5000000 3365271 6464551 828805
389 198 10000 18651 10000000 3507351 6322723 1657602
270 120 10000 18550 5000000 3469000 6361309 828805
296 114 10000 18681 10000000 3523832 6307886 1657602
346 392 10000 15635 5000000 2286417 7546048 828805
129 260 10000 18014 5000000 3243838 6590058 828805
15 251 10000 19025 5000000 3667780 6173622 828805
180 179 10000 16295 10000000 2552791 7301358 1657602
244 305 10000 13744 5000000 1526080 8356193 828805
284 308 10000 19884 5000000 4004116 5893562 828805
152 42 10000 17514 5000000 3025074 6875877 828805
251 220 10000 16428 5000000 2606562 7301777 828805
363 23 10000 19304 5000000 3771811 6146731 828805
39 385 10000 16977 5000000 2813954 7106562 828805
80 123 10000 17453 5000000 3002256 6919409 828805
185 320 10000 19115 5000000 3702967 6226821 828805
268 189 10000 19546 5000000 3871797 6063905 828805
252 383 10000 18674 5000000 3522267 6413543 828805
100 31 10000 13294 10000000 1333145 8609131 1657602
125 234 10000 15584 5000000 2266079 7688355 828805
384 181 10000 13568 10000000 1451341 8511331 1657602
288 181 10000 19591 5000000 3890408 6079661 828805
93 271 10000 13217 5000000 1300054 8673822 828805
341 180 10000 17145 5000000 2878236 7131767 828805
191 300 10000 16773 5000000 2734203 7275948 828805
221 284 10000 16916 5000000 2790620 7245035 828805
344 104 10000 14965 5000000 2013432 8035700 828805
133 398 10000 16906 5000000 2788663 7285406 828805
22 138 10000 16735 5000000 2717269 7372638 828805
221 297 10000 13025 5000000 1227151 8885023 828805
115 10 10000 12297 5000000 931011 9191970 828805
170 188 10000 18622 5000000 3493814 6633983 828805
66 308 10000 19157 5000000 3718755 6417136 828805
376 344 10000 14495 5000000 1826952 8316590 828805
336 287 10000 16070 5000000 2459682 7698227 828805
146 27 10000 15528 5000000 2247279 7913540 828805
396 298 10001 18332 5000000 3384447 6802842 828805
11 235 10000 10892 10000000 343244 9853663 1657602
146 193 10000 19890 5000000 4007043 6201808 828805
268 200 10000 16604 5000000 2670492 7557846 828805
207 69 10000 17040 10000000 2836768 7415473 1657602
343 78 10000 19246 5000000 3757141 6515444 828805
332 211 10000 19113 5000000 3702535 6587746 828805
116 179 10000 18230 5000000 3341565 6951766 828805
89 153 10000 19954 10000000 4031752 6266539 1657602
259 96 10000 13199 5000000 1294857 9006630 828805
25 203 10000 15873 5000000 2378311 7929433 828805
109 209 10000 18566 5000000 3475241 6843724 828805
117 287 10000 18754 5000000 3551148 6774420 828805
168 391 10000 10126 10000000 49076 10282077 1657602
139 213 10000 11179 10000000 460334 9871951 1657602
255 18 10000 12140 10000000 861503 9476348 1657602
200 28 10000 19257 2000000 3760483 6579906 331525
260 349 10000 11692 10000000 678382 9680854 1657602
267 354 10000 18601 10000000 3485620 6879147 1657602
346 237 10000 17861 5000000 3172964 7216412 828805
26 175 10000 16981 2000000 2816330 7575443 331525
59 197 10000 10969 10000000 375061 10027400 1657602
164 330 10000 16781 5000000 2736812 7676208 828805
38 206 10000 19699 5000000 3935939 6482562 828805
23 177 10000 18385 5000000 3410334 7024997 828805
222 14 10000 14632 10000000 1876803 8559386 1657602
251 130 10000 19655 5000000 3918778 6526892 828805
210 36 10000 15284 5000000 2142632 8303181 828805
365 31 10000 18406 5000000 3418983 7043735 828805
381 103 10000 16573 10000000 2659595 7809597 1657602
394 132 10000 13789 10000000 1545425 8926305 1657602
382 8 10000 17993 5000000 3234383 7243975 828805
17 154 10000 19987 5000000 4045322 6457385 828805
365 238 10000 14255 10000000 1733700 8783634 1657602
175 186 10000 19520 5000000 3861897 6661856 828805
56 254 10000 10446 10000000 171191 10365053 1657602
263 10 10000 17042 10000000 2837943 7704103 1657602
92 167 10000 15651 5000000 2295071 8287612 828805
24 265 10000 16501 5000000 2636896 7946547 828805
194 266 10000 12545 10000000 1030651 9563754 1657602
207 278 10000 12488 10000000 1012417 9595304 1657602
291 0 10000 13270 10000000 1320489 9337554 1657602
376 211 10000 18339 10000000 3387505 7287078 1657602
79 252 10000 19118 10000000 3704309 6982864 1657602
213 300 10000 16544 10000000 2652839 8035926 1657602
303 296 10000 12157 10000000 868693 9827366 1657602
265 103 10000 19919 5000000 4018837 6681835 828805
40 22 10000 19516 5000000 3860835 6857327 828805
45 264 10000 14502 5000000 1829642 8911194 828805
28 106 10000 13439 5000000 1397110 9345424 828805
253 250 10000 14320 10000000 1753893 8991308 1657602
27 285 10000 11793 10000000 718276 10037424 1657602
151 26 10000 17573 10000000 3054539 7701357 1657602
170 1 10000 14666 10000000 1890315 8878045 1657602
51 247 10000 12624 10000000 1064621 9743194 1657602
88 242 10000 18852 10000000 3587838 7225186 1657602
346 16 10000 19772 5000000 3960280 6889201 828805
54 272 10000 18940 5000000 3627398 7251855 828805
376 237 10000 12731 5000000 1107159 9772611 828805
242 240 10000 15643 5000000 2292631 8596001 828805
376 213 10000 15611 5000000 2277902 8635536 828805
22 134 10000 18176 5000000 3317909 7613108 828805
11 277 10000 19992 10000000 4051306 6890261 1657602
42 326 10000 15462 10000000 2220117 8730131 1657602
15 374 10000 17628 5000000 3079083 7871760 828805
43 70 10000 18905 10000000 3611602 7340047 1657602
388 337 10000 16898 5000000 2786911 8168418 828805
370 265 10000 18878 10000000 3600742 7394874 1657602
288 90 10000 14905 10000000 1991175 9020804 1657602
83 142 10000 17265 10000000 2924077 8090310 1657602
164 246 10000 13891 10000000 1589919 9433483 1657602
38 322 10000 15843 5000000 2370024 8681560 828805
286 308 10000 14912 10000000 1994853 9065198 1657602
246 29 10000 17602 10000000 3065709 7996483 1657602
144 209 10000 11586 10000000 637359 10436067 1657602
157 56 10000 15913 10000000 2394626 8685799 1657602
275 324 10000 15489 10000000 2230791 8871890 1657602
242 154 10000 15701 5000000 2313526 8791899 828805
184 125 10000 15846 5000000 2371558 8738322 828805
183 5 10000 18787 5000000 3560432 7554303 828805
389 166 10000 13954 5000000 1614242 9503901 828805
77 63 10000 16128 5000000 2481210 8663666 828805
99 347 10000 17586 10000000 3058504 8095882 1657602
69 137 10000 12308 10000000 936094 10229118 1657602
214 125 10000 19635 5000000 3910962 7267783 828805
282 59 10000 12009 10000000 803590 10389397 1657602
319 93 10000 16373 10000000 2585707 8619153 1657602
341 106 10000 12333 10000000 946603 10262194 1657602
398 346 10000 18942 10000000 3628548 7580916 1657602
36 334 10000 11141 10000000 440559 10769870 1657602
73 336 10001 18319 10000000 3378766 7832074 1657602
309 228 10000 18682 10000000 3524399 7692866 1657602
232 316 10000 13187 10000000 1289814 9934818 1657602
13 55 10000 18873 10000000 3596732 7628867 1657602
382 327 10000 18996 5000000 3653999 7580368 828805
23 7 10000 19387 10000000 3804945 7440041 1657602
99 182 10000 11230 10000000 482947 10762338 1657602
54 177 10000 13436 10000000 1396406 9863715 1657602
392 139 10000 10411 10000000 156889 11125665 1657602
360 69 10000 17034 10000000 2835105 8468525 1657602
223 256 10000 12858 10000000 1157469 10147234 1657602
231 245 10000 19687 5000000 3929337 7380644 828805
26 82 10000 18642 2000000 3504540 7812046 331525
74 81 10000 16344 10000000 2574315 8759730 1657602
214 255 10000 16801 10000000 2743533 8598140 1657602
331 232 10000 10564 10000000 215962 11143623 1657602
150 49 10000 16281 10000000 2545087 8815317 1657602
144 255 10000 16793 5000000 2741106 8641021 828805
185 229 10000 16046 5000000 2452814 8967529 828805
233 243 10000 17487 10000000 3016000 8406216 1657602
292 201 10000 15365 10000000 2179807 9248387 1657602
263 371 10000 18616 5000000 3492439 7944533 828805
89 157 10000 17982 5000000 3229443 8215775 828805
132 27 10000 13099 10000000 1252227 10233608 1657602
222 206 10000 17674 5000000 3094487 8395016 828805
137 157 10000 14623 10000000 1873977 9627312 1657602
106 193 10000 15022 10000000 2032216 9555846 1657602
129 146 10000 19869 10000000 3998450 7592270 1657602
327 293 10000 12446 10000000 994458 10615381 1657602
222 40 10000 15986 5000000 2427135 9185307 828805
82 38 10000 12088 10000000 838963 10773643 1657602
148 127 10000 10255 10000000 101113 11518923 1657602
23 126 10000 15751 10000000 2336776 9295449 1657602
323 397 10000 18323 10000000 3380381 8263067 1657602
183 341 10000 15775 10000000 2347744 9333189 1657602
125 86 10000 11713 10000000 688170 11016874 1657602
137 90 10000 17167 10000000 2885185 8831825 1657602
82 54 10001 14174 10000000 1701194 10023848 1657602
397 102 10000 15012 10000000 2029343 9696170 1657602
310 120 10001 11332 10000000 524823 11201093 1657602
184 378 10000 18227 10000000 3341001 8395620 1657602
11 47 10000 13843 5000000 1568385 10171787 828805
36 293 10000 12268 5000000 918312 10821933 828805
288 34 10000 18229 10000000 3341319 8435692 1657602
358 259 10000 12372 10000000 965928 10825004 1657602
184 397 10000 19604 5000000 3897072 7901336 828805
73 41 10000 17890 5000000 3184711 8616403 828805
108 2 10000 17285 10000000 2932755 8871345 1657602
113 172 10000 12923 10000000 1184521 10624566 1657602
232 144 10000 19975 10000000 4038870 7770700 1657602
341 187 10000 15755 10000000 2338468 9480479 1657602
390 182 10000 17027 5000000 2832509 9004929 828805
146 226 10001 17902 10000000 3189910 8650864 1657602
123 297 10000 18182 5000000 3321588 8539607 828805
133 78 10000 19756 10000000 3954807 7916532 1657602
210 244 10000 15703 10000000 2313790 9568249 1657602
360 357 10000 18020 10000000 3247301 8642401 1657602
70 102 10000 11831 10000000 732909 11181334 1657602
237 11 10000 10327 10000000 129143 11828538 1657602
390 132 10000 19903 10000000 4011796 7953407 1657602
183 387 10000 19313 5000000 3775656 8191357 828805
66 262 10000 14734 10000000 1919933 10066986 1657602
28 188 10000 18040 5000000 3253547 8752300 828805
195 3 10000 15963 10000000 2416573 9593496 1657602
212 352 10000 18324 10000000 3381374 8630479 1657602
43 307 10000 13164 10000000 1276482 10742117 1657602
200 124 10000 13814 5000000 1555351 10468561 828805
209 381 10000 17006 10000000 2824548 9200132 1657602
222 375 10000 19220 10000000 3746496 8289414 1657602
6 274 10000 18697 10000000 3531713 8514294 1657602
286 88 10000 18626 10000000 3495833 8565086 1657602
184 354 10000 19830 10000000 3979629 8082866 1657602
123 99 10000 12933 5000000 1187709 10894892 828805
100 337 10000 18562 10000000 3473713 8616683 1657602
358 110 10000 19152 5000000 3717805 8380060 828805
205 221 10000 14169 10000000 1698740 10401915 1657602
120 21 10000 19321 10000000 3777751 8336243 1657602
232 243 10000 17705 5000000 3108943 9051341 828805
102 205 10000 18932 10000000 3622009 8551232 1657602
27 138 10000 17073 10000000 2851650 9327633 1657602
344 221 10000 15168 5000000 2095920 10142446 828805
289 333 10000 10970 10000000 376729 11867291 1657602
152 205 10000 17811 10000000 3149897 9107987 1657602
193 129 10000 15730 10000000 2325781 9951227 1657602
244 65 10000 15107 5000000 2070621 10206399 828805
372 164 10000 16292 10000000 2549943 9731222 1657602
175 30 10000 18829 10000000 3575880 8707017 1657602
74 96 10000 16262 10000000 2534442 9760210 1657602
255 20 10000 17093 10000000 2859759 9446477 1657602
59 156 10000 15570 10000000 2261124 10056479 1657602
98 228 10000 12026 10000000 809472 11529289 1657602
293 100 10000 19020 10000000 3665326 8687605 1657602
45 216 10000 12031 10000000 813522 11553005 1657602
251 14 10000 19004 10000000 3660829 8719082 1657602
25 279 10000 11152 10000000 445645 11934296 1657602
117 176 10000 18973 10000000 3642906 8772301 1657602
308 127 10000 19149 10000000 3717364 8719746 1657602
231 323 10000 18050 10000000 3256131 9202001 1657602
232 100 10000 15223 5000000 2117641 10365202 828805
398 57 10000 10329 10000000 130174 12355539 1657602
210 344 10001 15658 10000000 2297674 10191399 1657602
68 184 10000 16642 10000000 2683507 9807956 1657602
359 332 10000 19325 10000000 3778525 8715178 1657602
398 86 10000 18933 10000000 3623170 8897684 1657602
6 212 10000 19557 10000000 3875997 8658577 1657602
250 187 10000 18412 10000000 3421691 9124298 1657602
329 113 10000 11491 10000000 595073 11953899 1657602
97 392 10000 17527 10000000 3029603 9521092 1657602
26 233 10000 18281 5000000 3364029 9198415 828805
282 382 10000 12684 10000000 1089090 11475011 1657602
214 50 10000 10465 10000000 180286 12406788 1657602
24 239 10000 12496 10000000 1014548 11582469 1657602
98 272 10000 19489 10000000 3849765 8756339 1657602
200 63 10000 18648 10000000 3506319 9103380 1657602
244 83 10000 17441 10000000 2997204 9621866 1657602
324 352 10000 18513 10000000 3458275 9164472 1657602
244 234 10000 13435 5000000 1394775 11232846 828805
266 300 10000 12979 10000000 1208168 11442379 1657602
26 299 10000 11547 5000000 621791 12049943 828805
381 98 10000 17072 5000000 2850417 9857249 828805
196 368 10000 16979 10000000 2814257 9898525 1657602
239 311 10000 14524 10000000 1838354 10878913 1657602
183 220 10000 15636 5000000 2287044 10433109 828805
153 56 10000 15971 10000000 2421808 10315300 1657602
244 271 10000 13924 5000000 1599359 11149436 828805
30 360 10000 14162 10000000 1696876 11056392 1657602
15 223 10000 15439 10000000 2209558 10565725 1657602
379 83 10000 18780 10000000 3558807 9223957 1657602
331 209 10001 18437 5000000 3432017 9396713 828805
146 129 10000 12855 10000000 1156392 11677485 1657602
77 145 10000 11483 10000000 590486 12249794 1657602
117 244 10000 15312 10000000 2153054 10694394 1657602
349 123 10000 18728 10000000 3541905 9321855 1657602
148 356 10000 18006 10000000 3239784 9630870 1657602
44 39 10000 18791 10000000 3561501 9311413 1657602
54 361 10000 10454 10000000 174360 12704454 1657602
399 65 10000 13336 10000000 1352411 11569346 1657602
290 89 10000 15273 10000000 2139521 10846722 1657602
205 14 10000 11007 10000000 388448 12666685 1657602
125 24 10000 18956 10000000 3634753 9425197 1657602
93 326 10000 13958 10000000 1616843 11446176 1657602
310 373 10001 19588 10000000 3888491 9181808 1657602
190 373 10000 12868 10000000 1162046 11921209 1657602
122 233 10000 14386 10000000 1782358 11327678 1657602
74 97 10000 13096 10000000 1251110 11871039 1657602
115 229 10000 16928 5000000 2795062 10350369 828805
196 195 10000 19733 10000000 3947363 9239192 1657602
304 69 10000 10191 10000000 73398 13120080 1657602
76 168 10000 12623 10000000 1064585 12141265 1657602
339 175 10000 12494 10000000 1014289 12195860 1657602
125 230 10000 15518 10000000 2240157 10976194 1657602
339 52 10000 19165 10000000 3720873 9497377 1657602
291 74 10000 19679 10000000 3925927 9300969 1657602
323 215 10000 19939 10000000 4026771 9226486 1657602
136 217 10000 18763 10000000 3553765 9699628 1657602
113 339 10000 16638 10000000 2682148 10577088 1657602
272 20 10000 18736 10000000 3544837 9738263 1657602
189 68 10000 17604 10000000 3068335 10224819 1657602
337 253 10000 17328 10000000 2955734 10342794 1657602
201 345 10000 12914 10000000 1180761 12119462 1657602
208 267 10000 15902 10000000 2391022 10916333 1657602
36 213 10000 16939 10000000 2799436 10524363 1657602
198 2 10001 19586 10000000 3886892 9445604 1657602
225 389 10000 10729 10000000 285598 13061359 1657602
117 259 10000 18621 10000000 3493689 9866505 1657602
23 336 10000 19835 10000000 3980544 9392378 1657602
14 105 10000 18530 10000000 3463388 9950233 1657602
351 39 10000 19022 10000000 3666670 9748242 1657602
394 257 10000 14281 10000000 1740957 11692040 1657602
321 363 10000 12117 10000000 851743 12608388 1657602
201 367 10000 12757 10000000 1118222 12360284 1657602
84 2 10000 11701 10000000 683101 12830982 1657602
201 309 10000 17292 10000000 2937669 10584358 1657602
378 225 10000 19366 10000000 3797740 9746706 1657602
114 24 10000 15417 10000000 2200227 11351226 1657602
316 109 10000 14585 10000000 1858604 11726259 1657602
178 128 10000 16389 10000000 2591591 10995772 1657602
26 318 10000 12107 5000000 848661 12761515 828805
335 150 10001 19389 10000000 3805650 9811431 1657602
25 99 10000 10685 10000000 264323 13411560 1657602
306 30 10000 18737 10000000 3545165 10143572 1657602
80 385 10000 12776 10000000 1123223 12570231 1657602
397 71 10000 14429 10000000 1800020 11905152 1657602
160 117 10000 19974 10000000 4038509 9677055 1657602
233 372 10000 12968 10000000 1203481 12521353 1657602
115 263 10000 14086 5000000 1667528 12057344 828805
26 8 10000 19100 5000000 3698449 10055882 828805
241 338 10000 19138 10000000 3713233 10063604 1657602
173 131 10000 13359 10000000 1360879 12434411 1657602
200 148 10000 16557 5000000 2655801 11157941 828805
72 201 10000 17812 10000000 3150271 10679493 1657602
178 5 10000 19594 10000000 3892536 9945065 1657602
72 382 10000 18309 10000000 3373900 10581364 1657602
19 123 10000 17984 10000000 3230679 10780049 1657602
11 340 10000 17339 5000000 2958169 11148324 828805
304 223 10000 18866 10000000 3593508 10530244 1657602
61 163 10000 12342 10000000 953013 13193671 1657602
255 219 10000 10807 10000000 314279 13887002 1657602
117 225 10000 17682 10000000 3097859 11181653 1657602
335 184 10000 19420 10000000 3815409 10483034 1657602
168 341 10000 14385 10000000 1781388 12521868 1657602
323 38 10000 17104 10000000 2863254 11455696 1657602
344 346 10000 17345 5000000 2962343 11403687 828805
170 244 10000 12144 10000000 863636 13509540 1657602
392 329 10000 11482 10000000 590449 13785580 1657602
200 140 10000 10213 10000000 81261 14306570 1657602
165 147 10000 17619 10000000 3074127 11343198 1657602
45 163 10000 13044 10000000 1232860 13198594 1657602
148 60 10001 19381 10000000 3802043 10634706 1657602
139 312 10000 19282 10000000 3765669 10672716 1657602
252 7 10000 15190 10000000 2103279 12346380 1657602
382 159 10000 10775 10000000 303549 14153011 1657602
244 216 10000 19275 10000000 3764576 10695494 1657602
95 133 10000 18931 10000000 3620914 10843935 1657602
11 58 10000 15358 10000000 2177174 12309174 1657602
327 136 10000 15418 10000000 2200524 12287921 1657602
40 163 10000 14863 10000000 1971903 12521098 1657602
63 320 10000 13817 10000000 1555969 12956889 1657602
221 377 10000 17831 10000000 3157039 11414500 1657602
115 279 10000 19324 10000000 3778225 10794523 1657602
11 255 10000 13607 10000000 1466582 13139609 1657602
321 275 10000 19577 10000000 3884883 10741727 1657602
236 24 10000 14943 10000000 2008211 12678504 1657602
244 361 10000 15266 10000000 2136351 12555507 1657602
28 202 10000 17754 10000000 3126398 11576828 1657602
392 48 10000 12678 10000000 1086403 13667877 1657602
388 372 10000 15973 10000000 2422710 12340478 1657602
178 261 10000 19625 10000000 3906240 10864609 1657602
383 279 10000 19911 10000000 4015378 10832073 1657602
28 114 10000 17759 10000000 3127829 11729182 1657602
290 232 10000 19373 10000000 3799063 11059874 1657602
170 204 10000 16951 10000000 2804257 12111278 1657602
208 242 10000 19753 10000000 3954391 11051707 1657602
337 182 10000 19162 10000000 3719618 11318236 1657602
116 6 10000 12116 30000000 851638 14356806 4972800
233 125 10000 18129 10000000 3294059 11925878 1657602
26 307 10002 16345 5000000 2574352 12653608 828805
344 85 10000 18096 10000000 3281178 11982115 1657602
11 368 10000 18783 10000000 3559696 11719332 1657602
208 18 10000 15140 10000000 2086331 13269998 1657602
26 348 10001 19895 10000000 4008181 11375272 1657602
377 107 10000 16687 10000000 2700019 12693092 1657602
72 181 10000 18885 10000000 3603578 11792533 1657602
218 141 10000 17464 10000000 3006168 12423552 1657602
26 371 10000 19985 5000000 4043842 11409240 828805
67 171 10000 19472 10000000 3842079 11630472 1657602
58 145 10000 16737 10000000 2717656 12757776 1657602
263 173 10000 18474 30000000 3446462 12203301 4972800
350 310 10000 17092 10000000 2859024 12798954 1657602
28 80 10000 10684 10000000 263677 15396663 1657602
230 330 10000 15357 10000000 2177124 13500166 1657602
338 274 10000 19266 10000000 3762360 11920010 1657602
22 310 10000 12798 10000000 1130623 14603189 1657602
32 183 10000 13962 30000000 1617502 14138553 4972800
210 300 10000 16411 10000000 2599962 13179590 1657602
144 170 10000 19414 10000000 3812587 11994104 1657602
123 171 10000 10942 10000000 362567 15458004 1657602
392 82 10000 17263 10000000 2923727 12901134 1657602
144 325 10000 14163 30000000 1696917 14143800 4972800
104 134 10000 18897 10000000 3609430 12234539 1657602
236 171 10000 12282 10000000 922511 14944949 1657602
310 321 10000 14711 10000000 1908649 13975534 1657602
70 131 10000 14234 10000000 1725182 14215179 1657602
226 49 10000 19774 10000000 3961465 11993832 1657602
76 185 10000 19468 10000000 3840325 12308840 1657602
232 191 10000 10725 10000000 282257 16015111 1657602
337 178 10000 19934 10000000 4023709 12299251 1657602
318 108 10000 19070 10000000 3689370 12687057 1657602
183 175 10000 18804 10000000 3567465 12900187 1657602
286 124 10000 18882 30000000 3602776 12884830 4972800
259 299 10000 18074 10000000 3267221 13229112 1657602
53 249 10000 13049 30000000 1234883 15297572 4972800
216 262 10000 13996 30000000 1629491 15072708 4972800
225 270 10000 13153 10000000 1273160 15433201 1657602
122 79 10000 12616 30000000 1060943 15658700 4972800
93 286 10000 17138 30000000 2875631 13966784 4972800
188 323 10000 19053 10000000 3679625 13274866 1657602
346 35 10000 14582 30000000 1858230 15171251 4972800
18 393 10000 19185 30000000 3732160 13301490 4972800
259 62 10000 15075 30000000 2055691 15169415 4972800
226 25 10000 19841 30000000 3984366 13247996 4972800
240 309 10000 13088 30000000 1248357 15997388 4972800
54 49 10000 12339 10000000 951617 16307955 1657602
228 133 10000 16829 10000000 2755961 14590112 1657602
181 180 10000 19494 30000000 3853120 13501128 4972800
289 43 10000 11338 30000000 527051 16853347 4972800
123 135 10000 18898 10000000 3609811 13819248 1657602
133 285 10000 15040 30000000 2039820 15584667 4972800
170 68 10001 15808 30000000 2359718 15322969 4972800
200 339 10000 12011 10000000 804902 16966839 1657602
145 334 10000 12668 30000000 1084557 16724850 4972800
65 331 10000 18800 30000000 3565314 14261639 4972800
288 355 10000 17975 30000000 3227558 14645020 4972800
240 130 10000 11402 30000000 553727 17370399 4972800
115 342 10000 13271 30000000 1320655 16663642 4972800
123 99 10001 19239 10000000 3755197 14271200 1657602
357 119 10000 16982 30000000 2816529 15216124 4972800
384 220 10000 16676 10000000 2698082 15673438 1657602
293 347 10000 17477 30000000 3011107 15525996 4972800
92 290 10000 12992 30000000 1213509 17360151 4972800
15 281 10000 19793 30000000 3967994 14684412 4972800
59 141 10000 18195 30000000 3327272 15570752 4972800
335 122 10000 13041 30000000 1231726 17791468 4972800
281 231 10000 11350 30000000 532981 18581474 4972800
13 142 10000 17438 30000000 2996190 16144430 4972800
349 113 10000 15587 30000000 2267531 16884837 4972800
0 44 10000 18402 30000000 3418407 15889081 4972800
344 186 10000 17281 30000000 2931658 16398544 4972800
398 52 10000 16864 30000000 2770974 16669757 4972800
24 367 10000 14961 30000000 2012517 17448044 4972800
201 63 10000 12577 30000000 1047635 18549408 4972800
218 370 10000 10463 30000000 178318 19444898 4972800
187 256 10000 14969 30000000 2013688 17633310 4972800
343 385 10000 11697 30000000 680830 18977848 4972800
216 343 10000 16317 30000000 2561730 17297480 4972800
26 78 10000 13848 10000000 1571692 18384713 1657602
196 252 10000 12458 30000000 1000464 19127009 4972800
247 33 10000 16646 30000000 2685568 17531652 4972800
384 328 10000 19891 30000000 4007172 16343119 4972800
70 280 10000 15268 30000000 2136550 18224380 4972800
185 121 10000 12838 30000000 1149616 19222044 4972800
239 105 10000 11892 30000000 761393 19651652 4972800
28 38 10000 11978 30000000 793158 19769366 4972800
5 95 10000 19250 30000000 3758148 16838801 4972800
344 358 10000 16651 10000000 2687790 17973898 1657602
361 84 10001 18708 30000000 3538036 17185444 4972800
274 28 10000 12016 30000000 806355 20163059 4972800
16 78 10000 19900 30000000 4010737 17048143 4972800
312 370 10000 15918 30000000 2395517 18828565 4972800
346 26 10000 18486 30000000 3451378 17842638 4972800
242 261 10000 15764 30000000 2342820 19002430 4972800
252 302 10000 14219 30000000 1718375 19650925 4972800
89 351 10000 15509 30000000 2237206 19231483 4972800
115 80 10000 16001 30000000 2433514 19072500 4972800
398 82 10000 19084 30000000 3693607 17819603 4972800
392 327 10000 11799 30000000 719504 20810413 4972800
106 64 10000 17118 30000000 2866867 18947559 4972800
301 339 10000 14936 30000000 2005815 19858038 4972800
396 74 10000 13405 30000000 1383196 20600391 4972800
275 153 10000 19662 30000000 3920804 18143370 4972800
326 252 10000 19487 30000000 3848803 18421151 4972800
264 234 10000 10930 30000000 357958 21944832 4972800
260 227 10000 17856 30000000 3169669 19143457 4972800
43 330 10000 13781 30000000 1541947 20774777 4972800
200 394 10000 11625 30000000 654542 21731282 4972800
179 335 10000 10986 30000000 379963 22039709 4972800
149 135 10000 19417 30000000 3813596 18693620 4972800
36 219 10000 19393 30000000 3806671 18961059 4972800
228 19 10000 17248 30000000 2918177 19960553 4972800
321 214 10000 18021 30000000 3247963 19836869 4972800
209 110 10000 19745 30000000 3951684 19223108 4972800
291 174 10000 17025 30000000 2832249 20345189 4972800
16 39 10000 18602 30000000 3485700 19715879 4972800
255 171 10000 16786 30000000 2738609 20522323 4972800
385 161 10000 12922 30000000 1184044 22085953 4972800
65 116 10000 16138 30000000 2483368 20794169 4972800
30 150 10000 11372 30000000 541206 22834705 4972800
255 264 10000 13592 30000000 1459257 21949447 4972800
220 218 10000 19932 30000000 4023494 19450843 4972800
336 378 10000 11409 30000000 557942 23204045 4972800
337 16 10000 18855 30000000 3589411 20178881 4972800
129 318 10000 18653 30000000 3508417 20426393 4972800
67 151 10000 13412 30000000 1386099 22656363 4972800
84 116 10000 10298 30000000 118061 24210023 4972800
164 375 10000 13932 30000000 1604597 22793368 4972800
311 118 10000 16022 30000000 2439333 22286825 4972800
54 396 10000 16730 30000000 2713252 22039780 4972800
349 361 10000 19858 30000000 3992297 20796956 4972800
348 282 10000 15241 30000000 2124931 22694398 4972800
337 396 10000 19296 30000000 3770189 21254959 4972800
386 232 10000 16068 30000000 2459427 22610260 4972800
45 43 10000 14430 30000000 1800283 23348757 4972800
325 164 10000 15794 30000000 2353796 22957872 4972800
364 168 10000 16296 30000000 2552791 22937966 4972800
230 283 10000 14179 30000000 1702358 23845992 4972800
43 156 10000 10021 30000000 9897 25547458 4972800
222 245 10000 16204 30000000 2510344 23067629 4972800
392 53 10000 17304 30000000 2947664 22639693 4972800
55 0 10000 13997 30000000 1630052 23981183 4972800
179 308 10000 15066 30000000 2051257 23811542 4972800
61 238 10000 17620 30000000 3074950 22889404 4972800
173 219 10000 13511 30000000 1427757 24560249 4972800
228 389 10000 15020 30000000 2031795 23967263 4972800
160 196 10001 18226 30000000 3339807 22868625 4972800
175 350 10001 18712 30000000 3539025 22898895 4972800
361 312 10000 12642 30000000 1074082 25450883 4972800
269 151 10000 15401 30000000 2193049 24679849 4972800
112 376 10000 19909 30000000 4014280 22891941 4972800
272 115 10000 18303 30000000 3370303 23541058 4972800
45 85 10000 11901 30000000 765824 26579224 4972800
176 220 10000 11075 30000000 415662 26996789 4972800
228 47 10000 14544 30000000 1844667 25713987 4972800
369 221 10000 14741 30000000 1921687 25740805 4972800
164 312 10000 12983 30000000 1209149 26590989 4972800
41 364 10000 13779 30000000 1541268 26369072 4972800
166 260 10001 17556 30000000 3043666 24933924 4972800
251 108 10000 14575 30000000 1855725 26154819 4972800
344 359 10000 13097 30000000 1251652 27140043 4972800
360 282 10000 13192 30000000 1291977 27310661 4972800
110 193 10000 15715 30000000 2319253 26337306 4972800
89 312 10000 12850 30000000 1154137 27728105 4972800
349 94 10000 19720 30000000 3941723 25317273 4972800
230 364 10000 12844 30000000 1151372 28427120 4972800
230 357 10000 19743 30000000 3950832 25732888 4972800
350 199 10000 19897 30000000 4009679 25878402 4972800
344 212 10000 14405 30000000 1789332 28125165 4972800
233 96 10000 16938 30000000 2799300 27169394 4972800
188 324 10000 15997 30000000 2430950 27617878 4972800
118 207 10000 11079 30000000 417209 30399132 4972800
89 352 10000 10115 30000000 44668 31497216 4972800
390 251 10000 16189 30000000 2502446 30216896 4972800
242 245 10000 16594 30000000 2667603 30607485 4972800
73 107 10000 18163 30000000 3313691 30393783 4972800
225 363 10000 15581 30000000 2265001 35228133 4972800
207 107 10000 17207 30000000 2903059 34874123 4972800
