10015 1100 20511 20406
10017 560 20417 20236
10000 250 40687 40272
10003 1100 40831 40782
10004 560 40737 40472
10005 900 40791 40688
10007 1870 40954 40905
10009 180 40676 40228
10008 10000 42316 42318
10011 560 40737 40472
10013 900 40791 40833
10014 10000 42316 42318
10016 1870 40954 41005
10018 560 40737 40472
10001 100001 57415 59424
10020 560 40737 40472
10021 1870 40954 40905
10023 900 40791 40688
10022 1100 40831 40782
10019 10000 42316 42318
10049 3160 20856 20764
10025 560 40737 40496
10024 3160 41176 41659
10026 180 40676 40228
10029 560 40737 40472
10027 10000 42316 42318
10032 250 40687 40272
10031 3160 41176 41140
10033 250 40687 41694
10034 560 40737 40575
10036 180 40676 40228
10035 900 40791 40688
10039 900 40791 40688
10040 560 40737 40472
10037 10000 42316 42318
10042 560 40737 40472
10041 10000 42316 42318
10043 1870 40954 40905
10045 1100 40831 40873
10047 250 40687 40272
10046 900 40791 40688
10048 180 40676 40228
10028 100001 57415 57992
10050 900 40791 40688
10051 900 40791 40874
10052 3160 41176 41140
10055 180 40676 40228
10053 10000 42316 42318
10054 1870 40954 40905
10056 900 40791 40688
10057 560 40737 40472
10058 900 40791 40688
10059 1100 40831 40869
10060 1100 40831 40782
10061 1100 40831 40782
10063 560 40737 40472
10062 1100 40831 40782
10065 180 40676 40228
10066 1100 40831 40782
10064 10000 42316 42318
10067 250 40687 40272
10068 560 40737 40472
10069 180 40676 40235
10070 560 40737 40472
10071 1870 40954 40905
10072 560 40737 40472
10073 3160 41176 41140
10075 180 40676 40228
10006 400000 107712 111510
10076 560 40737 40472
10077 3160 41176 41140
10078 3160 41176 41140
10079 1100 40831 40782
10080 560 40737 40472
10010 400000 107712 111712
10081 3160 41176 41237
10083 1100 40831 40782
10084 1100 40831 40782
10085 250 40687 40418
10086 1870 40954 40905
10088 560 40737 40472
10089 560 40737 40472
10090 560 40737 40472
10091 560 40737 40472
10094 900 40791 40688
10095 560 40737 40472
10074 100001 57415 57992
10096 180 40676 40228
10093 10000 42316 42318
10098 900 40791 40688
10101 250 40687 40272
10099 900 40791 40688
10100 1870 40954 40905
10103 1870 40954 40905
10105 560 40737 40475
10087 100001 57415 57992
10109 180 40676 40228
10108 560 40737 40472
10110 560 40737 40472
10112 560 40737 40472
10113 180 40676 40228
10114 560 40737 40506
10115 560 40737 40472
10116 900 40791 40864
10118 3160 41176 41140
10120 560 40737 40472
10119 1870 40954 40934
10121 560 40737 40472
10122 1100 40831 40782
10125 560 40737 40543
10128 180 40676 40228
10129 180 40676 40228
10124 10000 42316 43899
10130 560 40737 40472
10131 900 40791 40688
10133 560 40737 40477
10135 250 40687 40272
10132 10000 42316 42318
10134 10000 42316 42318
10137 560 40737 40472
10139 3160 41176 41140
10140 1870 40954 40905
10141 1870 40954 40905
10143 180 40676 40228
10144 560 40737 40641
10142 10000 42316 42318
10123 100001 57415 58096
10145 3160 41176 41140
10126 100001 57415 57992
10127 100001 57415 57992
10147 560 40737 40689
10148 1870 40954 41076
10149 10000 42316 42318
10150 560 40737 40472
10151 560 40737 40472
10152 900 40791 40688
10153 560 40737 40472
10156 250 40687 40272
10157 560 40737 40480
10158 900 40791 40688
10161 180 40676 40240
10160 560 40737 40568
10159 900 40791 40798
10162 180 40676 40232
10163 180 40676 40228
10180 1870 20634 20529
10164 560 40737 40507
10166 180 40676 40260
10167 1870 40954 40941
10193 900 20471 20485
10168 10000 42316 42318
10169 3160 41176 41140
10154 100001 57415 57992
10171 1870 40954 41149
10155 100001 57415 58006
10172 900 40791 40688
10173 250 40687 40272
10206 560 20417 20236
10175 560 40737 40472
10174 1100 40831 41003
10177 560 40737 40472
10176 1870 40954 40925
10178 900 40791 40777
10179 1870 40954 40905
10181 560 40737 40472
10165 100001 57415 57992
10182 560 40737 40472
10184 180 40676 40228
10183 1870 40954 40962
10185 900 40791 40709
10186 560 40737 40472
10187 250 40687 40293
10188 560 40737 40472
10189 1100 40831 40782
10195 560 40737 40472
10196 1100 40831 40782
10190 10000 42316 42318
10191 10000 42316 42318
10197 1100 40831 40782
10198 900 40791 40688
10192 10000 42316 42318
10194 10000 42316 43808
10200 900 40791 40772
10201 180 40676 40228
10202 180 40676 40228
10203 180 40676 40228
10205 900 40791 40702
10207 180 40676 40228
10208 250 40687 40527
10210 250 40687 40272
10213 1870 40954 40905
10215 180 40676 40264
10216 560 40737 40472
10218 560 40737 40472
10219 1100 40831 40784
10199 100001 57415 58150
10220 1870 40954 41433
10222 900 40791 40688
10221 10000 42316 42318
10249 900 20471 20344
10223 180 40676 40228
10224 560 40737 40554
10227 560 40737 40472
10228 560 40737 40584
10259 560 20417 20236
10230 560 40737 40472
10225 10000 42316 43781
10229 10000 42316 42318
10231 3160 41176 41140
10232 900 40791 40852
10234 900 40791 40772
10235 560 40737 40829
10237 560 40737 40472
10146 400000 107712 111766
10236 1870 40954 40905
10211 100001 57415 59294
10238 1100 40831 40782
10239 900 40791 40688
10240 3160 41176 41542
10241 560 40737 40472
10244 560 40737 40472
10245 250 40687 40272
10242 10000 42316 43825
10246 1100 40831 41089
10233 1100 40831 52003
10248 250 40687 40419
10250 1870 40954 40905
10275 10000 21996 23643
10251 180 40676 41592
10254 900 40791 40688
10255 560 40737 40472
10256 250 40687 40272
10262 250 40687 40272
10264 180 40676 40228
10265 1870 40954 40905
10267 3160 41176 41483
10269 900 40791 40688
10268 10000 42316 43035
10247 100001 57415 57992
10272 560 40737 40472
10273 10000 42316 42318
10274 900 40791 40688
10276 560 40737 40472
10277 1870 40954 40905
10257 100001 57415 57992
10278 10000 42316 42318
10281 10000 42316 42318
10280 10000 42316 43968
10243 100001 57415 72984
10284 10000 42316 42318
10304 10000 21996 21942
10263 100001 57415 57992
10285 180 40676 40228
10286 900 40791 40822
10287 900 40791 40688
10288 900 40791 40851
10271 100001 57415 59378
10279 900 40791 53412
10290 1870 40954 40905
10291 560 40737 40472
10292 900 40791 40688
10293 180 40676 40249
10253 100001 57415 75506
10294 1100 40831 40940
10295 1100 40831 40782
10324 1870 20634 20543
10282 100001 57415 57992
10296 10000 42316 42318
10297 3160 41176 41140
10300 1870 40954 40921
10301 560 40737 40472
10302 1870 40954 40905
10303 560 40737 40476
10306 250 40687 40272
10305 1870 40954 40912
10308 560 40737 40472
10310 1100 40831 40926
10309 3160 41176 42550
10312 180 40676 40228
10289 100001 57415 58006
10311 1100 40831 40859
10315 900 40791 40823
10317 900 40791 40696
10314 10000 42316 42318
10318 1100 40831 40940
10321 250 40687 40272
10354 180 20356 20266
10319 10000 42316 42318
10322 900 40791 40727
10323 1870 40954 40905
10326 560 40737 40492
10328 250 40687 40329
10329 560 40737 40539
10327 1870 40954 40905
10331 3160 41176 41466
10332 1100 40831 40782
10333 560 40737 40472
10338 250 40687 40272
10335 900 40791 40688
10340 900 40791 40688
10341 1100 40831 40782
10334 10000 42316 42392
10307 10000 42316 62948
10336 10000 42316 43814
10345 560 40737 40472
10313 100001 57415 60725
10347 900 40791 40748
10344 10000 42316 42338
10348 900 40791 40688
10349 900 40791 40688
10350 900 40791 40688
10351 1870 40954 40914
10325 100001 57415 57992
10353 10000 42316 42318
10352 10000 42316 43898
10357 900 40791 40795
10361 1100 40831 40860
10358 250 40687 43643
10363 180 40676 40228
10362 1870 40954 41057
10367 180 40676 40372
10368 180 40676 40365
10369 1100 40831 40963
10343 100001 57415 58678
10373 560 40737 40472
10372 3160 41176 41193
10374 560 40737 40551
10339 100001 57415 66550
10375 1870 40954 41071
10377 900 40791 40722
10378 180 40676 40228
10380 560 40737 40559
10379 1870 40954 40905
10384 100001 37095 37644
10381 900 40791 40715
10283 400000 107712 115306
10413 180 20356 20114
10382 900 40791 40688
10385 250 40687 40272
10386 900 40791 40688
10383 10000 42316 42318
10387 1870 40954 40924
10388 180 40676 40321
10389 1870 40954 41360
10392 3160 41176 41154
10370 100001 57415 58678
10390 10000 42316 42318
10394 250 40687 40272
10396 250 40687 40383
10397 180 40676 40412
10395 900 40791 40886
10398 1870 40954 40922
10400 900 40791 40811
10399 10000 42316 42402
10401 1100 40831 40782
10330 100001 57415 89772
10402 900 40791 40782
10403 250 40687 40325
10405 180 40676 40302
10407 1870 40954 40905
10411 180 40676 40288
10409 900 40791 40688
10412 900 40791 40780
10356 100001 57415 80603
10415 560 40737 40640
10414 1870 40954 41173
10416 900 40791 40688
10226 400000 107712 179984
10417 1870 40954 41050
10418 180 40676 40228
10419 1100 40831 40928
10420 900 40791 40688
10406 100001 57415 57992
10421 1100 40831 40855
10422 3160 41176 41140
10424 250 40687 40272
10425 1100 40831 40782
10427 900 40791 40688
10428 180 40676 40228
10429 10000 42316 42444
10433 1100 40831 40788
10432 3160 41176 41515
10434 900 40791 40840
10435 900 40791 40688
10436 560 40737 40472
10298 400000 107712 148849
10437 900 40791 40688
10438 900 40791 40709
10439 900 40791 40783
10359 400000 107712 111914
10440 250 40687 40272
10423 100001 57415 59210
10442 180 40676 40228
10466 560 20417 20335
10443 250 40687 40443
10441 10000 42316 42318
10365 400000 107712 111793
10444 3160 41176 41314
10445 1100 40831 40847
10012 1850000 350848 396109
10447 180 40676 40318
10446 3160 41176 41875
10448 1100 40831 40782
10449 560 40737 40633
10450 900 40791 40849
10431 100001 57415 57992
10451 1870 40954 40905
10479 1870 20634 20529
10452 180 40676 40316
10453 900 40791 41012
10455 10000 42316 42318
10456 560 40737 40643
10460 560 40737 40472
10458 1870 40954 41096
10461 900 40791 40688
10462 1870 40954 40905
10463 250 40687 40521
10489 180 20356 20114
10467 1870 40954 40905
10471 180 40676 40313
10469 1100 40831 40940
10472 900 40791 40688
10474 560 40737 40703
10478 900 40791 40918
10493 560 20417 20236
10477 3160 41176 41573
10459 180 40676 53487
10481 250 40687 40272
10482 560 40737 40472
10480 560 40737 44408
10483 10000 42316 42318
10486 250 40687 40627
10484 10000 42316 43270
10487 560 40737 40638
10503 1100 20511 20406
10491 10000 42316 43953
10492 10000 42316 42550
10497 250 40687 40272
10496 1870 40954 41124
10498 900 40791 40709
10494 10000 42316 42543
10500 560 40737 40472
10499 900 40791 40808
10501 1100 40831 40782
10502 1870 40954 41431
10488 100001 57415 59126
10504 560 40737 40472
10531 900 20471 20344
10506 560 40737 40676
10507 560 40737 40472
10508 250 40687 40272
10511 180 40676 40228
10510 900 40791 40870
10509 10000 42316 42520
10543 180 20356 20114
10513 180 40676 40346
10512 10000 42316 43188
10514 1870 40954 40905
10516 250 40687 40458
10554 900 20471 20433
10517 1870 40954 41169
10518 3160 41176 41652
10520 3160 41176 41488
10521 3160 41176 41502
10524 900 40791 40795
10515 100001 37095 46490
10560 560 20417 20236
10525 560 40737 40526
10526 180 40676 40262
10567 560 20417 20340
10529 3160 41176 41140
10530 250 40687 40280
10535 900 40791 40688
10536 900 40791 40688
10539 180 40676 40263
10534 3160 41176 41357
10540 560 40737 40472
10537 1870 40954 41336
10092 1850000 350848 400782
10538 10000 42316 42765
10495 100001 57415 74864
10107 1850000 350848 390323
10355 400000 107712 199487
10106 1850000 350848 391199
10541 560 40737 44437
10519 100001 57415 57992
10097 1850000 350848 398258
10546 900 40791 40857
10544 3160 41176 41248
10548 560 40737 40472
10522 100001 57415 57992
10550 560 40737 40472
10030 1850000 350848 464876
10549 1870 40954 41013
10551 1870 40954 40909
10552 900 40791 40688
10555 1100 40831 41062
10595 1870 20634 20529
10557 1870 40954 40940
10556 3160 41176 41755
10545 900 40791 46500
10558 1870 40954 41037
10559 900 40791 40688
10561 1870 40954 40981
10528 100001 57415 57992
10563 560 40737 40669
10562 3160 41176 41231
10564 900 40791 40727
10602 250 20367 20255
10566 560 40737 40705
10565 3160 41176 41140
10605 1100 20511 20406
10082 1850000 350848 425214
10138 1850000 350848 384590
10570 3160 41176 41387
10571 250 40687 40358
10572 900 40791 40689
10574 560 40737 40581
10569 560 40737 43801
10573 1870 40954 41203
10576 560 40737 40620
10575 1870 40954 41188
10579 560 40737 40472
10612 560 20417 20236
10582 1870 40954 40905
10584 900 40791 40688
10578 10000 42316 45812
10587 250 40687 40272
10586 900 40791 40697
10585 1870 40954 40905
10590 180 40676 40356
10589 1870 40954 40905
10591 3160 41176 41375
10594 180 40676 40228
10593 560 40737 40529
10592 900 40791 40764
10598 560 40737 40472
10599 1100 40831 40782
10596 10000 42316 42318
10568 100001 57415 57992
10603 560 40737 40535
10581 560 40737 52386
10604 1100 40831 40782
10532 100001 57415 77893
10606 180 40676 40283
10607 180 40676 40228
10609 900 40791 40688
10611 1100 40831 40889
10614 560 40737 40642
10613 1870 40954 40905
10615 900 40791 40688
10588 100001 57415 58706
10617 180 40676 40228
10618 560 40737 40472
10620 180 40676 40544
10622 250 40687 40433
10627 100001 37095 37616
10616 10000 42316 43971
10623 3160 41176 41140
10624 900 40791 40688
10625 1870 40954 41070
10626 900 40791 40688
10629 1870 40954 41152
10630 900 40791 40688
10657 1100 20511 20518
10104 1850000 350848 445392
10610 1870 40954 57730
10580 100001 57415 75830
10628 900 40791 46320
10632 1100 40831 40963
10633 3160 41176 41140
10635 250 40687 40394
10523 400000 107712 111687
10631 10000 42316 46147
10636 900 40791 40688
10638 900 40791 40688
10637 900 40791 40766
10634 10000 42316 42318
10639 10000 42316 44163
10640 10000 42316 43998
10642 560 40737 40472
10644 250 40687 40273
10643 560 40737 40563
10621 100001 57415 60084
10645 900 40791 40735
10650 560 40737 40472
10646 10000 42316 42318
10648 250 40687 42368
10649 10000 42316 42570
10655 900 40791 40688
10656 900 40791 40932
10659 1870 40954 41003
10661 1870 40954 40946
10653 10000 42316 43782
10662 1870 40954 40905
10658 1100 40831 41918
10660 1870 40954 41891
10663 250 40687 40777
10664 900 40791 40688
10665 560 40737 40536
10693 10000 21996 21942
10667 560 40737 40839
10702 1100 20511 20406
10669 560 40737 40728
10673 560 40737 40472
10675 180 40676 40228
10674 1100 40831 40903
10676 250 40687 40272
10708 560 20417 20236
10679 900 40791 40741
10678 100001 37095 42355
10680 900 40791 40845
10682 560 40737 40479
10681 10000 42316 43633
10715 560 20417 20236
10686 560 40737 40472
10685 3160 41176 41179
10687 180 40676 40228
10583 400000 107712 111640
10651 100001 57415 63908
10690 180 40676 40344
10691 180 40676 40392
10692 900 40791 40845
10652 100001 57415 63734
10689 10000 42316 42444
10694 900 40791 40688
10695 900 40791 40933
10696 560 40737 41014
10697 1870 40954 40959
10699 1100 40831 40782
10701 560 40737 40524
10700 1870 40954 40984
10672 100001 57415 57992
10703 1100 40831 40782
10704 560 40737 40595
10705 1870 40954 41098
10117 1850000 350848 485634
10707 1870 40954 40976
10670 100001 57415 64089
10709 250 40687 40272
10710 900 40791 41218
10711 900 40791 40766
10547 400000 107712 146082
10258 1850000 350848 385900
10718 560 40737 40472
10717 1100 40831 40819
10716 3160 41176 41528
10719 560 40737 40523
10252 1850000 350848 392835
10721 1870 40954 40983
10677 100001 57415 73929
10722 1100 40831 40956
10724 1870 40954 40905
10727 1870 40954 40905
10726 1870 40954 41378
10720 250 40687 45084
10729 1870 40954 40905
10732 1100 40831 40782
10733 900 40791 40688
10734 900 40791 41074
10736 250 40687 40279
10737 180 40676 40378
10738 560 40737 40533
10739 560 40737 40627
10740 560 40737 40544
10741 900 40791 40688
10742 1870 40954 40970
10767 560 20417 20365
10743 900 40791 40775
10744 1100 40831 40782
10714 100001 57415 70362
10749 3160 41176 41140
10745 1870 40954 43128
10209 1850000 350848 452803
10752 560 40737 40472
10774 560 20417 20331
10730 100001 57415 62168
10753 560 40737 40472
10756 900 40791 40953
10754 10000 42316 42323
10755 10000 42316 42481
10759 1100 40831 40782
10760 900 40791 40688
10761 1100 40831 41378
10762 560 40737 41693
10763 560 40737 40472
10764 1100 40831 40868
10766 900 40791 40688
10795 1100 20511 20565
10261 1850000 350848 431067
10770 900 40791 40688
10771 1100 40831 40831
10765 560 40737 48055
10772 1100 40831 40782
10773 560 40737 40814
10775 1870 40954 40905
10728 100001 57415 86851
10780 180 40676 40364
10781 1870 40954 40905
10782 250 40687 40331
10777 10000 42316 43812
10783 1100 40831 41290
10785 250 40687 40435
10784 900 40791 42148
10787 180 40676 40308
10788 1870 40954 41201
10789 900 40791 40688
10790 560 40737 40522
10791 1870 40954 40905
10204 1850000 330528 486734
10758 100001 57415 66866
10792 1100 40831 40890
10818 250 20367 20136
10776 900 40791 49971
10793 560 40737 40674
10794 560 40737 40472
10796 180 40676 40254
10797 560 40737 40472
10798 560 40737 40485
10799 1870 40954 41281
10800 900 40791 40857
10044 1850000 350848 632788
10337 1850000 350848 393336
10802 560 40737 40601
10750 100001 57415 85064
10803 560 40737 40472
10778 100001 57415 58035
10807 180 40676 40596
10801 10000 42316 43980
10111 1850000 350848 575793
10810 560 40737 40472
10808 10000 42316 44158
10811 180 40676 40258
10813 900 40791 40688
10815 1870 40954 41084
10812 10000 42316 42318
10809 10000 42316 45147
10817 560 40737 40472
10804 560 40737 50658
10852 560 20417 20236
10820 1870 40954 41412
10816 10000 42316 45505
10823 1100 40831 40929
10214 1850000 350848 505759
10826 900 40791 40688
10827 1100 40831 40880
10825 3160 41176 41314
10829 560 40737 40514
10824 900 40791 42212
10830 900 40791 40854
10822 10000 42316 44826
10779 560 40737 74465
10786 100001 57415 73564
10831 180 40676 43052
10862 900 20471 20499
10833 3160 41176 41345
10835 560 40737 40827
10832 10000 42316 43916
10814 560 40737 56291
10866 560 20417 20236
10819 250 40687 53717
10837 250 40687 40272
10838 180 40676 40228
10839 180 40676 40301
10410 1850000 330528 372760
10840 1870 40954 41128
10843 900 40791 40688
10849 560 40737 40765
10850 900 40791 40688
10846 1870 40954 41501
10848 3160 41176 41451
10847 560 40737 41649
10844 560 40737 43505
10683 400000 107712 169512
10851 560 40737 42225
10845 10000 42316 44496
10854 900 40791 40688
10855 3160 41176 41140
10821 100001 57415 64490
10857 1870 40954 41202
10860 250 40687 40272
10861 180 40676 40228
10859 10000 42316 42444
10864 1870 40954 40919
10865 560 40737 40592
10867 560 40737 40472
10868 900 40791 40922
10842 100001 57415 57992
10871 180 40676 40317
10872 180 40676 40337
10869 10000 42316 43272
10873 250 40687 40272
10875 1870 40954 40905
10876 1100 40831 41060
10870 3160 41176 46771
10879 250 40687 40476
10874 10000 42316 44038
10878 900 40791 40957
10880 250 40687 40450
10881 1100 40831 41043
10882 560 40737 40766
10884 250 40687 40272
10856 100001 57415 62144
10885 1870 40954 41278
10886 3160 41176 41286
10836 100001 57415 75539
10725 400000 107712 163703
10887 10000 42316 42403
10889 1870 40954 41307
10891 560 40737 40550
10890 10000 42316 42430
10893 10000 42316 42326
10892 10000 42316 43731
10894 10000 42316 43594
10896 560 40737 40472
10897 1870 40954 41289
10902 560 40737 40472
10901 1100 40831 40809
10904 180 40676 40630
10903 900 40791 40840
10905 1100 40831 40782
10906 250 40687 40371
10907 560 40737 40472
10908 560 40737 40485
10916 100001 37095 37616
10910 180 40676 40583
10909 900 40791 41009
10911 180 40676 40318
10858 100001 57415 76305
10914 250 40687 40289
10915 3160 41176 41305
10895 180 40676 50787
10917 1870 40954 41081
10919 250 40687 41153
10342 1850000 350848 470955
10920 1870 40954 42222
10922 560 40737 40472
10959 1870 20634 20692
10923 180 40676 40404
10924 1870 40954 41065
10925 900 40791 41143
10929 900 40791 40688
10927 180 40676 41748
10921 10000 42316 43723
10930 900 40791 40799
10746 400000 107712 169731
10931 560 40737 40588
10933 1100 40831 41066
10932 3160 41176 41574
10934 560 40737 40504
10926 1100 40831 45465
10936 560 40737 40637
10939 180 40676 40228
10941 900 40791 40860
10943 560 40737 40472
10940 10000 42316 42318
10947 560 40737 40472
10948 1100 40831 40787
10949 900 40791 40844
10952 180 40676 40378
10954 250 40687 40377
10950 10000 42316 42318
10944 10000 42316 47602
10951 3160 41176 41523
10953 1870 40954 41009
10956 1870 40954 40905
10955 1870 40954 41229
10937 900 40791 51507
10979 180 20356 20114
10977 1870 20634 21266
10980 1100 20511 20496
10958 1870 40954 40958
10960 900 40791 40839
10961 1870 40954 41033
10987 250 20367 20136
10963 560 40737 40539
10964 1100 40831 40794
10967 180 40676 40228
10935 100001 57415 62168
10965 900 40791 43039
10968 180 40676 40360
10969 900 40791 40688
10473 1850000 350848 396892
10970 1100 40831 40915
10974 3160 41176 41168
10971 10000 42316 44824
10972 10000 42316 44867
10975 10000 42316 43874
10476 1850000 350848 402473
10973 10000 42316 46142
10962 100001 57415 60134
10983 250 40687 40318
10985 1870 40954 40995
10986 1870 40954 40905
10945 100001 57415 77054
10984 10000 42316 44689
10989 3160 41176 41605
11015 180 20356 20114
10992 250 40687 40309
10991 1870 40954 41079
10996 10000 42316 42318
11000 560 40737 40510
10928 400000 87392 96311
10999 1100 40831 40860
11001 900 40791 40847
11004 1870 40954 40905
10976 1870 40954 61032
11003 900 40791 42793
11002 3160 41176 43294
11005 1870 40954 41385
11007 1870 40954 40905
11008 560 40737 40472
10998 1100 40831 48449
10454 1850000 350848 440681
11009 560 40737 41011
11043 560 20417 20383
11011 900 40791 40688
10913 400000 107712 114274
11013 1100 40831 40937
10981 100001 57415 68549
11012 10000 42316 43314
11016 180 40676 40228
11017 560 40737 40540
11018 1870 40954 41489
11021 560 40737 40672
10994 100001 57415 59266
11025 180 40676 40282
11023 560 40737 41444
11024 900 40791 40688
10982 100001 57415 74146
11026 560 40737 40578
11022 3160 41176 43768
11028 560 40737 40870
11027 3160 41176 41140
11029 900 40791 40735
11030 560 40737 40680
11031 1100 40831 40807
11032 900 40791 41885
11033 250 40687 40536
10990 100001 57415 75597
11036 1870 40954 41177
11038 1100 40831 40782
10946 400000 107712 114038
11040 900 40791 40828
11041 3160 41176 41168
11037 10000 42316 43161
11044 560 40737 40705
11014 100001 57415 59011
11039 10000 42316 43999
10834 400000 107712 188289
10995 100001 57415 75241
11047 900 40791 40688
11045 560 40737 45902
10957 400000 107712 113262
11049 1870 40954 40940
11052 250 40687 40492
11051 3160 41176 41140
10260 1850000 350848 631844
11053 10000 42316 42840
11055 900 40791 41076
11056 560 40737 40472
11054 10000 42316 42927
11019 100001 57415 67394
11057 900 40791 40960
10898 400000 107712 151506
11060 180 40676 40489
11059 1870 40954 41182
10376 1850000 350848 545208
11058 10000 42316 43810
11064 1870 40954 40934
11063 1870 40954 42915
11066 180 40676 40228
11062 10000 42316 44842
11068 1870 40954 40955
11073 560 40737 40472
11070 10000 42316 43884
11074 560 40737 40640
11076 1870 40954 41199
11079 250 40687 40272
11108 900 20471 20344
11080 900 40791 40841
11082 180 40676 40319
11071 10000 42316 48199
11085 560 40737 40526
11077 10000 42316 45477
11087 560 40737 40613
11086 1100 40831 40846
11089 180 40676 40358
11090 250 40687 40272
11092 900 40791 41049
11093 900 40791 41117
11096 180 40676 40303
11095 1870 40954 41116
11097 560 40737 40599
11091 10000 42316 45348
10597 1850000 350848 403526
11098 560 40737 40609
10997 400000 107712 113446
11127 10000 21996 21942
11101 1870 40954 41058
11102 900 40791 40698
10619 1850000 350848 393027
11099 10000 42316 45287
11104 1100 40831 40782
10577 1850000 350848 422587
11106 560 40737 40632
11107 1870 40954 40922
11110 560 40737 40472
11111 3160 41176 41140
11113 900 40791 40729
11105 10000 42316 44964
11083 100001 57415 60702
11114 1870 40954 40905
11115 1100 40831 40967
11119 560 40737 40556
11118 3160 41176 41154
11121 180 40676 40228
11120 560 40737 40728
11117 10000 42316 42575
11081 100001 57415 69094
11123 3160 41176 41140
11124 900 40791 40883
11078 100001 57415 71685
11125 250 40687 40344
11126 560 40737 40472
11116 1870 40954 48649
11128 560 40737 40478
11130 1870 40954 41276
11131 560 40737 40472
11129 900 40791 43498
11132 900 40791 40781
11133 180 40676 40359
11134 560 40737 40477
11136 250 40687 40585
11112 100001 57415 58476
11135 1100 40831 40945
11137 560 40737 40472
10641 1850000 350848 397701
11042 400000 107712 112567
11034 100001 57415 119332
11169 560 20417 20495
11109 100001 57415 62813
10470 1850000 350848 524918
11172 180 20356 20114
10688 1850000 330528 373330
10346 1850000 350848 631172
11143 10000 42316 42430
11146 250 40687 40272
11138 560 40737 47477
11139 560 40737 47448
11144 10000 42316 43220
11142 10000 42316 44111
11147 560 40737 40960
11148 3160 41176 41259
11181 1870 20634 20529
11150 560 40737 40585
11149 3160 41176 41369
11152 250 40687 40272
11151 10000 42316 42515
11153 3160 41176 41515
10966 400000 107712 184560
11156 180 40676 40263
11157 1870 40954 40905
11159 250 40687 40326
11160 180 40676 40228
11069 100001 57415 106852
11161 1870 40954 41229
11162 1100 40831 40959
11163 1100 40831 40922
11140 100001 57415 59732
11165 3160 41176 41846
11166 250 40687 40423
11061 400000 107712 119550
11170 180 40676 40501
11168 1100 40831 40996
11164 10000 42316 44024
11173 900 40791 40920
11176 900 40791 40946
11175 3160 41176 41521
11179 560 40737 40472
11180 1870 40954 40923
11141 100001 57415 66692
11155 100001 57415 58328
11171 3160 41176 47200
11184 560 40737 40547
11183 180 40676 40694
11185 560 40737 40734
11186 900 40791 40693
11177 3160 41176 45981
11187 250 40687 40585
11188 1100 40831 40846
11190 3160 41176 41140
11219 1100 20511 20608
11191 1870 40954 41055
11193 1870 40954 40905
10988 400000 107712 188316
11197 250 40687 40272
11196 560 40737 40472
11198 560 40737 40472
11122 100001 57415 92233
11199 1870 40954 40925
11201 560 40737 40572
11182 900 40791 51154
11203 560 40737 40472
11205 560 40737 40781
11207 900 40791 40880
11206 1870 40954 41226
11208 180 40676 40353
11209 900 40791 40688
11213 180 40676 40265
11211 10000 42316 42551
11212 560 40737 40866
11167 100001 57415 70231
11214 1870 40954 41182
11189 100001 57415 59504
11216 1100 40831 40938
10731 1850000 350848 391372
11218 900 40791 40791
11220 900 40791 40688
10654 1850000 350848 445833
11158 100001 57415 81320
11202 100001 57415 58057
11223 900 40791 41170
11225 900 40791 40688
11226 1870 40954 41068
11222 100001 37095 45914
11224 10000 42316 42351
11227 1100 40831 40844
11228 900 40791 40688
11229 1870 40954 41014
10600 1850000 350848 496221
11231 900 40791 40856
11232 3160 41176 41557
11233 1100 40831 40782
11235 900 40791 40778
11234 1870 40954 40905
11236 10000 42316 42318
11238 1870 40954 41214
11020 400000 87392 197711
11241 900 40791 40688
11243 180 40676 40228
11242 3160 41176 41706
11239 10000 42316 44060
11178 100001 57415 87373
11194 100001 57415 77927
11245 560 40737 40636
11240 3160 41176 46119
11247 900 40791 40808
11244 10000 42316 44053
11250 250 40687 40272
11246 10000 42316 42717
11252 180 40676 40294
11251 1870 40954 40905
11230 900 40791 55227
11255 560 40737 40472
11254 1100 40831 41121
11221 100001 57415 69080
11290 1870 20634 20711
11258 250 40687 40343
11257 560 40737 40541
11259 560 40737 40603
11067 400000 107712 179468
11145 400000 107712 120694
11262 1870 40954 41317
11265 1870 40954 41071
11266 900 40791 40851
11267 560 40737 40615
11268 560 40737 40480
11263 900 40791 43948
11269 1100 40831 40941
11270 560 40737 40472
11271 560 40737 40675
11274 1100 40831 40910
11276 180 40676 40228
11278 3160 41176 41140
11256 100001 57415 57992
11310 1870 20634 20682
11281 900 40791 40759
11283 560 40737 40632
11284 1870 40954 40956
11287 560 40737 40535
11288 180 40676 40337
11289 560 40737 40484
11285 3160 41176 41336
11280 10000 42316 43442
11279 10000 42316 45306
11292 10000 42316 43188
11286 10000 42316 45488
11195 400000 107712 111892
11295 3160 41176 41140
11293 10000 42316 45269
11253 100001 57415 71434
11275 10000 42316 57012
10457 1850000 350848 643502
11298 560 40737 40638
11299 180 40676 40476
11277 100001 57415 58326
11300 900 40791 40688
11294 10000 42316 47683
11301 900 40791 40688
11306 250 40687 40272
11305 900 40791 40714
11307 250 40687 40308
11302 180 40676 44899
11308 560 40737 40811
11303 10000 42316 44178
11304 1870 40954 43828
11217 400000 107712 112442
11296 900 40791 53091
11312 1100 40831 40782
11313 900 40791 40688
11314 900 40791 40839
11315 180 40676 40351
11318 560 40737 40578
11316 10000 42316 42840
11320 250 40687 40318
11321 560 40737 40620
11323 250 40687 40272
11322 560 40737 40472
11324 180 40676 40621
11319 10000 42316 44958
11326 900 40791 40688
11325 10000 42316 42491
10364 1850000 350848 751736
11329 180 40676 40228
11273 100001 57415 85398
11317 560 40737 51517
10713 1850000 350848 493777
11327 10000 42316 45153
11332 900 40791 40709
11333 560 40737 40626
11331 10000 42316 42439
11334 1100 40831 41039
11328 1870 40954 46981
11330 900 40791 43695
11335 250 40687 40400
11336 900 40791 40789
11338 900 40791 41103
11340 1100 40831 40935
11341 1100 40831 40938
11342 560 40737 40645
11343 1100 40831 40962
11344 900 40791 41207
11369 3160 20856 20764
11347 560 40737 40788
11348 900 40791 40688
11352 180 40676 40229
11351 1100 40831 41121
11337 10000 42316 52545
11346 560 40737 46364
11357 180 40676 40368
11350 10000 42316 43873
11355 10000 42316 42433
11356 10000 42316 42516
11358 1870 40954 41042
11354 10000 42316 43906
11381 900 20471 20522
11359 1100 40831 40782
11360 900 40791 40843
11364 560 40737 40515
10366 1850000 350848 782628
11366 560 40737 40472
11353 560 40737 53217
10942 1850000 330528 359468
11368 900 40791 40688
11362 100001 37095 47652
11370 900 40791 40699
11174 400000 107712 191167
11367 10000 42316 46404
11372 1100 40831 41101
11374 900 40791 40688
11376 560 40737 40532
11400 10000 21996 22123
11375 3160 41176 41599
11373 250 40687 44617
11379 180 40676 40361
11377 3160 41176 41477
11380 3160 41176 41168
11378 10000 42316 43943
11382 900 40791 40871
11383 560 40737 40472
11384 180 40676 40228
11385 560 40737 40472
11386 180 40676 41039
11387 1870 40954 40905
11388 560 40737 40612
11389 900 40791 40714
11391 560 40737 40585
11390 900 40791 40817
11393 560 40737 40472
11392 560 40737 40692
10912 1850000 350848 399059
11397 560 40737 40521
11398 560 40737 40600
11399 560 40737 40638
11402 1100 40831 40935
11404 560 40737 40505
11396 900 40791 44152
11309 400000 107712 120934
11406 180 40676 40311
11408 250 40687 40330
10938 1850000 350848 393783
11261 400000 107712 158012
11410 560 40737 40619
11403 560 40737 47754
11407 10000 42316 44502
11412 900 40791 40844
11413 900 40791 40688
11401 560 40737 49991
11414 1870 40954 41058
11371 100001 57415 74516
11395 560 40737 53892
11415 3160 41176 41240
11417 560 40737 40646
10608 1850000 350848 637152
11416 3160 41176 41869
11418 900 40791 40848
11409 10000 42316 49445
11443 1870 20634 20529
11421 250 40687 40340
11419 10000 42316 42318
11422 1870 40954 40919
11424 900 40791 40774
11426 900 40791 40827
10877 1850000 350848 446744
11427 900 40791 40688
11428 1870 40954 40905
11431 180 40676 40228
11430 560 40737 40575
11432 560 40737 40472
11433 3160 41176 41140
11435 560 40737 40600
11438 1100 40831 40814
11436 1870 40954 41156
11439 560 40737 40607
11440 560 40737 40635
11437 10000 42316 42499
11434 10000 42316 44125
11441 10000 42316 43433
11446 250 40687 40428
11444 1870 40954 41176
11010 1850000 330528 366485
11447 560 40737 40472
11442 10000 42316 42485
11448 250 40687 40467
11445 1870 40954 41188
11452 560 40737 40560
11453 900 40791 40707
11429 100001 57415 57992
11449 10000 42316 42470
11264 400000 107712 192483
11454 560 40737 40844
11456 180 40676 40320
11455 560 40737 41430
11458 180 40676 40356
11457 900 40791 40983
11459 1100 40831 40909
11461 560 40737 40675
11462 560 40737 40475
11463 560 40737 40603
11423 100001 57415 74583
11491 560 20417 20236
11464 1100 40831 40889
11492 180 20356 20114
10751 1850000 350848 572302
11460 10000 42316 46831
11468 560 40737 40868
11465 10000 42316 42840
11469 3160 41176 41745
11472 560 40737 40582
11475 900 40791 40792
11476 10000 42316 42497
11481 560 40737 40649
11482 250 40687 40452
11509 560 20417 20338
11483 3160 41176 41140
11479 10000 42316 42999
11486 560 40737 40616
11487 560 40737 40472
11485 10000 42316 42318
11489 3160 41176 41816
11466 100001 37095 57474
11493 1100 40831 40798
11471 560 40737 52386
11494 560 40737 40699
11496 180 40676 40228
11497 250 40687 40292
11495 10000 42316 44432
11499 900 40791 40691
11498 10000 42316 42592
11502 1100 40831 40818
11501 1100 40831 40986
11500 3160 41176 41514
11503 900 40791 40961
11504 1100 40831 41130
11527 250 20367 20136
11505 1870 40954 41411
11478 100001 57415 58006
11507 900 40791 40692
11508 560 40737 40589
11506 10000 42316 44000
11477 100001 57415 63865
11510 250 40687 40285
11512 1100 40831 40782
11511 1100 40831 40883
11425 400000 107712 111917
11513 560 40737 40472
11517 180 40676 40236
11518 560 40737 40472
11514 900 40791 43246
11515 10000 42316 43362
11519 900 40791 41727
11520 560 40737 40555
11523 560 40737 40549
11524 560 40737 40472
11521 560 40737 41734
11525 900 40791 40688
11046 1850000 350848 412470
11088 1850000 350848 379588
11363 400000 107712 176728
11529 3160 41176 41140
11531 1870 40954 40982
11532 900 40791 40864
11530 10000 42316 42448
11533 560 40737 40472
11535 1100 40831 40859
11534 3160 41176 41835
11480 100001 57415 86302
11075 1850000 350848 394344
11537 3160 41176 41488
11539 1870 40954 41297
11526 1100 40831 53437
11484 100001 57415 89456
11516 180 40676 63544
11541 1870 40954 40905
11538 560 40737 46075
11542 180 40676 40400
11543 560 40737 40628
11545 560 40737 40557
11540 1100 40831 47722
11549 100001 37095 39097
11544 10000 42316 43895
11547 560 40737 40719
11548 560 40737 40551
11546 10000 42316 42688
11551 560 40737 40639
11552 560 40737 40612
11550 1870 40954 41599
11553 560 40737 40736
11554 900 40791 40688
11522 100001 57415 68916
11557 1870 40954 40905
11100 1850000 350848 395704
11555 3160 41176 41802
11556 900 40791 42885
11561 560 40737 40530
11564 560 40737 40472
11565 560 40737 40522
11587 1870 20634 20833
11569 900 40791 40688
11570 560 40737 40712
11572 560 40737 40612
11571 1100 40831 40979
11568 1870 40954 44025
11599 250 20367 20140
11596 1870 20634 20703
11576 1100 40831 40782
11566 560 40737 52487
11578 900 40791 40688
11579 3160 41176 41995
11582 250 40687 40376
11581 10000 42316 44855
11586 560 40737 40472
11590 180 40676 40379
11584 10000 42316 42472
11588 10000 42316 42318
11589 10000 42316 42318
11573 100001 57415 59363
11103 1850000 350848 425223
11591 1870 40954 41079
11594 250 40687 40272
11595 250 40687 40272
11592 1870 40954 41451
11593 3160 41176 41496
11597 900 40791 40819
11600 900 40791 40793
11601 900 40791 40911
11602 1100 40831 41102
11603 560 40737 40472
11604 180 40676 40333
11598 1870 40954 46054
11608 3160 41176 41319
11605 10000 42316 43807
11609 180 40676 40413
11610 10000 42316 42666
11612 560 40737 40476
11613 900 40791 40813
11615 1100 40831 41069
11611 10000 42316 43878
11646 1100 20511 20482
11616 900 40791 40936
11620 250 40687 40445
11558 100001 57415 95016
11619 10000 42316 42680
11623 560 40737 40573
11622 180 40676 40848
11585 100001 57415 67656
11621 1100 40831 42245
11488 400000 107712 156541
11606 900 40791 58048
11627 180 40676 40512
11626 1870 40954 40905
11629 560 40737 40598
11154 1850000 350848 417994
11628 1100 40831 41245
11631 560 40737 41292
11632 1870 40954 40948
11633 560 40737 40892
11635 560 40737 40550
10533 1850000 350848 857130
11630 1100 40831 43501
11637 180 40676 41408
11638 900 40791 40709
11639 560 40737 40516
11641 250 40687 40338
11640 3160 41176 41154
11617 100001 57415 58720
11643 250 40687 40724
11644 3160 41176 41488
11648 1100 40831 40782
11642 10000 42316 43928
11634 10000 42316 51592
11651 1870 40954 41161
11614 100001 57415 68078
11647 10000 42316 43884
10768 1850000 350848 709231
11559 400000 107712 115936
11650 10000 42316 43238
11653 560 40737 40620
11652 1100 40831 40866
11654 1100 40831 40906
11636 10000 42316 56268
11655 1870 40954 40905
11625 100001 57415 62344
11657 560 40737 40501
11656 3160 41176 41415
11567 400000 107712 112641
11658 560 40737 41889
11660 900 40791 40688
11662 560 40737 40474
11663 560 40737 40522
11661 10000 42316 42610
11665 1870 40954 40921
10883 1850000 350848 636274
11666 1870 40954 40905
11667 560 40737 40472
11618 100001 57415 78232
11649 100001 57415 58370
11668 10000 42316 42956
11672 900 40791 40695
11673 900 40791 40753
11674 560 40737 40472
11675 250 40687 40366
11248 1850000 350848 389762
11677 1100 40831 40960
11676 3160 41176 41260
11679 250 40687 40386
11680 560 40737 40488
11678 1100 40831 44413
11682 180 40676 40778
11683 560 40737 40646
11669 180 40676 52167
11684 250 40687 40282
11686 180 40676 40496
11688 900 40791 40837
11691 1100 40831 40782
11692 1870 40954 40905
11718 560 20417 20292
11693 250 40687 40272
11694 560 40737 40814
11065 1850000 350848 538135
11695 10000 42316 42620
11696 900 40791 41003
11697 900 40791 40970
11699 1100 40831 40950
11698 1870 40954 41327
11704 180 40676 40228
11705 180 40676 40352
11687 1870 40954 58451
11706 560 40737 40553
11624 100001 57415 109720
11709 250 40687 40419
11708 180 40676 41483
11710 180 40676 40369
11701 10000 42316 47815
11712 560 40737 40472
11711 560 40737 40594
11713 560 40737 40638
11715 900 40791 40913
11717 180 40676 40228
11716 1100 40831 40999
11719 180 40676 40235
11690 100001 57415 66692
11703 1870 40954 54306
11721 900 40791 41037
11723 180 40676 40331
11714 180 40676 47843
11724 250 40687 40364
11671 100001 57415 85212
11720 10000 42316 43612
11726 560 40737 40472
11727 900 40791 40740
11725 10000 42316 42318
11729 900 40791 40710
11730 1100 40831 40782
11689 100001 57415 76255
11707 100001 57415 57992
11733 560 40737 40547
11731 10000 42316 42318
11732 1870 40954 42326
11737 560 40737 40472
11734 900 40791 40960
11736 1100 40831 41199
11741 560 40737 40472
11739 180 40676 42045
11272 1850000 350848 423626
11742 900 40791 41802
11744 180 40676 40386
11745 900 40791 40902
11746 560 40737 40624
11747 560 40737 40946
11722 100001 57415 59294
11738 1870 40954 49568
11748 560 40737 41136
11783 1100 20511 20406
11752 180 40676 40300
11749 900 40791 42042
11750 10000 42316 42331
11755 1870 40954 41157
11756 1100 40831 41272
11757 900 40791 40846
11758 560 40737 40692
11754 1870 40954 44028
11760 900 40791 40688
11759 560 40737 41674
11536 400000 107712 222340
11753 10000 42316 45725
11761 1870 40954 41020
11763 1870 40954 41077
11751 180 40676 50298
11766 250 40687 40346
11765 900 40791 40688
11768 560 40737 40653
11767 3160 41176 41542
11769 180 40676 40228
11770 250 40687 40272
11772 3160 41176 41154
11774 560 40737 40472
11773 900 40791 40853
11776 560 40737 40986
11740 100001 57415 65478
11777 560 40737 40507
11771 10000 42316 43730
11778 1870 40954 41129
11781 560 40737 40537
11780 560 40737 42416
11782 560 40737 40827
11784 560 40737 40484
11785 900 40791 40906
11787 900 40791 40688
11790 560 40737 40767
11791 560 40737 40472
11793 900 40791 40688
11792 1870 40954 41174
11794 250 40687 40278
11764 100001 57415 58034
11762 100001 57415 60120
11798 560 40737 40586
11797 900 40791 40788
11800 560 40737 41011
11801 180 40676 41701
11804 560 40737 40558
11796 10000 42316 43888
11795 560 40737 45044
11805 900 40791 41026
11807 250 40687 40359
11809 560 40737 40623
11808 1100 40831 40874
11806 10000 42316 42458
10978 1850000 350848 678288
11811 1870 40954 41119
11349 1850000 350848 405381
11812 1100 40831 40941
11813 1870 40954 41049
11810 1870 40954 44303
11814 1100 40831 40819
11816 1100 40831 40882
11817 1870 40954 40986
11815 1870 40954 41616
11818 900 40791 41006
11050 1850000 350848 632463
11841 560 20417 20236
11819 900 40791 40688
11820 560 40737 40472
11822 180 40676 40533
11789 100001 57415 63560
11823 560 40737 40763
11850 180 20356 20362
11824 560 40737 41202
11743 100001 57415 97272
11825 560 40737 40508
11826 250 40687 40284
11828 1870 40954 41127
11786 100001 57415 74720
11829 900 40791 40688
11830 560 40737 40472
11645 400000 107712 186435
11834 1100 40831 40887
11835 900 40791 40700
11833 10000 42316 43838
11799 100001 57415 74360
11836 250 40687 40547
11862 3160 20856 21323
11838 560 40737 40533
11840 180 40676 40286
11843 250 40687 40272
11844 560 40737 40824
11846 180 40676 40346
11845 560 40737 40642
11832 900 40791 50239
11848 180 40676 40460
11847 10000 42316 42411
11837 10000 42316 48244
11849 1100 40831 40862
11827 100001 57415 59426
11851 560 40737 40804
11852 560 40737 40622
11339 1850000 350848 453507
11210 1850000 350848 553843
11853 1100 40831 40902
11365 1850000 350848 433013
11856 900 40791 40918
11857 560 40737 40472
11860 560 40737 40650
11891 250 20367 20136
11842 100001 57415 59094
11864 900 40791 40832
11865 180 40676 40272
11871 180 40676 40228
11868 560 40737 40616
11870 560 40737 40472
11872 560 40737 40770
11866 10000 42316 43194
11874 250 40687 40409
11873 1870 40954 41442
11875 560 40737 40617
11876 1100 40831 40915
11831 100001 57415 75359
11878 560 40737 40550
11879 1100 40831 41295
11858 10000 42316 54736
11854 100001 57415 58746
11880 560 40737 40472
11881 560 40737 40472
11882 900 40791 41028
11883 1870 40954 41067
11886 1870 40954 41120
11885 1870 40954 41504
11888 180 40676 40228
11884 10000 42316 43144
11887 10000 42316 42318
11893 560 40737 40549
11894 3160 41176 41159
11890 10000 42316 43434
11892 10000 42316 43241
11895 900 40791 40812
11896 1870 40954 41444
11260 1850000 350848 549767
11855 1870 40954 76360
11899 560 40737 40617
11900 560 40737 40472
11897 10000 42316 43899
11861 100001 57415 74815
11903 1100 40831 41428
11906 900 40791 40688
11938 900 20471 20703
11901 1870 40954 45479
11907 1870 40954 41545
11867 100001 57415 75366
11910 180 40676 40358
11909 900 40791 40688
11911 250 40687 40272
11905 250 40687 43607
11917 900 40791 40688
11918 560 40737 40620
11915 10000 42316 43249
11474 1850000 350848 392244
11913 100001 37095 45794
11919 3160 41176 41983
11902 560 40737 55407
11921 1870 40954 40996
11922 1100 40831 40950
11952 900 20471 20344
11925 560 40737 40512
11924 1100 40831 40944
11927 1100 40831 40928
11923 560 40737 43542
11914 1870 40954 50436
11930 900 40791 40688
11957 900 20471 20344
11920 1870 40954 49816
11931 10000 42316 42638
11934 1870 40954 40905
11936 560 40737 40576
11935 900 40791 40980
11960 1870 20634 20529
11728 400000 107712 193882
11937 560 40737 40472
11941 180 40676 40228
11939 560 40737 40613
11942 1100 40831 40782
11962 1870 20634 20983
11926 250 40687 51099
11946 250 40687 40360
11467 1850000 350848 414232
11945 900 40791 40844
11948 900 40791 40975
11943 900 40791 47788
11420 1850000 350848 462150
11951 250 40687 40515
11949 3160 41176 42048
11953 900 40791 40721
11954 1870 40954 41037
11955 10000 42316 42318
11956 1870 40954 42047
11940 100001 57415 57992
11958 900 40791 40819
11961 1100 40831 41071
11959 3160 41176 41488
11928 100001 57415 68361
11950 1870 40954 52309
11967 560 40737 40745
11964 10000 42316 43884
11947 100001 57415 59129
11965 10000 42316 43188
11969 3160 41176 41585
11972 1870 40954 41212
11974 1100 40831 40782
11973 3160 41176 41618
11970 10000 42316 43902
11975 1100 40831 41029
11971 900 40791 44207
11976 1100 40831 41146
11978 560 40737 40982
11977 3160 41176 41482
11979 1100 40831 40816
11980 560 40737 40472
12005 900 20471 20429
11981 250 40687 40272
11297 1850000 350848 587233
11982 900 40791 40701
11200 1850000 350848 661880
11984 900 40791 40688
11966 560 40737 53044
11983 3160 41176 41275
11985 1870 40954 41001
12010 900 20471 20466
11986 900 40791 40895
11988 1870 40954 41044
11990 180 40676 40228
11989 560 40737 40734
11991 900 40791 41086
11992 1870 40954 41017
11993 3160 41176 41368
11995 560 40737 40472
11997 180 40676 40277
11996 1100 40831 40932
11998 3160 41176 41140
11999 1870 40954 41058
12000 900 40791 40688
12001 1870 40954 40905
12002 1100 40831 40782
12004 1870 40954 40905
12007 900 40791 40688
11470 1850000 350848 462099
12003 10000 42316 44020
12009 1100 40831 41108
12008 10000 42316 42822
12012 3160 41176 41480
12013 3160 41176 41618
12016 180 40676 40228
11563 1850000 350848 394244
12015 180 40676 42646
12014 10000 42316 43188
12021 1870 40954 40905
12018 10000 42316 44177
12019 10000 42316 42662
12020 3160 41176 42247
12022 250 40687 40459
12023 180 40676 40386
12025 560 40737 40472
12024 1870 40954 41191
12029 560 40737 40518
12064 3160 20856 21298
12027 10000 42316 44436
12006 100001 57415 59210
12033 900 40791 40822
12028 180 40676 45540
12031 1870 40954 41648
12034 3160 41176 41182
12035 1100 40831 41096
12030 560 40737 44110
12036 3160 41176 41154
12038 560 40737 40481
11345 1850000 350848 589009
12037 560 40737 40634
12041 1870 40954 40905
12044 900 40791 40853
12040 10000 42316 43194
12047 1100 40831 40926
12045 10000 42316 42532
12039 10000 42316 45942
12043 10000 42316 44363
12046 10000 42316 43885
12051 250 40687 40392
12053 250 40687 40283
12054 180 40676 40293
12052 3160 41176 41527
12056 560 40737 40594
12050 10000 42316 44355
12048 1870 40954 46305
12055 560 40737 42447
12060 900 40791 40794
12061 900 40791 40720
12058 3160 41176 44870
12011 100001 57415 75309
12067 10000 42316 42374
12068 1870 40954 41146
12066 10000 42316 44238
12032 100001 57415 66692
12069 3160 41176 41492
12070 1870 40954 40905
12071 1100 40831 41323
12073 900 40791 40833
12075 1870 40954 40996
12077 900 40791 40951
12078 1100 40831 40904
12076 560 40737 42603
12063 100001 57415 57992
12080 1870 40954 40905
12079 3160 41176 41492
12042 100001 57415 71830
12083 180 40676 40228
12082 560 40737 40923
12084 560 40737 40550
12110 900 20471 20344
12085 560 40737 40472
12086 180 40676 40324
12074 1100 40831 50517
12087 560 40737 40472
12062 100001 57415 66697
12081 1100 40831 48414
12089 900 40791 40977
12088 1870 40954 41195
12092 1100 40831 40878
12094 1100 40831 40787
12093 180 40676 41140
12072 100001 57415 59266
12095 900 40791 40786
12096 560 40737 40472
12065 100001 57415 71212
12097 900 40791 40726
12098 1870 40954 41545
12101 1100 40831 40898
12102 560 40737 40742
12103 180 40676 40450
12100 1870 40954 41509
12105 250 40687 40376
12104 900 40791 40840
11490 1850000 350848 521185
11237 1850000 350848 724277
12090 1870 40954 49467
12107 180 40676 40292
12059 100001 57415 80906
12109 560 40737 40472
12106 10000 42316 43874
12108 10000 42316 42318
12111 1870 40954 40905
12114 250 40687 41005
12115 250 40687 40272
12117 100001 37095 37820
12112 10000 42316 43655
12116 250 40687 40272
12118 1100 40831 41219
12121 900 40791 40688
12119 10000 42316 42620
12122 1100 40831 40828
12120 10000 42316 45337
11473 1850000 350848 551053
12152 560 20417 20236
12125 10000 42316 43451
12128 1100 40831 40782
12131 180 40676 40456
12130 1870 40954 41369
12127 10000 42316 42834
12133 1100 40831 41082
12135 1100 40831 40838
12136 1870 40954 41281
12132 100001 37095 47423
12137 10000 42316 42528
12139 560 40737 40611
12141 3160 41176 41608
12144 560 40737 40620
12142 560 40737 42286
12147 900 40791 40704
12146 900 40791 40792
12123 100001 57415 63707
12150 560 40737 40472
12151 250 40687 40272
12175 10000 21996 21942
12172 10000 21996 23480
12154 560 40737 40472
12153 1870 40954 40905
12155 900 40791 40860
12156 1870 40954 41011
12091 100001 57415 91471
12159 1870 40954 41198
12160 250 40687 40292
12158 10000 42316 43719
12161 1100 40831 41138
12163 560 40737 40616
11048 1850000 350848 907133
12162 10000 42316 43871
12164 180 40676 40367
12166 900 40791 40777
12165 1870 40954 42973
12169 3160 41176 41393
12170 1100 40831 40792
12171 1870 40954 41420
12157 10000 42316 55648
12173 560 40737 40680
12143 100001 57415 65429
12176 1870 40954 41096
12177 900 40791 40688
12180 560 40737 40657
12181 250 40687 40426
12178 10000 42316 43749
12183 250 40687 40374
12185 560 40737 40598
12186 3160 41176 41248
12193 560 40737 40571
12168 100001 57415 58771
12189 10000 42316 46766
12195 250 40687 40295
12194 10000 42316 43594
12196 560 40737 40675
12198 560 40737 40472
12197 1100 40831 40940
12222 180 20356 20141
12201 1100 40831 41206
12203 560 40737 40837
12187 100001 57415 59168
12205 180 40676 40324
12204 1100 40831 41240
12129 400000 87392 110782
12208 250 40687 40426
12206 10000 42316 42318
11863 400000 107712 319425
12200 10000 42316 51953
12209 1100 40831 41006
12210 900 40791 40688
12211 250 40687 40554
12207 180 40676 45634
12213 3160 41176 41606
12184 100001 57415 74988
12134 400000 107712 115358
12217 1100 40831 41012
12214 10000 42316 43846
12220 900 40791 40716
12218 3160 41176 42247
12223 1100 40831 40822
12225 1870 40954 40916
12226 900 40791 40828
12227 180 40676 40333
12230 250 40687 40272
12229 560 40737 40554
12231 560 40737 40590
12228 10000 42316 42666
12202 100001 57415 66518
12232 250 40687 40386
12233 180 40676 40549
12099 400000 107712 158429
12234 900 40791 40744
12199 100001 57415 74656
12236 900 40791 41256
12212 100001 57415 59888
12238 250 40687 40433
12240 1870 40954 41055
12242 560 40737 40621
12245 1870 40954 40957
12239 10000 42316 43230
12246 1870 40954 41191
12247 900 40791 41222
12224 100001 57415 59056
12191 100001 57415 94053
12248 900 40791 41163
12249 1870 40954 41414
12250 1100 40831 41209
12243 3160 41176 47684
12251 560 40737 40472
11411 1850000 350848 716428
12252 1870 40954 41466
12255 1100 40831 40958
12258 560 40737 40472
12259 1870 40954 41093
12174 400000 107712 113897
12216 100001 57415 72020
12261 1870 40954 40905
12260 1870 40954 41296
12262 900 40791 40817
12264 250 40687 40272
12265 900 40791 40723
12257 900 40791 47903
12291 560 20417 20236
12241 100001 57415 59357
12268 1100 40831 40787
12267 3160 41176 41657
12215 100001 57415 81909
12266 10000 42316 44128
12271 180 40676 40639
12269 560 40737 42963
12274 900 40791 40699
12275 1870 40954 40905
12278 560 40737 40749
12277 1870 40954 41016
12273 10000 42316 44116
12279 900 40791 41191
12254 100001 57415 59732
12281 900 40791 40785
12244 100001 57415 74710
12284 250 40687 40390
12282 3160 41176 41569
12253 100001 57415 67447
12285 1870 40954 41153
12286 1100 40831 41025
12289 250 40687 40483
12310 560 20417 20248
12292 900 40791 40842
12293 250 40687 40334
12295 560 40737 40906
12297 180 40676 40237
12314 10000 21996 22716
12298 250 40687 40296
11562 1850000 350848 628813
12299 3160 41176 41258
12301 250 40687 40272
12270 100001 57415 68374
12300 10000 42316 42444
12302 3160 41176 41211
12138 400000 107712 182923
12309 900 40791 40851
11700 1850000 350848 524588
12311 3160 41176 41270
12340 560 20417 20386
12306 250 40687 49467
12315 1870 40954 41093
12312 3160 41176 43350
12318 560 40737 40547
12317 1870 40954 41276
12320 560 40737 40616
12321 1100 40831 40923
12326 1100 40831 40889
12325 1870 40954 42464
12323 10000 42316 42885
12307 100001 57415 58468
12322 560 40737 44378
12327 10000 42316 42545
12316 10000 42316 50354
12331 560 40737 40533
12333 560 40737 40625
12332 1870 40954 41063
12305 100001 57415 64082
12328 1100 40831 42997
12330 1100 40831 42494
12335 1870 40954 41222
12337 250 40687 40454
12339 560 40737 40472
12367 1100 20511 20740
12338 10000 42316 42318
12308 100001 57415 70340
12342 560 40737 40472
12341 10000 42316 43536
12346 1870 40954 40909
12347 900 40791 40781
12349 180 40676 40392
12324 560 40737 61803
12350 900 40791 40839
12351 1100 40831 40821
12352 560 40737 41151
12353 900 40791 40897
12343 900 40791 47402
12355 250 40687 40548
12356 250 40687 40418
12354 3160 41176 42413
12358 900 40791 40688
12387 10000 21996 22068
12360 1100 40831 40782
12359 1870 40954 41098
12363 250 40687 40313
12334 1870 40954 62571
12364 560 40737 40615
12365 1870 40954 41026
12366 1870 40954 40905
12319 100001 57415 75494
12370 900 40791 40688
12369 1870 40954 41030
12371 900 40791 40688
12373 250 40687 40389
12372 900 40791 41085
12374 560 40737 40608
12375 1100 40831 40787
12376 560 40737 40472
12368 10000 42316 44331
12379 560 40737 40617
12378 250 40687 40769
12380 180 40676 40532
12381 1870 40954 41476
12377 10000 42316 43828
12382 180 40676 40319
12383 560 40737 40648
12384 560 40737 40516
12386 180 40676 40383
12385 900 40791 40853
12389 3160 41176 41154
12394 100001 37095 38968
12391 3160 41176 41493
12390 10000 42316 42796
12393 250 40687 40934
12294 100001 57415 120178
12395 900 40791 41840
12397 180 40676 40228
12392 10000 42316 45114
12398 560 40737 40622
12399 180 40676 40415
12280 400000 107712 138575
12401 900 40791 40897
12402 1870 40954 40963
11869 1850000 350848 472133
12361 100001 57415 70493
12403 250 40687 40272
12404 560 40737 40802
12405 1100 40831 40782
12406 560 40737 40627
12407 250 40687 40684
12410 250 40687 40412
12428 560 20417 20236
12409 1870 40954 41454
12408 10000 42316 42874
12413 900 40791 40688
12414 3160 41176 42378
12418 180 40676 40601
12416 560 40737 40731
12415 3160 41176 42297
12417 10000 42316 43986
12419 900 40791 40890
12357 100001 57415 90883
12344 100001 57415 100136
12420 1870 40954 41183
12421 560 40737 40693
12422 560 40737 40756
12424 180 40676 40354
12423 250 40687 40534
12425 900 40791 40758
12426 560 40737 40472
12427 560 40737 40583
12429 250 40687 40710
12430 900 40791 40688
12434 1870 40954 41139
11450 1850000 350848 834609
12437 250 40687 40274
12431 10000 42316 43506
12463 1100 20511 20999
12432 560 40737 43616
12439 180 40676 40468
12441 560 40737 40557
12444 1870 40954 41182
12442 10000 42316 42733
11968 1850000 350848 428844
12474 180 20356 20206
12445 1100 40831 42317
12448 250 40687 40552
11575 1850000 350848 737178
12450 250 40687 40392
12452 900 40791 40869
12451 900 40791 41273
12453 1870 40954 41260
12454 1100 40831 40842
12443 180 40676 52878
12412 100001 57415 79746
12455 1870 40954 40905
12458 1100 40831 40822
12457 3160 41176 41513
12460 900 40791 40688
12461 560 40737 40472
12459 900 40791 40883
12462 180 40676 40393
12486 560 20417 20236
12464 900 40791 40906
11451 1850000 350848 858072
12466 180 40676 40746
12446 100001 57415 58314
12470 560 40737 40532
12435 100001 57415 68566
12467 900 40791 42725
12471 900 40791 40733
12473 560 40737 40635
12472 900 40791 41018
12475 3160 41176 41338
12477 1870 40954 41248
12468 180 40676 47861
12296 400000 107712 189894
12478 3160 41176 43580
12479 10000 42316 42360
12482 560 40737 40472
12481 900 40791 40838
12484 900 40791 41038
12483 10000 42316 42941
12489 560 40737 40472
12488 560 40737 41032
12487 10000 42316 42489
12491 900 40791 40976
11932 1850000 350848 497842
12492 1870 40954 40905
12493 1100 40831 40945
12516 180 20356 20377
12495 1100 40831 40782
12494 1870 40954 41127
12496 560 40737 40719
12521 560 20417 20397
12497 1870 40954 41132
12465 100001 57415 67381
12498 1100 40831 41231
12526 900 20471 20368
12527 900 20471 20344
11904 1850000 350848 529402
12501 1870 40954 41792
12490 100001 57415 57992
12348 400000 107712 169053
12503 560 40737 40472
12505 560 40737 40669
12504 900 40791 40688
12500 10000 42316 43948
12502 1870 40954 42822
12508 560 40737 40561
11685 1850000 350848 702636
12510 250 40687 41203
12514 180 40676 40275
12515 180 40676 40228
12513 1870 40954 41222
12517 560 40737 40618
12520 900 40791 40784
12519 3160 41176 41422
12522 900 40791 40755
12480 100001 57415 78515
12476 100001 57415 81866
12438 400000 107712 113704
12524 1100 40831 42840
12528 560 40737 40472
12532 900 40791 40688
12530 560 40737 41087
12529 1100 40831 41286
12525 10000 42316 45002
12531 10000 42316 45919
12518 10000 42316 53478
12537 180 40676 40435
12538 1870 40954 41129
12541 560 40737 40472
12539 10000 42316 42486
12545 560 40737 40508
12507 100001 57415 68792
12509 100001 57415 68374
12547 180 40676 40234
12546 560 40737 40623
12548 900 40791 40688
12540 10000 42316 45627
12550 900 40791 41005
12535 560 40737 54654
12551 250 40687 40504
12433 400000 107712 137542
12499 100001 57415 86242
12585 1100 20511 20647
12555 560 40737 40472
12556 3160 41176 41455
12559 900 40791 40688
12558 900 40791 41171
12552 560 40737 47819
12588 250 20367 20225
12560 1870 40954 40919
12561 560 40737 40493
12563 560 40737 40475
12594 180 20356 20114
12534 100001 57415 68606
12565 900 40791 40830
12566 560 40737 40572
12564 10000 42316 43362
12599 180 20356 20156
12557 10000 42316 49453
12570 180 40676 40787
12569 10000 42316 42318
12571 3160 41176 41341
11898 1850000 350848 586072
12573 560 40737 40739
12511 100001 57415 87260
12553 560 40737 57190
12575 560 40737 40527
12577 180 40676 40228
12580 560 40737 40524
12579 900 40791 41074
12581 560 40737 40629
12582 900 40791 40768
12584 560 40737 40636
12583 900 40791 40688
12568 1100 40831 51583
12587 1100 40831 40812
12576 560 40737 48182
12589 560 40737 40666
12554 100001 57415 64261
12578 560 40737 48148
12590 900 40791 40763
12591 560 40737 40948
12593 560 40737 42529
12592 180 40676 42890
12542 100001 57415 79832
12596 560 40737 40869
12595 3160 41176 41587
12533 100001 57415 91938
12598 560 40737 41816
11681 1850000 350848 773358
12600 560 40737 40535
12562 100001 57415 67869
12597 1870 40954 44375
12601 900 40791 40688
12586 10000 42316 52981
12567 100001 57415 65348
12603 1100 40831 40896
12604 560 40737 40498
12607 560 40737 40472
12628 1100 20511 20600
12608 560 40737 40473
12610 560 40737 40619
12609 900 40791 40853
12611 1100 40831 40782
12613 180 40676 40356
12614 900 40791 41222
12615 180 40676 40382
12617 560 40737 40527
12612 10000 42316 43327
12618 1870 40954 41037
12619 560 40737 40634
12616 1870 40954 42501
11607 1850000 350848 850547
12574 100001 57415 76289
12620 10000 42316 44280
12621 900 40791 40928
12436 400000 107712 194601
12622 1870 40954 40940
12623 1100 40831 40782
12625 560 40737 40631
12627 180 40676 40477
12629 560 40737 40578
12626 560 40737 42319
12631 180 40676 40228
12630 900 40791 40866
12632 1100 40831 41204
11574 1850000 350848 889465
12605 10000 42316 63859
12543 400000 107712 113792
12636 180 40676 40463
12638 1870 40954 40905
12639 1870 40954 41293
12635 10000 42316 45247
12642 560 40737 40472
12640 180 40676 43874
12644 1100 40831 40782
12647 1100 40831 40859
12606 100001 57415 79182
12646 10000 42316 45209
12652 1870 40954 41362
12653 1100 40831 41446
12654 560 40737 40544
12634 100001 57415 59392
12650 900 40791 43435
12655 1870 40954 40905
12657 560 40737 40537
12660 900 40791 40920
12662 180 40676 40438
11944 1850000 350848 629204
12663 1100 40831 41096
12664 180 40676 40228
12694 560 20417 20382
12665 900 40791 40688
12666 560 40737 40682
12668 250 40687 40279
11912 1850000 350848 657125
12672 560 40737 40617
12670 900 40791 41385
12649 100001 57415 58738
12671 3160 41176 41943
12675 180 40676 40264
12674 1870 40954 41143
12677 180 40676 40741
12679 180 40676 40341
12682 180 40676 40228
12658 100001 57415 57992
12681 3160 41176 41883
12686 250 40687 40364
12683 180 40676 43612
12685 3160 41176 41158
12687 560 40737 40472
12641 100001 57415 76933
12688 10000 42316 42585
12690 3160 41176 41609
12680 180 40676 48565
12572 400000 107712 137077
12692 560 40737 40507
12689 1100 40831 43469
12659 100001 57415 66003
12693 1870 40954 41079
12691 10000 42316 42963
12695 1100 40831 40782
12698 900 40791 40809
12643 100001 57415 79163
12699 900 40791 40814
12661 100001 57415 68183
12696 10000 42316 45013
12701 900 40791 40688
12702 560 40737 40616
12703 900 40791 40916
11889 1850000 350848 701440
12704 560 40737 40540
12705 180 40676 40237
12707 900 40791 41106
12709 560 40737 40621
12710 560 40737 40472
12708 1100 40831 41850
12714 900 40791 40688
12715 900 40791 41003
12716 1870 40954 41303
12718 3160 41176 41488
12673 100001 57415 73038
12700 900 40791 55679
12719 1100 40831 40966
12713 10000 42316 44722
12722 560 40737 40720
12721 3160 41176 42026
12723 3160 41176 41488
12727 250 40687 40412
12725 1870 40954 41590
12724 1100 40831 42200
12729 1100 40831 41113
12730 900 40791 40745
12732 180 40676 40295
12712 900 40791 50182
12731 1870 40954 41611
12678 100001 57415 75977
12733 1870 40954 41135
12734 1100 40831 40782
12736 900 40791 40726
12738 180 40676 40315
12669 100001 57415 83094
12737 1100 40831 41456
12740 560 40737 40472
12735 1870 40954 46036
12741 900 40791 40832
12743 560 40737 40558
12742 1870 40954 41041
12744 560 40737 40617
12747 1870 40954 41238
12717 10000 42316 59523
12745 10000 42316 42374
12749 560 40737 40674
12748 900 40791 41013
12728 100001 57415 58144
11933 1850000 350848 700224
12750 10000 42316 43832
12706 100001 57415 73650
12770 1870 20634 20974
12751 1870 40954 48095
12753 3160 41176 42639
12754 560 40737 40472
12755 900 40791 40919
11779 1850000 350848 835950
12756 180 40676 40388
12758 250 40687 40272
12757 560 40737 40709
12759 1100 40831 40866
12761 560 40737 40472
12762 1870 40954 41405
12764 180 40676 40560
12763 3160 41176 41526
12760 10000 42316 45037
12766 180 40676 41088
12768 560 40737 40726
12771 900 40791 40726
12772 250 40687 40459
12769 10000 42316 44084
12799 3160 20856 21194
12773 3160 41176 41604
12777 1870 40954 41051
12776 3160 41176 41596
12778 560 40737 40525
12779 560 40737 40472
12781 900 40791 40688
12782 1870 40954 40905
12784 900 40791 40688
12780 10000 42316 44446
12785 900 40791 41186
12786 900 40791 40688
12791 560 40737 40472
12783 10000 42316 45661
12788 3160 41176 42347
12789 3160 41176 42223
12790 180 40676 43282
12794 180 40676 40468
12795 180 40676 40228
12796 560 40737 40595
12797 1870 40954 42015
12798 900 40791 40800
12775 560 40737 57607
12824 1100 20511 20443
12802 180 40676 40228
12800 3160 41176 41140
12801 900 40791 40841
12804 10000 42316 42318
12805 1870 40954 41158
12806 560 40737 40564
12807 180 40676 40586
12808 180 40676 40346
12787 3160 41176 55794
12810 180 40676 40250
12809 180 40676 40736
11659 1850000 350848 969580
12767 100001 57415 73305
12017 1850000 350848 696459
12811 180 40676 40430
12812 900 40791 40863
12656 400000 107712 169691
12774 100001 57415 71591
12817 560 40737 40472
12818 900 40791 40850
12819 560 40737 40883
12816 1870 40954 44063
12822 250 40687 40705
12813 180 40676 47708
12825 1100 40831 40782
12827 250 40687 40272
12826 1870 40954 41130
12828 1870 40954 41058
12829 560 40737 40734
12831 250 40687 40657
12832 900 40791 40708
12835 250 40687 40665
12837 1870 40954 41469
12834 10000 42316 43239
12840 180 40676 40355
12841 560 40737 40472
12833 10000 42316 44908
12838 10000 42316 43834
12830 10000 42316 48602
12844 560 40737 40784
12842 10000 42316 43188
12846 900 40791 40927
12845 1870 40954 41106
12697 400000 107712 164118
12847 1100 40831 40947
12848 900 40791 40694
12872 900 20471 20538
11994 1850000 350848 743474
12850 1100 40831 40928
12814 100001 57415 67382
12876 560 20417 20236
12855 900 40791 40814
12854 1870 40954 41179
12857 250 40687 40412
12815 100001 57415 69113
12858 560 40737 40625
12856 10000 42316 44886
12859 900 40791 40791
12860 180 40676 40349
12276 1850000 350848 518256
12862 1100 40831 40907
12861 10000 42316 43113
12865 180 40676 40291
12866 560 40737 40644
12863 10000 42316 42982
12864 10000 42316 42541
12739 400000 107712 152033
12867 560 40737 40472
12868 180 40676 40382
12853 100001 57415 58838
11916 1850000 350848 819096
12874 1100 40831 41043
12875 560 40737 40994
12447 1850000 350848 391751
12624 400000 107712 247248
12877 1870 40954 41180
12878 900 40791 41735
11908 1850000 350848 831312
12881 900 40791 41399
12883 1100 40831 40782
12882 1870 40954 41631
12879 900 40791 44045
12880 10000 42316 43380
12820 100001 57415 92952
12884 560 40737 41698
12885 900 40791 40854
12313 1850000 350848 506486
12912 250 20367 20309
12889 560 40737 40682
12890 900 40791 40738
12892 180 40676 40366
12891 10000 42316 45494
12894 560 40737 40636
12124 1850000 350848 681999
12899 3160 41176 41182
12900 1100 40831 41452
12902 180 40676 40453
12901 900 40791 40853
12903 560 40737 40609
12870 100001 57415 70927
12936 560 20417 20236
12906 560 40737 40640
12907 560 40737 40629
12908 560 40737 40975
12897 10000 42316 49928
12909 900 40791 40729
12895 1870 40954 52448
12905 560 40737 43469
12910 250 40687 40407
12911 900 40791 40774
12913 560 40737 40513
12914 900 40791 40688
12915 900 40791 40752
12851 100001 57415 94156
12918 560 40737 40761
12917 900 40791 40921
12919 900 40791 40703
12921 1100 40831 40956
12873 100001 57415 79225
12924 250 40687 40281
12962 1100 20511 20655
12925 250 40687 41425
12929 1870 40954 41242
12931 560 40737 40906
12839 400000 107712 112204
12930 10000 42316 43884
12932 1870 40954 41113
12933 250 40687 40502
12975 560 20417 20294
12934 1870 40954 41004
12935 900 40791 40706
12928 10000 42316 47333
12887 10000 42316 76733
12938 900 40791 40688
12943 250 40687 40540
12945 560 40737 40505
12937 10000 42316 43536
12947 560 40737 41177
12948 560 40737 40548
12941 10000 42316 42646
12946 10000 42316 42797
12951 180 40676 40384
12950 1870 40954 40905
12746 400000 107712 209574
12949 10000 42316 42740
12942 10000 42316 47447
12952 1870 40954 42779
12957 900 40791 40749
12400 1850000 350848 490411
12926 100001 57415 58692
12959 250 40687 40385
12960 560 40737 40638
12955 10000 42316 42508
12961 560 40737 40494
12752 400000 107712 208574
12958 1870 40954 44149
12965 560 40737 40681
12967 900 40791 40785
12964 10000 42316 42689
12893 100001 57415 89477
12968 560 40737 40770
12969 900 40791 40768
12971 560 40737 40649
12973 900 40791 40817
12974 250 40687 40272
12978 560 40737 40472
12972 1100 40831 44711
12923 100001 57415 72008
12939 1870 40954 61553
12981 900 40791 40848
12982 900 40791 40945
12983 560 40737 40660
12920 560 40737 77955
12976 560 40737 47459
12984 1100 40831 40827
12985 560 40737 41595
12823 400000 107712 156393
13021 560 20417 20236
12986 900 40791 40996
12944 100001 57415 67312
12988 560 40737 40472
12803 400000 107712 178006
12989 1100 40831 40895
12970 10000 42316 57151
12992 560 40737 40589
12994 560 40737 40586
12993 3160 41176 41154
12916 100001 57415 93370
12996 1100 40831 40782
12995 3160 41176 41717
12997 560 40737 40751
12998 1870 40954 41304
13001 900 40791 40688
13000 1870 40954 41009
13002 560 40737 40555
13003 1100 40831 40852
13006 560 40737 40693
12922 100001 57415 94993
13007 900 40791 40884
13010 1100 40831 40801
13011 900 40791 40819
11859 1850000 350848 956147
12329 1850000 350848 574997
13009 10000 42316 44500
13005 1870 40954 45676
13014 900 40791 41058
13016 180 40676 40522
13015 1870 40954 41702
13017 560 40737 40806
13018 900 40791 40716
13019 560 40737 40474
13023 560 40737 40702
13013 10000 42316 46598
13054 180 20356 20114
13024 1870 40954 41070
13022 180 40676 42545
12303 1850000 350848 604776
13026 900 40791 41160
13028 560 40737 40519
13025 10000 42316 42416
13027 1870 40954 41016
13020 10000 42316 47032
12953 100001 57415 87731
13029 560 40737 40472
13030 900 40791 40851
13031 900 40791 40688
13004 100001 57415 58118
13032 900 40791 40688
13035 560 40737 40648
13034 3160 41176 41154
13008 10000 42316 59268
13039 900 40791 40932
13037 10000 42316 42500
12987 1100 40831 74130
13043 1100 40831 41009
13072 180 20356 20204
13045 900 40791 40688
13041 560 40737 42970
13044 10000 42316 43758
13047 560 40737 40859
13048 1870 40954 41203
13050 560 40737 40472
13049 1100 40831 41278
13051 3160 41176 41709
13052 250 40687 40702
13055 560 40737 40620
13057 560 40737 40654
12886 400000 107712 153868
13059 180 40676 40228
12188 1850000 350848 732354
13060 560 40737 40472
13046 1870 40954 53389
13062 1100 40831 41054
13065 1870 40954 40922
13061 10000 42316 43959
13040 900 40791 59398
13066 1870 40954 41162
13063 3160 41176 43330
13069 3160 41176 41370
13056 1870 40954 49847
13070 560 40737 43636
13064 560 40737 46870
13094 3160 20856 21124
13074 1100 40831 41069
13067 10000 42316 47564
13077 560 40737 40767
13078 900 40791 40820
13079 1870 40954 40905
13042 100001 57415 68859
13080 1870 40954 41405
12440 1850000 350848 537662
13076 900 40791 46235
13081 1870 40954 41270
13082 900 40791 40705
13036 100001 57415 75372
13073 900 40791 50548
13106 10000 21996 22708
13083 1100 40831 40827
13113 1870 20634 21491
13084 180 40676 41765
13085 560 40737 40560
13086 560 40737 40864
13038 100001 57415 79066
13075 900 40791 53035
10671 1850000 350848 1921030
13120 900 20471 20660
13089 1870 40954 40998
13088 10000 42316 42840
13087 10000 42316 44843
12237 1850000 350848 715131
13092 3160 41176 41168
13093 1100 40831 41074
13090 3160 41176 42869
13095 1100 40831 40944
13096 560 40737 42098
13097 250 40687 40753
12336 1850000 350848 636119
13098 560 40737 40472
13099 3160 41176 41474
13102 180 40676 40228
13103 900 40791 40954
13101 10000 42316 43221
13107 560 40737 40576
13108 560 40737 40472
13110 180 40676 41145
13112 250 40687 40396
13115 560 40737 40793
13116 560 40737 40639
13114 1870 40954 43494
13117 560 40737 40472
13119 900 40791 40893
13118 1100 40831 41262
12980 400000 107712 143623
13121 180 40676 41433
13100 900 40791 55513
13123 900 40791 41193
13124 560 40737 40472
13091 100001 57415 64284
13125 180 40676 40475
13122 10000 42316 43662
13126 1100 40831 41075
13127 180 40676 40524
12140 1850000 350848 825067
13111 560 40737 58086
12963 400000 107712 160671
13129 900 40791 40690
13109 100001 57415 58785
13128 10000 42316 43188
13132 180 40676 40228
13133 900 40791 40936
13130 10000 42316 43714
13134 560 40737 40778
12221 1850000 350848 759603
13137 180 40676 40228
13012 400000 107712 136104
13136 1100 40831 40940
13139 1870 40954 41154
13140 900 40791 40909
13142 560 40737 40851
13143 250 40687 40404
13145 560 40737 40472
13146 900 40791 40993
13147 1870 40954 40974
13181 900 20471 20569
13152 1100 40831 41061
13153 900 40791 40904
13144 10000 42316 45608
13154 560 40737 40776
13151 10000 42316 43802
13149 1870 40954 46691
13155 10000 42316 42562
13157 1100 40831 41214
13158 180 40676 40464
12057 1850000 350848 921854
13159 560 40737 40567
13160 1870 40954 41164
13162 1100 40831 40822
13135 100001 57415 59424
13165 900 40791 41256
13167 900 40791 40816
13197 10000 21996 22095
13164 10000 42316 44788
13105 100001 57415 89203
13169 560 40737 40603
13170 900 40791 40968
13171 1100 40831 40986
13174 560 40737 40946
13176 250 40687 40272
13168 10000 42316 45883
13177 560 40737 40736
13180 900 40791 41180
13104 100001 57415 96232
13150 100001 57415 62396
13183 560 40737 40680
13186 560 40737 40472
13182 10000 42316 43090
13187 560 40737 40693
13188 560 40737 40487
13178 10000 42316 44539
13189 250 40687 40460
13191 1100 40831 40782
13193 180 40676 40451
13192 10000 42316 42679
13194 3160 41176 42061
13058 400000 107712 139630
13220 900 20471 20344
13195 900 40791 40803
13175 1870 40954 53195
13198 900 40791 41032
13163 100001 57415 64430
13199 560 40737 40740
13200 560 40737 40595
13201 1100 40831 40782
13206 560 40737 41018
13205 3160 41176 41286
13204 560 40737 42195
13208 1100 40831 40945
13211 560 40737 40697
13213 900 40791 40709
13212 1870 40954 41195
13209 10000 42316 44427
13210 1870 40954 44267
13216 10000 42316 42708
13219 560 40737 40612
13217 3160 41176 41941
13221 1870 40954 41336
13215 10000 42316 48379
13224 560 40737 40528
13225 180 40676 40650
13223 10000 42316 42374
13196 10000 42316 66718
13226 1870 40954 41288
13222 10000 42316 44060
13227 560 40737 40532
13231 560 40737 40700
13185 100001 57415 80612
13232 10000 42316 42386
13228 10000 42316 46732
13259 180 20356 20359
13233 180 40676 40336
13235 900 40791 41045
13236 1100 40831 41056
13238 180 40676 40316
13241 180 40676 40421
13239 560 40737 40770
13138 400000 107712 115811
13240 1100 40831 41066
13243 900 40791 40795
13071 400000 107712 173517
12288 1850000 350848 785859
13242 1870 40954 41254
13271 3160 20856 21265
13279 560 20417 20239
13249 900 40791 40716
13250 560 40737 40752
13156 400000 107712 113254
13248 10000 42316 43014
13255 900 40791 40844
13254 3160 41176 41366
13256 1870 40954 41198
13257 180 40676 41815
13258 1870 40954 42062
13261 560 40737 40678
13262 900 40791 40688
13265 560 40737 40585
13264 1870 40954 40919
13263 10000 42316 42910
13266 900 40791 40749
13267 900 40791 40796
13294 560 20417 20407
13296 1100 20511 20441
13270 560 40737 40592
13272 900 40791 40743
13269 10000 42316 42959
13274 560 40737 40705
13276 1100 40831 41150
12126 1850000 350848 951176
13278 3160 41176 41824
13268 1100 40831 48162
12765 1850000 350848 419694
13277 10000 42316 43606
13280 900 40791 40933
13234 100001 57415 75203
13281 560 40737 40756
13282 560 40737 40807
13283 1100 40831 40936
13237 100001 57415 78144
13284 10000 42316 42318
13286 900 40791 40818
13287 900 40791 40852
13288 1100 40831 40942
13289 560 40737 40472
13291 250 40687 40999
13251 3160 41176 72611
13292 560 40737 40672
13295 180 40676 40360
13293 560 40737 40872
13299 1100 40831 41036
13275 100001 57415 60776
13300 10000 42316 44845
13303 10000 42316 42430
13252 100001 57415 85696
13304 560 40737 40865
13305 900 40791 40688
13173 400000 107712 148046
13307 900 40791 40713
13309 180 40676 40228
13308 1870 40954 41226
13332 180 20356 20137
13247 100001 57415 92261
13310 560 40737 40472
13334 560 20417 20381
13311 900 40791 40951
13335 1870 20634 20529
13312 900 40791 40954
13314 1100 40831 40853
13316 1100 40831 40782
13319 1870 40954 41459
13202 400000 107712 135600
12362 1850000 350848 785095
13321 1100 40831 40952
13298 100001 57415 60010
13315 10000 42316 46152
13324 560 40737 40513
13290 100001 57415 68849
13325 560 40737 40754
13326 1100 40831 40798
12145 1850000 350848 973025
13323 10000 42316 43943
13327 1100 40831 40806
13328 900 40791 40864
13322 1100 40831 48631
13330 900 40791 40910
13331 560 40737 40638
13333 560 40737 40688
13301 100001 57415 72103
13318 100001 57415 58993
13317 900 40791 60071
13336 1870 40954 41136
13337 560 40737 40563
13329 1870 40954 50501
13339 560 40737 40789
13340 1100 40831 40836
12852 1850000 350848 408812
13341 180 40676 40405
13338 10000 42316 42388
12290 1850000 350848 870242
13343 900 40791 40783
13344 560 40737 40472
13345 900 40791 40841
13306 900 40791 74768
13347 900 40791 41111
12287 1850000 350848 877488
13285 100001 57415 97317
13348 1100 40831 41213
13350 900 40791 40939
13368 1100 20511 20478
13349 180 40676 42283
13351 560 40737 40820
13353 560 40737 40472
13352 3160 41176 41154
13355 180 40676 40511
13356 250 40687 40272
13354 1870 40954 41208
13313 100001 57415 82461
13357 900 40791 40806
13358 3160 41176 41698
13360 560 40737 41461
13361 560 40737 40477
13362 1100 40831 40940
13363 1870 40954 40905
13364 1870 40954 41200
13367 900 40791 40713
13346 100001 57415 64610
13366 10000 42316 45416
13369 180 40676 40228
12898 1850000 350848 396451
11802 1850000 350848 1294498
13372 900 40791 40849
13373 1870 40954 41332
13374 900 40791 41099
13410 1870 20634 21187
13379 250 40687 40423
13380 1870 40954 41453
13378 900 40791 42745
13384 560 40737 40490
13385 900 40791 40730
13390 560 40737 40472
13388 1100 40831 40782
13392 560 40737 40704
13393 1100 40831 41049
13394 900 40791 40804
13382 1100 40831 43816
13381 10000 42316 44736
13397 180 40676 40368
13398 560 40737 40592
13399 900 40791 41020
13401 1100 40831 40782
13400 180 40676 42219
13359 100001 57415 71564
13404 180 40676 40439
13405 180 40676 40242
13428 560 20417 20236
13407 560 40737 40624
13406 250 40687 42007
12648 1850000 350848 624314
13403 10000 42316 44374
10393 10000000 1717440 2387238
13408 10000 42316 43205
13166 400000 107712 238677
13413 560 40737 40643
13409 560 40737 43756
13417 560 40737 40559
13418 900 40791 40821
13416 250 20367 41776
13415 10000 42316 42840
13419 900 40791 40688
13370 100001 57415 74557
13420 560 40737 40472
13424 900 40791 40999
13371 100001 57415 80623
13426 3160 41176 41224
13427 1870 40954 41135
13430 1100 40831 40894
13429 900 40791 40969
13387 100001 57415 72682
13425 10000 42316 43656
13431 180 40676 40805
13421 10000 42316 48357
13376 100001 57415 80440
13432 1870 40954 40973
13423 900 40791 47323
13433 1100 40831 40891
13414 100001 57415 58770
13437 100001 37095 38050
13434 560 40737 40582
13435 180 40676 40544
13436 1870 40954 41156
12549 1850000 350848 736916
13440 560 40737 40803
13439 3160 41176 41424
13442 900 40791 40981
13443 180 40676 41641
13441 10000 42316 43320
13445 1100 40831 40782
13444 560 40737 44715
13447 560 40737 40499
13449 900 40791 40903
13450 900 40791 40688
13451 560 40737 40602
13446 3160 41176 45531
13375 100001 57415 97152
13386 100001 57415 91312
13448 10000 42316 43741
13453 1870 40954 41139
13455 1870 40954 41222
13454 10000 42316 44700
13458 1870 40954 41375
13460 1100 40831 41189
13493 1870 20634 20680
13462 180 40676 40228
13456 3160 41176 43795
13463 900 40791 40772
13466 560 40737 40565
13465 180 40676 41685
12633 1850000 350848 690636
13471 560 40737 40568
13464 1870 40954 43551
13461 560 40737 48042
12304 1850000 350848 958861
13472 250 40687 40538
13473 900 40791 40688
13505 900 20471 20603
13469 10000 42316 44240
13474 1870 40954 41404
13475 1870 40954 41667
13480 1100 40831 40973
13484 250 40687 40367
13486 180 40676 40311
13483 560 40737 41428
13485 560 40737 40527
13487 560 40737 40576
13517 900 20471 20344
13488 900 40791 40777
13489 900 40791 40688
13481 560 40737 45644
13490 560 40737 40640
13492 560 40737 40532
13389 400000 107712 119292
13495 1870 40954 41351
13497 3160 41176 41322
13491 10000 42316 45598
13499 560 40737 40691
13496 1870 40954 43791
13501 560 40737 40717
13498 1100 40831 43596
13500 900 40791 41227
13502 1870 40954 41277
13504 900 40791 40771
13527 10000 21996 21942
13507 250 40687 40417
13506 3160 41176 41316
13511 180 40676 40412
13513 560 40737 40472
13510 900 40791 41321
13516 180 40676 40797
13518 250 40687 40557
13514 10000 42316 43339
13519 180 40676 40396
13509 1100 40831 48221
13522 180 40676 40377
13521 560 40737 40657
13523 560 40737 40561
13524 900 40791 40938
13477 100001 57415 75310
12720 1850000 350848 662998
13530 560 40737 40472
13532 900 40791 40853
13526 900 40791 44752
13525 1100 40831 48146
13535 560 40737 40763
13533 10000 42316 43053
13537 1870 40954 41077
13560 10000 21996 23749
13515 100001 57415 62428
13538 1870 40954 41741
13539 1870 40954 41361
13540 560 40737 40487
13534 560 40737 46270
13528 560 40737 50731
13536 10000 42316 45788
13542 900 40791 40927
10391 10000000 1717440 2489974
13479 100001 57415 89970
10900 10000000 1717440 2109185
13543 3160 41176 41397
13544 1100 40831 40986
13545 10000 42316 42658
13551 900 40791 41076
13547 3160 41176 43460
13552 900 40791 40858
13553 560 40737 40680
13555 900 40791 41167
13556 1870 40954 40905
13557 900 40791 40688
13554 1100 40831 42704
13562 180 40676 40228
13561 560 40737 40472
13559 10000 42316 43377
13520 100001 57415 75740
13512 100001 57415 82962
13494 100001 57415 93756
13564 560 40737 40545
13558 1870 40954 46376
13565 1870 40954 41239
13566 1870 40954 41263
13508 100001 57415 89249
13568 1870 40954 41066
13589 1100 20511 20406
13563 560 40737 48184
13548 1870 40954 57172
13570 560 40737 40828
13452 400000 107712 130602
13571 900 40791 40764
13572 180 40676 40358
13573 1100 40831 40941
13574 1100 40831 40828
13575 3160 41176 41404
13576 180 40676 40291
13478 400000 107712 118266
13541 100001 57415 71066
13577 1100 40831 41205
13579 900 40791 40688
13580 560 40737 40472
13582 1100 40831 40859
13550 100001 57415 66518
13584 180 40676 40312
12113 1850000 350848 1213466
13470 400000 107712 130028
13585 3160 41176 41981
13587 560 40737 41018
13588 3160 41176 41168
13591 1100 40831 41093
13592 1870 40954 42137
13594 180 40676 40472
13595 3160 41176 41154
13598 560 40737 40542
13599 180 40676 40231
13597 100001 37095 43388
13529 100001 57415 102376
13603 180 40676 40230
13601 3160 41176 42143
13602 1870 40954 41991
13605 900 40791 40819
13604 10000 42316 43166
13639 180 20356 20280
13581 100001 57415 65505
13609 250 40687 40590
13608 560 40737 40736
13600 180 40676 50560
13610 900 40791 40819
13611 900 40791 40847
13614 560 40737 40480
13615 560 40737 40665
13613 900 40791 42401
13616 1100 40831 40857
13617 1100 40831 40782
13618 560 40737 40620
13148 1850000 350848 420495
13622 560 40737 40528
13623 180 40676 40777
13619 10000 42316 43586
13624 900 40791 41099
13625 900 40791 40909
13612 560 40737 47949
13383 400000 107712 227823
13626 900 40791 41138
13628 560 40737 40986
13629 1100 40831 41015
13632 180 40676 40315
13631 1100 40831 41600
13634 900 40791 41025
13635 560 40737 40514
13593 100001 57415 72799
13636 1100 40831 41033
13638 3160 41176 41474
13641 560 40737 42646
13642 560 40737 40744
13643 250 40687 40339
13644 1100 40831 41358
13621 100001 57415 58846
12667 1850000 350848 800253
13646 560 40737 40630
13647 250 40687 40423
13648 560 40737 40502
13650 900 40791 40688
13649 1100 40831 41337
12954 1850000 350848 578604
13652 180 40676 40489
13651 900 40791 40926
13653 180 40676 40366
13637 10000 42316 56333
13422 400000 107712 225362
13658 900 40791 40796
13656 10000 42316 42566
13659 3160 41176 41140
13131 1850000 350848 462088
13657 250 40687 45428
13662 560 40737 40609
13663 180 40676 40294
13660 10000 42316 44743
13664 1870 40954 40905
13665 1870 40954 41037
13666 1100 40831 40782
13667 1870 40954 41647
13668 900 40791 40811
13669 560 40737 40860
13214 1850000 350848 414830
13674 180 40676 40367
13676 1100 40831 41055
12149 1850000 350848 1256650
13678 180 40676 40241
13672 10000 42316 43188
13680 560 40737 40745
13671 10000 42316 48919
13681 1870 40954 41038
13683 250 40687 40457
13684 560 40737 40595
13685 560 40737 40561
13688 250 40687 40398
13686 560 40737 40788
13689 1100 40831 40861
13654 100001 57415 73134
13690 560 40737 40834
13682 1100 40831 48971
13691 1100 40831 41810
13692 1870 40954 41041
13229 1850000 350848 423106
13694 250 40687 40478
13693 1870 40954 41463
13722 1870 20634 20931
13697 560 40737 40472
13696 1100 40831 40972
13701 560 40737 40472
13670 100001 57415 66344
13695 900 40791 44012
13702 900 40791 40839
13706 900 40791 40825
13705 1870 40954 41208
13698 10000 42316 45191
13707 1100 40831 41200
13708 900 40791 40701
13704 10000 42316 44569
13700 10000 42316 46451
13710 1100 40831 41114
13661 100001 57415 84525
13712 1870 40954 43245
13714 1870 40954 41459
13715 900 40791 41251
12469 1850000 350848 1025352
13736 1870 20634 20803
13719 180 40676 40228
13720 180 40676 40709
13721 1100 40831 40782
13723 560 40737 40893
13724 560 40737 40472
13727 900 40791 40688
13728 250 40687 40382
13729 560 40737 40472
13731 180 40676 40246
13730 1870 40954 41422
13732 900 40791 40688
13549 400000 107712 195977
13725 180 40676 48582
13735 900 40791 41311
13737 900 40791 40800
13739 900 40791 40700
13738 1100 40831 40782
12869 1850000 350848 723162
13743 560 40737 40791
13741 3160 41176 41437
13744 250 40687 40613
12966 1850000 350848 659917
13746 1100 40831 40987
13747 560 40737 40713
13748 900 40791 40841
13749 560 40737 40621
13717 100001 57415 73308
13751 560 40737 40804
13752 900 40791 40873
13596 400000 107712 175071
13754 560 40737 40801
13770 900 20471 20344
13750 10000 42316 44272
13755 560 40737 40664
13745 180 40676 52576
13756 900 40791 40688
13758 560 40737 40593
13757 900 40791 40964
13759 180 40676 40530
13711 100001 57415 89975
13762 560 40737 40578
13753 250 40687 51057
13320 1850000 350848 411032
13687 100001 57415 110631
13734 100001 57415 74563
13763 3160 41176 41420
13764 560 40737 40472
13766 560 40737 40936
13767 180 40676 40267
12793 1850000 350848 812372
13760 560 40737 52615
13761 100001 37095 53934
13655 400000 107712 152695
13772 1870 40954 41481
13773 900 40791 41026
13771 10000 42316 43496
13775 560 40737 40626
13777 560 40737 40537
13778 900 40791 40695
13780 900 40791 40688
13784 560 40737 40536
13787 250 40687 40408
13814 900 20471 20344
13785 560 40737 41741
13742 100001 57415 79666
13792 560 40737 40594
13790 900 40791 40944
13788 3160 41176 41536
13793 180 40676 40372
13796 180 40676 40320
13797 560 40737 40593
13791 560 40737 43700
13798 180 40676 40581
13789 10000 42316 46291
13800 560 40737 40681
13769 100001 57415 59392
13801 250 40687 40700
13786 3160 41176 49125
13782 3160 41176 52148
13803 560 40737 40773
13802 900 40791 42479
13677 400000 107712 151479
13804 10000 42316 43230
13806 560 40737 40592
13776 100001 57415 58762
13805 3160 41176 42035
13811 1100 40831 40782
13812 560 40737 40637
13815 1100 40831 41077
13841 3160 20856 20941
13813 10000 42316 44089
13810 10000 42316 47733
13816 180 40676 40383
13817 560 40737 40749
13795 100001 57415 61688
13783 100001 57415 66544
13819 900 40791 40688
13818 1100 40831 41105
13820 180 40676 40430
13822 560 40737 40559
13825 250 40687 40307
13823 1870 40954 41187
13826 250 40687 40358
13828 900 40791 40928
13833 250 40687 40272
13779 100001 57415 76777
13834 560 40737 40472
13832 1100 40831 41998
13830 10000 42316 43202
13831 10000 42316 43536
13799 100001 57415 70563
13835 560 40737 41105
13837 180 40676 40379
13840 1100 40831 41203
13836 10000 42316 45146
13838 10000 42316 43985
13843 180 40676 40375
13842 560 40737 40651
13844 1100 40831 40992
13845 560 40737 40712
13846 900 40791 40688
13726 400000 107712 142758
13848 3160 41176 42005
13808 560 40737 74997
13850 560 40737 40658
13852 1870 40954 41037
13853 3160 41176 41706
13851 10000 42316 44260
13412 1850000 350848 409098
13774 100001 57415 104656
13847 1100 40831 49925
13854 900 40791 41960
13857 560 40737 40643
13859 560 40737 40842
13141 1850000 350848 629653
13856 250 40687 44778
13860 900 40791 41113
13861 1870 40954 41144
13863 250 40687 40644
13829 100001 57415 74174
13866 180 40676 40241
13865 180 40676 40401
13867 900 40791 40868
13870 1100 40831 41068
13872 560 40737 40575
13873 560 40737 40803
13876 900 40791 40833
13875 1870 40954 41269
13849 1100 40831 64281
13877 560 40737 40856
13879 1100 40831 40885
13858 560 40737 56898
13878 10000 42316 43438
13864 100001 37095 52166
13880 10000 42316 42764
13885 250 40687 40298
13883 1870 40954 41191
13884 3160 41176 42056
13886 900 40791 41895
13888 250 40687 40406
13909 1870 20634 20703
13890 180 40676 40895
13892 560 40737 40594
13893 900 40791 40688
13889 3160 41176 41909
13916 900 20471 20344
13894 1870 40954 41491
13895 180 40676 40516
13896 1870 40954 41275
13882 1870 40954 52249
13871 100001 57415 62381
13898 1870 40954 41420
12726 1850000 350848 977215
13897 1870 40954 43670
13901 560 40737 40922
13900 3160 41176 41613
13862 100001 57415 72068
13899 10000 42316 44206
13902 560 40737 40590
13904 900 40791 40833
13905 900 40791 40787
13839 100001 57415 96802
13906 560 40737 41081
13903 10000 42316 44177
13908 900 40791 40916
13912 560 40737 40472
13910 10000 42316 43025
13874 100001 57415 77368
13919 180 40676 40326
13920 560 40737 40472
13921 180 40676 40642
13476 1850000 350848 412662
13922 900 40791 41418
13881 560 40737 74568
13924 1870 40954 41209
12843 1850000 350848 896996
13926 560 40737 40790
13927 560 40737 40472
13917 900 40791 48912
13928 250 40687 40380
13887 100001 57415 73128
13929 560 40737 40487
13932 560 40737 40816
13931 3160 41176 41339
13925 10000 42316 47832
13934 560 40737 40905
13246 1850000 350848 607906
13935 560 40737 40911
13936 1870 40954 41079
13937 1100 40831 41006
13938 560 40737 40683
13939 900 40791 40785
13203 1850000 350848 648180
13942 1100 40831 40937
13945 180 40676 40228
13827 400000 87392 133147
13915 100001 57415 59360
13970 900 20471 20512
13944 560 40737 40736
13940 560 40737 42928
13946 560 40737 40565
13943 10000 42316 42318
13907 100001 57415 65062
13947 560 40737 40602
13949 560 40737 40526
13941 10000 42316 46229
13950 560 40737 40793
13948 10000 42316 44023
13952 10000 42316 42562
13955 900 40791 41732
13956 560 40737 40472
13959 560 40737 40690
13954 560 40737 44313
13958 3160 41176 42356
13957 560 40737 43582
13961 3160 41176 41488
13962 560 40737 40540
13963 250 40687 40547
13960 560 40737 42497
13964 1870 40954 40905
13914 100001 57415 75012
13966 1870 40954 41306
13968 1870 40954 41044
13965 10000 42316 46365
13969 10000 42316 42850
13972 560 40737 40626
13973 180 40676 40517
13974 180 40676 40707
13976 900 40791 40859
13977 1100 40831 41113
13978 900 40791 40744
13923 100001 57415 79727
13979 560 40737 40778
13930 100001 57415 77986
13982 1100 40831 41036
13913 100001 57415 88910
13980 560 40737 42692
13933 100001 57415 77834
13986 180 40676 40228
13987 180 40676 40228
13971 3160 41176 54293
13953 100001 57415 69580
13567 1850000 350848 393770
13990 180 40676 40526
13991 1870 40954 41017
13993 180 40676 40848
13996 900 40791 40787
13998 560 40737 40643
14026 1100 20511 20450
13997 1100 40831 41468
14000 180 40676 40351
13992 900 40791 44446
13999 10000 42316 43588
14002 900 40791 40700
13989 1870 40954 53381
14007 180 40676 40366
14006 560 40737 41053
14005 1100 40831 41315
14009 1100 40831 41191
14011 560 40737 40554
14012 180 40676 40502
14035 10000 21996 25244
14004 180 40676 44423
14013 900 40791 41058
14003 900 40791 46333
14010 10000 42316 43155
14016 560 40737 40617
14017 900 40791 40869
14008 1870 40954 44708
14021 180 40676 40254
14020 900 40791 40948
14018 1870 40954 41266
14015 10000 42316 44031
14022 900 40791 41530
14023 560 40737 40744
14024 180 40676 40324
14058 900 20471 20491
14025 560 40737 40654
14064 1100 20511 20664
14027 900 40791 40846
14028 560 40737 40716
14030 560 40737 40836
14031 560 40737 40725
14032 900 40791 40883
14033 1100 40831 41202
14029 560 40737 44506
14036 560 40737 40583
14038 560 40737 40674
14039 560 40737 41379
14034 10000 42316 44546
14041 560 40737 40688
14043 900 40791 40739
14042 1100 40831 41222
14044 900 40791 41134
13985 100001 57415 85600
14048 180 40676 40440
14049 250 40687 40352
14045 1100 40831 40902
10757 10000000 1717440 2624259
14053 180 40676 40557
14046 10000 42316 44022
14014 100001 57415 66692
14055 3160 41176 41140
14056 1870 40954 41788
14057 1870 40954 41557
14061 1870 40954 41224
14065 1870 40954 41175
14060 10000 42316 42821
14069 900 40791 41181
14037 100001 57415 58239
14063 10000 42316 46563
14070 1100 40831 40883
14072 900 40791 40927
14097 900 20471 20344
14073 3160 41176 42188
14071 10000 42316 42388
14066 1870 40954 48449
14074 1100 40831 41051
14054 560 40737 55118
14019 100001 57415 79083
14079 100001 37095 37630
14075 560 40737 40577
14077 900 40791 40801
14050 100001 57415 59987
14080 560 40737 40720
14081 560 40737 40588
13273 1850000 350848 695185
14076 1870 40954 45111
14047 100001 57415 65004
14062 100001 57415 59969
14085 900 40791 40688
14052 560 40737 65990
14123 3160 20856 20844
14086 560 40737 40591
14088 1100 40831 41065
14083 10000 42316 46300
14093 1870 40954 40905
14095 900 40791 40742
14084 10000 42316 47526
14087 10000 42316 44410
14051 1870 40954 71824
14118 10000 21996 28035
14092 10000 42316 43188
14100 560 40737 40791
14094 1870 40954 42632
14102 1100 40831 40794
14104 1100 40831 41120
13951 400000 107712 150298
14096 10000 42316 44482
14099 10000 42316 44248
14101 900 40791 44912
11249 10000000 1717440 2312626
14090 560 40737 48201
14108 560 40737 40554
14109 560 40737 40540
14106 900 40791 43755
14098 1100 40831 49625
14107 10000 42316 43512
14114 180 40676 40743
14117 560 40737 40841
14143 560 20417 20329
14119 250 40687 40272
14121 1100 40831 41171
14122 1870 40954 41126
14124 560 40737 40651
14126 180 40676 40377
14116 560 40737 45257
14125 900 40791 40740
14128 1870 40954 41186
14130 560 40737 40658
14129 10000 42316 42840
14132 1870 40954 41142
14127 1100 40831 45282
14089 900 40791 64762
14133 560 40737 40626
14135 1100 40831 40901
14120 560 40737 52273
14113 10000 42316 55768
14137 1870 40954 41103
14138 3160 41176 41154
14136 10000 42316 44117
13645 1850000 350848 428371
14140 1100 40831 41471
14141 560 40737 40523
14134 1100 40831 48286
14142 560 40737 40927
14103 100001 57415 73499
14144 900 40791 41159
14146 560 40737 40612
14105 100001 57415 75494
14150 900 40791 40688
14148 1870 40954 41089
14153 560 40737 40757
14154 900 40791 41010
14156 900 40791 41020
14176 900 20471 20500
14078 100001 57415 97396
14158 560 40737 40518
14160 560 40737 40741
14155 10000 42316 48066
14001 400000 107712 157115
14161 10000 42316 44362
14164 1870 40954 40913
14166 560 40737 40797
14165 3160 41176 41647
14168 180 40676 40611
14195 180 20356 20119
14170 10000 42316 42926
14171 250 40687 40272
14162 10000 42316 51187
14172 900 40791 40815
14169 10000 42316 46527
14174 900 40791 40946
14173 1870 40954 41508
14175 900 40791 40742
14178 900 40791 40782
14177 1870 40954 41112
14181 1100 40831 40823
14163 900 40791 55574
14209 180 20356 20177
14180 1100 40831 42144
14182 1870 40954 41217
14187 560 40737 40832
14189 1100 40831 41007
13402 1850000 350848 669831
14188 1870 40954 41832
14159 100001 57415 67924
14191 900 40791 40833
14190 900 40791 41656
14115 100001 57415 105767
14152 100001 57415 78876
14186 3160 41176 47080
14193 900 40791 40688
14194 560 40737 40554
14196 1100 40831 41107
14199 1100 40831 41231
14197 1100 40831 42104
14198 3160 41176 41754
14200 560 40737 40619
13768 1850000 330528 372179
14201 1870 40954 40905
14203 900 40791 40726
14202 1100 40831 42116
14206 1870 40954 41021
14207 900 40791 40958
14233 1100 20511 20789
14212 560 40737 40691
14239 900 20471 20602
14214 180 40676 40464
14215 560 40737 40630
14213 560 40737 40828
14243 250 20367 20136
14217 1870 40954 41808
14204 560 40737 53777
14220 900 40791 40982
14210 10000 42316 54734
14225 250 40687 40272
14224 560 40737 40669
14226 560 40737 40630
14223 1100 40831 43649
14222 1870 40954 45532
14228 1870 40954 41449
14229 1870 40954 41147
14235 1100 40831 41515
14231 560 40737 44905
14242 900 40791 41040
14245 1870 40954 41181
14244 1870 40954 41432
14232 180 40676 47541
14247 250 40687 40272
14237 10000 42316 44665
14240 180 40676 45264
14248 180 40676 40376
14250 560 40737 40542
14251 560 40737 41318
14227 100001 57415 57992
14253 900 40791 41007
14211 100001 57415 73004
14252 900 40791 41735
14254 900 40791 40822
14255 560 40737 40724
14258 900 40791 40737
14257 1870 40954 41071
14139 400000 107712 140542
14289 10000 21996 21998
14260 1870 40954 41079
14262 1870 40954 40905
14270 1870 40954 41170
14271 560 40737 40675
14272 560 40737 40472
14265 560 40737 41795
14263 1870 40954 42597
14273 900 40791 40688
14268 560 40737 44131
14230 100001 57415 65790
14241 1870 40954 60276
14276 250 40687 40272
14277 900 40791 40870
14234 100001 57415 66724
14279 1100 40831 41145
14259 560 40737 52782
14274 10000 42316 47151
14264 560 40737 50574
14280 1870 40954 41531
14305 900 20471 20344
14283 1870 40954 40920
14282 1870 40954 41403
14281 3160 41176 41588
14286 1870 40954 41153
14246 100001 57415 66998
14288 250 40687 40272
14287 1100 40831 41138
14221 100001 57415 85855
14290 1870 40954 41732
14291 1870 40954 41371
14292 180 40676 40390
14293 900 40791 40890
14295 180 40676 40440
14294 1100 40831 41037
14112 400000 107712 181725
14297 900 40791 40992
14261 100001 57415 64566
12991 1850000 350848 1067650
14301 180 40676 40228
14303 180 40676 40228
14300 10000 42316 43054
14296 900 40791 49518
14304 560 40737 40644
14306 560 40737 40505
14307 250 40687 40580
14308 180 40676 40245
14285 3160 41176 59632
14310 560 40737 40696
14309 10000 42316 42906
14314 180 40676 40228
14315 560 40737 40472
14311 10000 42316 44572
14316 1870 40954 41847
14318 1870 40954 41175
14319 900 40791 41252
14312 10000 42316 47038
14317 180 40676 44410
14323 180 40676 40399
14324 560 40737 40619
14327 560 40737 40472
14328 180 40676 40587
14321 900 40791 43805
14313 1870 40954 49695
14330 180 40676 40816
14332 900 40791 40854
14267 100001 57415 85583
14336 3160 41176 41163
14334 900 40791 41888
14284 100001 57415 77089
14337 560 40737 40648
14338 1100 40831 41566
14339 560 40737 40472
14325 560 40737 50164
14340 560 40737 40796
14341 1870 40954 41453
14342 180 40676 40485
14218 400000 107712 130734
14343 1870 40954 41798
14345 180 40676 40360
11192 10000000 1717440 2538706
13586 1850000 350848 641052
14346 1100 40831 41189
14298 100001 57415 80068
14350 10000 42316 43110
14352 900 40791 41057
14354 250 40687 40408
14353 3160 41176 42518
14355 180 40676 40414
14357 180 40676 40482
14358 1870 40954 41844
14360 900 40791 40871
14362 560 40737 40630
14356 560 40737 47420
14363 560 40737 40613
14364 900 40791 41078
14365 3160 41176 41441
14368 560 40737 40809
14367 560 40737 41028
14370 560 40737 40774
14372 560 40737 40659
14361 250 40687 50195
14371 1870 40954 41654
14398 1870 20634 20692
14375 560 40737 40558
14329 100001 57415 82428
14373 10000 42316 42360
14374 1100 40831 42076
14320 100001 57415 87390
14377 900 40791 40983
14378 560 40737 40665
14347 100001 57415 70525
14379 1870 40954 41928
14381 1870 40954 41156
14382 560 40737 40614
14380 180 40676 44356
14385 1870 40954 41079
14344 100001 57415 77299
14386 900 40791 41041
14335 100001 57415 90804
14387 1870 40954 41479
14388 560 40737 40472
14331 100001 57415 93666
14384 180 40676 44999
14390 900 40791 41025
14391 3160 41176 41460
14392 1870 40954 41248
14389 180 40676 45198
14394 10000 42316 42623
14397 560 40737 40538
14395 1100 40831 41624
14429 1870 20634 21189
14399 3160 41176 43443
14400 10000 42316 42593
14406 180 40676 40359
14405 560 40737 40639
14402 10000 42316 43842
14407 560 40737 41700
11775 10000000 1717440 2127493
14408 900 40791 40688
14403 10000 42316 46446
14401 1100 40831 48614
14411 900 40791 40844
14413 1100 40831 41023
14249 400000 107712 166591
14414 3160 41176 41314
14208 400000 107712 201131
14409 10000 42316 44918
14415 10000 42316 42474
14417 250 40687 40636
14421 560 40737 40503
14420 1870 40954 41330
14422 900 40791 40739
14416 3160 41176 43745
14238 400000 107712 179774
14419 10000 42316 43221
14366 100001 57415 85263
14424 1100 40831 40868
14410 10000 42316 50164
14426 1100 40831 41273
14427 250 40687 40900
14428 560 40737 40645
14425 560 40737 43231
14418 560 40737 46954
13855 1850000 350848 478140
14430 1870 40954 41141
14433 10000 42316 42374
14434 1870 40954 41520
14436 900 40791 40688
14437 560 40737 40731
14435 560 40737 42051
14369 100001 57415 92789
14439 560 40737 40742
14431 900 40791 45821
14460 3160 20856 21119
14438 180 40676 43456
14442 250 40687 40427
14441 3160 41176 42078
14443 1870 40954 41513
14445 560 40737 40499
14444 3160 41176 41734
14446 1870 40954 41320
14447 1870 40954 40926
14450 560 40737 40602
14474 10000 21996 21991
14449 560 40737 41142
14451 1100 40831 40997
14453 560 40737 40871
14454 1870 40954 41016
13244 1850000 350848 1003965
14440 900 40791 51462
14456 560 40737 40490
14448 10000 42316 47340
14458 560 40737 40803
14459 180 40676 40315
14455 1100 40831 47426
14462 180 40676 40503
14461 560 40737 40564
14463 560 40737 40709
14465 900 40791 41134
14468 1100 40831 41403
14470 560 40737 40679
14471 180 40676 40410
14475 1100 40831 40899
14476 1870 40954 41183
14219 400000 107712 238132
14472 10000 42316 42566
14479 900 40791 40821
14480 900 40791 40688
14483 900 40791 40883
14481 3160 41176 41540
14485 250 40687 40583
14489 900 40791 40715
14491 900 40791 40901
14487 900 40791 42230
14482 560 40737 45771
14486 1100 40831 46510
14492 900 40791 41013
14269 400000 107712 218046
14452 100001 57415 73859
14495 900 40791 40688
14494 1100 40831 41034
14496 560 40737 40838
14493 3160 41176 41681
14466 100001 57415 62464
14490 250 40687 48550
14497 1870 40954 41249
14498 900 40791 40989
14499 1870 40954 41222
14501 250 40687 40335
14473 1870 40954 60466
14503 560 40737 40791
13620 1850000 350848 736067
14506 250 40687 40373
14467 100001 57415 67273
14505 1870 40954 41265
14457 100001 57415 75272
14507 900 40791 40945
14509 180 40676 40479
14359 400000 107712 158761
14513 900 40791 41743
14511 1100 40831 42783
14544 3160 20856 20778
14512 10000 42316 43427
14515 1100 40831 41100
13891 1850000 330528 517813
14514 10000 42316 44181
14517 1870 40954 41160
14521 1870 40954 41062
14520 1870 40954 41249
14522 900 40791 41037
14516 900 40791 45439
14523 560 40737 40643
14500 100001 57415 58613
14524 1100 40831 40830
14526 180 40676 40312
14525 3160 41176 41314
14527 560 40737 40585
14555 1100 20511 21006
14068 1850000 350848 397301
14529 1100 40831 41242
14532 180 40676 40327
13709 1850000 350848 684373
14531 560 40737 40860
14534 250 40687 40407
14533 900 40791 41113
14536 3160 41176 41525
14535 180 40676 42306
14540 560 40737 40621
14541 560 40737 40668
14537 900 40791 43081
14351 400000 107712 188160
14542 1870 40954 41132
14543 560 40737 40874
14478 100001 57415 87760
14484 100001 57415 84534
14545 1100 40831 41297
14518 3160 41176 58536
14546 560 40737 40963
14548 1870 40954 41302
14550 1100 40831 40782
14551 560 40737 40840
14549 560 40737 42461
14553 560 40737 40638
14552 900 40791 40882
14554 560 40737 40511
10666 10000000 1717440 3074930
13531 1850000 350848 846283
14488 100001 57415 89498
14556 560 40737 40583
14558 1100 40831 40988
14559 900 40791 41148
14539 900 40791 57046
14412 400000 107712 150566
14563 900 40791 40825
14585 560 20417 20236
14561 10000 42316 45179
14464 400000 107712 115009
14566 1100 40831 42241
14530 100001 57415 71686
14564 10000 42316 45499
13807 1850000 350848 626643
14396 400000 107712 173695
14569 180 40676 40825
14568 3160 41176 41474
14570 1100 40831 40828
14562 180 40676 52692
13302 1850000 350848 1051956
14571 900 40791 40773
14572 560 40737 40898
13245 1850000 350848 1097269
13740 1850000 350848 686110
14575 900 40791 40882
14574 1870 40954 41394
14576 250 40687 40412
14573 10000 42316 43720
14577 250 40687 40614
14578 250 40687 40533
14580 180 40676 40997
14606 900 20471 20503
14581 1870 40954 41470
14579 10000 42316 42388
14582 1100 40831 41127
14587 1100 40831 40829
14589 250 40687 40272
14502 100001 57415 111968
14591 560 40737 40984
14592 250 40687 40339
14560 100001 57415 72697
14594 560 40737 40540
14584 1100 40831 47685
14557 100001 57415 77716
14595 1100 40831 41277
14593 1870 40954 42621
14600 250 40687 40333
14597 10000 42316 44004
14599 10000 42316 43581
10527 10000000 1717440 3210851
14603 1100 40831 40782
14601 10000 42316 44192
14604 1100 40831 41249
14635 1100 20511 20406
14607 560 40737 40717
14605 1100 40831 42324
14609 560 40737 40629
14610 1870 40954 41327
14611 1100 40831 40849
14614 180 40676 40228
14612 1870 40954 41249
14613 560 40737 40753
14616 900 40791 40981
14618 180 40676 40302
14619 560 40737 40729
14617 3160 41176 41749
14608 10000 42316 47538
14652 1870 20634 20529
13260 1850000 350848 1123495
14615 560 40737 44322
14622 180 40676 40471
14621 3160 41176 41347
14623 10000 42316 43362
14626 250 40687 40296
14625 1870 40954 41110
14630 1100 40831 40826
14629 3160 41176 41631
14596 100001 57415 68595
14633 900 40791 40688
14637 180 40676 40238
14639 1870 40954 41115
14636 3160 41176 41641
14628 10000 42316 44778
14641 1870 40954 41043
14640 10000 42316 43379
14642 900 40791 40864
14643 1100 40831 41160
14646 1100 40831 40940
14647 250 40687 40495
14648 560 40737 40530
14649 180 40676 40398
14682 180 20356 20189
14644 250 40687 42944
14651 180 40676 40241
14653 180 40676 40532
14654 180 40676 41318
14650 1100 40831 46502
14657 900 40791 40908
14632 900 40791 56732
13975 1850000 350848 562392
14634 100001 57415 58050
14663 560 40737 40568
14656 10000 42316 45398
14664 3160 41176 42060
14655 560 40737 46579
14666 250 40687 40350
14638 100001 57415 60439
14668 180 40676 40438
14667 560 40737 41675
14670 250 40687 40393
14672 250 40687 40532
14671 900 40791 41086
14588 100001 57415 99287
14674 1870 40954 41348
14631 100001 57415 66521
14669 250 40687 45037
14675 3160 41176 42101
14677 900 40791 41090
14679 900 40791 41060
14681 1100 40831 40978
14510 400000 107712 168169
14684 560 40737 40627
14678 10000 42316 46373
14686 900 40791 41422
14110 1850000 350848 484717
14689 180 40676 40228
13869 1850000 330528 663106
14683 250 40687 47275
14687 10000 42316 44236
14690 1870 40954 41534
14694 560 40737 40723
14696 250 40687 41010
14620 100001 57415 90314
14697 180 40676 40433
14695 900 40791 42624
14698 560 40737 40472
14701 180 40676 40257
14692 10000 42316 45130
14700 560 40737 40698
14699 560 40737 40759
14665 100001 57415 70852
14702 900 40791 40847
14723 250 20367 20144
14703 3160 41176 41874
14705 250 40687 40510
14704 1870 40954 41641
14725 560 20417 20816
14707 560 40737 40652
14709 250 40687 40361
14676 100001 57415 72662
14711 1100 40831 40982
14710 900 40791 43322
14712 3160 41176 41464
14715 560 40737 40472
14717 900 40791 41504
14719 250 40687 40272
14718 1870 40954 41565
14716 10000 42316 44472
14721 900 40791 40688
14741 250 20367 20136
14722 250 40687 40382
14724 180 40676 40399
14726 900 40791 40882
11035 10000000 1717440 2956497
14708 100001 57415 62212
14728 1870 40954 41357
14693 100001 57415 78465
14727 10000 42316 43068
14729 900 40791 40727
14730 1100 40831 40912
14759 1870 20634 21075
14735 560 40737 40690
14734 180 40676 41042
10698 10000000 1717440 3212407
13468 1850000 350848 1046568
14736 1870 40954 41891
14737 1100 40831 40981
14733 10000 42316 45968
14738 1100 40831 41253
14739 1100 40831 40782
14732 10000 42316 48700
14742 900 40791 41030
14746 560 40737 40823
14266 1850000 350848 423023
14748 560 40737 40700
14750 560 40737 40591
14749 560 40737 40736
14781 1100 20511 20669
14753 180 40676 40467
14752 900 40791 40839
14691 100001 57415 97545
14751 1870 40954 41416
14754 1870 40954 41024
14755 180 40676 40698
14740 900 40791 49935
14720 560 40737 72982
14756 180 40676 40404
14757 900 40791 40932
14760 180 40676 40228
14758 10000 42316 43586
14762 560 40737 40839
14764 560 40737 40812
14763 1100 40831 41430
14765 560 40737 40697
14586 400000 107712 186191
14769 250 40687 40291
14767 3160 41176 41355
14768 1870 40954 40905
14771 1100 40831 40945
14743 1870 40954 61353
14772 1870 40954 41631
14774 1870 40954 41267
14775 900 40791 40722
14299 1850000 350848 418358
13627 1850000 350848 949589
14778 1870 40954 41403
14776 180 40676 42502
14780 250 40687 40806
14779 1100 40831 41010
14770 10000 42316 45509
14782 900 40791 40800
14818 180 20356 20406
14773 1100 40831 48529
14787 560 40737 40584
14788 1100 40831 41000
14789 560 40737 40817
14790 560 40737 40563
14784 10000 42316 44475
14745 100001 57415 69767
14791 180 40676 40747
14792 560 40737 41088
14793 900 40791 40930
14761 900 40791 63174
14795 250 40687 40481
14796 560 40737 40681
14797 900 40791 41022
14799 1870 40954 40996
14800 3160 41176 41740
14798 10000 42316 42882
14803 900 40791 41725
14804 900 40791 40688
14806 560 40737 40644
14805 560 40737 40928
14808 250 40687 40344
14809 900 40791 40830
14810 560 40737 40786
14807 1100 40831 42638
13911 1850000 350848 725159
12523 1850000 350848 1832795
14812 560 40737 40608
14811 900 40791 43131
14814 1100 40831 41025
14815 3160 41176 41566
14813 250 40687 43182
14817 900 40791 41031
14802 10000 42316 50236
14839 10000 21996 23985
14777 100001 57415 68598
14821 180 40676 40397
14820 1870 40954 41042
14824 180 40676 40588
14819 10000 42316 43810
14825 180 40676 40357
14823 900 40791 42609
14826 180 40676 40351
14827 900 40791 40761
14828 560 40737 40587
14830 180 40676 40879
14834 250 40687 40385
14837 560 40737 40708
14829 1100 40831 44675
14832 10000 42316 44364
14205 1850000 350848 528892
12888 1850000 350848 1557551
13983 1850000 350848 698885
14835 10000 42316 45616
14841 900 40791 40731
14843 180 40676 40780
14844 1870 40954 41235
14842 10000 42316 42679
14845 560 40737 40636
14846 560 40737 41015
14786 100001 57415 87675
14847 560 40737 40472
14849 900 40791 40695
14838 1870 40954 53909
14848 560 40737 42469
14783 100001 57415 95957
14851 1100 40831 41232
14850 1100 40831 41580
14852 3160 41176 41316
14856 1100 40831 40948
14857 900 40791 40892
14855 1870 40954 41361
14860 900 40791 40688
14858 1100 40831 41340
14862 560 40737 40615
14859 3160 41176 41536
14861 900 40791 41015
14863 1870 40954 41056
14864 3160 41176 41925
14866 250 40687 40372
14688 400000 107712 187068
14867 1870 40954 41069
14869 900 40791 41076
14870 560 40737 40475
14894 560 20417 20480
14871 900 40791 40829
14873 180 40676 40602
14872 560 40737 42660
14840 100001 57415 71342
14831 100001 57415 78036
14875 900 40791 40688
14877 560 40737 40917
14876 1870 40954 41174
14879 1870 40954 41021
14882 560 40737 40651
14883 900 40791 40688
14878 1870 40954 44171
14881 3160 41176 41725
14888 1870 40954 41445
14880 10000 42316 47375
14853 100001 57415 67997
14891 180 40676 40228
14890 560 40737 40775
14892 1870 40954 41255
14895 900 40791 40688
14893 3160 41176 41910
11405 10000000 1717440 2810366
14898 560 40737 40707
14886 1870 40954 54344
14889 1870 40954 50117
14922 900 20471 20344
14902 250 40687 40525
14899 900 40791 46557
10899 10000000 1717440 3191976
14907 560 40737 40684
14908 1100 40831 40796
14935 560 20417 20547
14909 900 40791 41074
14911 900 40791 40735
14906 10000 42316 45928
14910 560 40737 43359
14914 1100 40831 41388
14917 180 40676 40365
14082 1850000 350848 695198
14919 1100 40831 41063
14915 10000 42316 44080
14916 10000 42316 42471
14885 100001 57415 72608
14912 10000 42316 47613
14091 1850000 350848 691212
14918 900 40791 44328
14921 180 40676 40838
14920 10000 42316 44942
14924 180 40676 40617
14958 10000 21996 22413
14925 1100 40831 40924
14926 560 40737 40485
14927 560 40737 40638
14905 10000 42316 58225
14931 250 40687 40569
14930 1870 40954 41317
14933 560 40737 40681
14934 560 40737 40556
14970 10000 21996 22081
14937 560 40737 40787
14939 900 40791 40688
14940 1100 40831 40794
14928 10000 42316 50848
14932 100001 37095 48290
14936 900 40791 43867
14943 1100 40831 41133
14945 900 40791 40701
14942 1100 40831 42647
14947 900 40791 41047
14938 180 40676 45796
14949 900 40791 40992
14946 10000 42316 42849
14951 560 40737 40602
14950 1100 40831 41391
14953 900 40791 40688
14952 560 40737 41105
14957 250 40687 40450
14941 10000 42316 47461
14956 1870 40954 41217
14913 1100 40831 69780
14900 100001 57415 83737
14960 3160 41176 42050
14904 100001 57415 79423
14901 100001 57415 82902
14962 1100 40831 41005
14948 180 40676 48806
14965 900 40791 40776
14966 180 40676 41015
14963 180 40676 42608
14944 1870 40954 53860
14971 180 40676 41646
14972 180 40676 40228
14967 560 40737 44383
14968 900 40791 44675
14969 180 40676 44093
14974 1870 40954 41367
14923 100001 57415 73028
14976 560 40737 40805
14977 560 40737 40925
14766 400000 107712 202727
14981 10000 42316 43972
14980 900 40791 44753
14982 900 40791 44415
14131 1850000 350848 710543
14983 250 40687 43636
14986 10000 42316 42589
14988 900 40791 40806
14990 560 40737 41195
14994 900 40791 40796
14993 10000 42316 43115
14997 180 40676 40308
14999 180 40676 40645
14989 10000 42316 47859
15000 900 40791 40990
15004 250 40687 40482
14992 10000 42316 47857
15003 900 40791 40807
14973 100001 57415 61166
15008 180 40676 40326
14987 1100 40831 51813
15010 1870 40954 41871
15013 250 40687 40345
15005 560 40737 43299
15037 560 20417 20236
14185 1850000 350848 676689
14964 100001 57415 74193
15016 900 40791 40819
15041 1870 20634 20877
15049 180 20356 20114
15019 900 40791 41146
15020 180 40676 40498
15021 560 40737 40753
15022 560 40737 40649
15023 560 40737 40496
14998 10000 42316 57195
15007 10000 42316 55709
15027 250 40687 40475
15029 900 40791 41287
14833 400000 107712 190680
15033 900 40791 40725
15031 560 40737 42008
15035 560 40737 40939
15032 3160 41176 41918
15034 1100 40831 41427
15018 250 40687 52708
15024 560 40737 48040
15006 100001 57415 62975
15025 3160 41176 49958
15030 10000 42316 46880
15039 900 40791 40937
15056 560 20417 26464
14995 100001 57415 75445
15044 1100 40831 41837
15045 1870 40954 42259
15050 1100 40831 41349
15071 180 20356 20234
15052 560 40737 40809
15040 3160 41176 49181
15017 100001 57415 67001
15042 180 40676 47884
13781 1850000 350848 1016891
15054 560 40737 44520
15055 900 40791 40884
15057 900 40791 40747
15009 100001 57415 83291
15059 900 40791 40782
15060 1100 40831 41067
15061 1870 40954 41755
15064 560 40737 40718
15063 10000 42316 42318
15048 180 40676 60065
15066 250 40687 40686
15067 560 40737 40483
15068 560 40737 40523
15058 10000 42316 48393
15062 180 40676 46913
15069 180 40676 40280
15070 1100 40831 40994
15077 180 40676 40776
15051 100001 57415 66710
15078 900 40791 40933
15081 560 40737 40806
15080 900 40791 41127
15074 1100 40831 46541
15083 180 40676 40296
15085 180 40676 40228
13679 1850000 350848 1135400
15086 1100 40831 41176
15084 10000 42316 42346
15087 250 40687 40914
15114 1100 20511 20446
15090 560 40737 40673
15043 100001 57415 78289
15089 10000 42316 42855
15076 250 40687 51377
15094 900 40791 40777
15072 560 40737 58952
15073 1100 40831 59302
15099 1100 40831 40828
15121 560 20417 26525
15102 900 40791 41004
15100 10000 42316 42688
14519 1850000 350848 495073
15105 180 40676 41411
15101 10000 42316 46328
15107 560 40737 40709
15104 560 40737 45070
15108 560 40737 40605
12711 10000000 1697120 1913453
15110 1100 40831 40846
15109 3160 41176 41509
15111 900 40791 40796
14887 400000 107712 211963
15112 900 40791 40740
15075 100001 57415 72107
14896 400000 107712 203931
15113 900 40791 41035
15118 180 40676 40256
15120 560 40737 41007
15122 560 40737 40576
15117 10000 42316 44063
15123 3160 41176 41464
15091 1870 40954 65798
15127 900 40791 40809
15125 1870 40954 41544
15130 1100 40831 41103
15149 900 20471 20586
15088 100001 57415 73810
15131 560 40737 40989
14854 400000 107712 249681
15134 560 40737 40821
15154 250 20367 20196
15116 250 40687 55166
15128 900 40791 51031
15093 100001 57415 76441
15138 560 40737 40637
15137 560 40737 41074
15136 10000 42316 43744
15129 10000 42316 51461
15092 100001 57415 79517
15139 1870 40954 41219
13161 1850000 350848 1602986
13821 1850000 350848 1061553
15143 250 40687 40455
15095 100001 57415 83663
15142 560 40737 42110
15140 1100 40831 45961
15145 900 40791 41118
15146 560 40737 40472
15135 1870 40954 57990
15001 400000 107712 161300
14954 400000 107712 192899
15152 900 40791 40895
15147 560 40737 44683
15151 10000 42316 43188
15155 250 40687 40312
15148 1870 40954 47604
15153 560 40737 44708
15157 560 40737 40593
15156 1870 40954 41091
15133 900 40791 68125
15126 100001 57415 74383
14432 1850000 350848 609867
15161 560 40737 40920
15141 100001 57415 59395
15144 560 40737 56611
15162 1870 40954 41196
14184 1850000 350848 800783
15164 560 40737 40927
13918 1850000 350848 1002143
15170 180 40676 40387
15159 560 40737 46301
15167 1100 40831 41676
15165 3160 41176 41983
15163 900 40791 42464
15011 400000 107712 170452
15166 900 40791 42855
15168 1100 40831 42429
13994 1850000 350848 944581
15173 3160 41176 41662
14929 400000 107712 221689
15175 1870 40954 41326
15177 180 40676 40793
15181 250 40687 40317
15182 900 40791 40969
14322 1850000 350848 709020
15184 3160 41176 41863
15179 1100 40831 43137
15187 1100 40831 40876
15185 10000 42316 43884
15189 3160 41176 41832
15172 250 40687 50041
15174 3160 41176 48631
15188 1870 40954 42755
15191 900 40791 41038
15192 1870 40954 41042
14955 400000 107712 215608
15218 3160 20856 20792
15186 1870 40954 46324
15193 560 40737 43007
15196 180 40676 40339
15194 560 40737 44417
15197 560 40737 44359
15202 180 40676 40399
15201 1870 40954 41187
15205 180 40676 40358
15204 900 40791 40970
15207 250 40687 40571
15200 10000 42316 43865
15171 100001 57415 62730
15208 560 40737 41037
15209 900 40791 40859
14183 1850000 350848 829086
15210 1100 40831 41232
15211 3160 41176 41904
15213 560 40737 40620
15215 900 40791 40699
14423 1850000 350848 649661
15216 560 40737 40705
15217 560 40737 41568
15219 180 40676 40228
15199 560 40737 54947
15220 180 40676 40422
15214 1870 40954 46989
15222 560 40737 40703
15243 10000 21996 21942
15225 250 40687 40649
15221 900 40791 45111
15178 100001 57415 78504
15228 560 40737 40473
15227 560 40737 42865
15230 560 40737 40730
15158 100001 57415 92352
15232 560 40737 40532
15229 10000 42316 43405
15234 180 40676 40434
15226 10000 42316 48774
15223 250 40687 53780
15235 560 40737 40874
15237 1870 40954 41079
15238 1870 40954 41440
15206 100001 57415 70318
15198 100001 57415 74934
15241 560 40737 42319
15239 3160 41176 42929
15053 400000 107712 193665
15240 3160 41176 46016
13503 1850000 350848 1411843
15231 180 40676 54505
15253 180 40676 40397
15248 900 40791 42798
15247 1870 40954 44055
15276 560 20417 20270
15254 560 40737 40579
15245 180 40676 46070
15249 10000 42316 45476
15251 10000 42316 44630
15256 250 40687 40360
15261 560 40737 40779
15257 560 40737 43096
15195 100001 57415 95667
15255 250 40687 46350
15258 180 40676 44463
15263 250 40687 40339
15268 250 40687 40274
15267 900 40791 40851
15266 1870 40954 41345
15265 10000 42316 44258
15270 1100 40831 41069
15272 560 40737 40813
15274 900 40791 40891
15280 3160 41176 41439
15278 180 40676 42856
15281 900 40791 40971
15286 180 40676 40367
15282 3160 41176 41791
15180 100001 57415 121793
15285 900 40791 41032
15287 900 40791 40900
15283 560 40737 42497
15291 1100 40831 40907
15269 560 40737 54319
15103 400000 107712 182502
15290 10000 42316 44163
15289 10000 42316 44848
15292 180 40676 40228
15295 180 40676 40277
15323 10000 21996 25345
15298 250 40687 40726
15297 900 40791 41013
15302 180 40676 40288
15301 1870 40954 41159
15124 400000 107712 177433
15224 100001 57415 102760
15271 10000 42316 63935
15305 1870 40954 41180
15304 180 40676 41350
15183 400000 107712 136004
15296 10000 42316 46431
15308 560 40737 40479
15262 100001 57415 74669
15303 10000 42316 46386
15309 900 40791 42335
15312 900 40791 41510
15306 1870 40954 45664
15310 10000 42316 43737
15316 180 40676 40228
15315 560 40737 40712
15318 560 40737 40518
15307 560 40737 45982
15319 560 40737 40910
12792 1850000 350848 2001699
15314 10000 42316 43979
15317 10000 42316 44101
15320 1870 40954 41116
15321 900 40791 41376
15324 900 40791 40780
15325 180 40676 41289
15311 10000 42316 49445
15328 560 40737 40713
15294 1870 40954 66211
15331 10000 42316 43314
15273 100001 57415 83449
15327 900 40791 49276
15336 180 40676 40342
15334 900 40791 43639
15342 180 40676 40481
15330 560 40737 50898
15264 100001 57415 95941
15343 900 40791 40698
15340 1100 40831 44049
15339 560 40737 46169
15346 3160 41176 42016
15348 900 40791 40777
15344 10000 42316 43935
15329 100001 57415 58536
15351 1870 40954 41609
15353 900 40791 42066
15356 900 40791 41431
15358 180 40676 40233
15337 180 40676 56003
15322 1870 40954 68404
15357 10000 42316 43788
15361 900 40791 41031
15359 10000 42316 42844
15364 1870 40954 41082
15355 180 40676 47894
15365 180 40676 40521
15367 1100 40831 41032
15368 1870 40954 41327
15360 900 40791 48044
15370 900 40791 40847
13411 1850000 350848 1571124
15363 560 40737 49766
14404 1850000 350848 781681
15372 560 40737 40635
15373 3160 41176 41766
15350 1100 40831 59431
15374 1870 40954 41318
15345 100001 57415 65680
15376 900 40791 41173
14731 1850000 350848 530012
15380 180 40676 40337
15378 1870 40954 41211
15410 900 20471 20667
15379 3160 41176 41401
15382 900 40791 41213
15388 900 40791 40795
15313 100001 57415 94826
15384 560 40737 44054
15390 1870 40954 41170
15391 900 40791 41040
15393 560 40737 40726
15383 1870 40954 44846
15386 10000 42316 43014
15392 3160 41176 41704
15387 560 40737 43103
15395 180 40676 40519
15377 900 40791 51855
15398 900 40791 40992
15397 1870 40954 41617
15385 250 40687 49254
15366 100001 57415 64290
15399 900 40791 40688
15369 900 40791 62110
15400 1870 40954 41381
15338 100001 57415 86951
15404 1870 40954 41297
15405 560 40737 41465
15403 560 40737 42504
15406 900 40791 40769
15409 560 40737 40517
15176 400000 107712 211740
15407 900 40791 41172
15401 180 40676 44097
15354 100001 57415 80839
15389 560 40737 57917
15402 10000 42316 45884
15371 100001 57415 67697
15412 1870 40954 40988
15413 560 40737 40754
15415 560 40737 40902
15414 900 40791 42145
15416 250 40687 42271
14903 1850000 350848 425180
15284 400000 107712 139911
15394 100001 57415 64520
15423 560 40737 40584
15396 100001 57415 65838
15421 560 40737 43648
14590 1850000 350848 678049
15352 100001 57415 98456
15426 560 40737 43068
15431 560 40737 40627
15433 560 40737 40770
15427 10000 42316 44918
15432 1870 40954 40976
15430 3160 41176 41716
15381 100001 57415 81808
15438 560 40737 40736
15437 1870 40954 42140
15434 10000 42316 43954
15428 1870 40954 48175
15436 10000 42316 43522
14714 1850000 350848 596779
15468 560 20417 20304
15440 10000 42316 42840
15441 1870 40954 41551
15442 900 40791 42073
15349 100001 57415 113393
15443 560 40737 40557
15417 100001 57415 65126
15444 3160 41176 41154
15447 560 40737 40769
15450 1100 40831 40912
14333 1850000 350848 907456
14469 1850000 350848 792745
15454 560 40737 40536
15451 560 40737 41551
15408 100001 57415 78310
15448 10000 42316 45192
15469 180 20356 30454
15419 100001 57415 70408
15483 560 20417 20301
15475 10000 21996 27707
15425 900 40791 66895
15458 900 40791 41314
15456 1870 40954 42024
15457 180 40676 42063
15420 100001 57415 71721
14785 1850000 350848 552763
15418 100001 57415 76279
15460 560 40737 40888
15461 10000 42316 43744
15463 560 40737 40632
15464 1100 40831 40889
15467 1870 40954 42385
15466 10000 42316 43362
15465 10000 42316 43689
15244 400000 107712 209458
14348 1850000 350848 907966
15462 560 40737 48077
15471 560 40737 40563
15472 900 40791 40688
15470 3160 41176 43275
15473 180 40676 40503
15477 180 40676 40378
15476 560 40737 40752
15478 560 40737 40720
15479 250 40687 40498
15480 900 40791 40768
15452 100001 57415 60612
15482 1870 40954 41628
15484 1100 40831 40979
15486 900 40791 41028
15449 100001 57415 68729
15481 10000 42316 44879
15489 560 40737 40686
15490 560 40737 40782
15439 100001 57415 79555
15485 900 40791 43314
15491 1100 40831 40817
15487 560 40737 43513
15493 560 40737 40640
15492 3160 41176 41702
15496 250 40687 40633
15500 560 40737 40472
15498 900 40791 40818
15501 250 40687 40419
15494 10000 42316 43504
15502 560 40737 40936
15504 180 40676 40374
15505 3160 41176 41656
15506 560 40737 40632
15508 250 40687 40504
15499 10000 42316 46558
15510 1100 40831 40782
15509 560 40737 43128
15536 900 20471 20510
15515 180 40676 40366
15514 1870 40954 41259
15347 100001 57415 164883
15511 10000 42316 44422
15516 560 40737 41412
15518 1870 40954 40979
15279 400000 107712 213901
15507 250 40687 49421
15520 180 40676 40533
15519 900 40791 40822
15341 400000 107712 174093
15488 100001 57415 62226
15523 560 40737 40634
15525 180 40676 40550
15524 900 40791 40828
15526 10000 42316 43087
15528 900 40791 40926
15459 100001 57415 92767
15535 180 40676 40432
15534 900 40791 41109
15554 10000 21996 28137
13068 10000000 1717440 1969311
15532 10000 42316 44640
15538 900 40791 41456
15572 560 20417 20424
15540 250 40687 40588
15539 1100 40831 41200
15543 250 40687 40390
15512 100001 57415 64708
15541 3160 41176 41811
15527 100001 37095 54035
15546 560 40737 40472
15513 100001 57415 67183
15549 900 40791 40872
15545 250 40687 44194
15551 900 40791 40977
15544 10000 42316 44837
15550 1870 40954 41300
15548 10000 42316 44064
15553 900 40791 41088
15555 560 40737 40868
15559 560 40737 40635
15564 560 40737 40472
15557 900 40791 43285
15560 3160 41176 42739
15533 100001 57415 59781
15569 900 40791 40819
15570 900 40791 40830
15571 1870 40954 40983
15573 560 40737 41000
15333 400000 107712 216479
15542 100001 37095 62988
15575 560 40737 40894
15577 180 40676 40316
15563 3160 41176 51949
15028 1850000 350848 456012
15579 900 40791 41041
15580 180 40676 40456
15522 100001 57415 82756
15567 10000 42316 54912
15503 100001 57415 100541
15584 1870 40954 41420
15586 1100 40831 41260
15517 100001 57415 92971
15585 560 40737 43398
15576 10000 42316 50305
15590 560 40737 40672
15591 900 40791 40711
15592 1100 40831 41138
15594 560 40737 40698
15617 560 20417 20419
15424 400000 107712 165284
15596 250 40687 40870
13716 1850000 350848 1490588
15582 1870 40954 55766
15593 10000 42316 45600
15530 100001 57415 89441
15565 100001 57415 71221
15598 1100 40831 41079
14256 1850000 350848 1068559
15600 180 40676 43167
15597 10000 42316 45651
15599 3160 41176 45615
15601 3160 41176 41603
15602 3160 41176 42126
15605 900 40791 40757
15608 180 40676 40228
15607 560 40737 40808
15606 10000 42316 43301
15611 560 40737 40720
15612 560 40737 40770
15610 1870 40954 41585
15614 180 40676 40228
15595 10000 42316 57535
15616 180 40676 40716
15615 560 40737 41034
15613 3160 41176 43386
15618 1870 40954 41882
15620 1100 40831 41832
15621 560 40737 40748
14627 1850000 350848 796374
13606 1850000 350848 1606085
15626 560 40737 40749
15558 100001 57415 97684
15628 560 40737 40631
15630 1870 40954 41520
15632 900 40791 40790
15631 900 40791 41077
15635 560 40737 40760
15634 1870 40954 41437
15636 250 40687 40794
15639 900 40791 40999
15642 180 40676 40613
15623 1870 40954 54014
15641 1100 40831 40863
15640 3160 41176 41988
15645 1100 40831 40941
15624 560 40737 55546
15646 1100 40831 42571
15649 250 40687 40508
15633 180 40676 49776
15651 3160 41176 41856
15652 1870 40954 41165
15589 100001 57415 93236
15654 1100 40831 40984
15653 900 40791 41229
15474 400000 107712 181198
15422 400000 107712 222468
15647 10000 42316 52568
15657 560 40737 40749
15656 1870 40954 41118
15659 1870 40954 40917
15658 250 40687 43152
15661 900 40791 40826
15627 560 40737 71412
15663 560 40737 42519
15622 100001 57415 80281
15667 560 40737 40839
15643 100001 57415 67040
15664 900 40791 45137
15668 900 40791 40890
15666 10000 42316 44579
15698 900 20471 20511
15671 560 40737 40724
15670 180 40676 41538
15662 1100 40831 52174
15676 1870 40954 41096
15673 10000 42316 43716
15660 560 40737 58840
15619 1870 40954 97685
15679 250 40687 40650
15678 560 40737 40867
15681 250 40687 40389
15680 560 40737 41306
15625 180 40676 91895
15682 560 40737 40666
15683 560 40737 40746
15638 100001 57415 83714
15684 1870 40954 41213
15685 3160 41176 41622
15686 1100 40831 40946
15689 560 40737 40472
15687 560 40737 40798
15669 180 40676 56619
15690 900 40791 40704
15691 1100 40831 41096
15692 900 40791 40688
15695 560 40737 40548
15696 900 40791 40838
15721 1870 20634 20603
15694 10000 42316 44449
15701 180 40676 40228
15700 1870 40954 41463
15702 560 40737 40698
15704 1870 40954 41450
15706 180 40676 40376
15703 10000 42316 44029
15707 900 40791 40916
15708 560 40737 40807
15699 1870 40954 49001
15711 3160 41176 41168
15712 1100 40831 41063
15713 180 40676 40398
15714 180 40676 40915
14278 1850000 350848 1157464
15716 560 40737 40634
15717 1870 40954 41199
15718 560 40737 41008
15745 900 20471 20344
15724 100001 37095 37616
15723 180 40676 40622
15722 3160 41176 41694
15604 400000 87392 142246
15720 10000 42316 43494
15725 900 40791 40784
15727 900 40791 40746
15726 1100 40831 41091
15644 100001 57415 116449
15719 560 40737 47300
15729 560 40737 40556
15731 250 40687 40378
15411 400000 107712 295246
15730 900 40791 41254
15735 900 40791 40973
15765 180 20356 20234
15738 250 40687 40356
15693 100001 57415 78129
14991 1850000 350848 619615
15734 1870 40954 46073
15737 1870 40954 41600
15739 1870 40954 41160
15740 560 40737 40855
15741 900 40791 41147
15736 10000 42316 48317
15705 100001 57415 75129
15709 10000 42316 67750
15743 1100 40831 41373
15744 1100 40831 41204
15748 1870 40954 40905
15750 1100 40831 40949
15749 1870 40954 41650
15779 250 20367 20136
15752 180 40676 40376
15771 10000 21996 27190
15097 1850000 350848 550599
15756 560 40737 40595
15755 1870 40954 41398
15556 400000 107712 207145
15746 10000 42316 47090
15757 1870 40954 42148
15747 10000 42316 47010
15758 1100 40831 41092
15566 400000 107712 205766
15760 900 40791 40740
15761 180 40676 40765
15762 180 40676 40854
15759 1100 40831 41547
15763 1100 40831 40993
15751 900 40791 52850
14645 1850000 350848 907658
15766 1870 40954 41323
15770 900 40791 40841
15772 560 40737 40658
15774 900 40791 41346
15808 560 20417 20575
15769 1870 40954 44768
15764 10000 42316 50749
15773 3160 41176 42263
15775 1870 40954 41524
15778 1100 40831 40945
15780 3160 41176 41405
15782 900 40791 40776
15098 1850000 330528 569930
15783 560 40737 41215
15781 560 40737 41771
15813 560 20417 20687
14685 1850000 350848 894750
15784 3160 41176 41743
15777 180 40676 47020
15788 560 40737 40520
15786 1870 40954 41519
15789 560 40737 40623
15790 900 40791 40700
15791 250 40687 40574
15794 560 40737 40573
15792 900 40791 40990
13718 1850000 350848 1652431
15797 560 40737 40472
11528 10000000 1717440 3393380
15799 560 40737 40707
15798 1870 40954 41115
15802 1870 40954 41540
15795 10000 42316 46171
15805 180 40676 40422
15801 10000 42316 44645
15806 1870 40954 40905
15804 900 40791 42644
15800 1100 40831 47282
15809 250 40687 40721
15810 560 40737 41234
15811 1870 40954 41722
15807 560 40737 44969
15767 10000 42316 70278
15038 1850000 330528 637292
15814 1870 40954 41277
15787 100001 57415 59481
15815 900 40791 41032
15816 560 40737 40673
15817 560 40737 40824
15820 1870 40954 41055
15821 180 40676 40825
15818 1100 40831 43664
15822 560 40737 40714
15824 1870 40954 41728
15826 1870 40954 41403
15829 180 40676 40730
15828 900 40791 41214
15827 3160 41176 41742
15830 1100 40831 41016
15847 1870 20634 22466
15823 10000 42316 45294
15825 10000 42316 47890
15832 560 40737 40945
15833 900 40791 40948
15834 900 40791 40976
15831 900 40791 42906
15119 1850000 350848 591195
14598 1850000 350848 992667
15835 560 40737 44221
15836 10000 42316 42721
15837 1870 40954 41109
15838 180 40676 40392
15839 10000 42316 43384
14816 1850000 350848 834925
15840 1870 40954 41277
14659 1850000 350848 958740
15841 900 40791 40996
15844 560 40737 40537
15845 180 40676 40228
15842 1100 40831 41299
15846 1870 40954 41188
15848 250 40687 40420
15849 1100 40831 41267
15803 100001 57415 83338
15853 180 40676 40588
15851 10000 42316 44595
15850 1870 40954 45070
14868 1850000 330528 799283
15852 10000 42316 43489
15855 900 40791 40822
15857 900 40791 41063
15856 3160 41176 41802
15859 560 40737 40743
15858 560 40737 40880
15861 1870 40954 41019
15843 560 40737 54675
15864 1870 40954 41246
15863 3160 41176 41873
15902 3160 20856 21762
15865 1870 40954 41037
15867 560 40737 40678
15869 180 40676 40378
15868 560 40737 41045
15870 1870 40954 41939
15650 400000 107712 223079
15872 900 40791 40838
15876 180 40676 40398
15874 900 40791 40913
15873 1870 40954 41092
15877 900 40791 40733
15880 560 40737 40472
15881 1870 40954 41534
15882 1870 40954 41225
10853 10000000 1717440 3964601
15866 1870 40954 50172
15886 900 40791 40811
15887 560 40737 40893
14192 1850000 350848 1345598
15889 1870 40954 41231
15899 100001 37095 38783
15894 180 40676 40539
15893 560 40737 40721
15871 900 40791 50750
15896 560 40737 40725
15895 560 40737 40765
15897 560 40737 40697
15890 1100 40831 43255
15892 10000 42316 43359
15898 1100 40831 41245
15888 10000 42316 46014
15901 560 40737 40768
15891 250 40687 45403
15903 180 40676 40655
15904 560 40737 40688
15906 250 40687 40510
15905 1870 40954 41223
15908 180 40676 40557
15907 1100 40831 40902
15909 1100 40831 41105
15911 1870 40954 41233
15915 1870 40954 41021
15860 100001 57415 70803
15914 10000 42316 43485
15862 100001 57415 71275
15923 180 40676 41134
15919 3160 41176 41682
15917 10000 42316 44445
15925 900 40791 41238
15928 250 40687 40409
15732 400000 107712 177709
15927 560 40737 40770
15931 560 40737 40650
15929 1870 40954 41107
15910 10000 42316 50658
15900 100001 57415 59434
15926 10000 42316 44019
15933 250 40687 40901
15934 1870 40954 41191
15878 100001 57415 72786
15938 560 40737 40578
15930 1870 40954 48011
15959 900 20471 24428
15937 3160 41176 41964
15935 560 40737 43565
15941 3160 41176 41992
15943 560 40737 40472
15932 10000 42316 52142
15944 560 40737 40495
15940 10000 42316 45242
15883 100001 57415 77389
15945 180 40676 40656
15884 100001 57415 76665
15946 560 40737 40692
15947 250 40687 40576
15948 180 40676 40228
15949 1870 40954 41137
15950 1870 40954 41346
15955 900 40791 40854
15939 560 40737 55687
15958 900 40791 40911
15960 180 40676 40534
15953 250 40687 47805
15963 180 40676 40860
15951 1870 40954 50524
15965 1870 40954 41313
15961 10000 42316 43863
15962 1870 40954 43766
15952 560 40737 54109
15964 100001 37095 46410
15968 900 40791 41276
15966 10000 42316 44353
15970 1870 40954 41200
15967 10000 42316 43579
15916 100001 57415 79842
15971 1870 40954 41098
15918 100001 57415 81570
15921 100001 57415 83375
15992 1870 20634 21189
15973 560 40737 40588
15922 100001 57415 87605
15974 1870 40954 41872
15976 560 40737 40950
15977 1870 40954 41089
15980 1870 40954 41178
15983 900 40791 40844
11394 10000000 1717440 3643487
15985 250 40687 40709
15975 900 40791 48674
15981 250 40687 43655
15982 10000 42316 43808
15987 1870 40954 41279
15986 3160 41176 41566
15988 900 40791 40756
15978 560 40737 48601
15989 900 40791 40688
15969 100001 57415 67732
15990 1100 40831 40891
15994 560 40737 40970
15984 10000 42316 51565
15995 560 40737 40487
15997 180 40676 40361
15996 560 40737 41149
15998 1870 40954 41190
16000 560 40737 40807
16002 900 40791 40813
16003 180 40676 40330
16004 180 40676 40301
16005 180 40676 40432
16001 10000 42316 42940
16006 560 40737 40472
16007 250 40687 40294
14658 1850000 350848 1082185
10828 10000000 1717440 4078528
16009 1100 40831 40971
16010 560 40737 40775
15796 400000 107712 205335
16012 250 40687 40583
16045 250 20367 20400
16013 560 40737 40787
11311 10000000 1717440 3739124
15999 900 40791 50571
16015 250 40687 40430
16016 560 40737 41153
16014 10000 42316 42406
16017 900 40791 40783
16048 1100 20511 20790
14979 1850000 350848 839258
16018 560 40737 41018
16024 180 40676 40408
16021 1100 40831 41245
16023 900 40791 41027
16027 180 40676 40228
16025 180 40676 40574
16028 900 40791 40767
16029 560 40737 40720
16031 1100 40831 41396
16034 1100 40831 41291
16037 250 40687 40925
16039 250 40687 40609
16038 1100 40831 41549
16026 1100 40831 50468
16035 10000 42316 42618
16036 560 40737 43852
16043 900 40791 40688
16042 1870 40954 41570
16040 900 40791 42804
15991 100001 57415 78458
16046 900 40791 41377
16049 1870 40954 41437
16051 560 40737 40713
15819 400000 107712 218330
16053 250 40687 40272
16030 10000 42316 57186
16054 560 40737 40892
16052 1870 40954 41248
15583 1850000 350848 413129
16055 1870 40954 41203
16059 1870 40954 41037
16063 900 40791 40899
16064 560 40737 40723
16047 10000 42316 50685
16062 560 40737 41933
16065 3160 41176 42566
16073 180 40676 40786
16066 560 40737 43038
16074 900 40791 41472
16068 1870 40954 43212
16075 1870 40954 41037
16076 900 40791 40938
16072 180 40676 42486
16022 100001 57415 72259
16078 1100 40831 41022
16079 180 40676 41464
16081 560 40737 40751
16071 10000 42316 47585
16082 250 40687 40286
10465 10000000 1717440 4391719
16083 250 40687 40594
16084 180 40676 40433
16085 560 40737 40922
16087 560 40737 40578
16011 100001 57415 89900
16070 1100 40831 53691
16041 100001 57415 71266
15885 400000 107712 189048
16077 180 40676 53267
16090 3160 41176 41656
16091 900 40791 40750
16086 1870 40954 46908
16092 180 40676 40456
16089 1870 40954 44146
16088 900 40791 44776
16093 1870 40954 41272
16095 1870 40954 41369
16096 250 40687 40608
16098 900 40791 40770
16094 3160 41176 42414
15455 1850000 330528 531887
16100 180 40676 40289
15879 400000 107712 204012
16103 560 40737 40589
16102 1100 40831 41320
16138 10000 21996 22012
16097 1870 40954 45790
16105 900 40791 40769
15002 1850000 350848 882294
16104 1870 40954 41488
16106 560 40737 40472
16109 560 40737 40793
16111 560 40737 40532
16057 100001 57415 77238
16113 1870 40954 41163
16114 1870 40954 41243
16121 180 40676 40397
16112 10000 42316 43643
16123 560 40737 40913
16118 180 40676 41982
16125 560 40737 40722
16122 3160 41176 41516
16119 180 40676 42669
16129 1100 40831 41128
16124 1100 40831 43422
16131 560 40737 42229
16127 10000 42316 43088
16133 250 40687 40564
16128 560 40737 44455
16080 100001 57415 76857
16134 10000 42316 42989
15299 1850000 350848 669119
16108 1100 40831 55285
16136 560 40737 40755
16130 10000 42316 49296
16164 3160 20856 21841
11735 10000000 1717440 3471408
16116 1870 40954 55462
16139 560 40737 40800
15362 1850000 350848 630386
16137 10000 42316 44308
16143 560 40737 40570
16144 1870 40954 41165
16145 180 40676 40639
16107 560 40737 63501
16140 1100 40831 45339
16110 100001 57415 63470
16146 10000 42316 43190
16150 900 40791 40722
16154 560 40737 40634
16148 10000 42316 44441
16156 180 40676 40400
16142 10000 42316 49572
16151 10000 42316 44640
15326 1850000 350848 668634
16157 900 40791 41015
16159 180 40676 40569
14978 1850000 350848 931233
16158 3160 41176 41835
16153 10000 42316 45969
16147 900 40791 50269
16161 900 40791 40688
16163 1100 40831 41211
14884 1850000 350848 1005520
16165 1100 40831 40931
16168 3160 41176 41342
16169 1100 40831 41348
16170 1870 40954 41608
15150 1850000 350848 805790
16171 1870 40954 41217
16172 900 40791 41013
16173 1870 40954 41316
16160 10000 42316 52470
16149 100001 57415 60014
11084 10000000 1717440 4010127
15082 1850000 350848 869105
16101 100001 57415 92738
16175 1100 40831 41190
16176 1100 40831 40919
16174 10000 42316 44650
16198 1870 20634 20938
16178 180 40676 40633
15065 1850000 350848 888603
16179 560 40737 40648
16167 100001 57415 58992
16180 250 40687 40287
16117 100001 57415 93265
16181 3160 41176 41154
16183 250 40687 40272
16182 900 40791 42855
16184 10000 42316 43143
16141 100001 57415 86545
16188 1100 40831 40891
16190 250 40687 40635
16187 10000 42316 43398
15920 400000 107712 251640
16191 1100 40831 41228
16193 1100 40831 40887
16196 560 40737 40752
16197 900 40791 40811
16195 900 40791 42478
16201 1870 40954 41143
16200 560 40737 43206
16207 250 40687 40376
16206 900 40791 41087
16208 560 40737 40694
15936 400000 107712 253762
16205 3160 41176 42922
16209 1100 40831 41490
16203 10000 42316 45528
16214 560 40737 41015
15046 1850000 350848 935988
16213 250 40687 41325
16212 180 40676 42624
16215 900 40791 41751
16202 3160 41176 51004
16217 1870 40954 41454
16194 10000 42316 56293
16218 560 40737 40701
16219 560 40737 40534
16223 1870 40954 41685
16226 1870 40954 41708
16227 560 40737 41055
16199 100001 57415 64261
16216 560 40737 53672
16231 180 40676 40369
16232 1100 40831 40980
16233 1100 40831 41625
16237 1100 40831 41027
16236 560 40737 41632
16241 560 40737 40472
16238 250 40687 41076
16235 1100 40831 45187
16245 180 40676 40401
16239 1870 40954 42540
16244 900 40791 41288
16247 560 40737 40774
16249 180 40676 40453
16250 560 40737 40595
16248 900 40791 40850
16254 180 40676 40228
16251 10000 42316 44250
16252 10000 42316 42852
16257 3160 41176 41675
16259 1100 40831 40943
16260 3160 41176 41641
15014 1850000 350848 994343
16258 10000 42316 44756
16262 250 40687 40279
16253 900 40791 47782
16261 3160 41176 41524
16265 180 40676 40390
16266 250 40687 40470
16263 1870 40954 41858
16267 1100 40831 40880
15212 1850000 350848 848651
16186 100001 57415 101307
16268 1870 40954 41486
16264 900 40791 46073
16269 900 40791 41051
16270 1100 40831 40889
16273 900 40791 41061
16271 900 40791 43050
16276 1100 40831 40889
16279 180 40676 40228
16281 180 40676 40416
16224 560 40737 81044
16284 900 40791 40776
16242 100001 57415 69007
16285 250 40687 40855
16286 250 40687 40743
16288 180 40676 40767
16246 100001 57415 71043
16290 560 40737 40936
16324 180 20356 20342
15047 1850000 350848 993136
16295 180 40676 40571
16274 180 40676 55617
16293 1100 40831 43144
16120 400000 107712 180865
16297 1870 40954 41937
16272 900 40791 59120
12182 10000000 1717440 3256797
16305 900 40791 40754
16306 900 40791 40745
16304 3160 41176 41461
16303 10000 42316 43170
16296 10000 42316 48610
16310 180 40676 40280
16307 560 40737 40847
16275 100001 57415 64683
16166 400000 107712 158018
16292 900 40791 53317
16315 900 40791 41045
16314 900 40791 41468
16318 560 40737 41174
16313 560 40737 43240
16320 1870 40954 41444
16317 180 40676 43133
12049 10000000 1717440 3379452
16319 10000 42316 44376
16325 560 40737 40950
16327 560 40737 40551
16328 900 40791 40882
16323 10000 42316 45027
14583 1850000 350848 1366307
16331 900 40791 41230
16332 3160 41176 44293
16356 1870 20634 20698
16321 560 40737 55034
15697 1850000 330528 519876
16312 900 40791 59271
16334 10000 42316 44242
16300 100001 57415 69780
16338 180 40676 40575
16333 10000 42316 50334
16336 180 40676 45119
16340 560 40737 40770
16341 900 40791 40718
16343 180 40676 40442
16346 250 40687 40303
16345 3160 41176 41780
16349 1100 40831 42300
16353 560 40737 40507
16378 1100 20511 20406
16348 3160 41176 44230
16354 1870 40954 41567
16352 10000 42316 44519
16347 900 40791 47220
16350 560 40737 45533
15776 1850000 350848 474640
16355 1870 40954 42891
15675 1850000 350848 553051
16326 100001 57415 72306
16358 560 40737 40784
15521 1850000 330528 686830
16359 560 40737 40736
16360 1100 40831 41046
16362 250 40687 40593
15648 1850000 330528 590815
16366 900 40791 40880
16367 900 40791 40814
16364 10000 42316 43246
16368 900 40791 41031
16357 1870 40954 49724
16370 560 40737 40787
16365 10000 42316 44422
16371 900 40791 40688
16372 900 40791 40934
16374 900 40791 40706
16301 100001 57415 98190
16369 10000 42316 46094
16363 1100 40831 50362
16375 900 40791 40760
16330 100001 57415 84181
16373 10000 42316 45558
16379 1100 40831 41331
16380 1100 40831 40952
16382 3160 41176 41807
16377 10000 42316 44373
16335 180 40676 79045
16384 3160 41176 42224
16385 900 40791 41094
16387 1100 40831 41055
16388 180 40676 40255
16228 400000 107712 157254
16376 10000 42316 47954
16391 560 40737 40665
15587 1850000 350848 660612
16386 1100 40831 46163
16390 10000 42316 43189
16393 560 40737 40794
16389 10000 42316 44876
16289 100001 57415 121391
16417 180 20356 20211
16394 560 40737 41405
16189 400000 107712 195176
16395 180 40676 40422
16421 1100 20511 20406
16240 400000 107712 156599
16311 100001 57415 108229
16396 180 40676 40413
15561 1850000 350848 686838
16383 1100 40831 53920
16397 1870 40954 41330
16398 900 40791 41173
16400 560 40737 40472
16399 10000 42316 44403
16403 180 40676 40431
16058 400000 87392 304706
16404 560 40737 40619
16431 10000 21996 23856
16405 180 40676 40555
16406 560 40737 40659
16407 3160 41176 41756
16402 180 40676 48360
16411 560 40737 40636
16410 900 40791 41541
12536 10000000 1717440 3050688
16413 900 40791 40841
16412 1100 40831 41684
16415 560 40737 40833
16401 10000 42316 51655
16418 1100 40831 40893
16409 560 40737 45723
16344 10000 42316 101256
16414 10000 42316 43881
16425 250 40687 40528
16453 560 20417 20236
16422 10000 42316 43681
16428 180 40676 40775
16424 250 40687 44104
16427 3160 41176 41528
16429 900 40791 40788
16430 900 40791 43635
16435 250 40687 40541
16433 10000 42316 42723
16436 900 40791 40820
16432 1100 40831 43332
15096 1850000 350848 1063538
16442 180 40676 40281
16434 3160 41176 42821
16444 180 40676 40512
16423 10000 42316 53111
16443 1870 40954 41311
16446 1870 40954 40905
16441 180 40676 45269
16438 10000 42316 47283
16448 180 40676 40509
16449 250 40687 40272
16447 180 40676 48305
16450 10000 42316 46548
16456 1100 40831 41170
16455 10000 42316 44302
16457 560 40737 40903
16351 100001 57415 128109
16458 1870 40954 41307
16461 1870 40954 41408
16342 400000 107712 137049
16462 900 40791 41016
16463 1870 40954 41483
16465 250 40687 41778
16467 1870 40954 41270
16471 180 40676 40546
16469 1870 40954 40905
16473 560 40737 40623
16475 1100 40831 41305
16476 900 40791 40965
16472 1870 40954 44553
16477 560 40737 40677
16416 10000 42316 91270
16479 1870 40954 41035
16478 1870 40954 41384
16480 180 40676 40368
16470 250 40687 49434
16482 10000 42316 43131
16464 10000 42316 57100
16468 560 40737 56572
16484 3160 41176 41910
16474 900 40791 53518
16488 180 40676 40384
16426 100001 57415 95085
16491 180 40676 40491
16437 100001 57415 88865
15236 1850000 350848 1001117
16494 1100 40831 40850
16493 560 40737 41240
16514 1100 20511 20519
16486 10000 42316 46332
16490 10000 42316 45047
16496 1100 40831 41152
16495 10000 42316 44078
16500 1870 40954 41584
16498 1870 40954 42389
16502 560 40737 40710
16501 1870 40954 41048
16489 10000 42316 51555
16322 400000 107712 191019
16229 400000 107712 253151
16504 180 40676 40292
16505 900 40791 40742
16503 1870 40954 41486
16291 400000 107712 216713
16507 900 40791 42839
16499 900 40791 49756
16234 400000 107712 256568
16508 10000 42316 42617
16539 250 20367 20433
16511 900 40791 41152
16481 560 40737 65227
16210 400000 107712 277953
16451 100001 57415 97866
16509 1870 40954 45381
16512 10000 42316 44376
16516 560 40737 40635
16515 1870 40954 40969
16518 180 40676 40542
16519 560 40737 40833
16521 560 40737 40548
14326 1850000 350848 1735106
16520 250 40687 42791
16523 180 40676 40297
16517 10000 42316 44963
16299 400000 107712 221547
16525 1100 40831 41327
16528 900 40791 40777
16529 250 40687 40336
16524 560 40737 42941
16466 100001 57415 90971
16530 250 40687 40340
16559 560 20417 20630
16526 10000 42316 44668
16534 250 40687 40307
16532 900 40791 41247
16565 560 20417 20236
16536 560 40737 40733
16531 900 40791 42654
16535 560 40737 41132
16538 900 40791 41179
16540 900 40791 40934
16542 560 40737 40933
16492 100001 57415 79412
16537 900 40791 42652
16533 1870 40954 45628
16544 1100 40831 41368
16527 100001 37095 52464
16548 560 40737 40607
16483 100001 57415 87825
16550 1100 40831 41377
16551 560 40737 41090
16552 560 40737 40695
16553 900 40791 41055
16452 100001 57415 122410
16543 1870 40954 47661
16547 560 40737 45525
15854 1850000 350848 570233
16556 10000 42316 44019
16557 560 40737 41284
16555 3160 41176 46828
16545 10000 42316 54074
16562 900 40791 40815
16563 3160 41176 41530
14897 1850000 350848 1311426
16566 1870 40954 41130
16567 3160 41176 41655
16564 10000 42316 43302
16569 250 40687 40529
16568 1100 40831 41050
16571 250 40687 40304
16572 560 40737 40854
16573 900 40791 40822
16575 180 40676 40596
16577 1870 40954 41190
16576 900 40791 41301
16570 560 40737 44149
16061 1850000 350848 434962
16578 900 40791 40884
15812 1850000 350848 626606
16579 560 40737 40718
16583 560 40737 40894
15753 1850000 350848 673022
16580 900 40791 44433
16585 900 40791 40942
16587 900 40791 40970
16586 900 40791 42219
16588 1100 40831 41073
16513 100001 57415 96523
16584 560 40737 44797
16589 560 40737 40639
16590 1870 40954 41034
16581 560 40737 49177
16593 560 40737 40601
16554 100001 57415 76494
16595 1100 40831 40782
16337 400000 107712 249319
16598 900 40791 40792
16549 100001 57415 82278
16597 1870 40954 42711
16628 1100 20511 20604
16596 10000 42316 45706
16381 400000 107712 217912
16561 100001 57415 74042
16602 560 40737 41000
16604 1870 40954 41207
16607 560 40737 40739
16601 10000 42316 43266
16608 560 40737 40923
16603 10000 42316 43605
16506 100001 57415 120140
16609 3160 41176 43049
16611 3160 41176 42202
16612 900 40791 40884
16008 1850000 350848 502909
16615 180 40676 40533
16614 1100 40831 41024
16610 10000 42316 45078
16056 1850000 350848 470284
16643 3160 20856 21907
16616 560 40737 40852
16617 560 40737 40913
16605 180 40676 49097
16618 1870 40954 41234
16619 180 40676 40417
16594 100001 57415 59584
16487 400000 107712 141923
16624 250 40687 40589
16625 900 40791 40688
16623 900 40791 41983
16408 400000 107712 208687
16392 400000 107712 228686
16626 560 40737 40802
16627 1870 40954 41582
16230 400000 107712 349163
16630 1100 40831 40782
16633 250 40687 40532
16631 3160 41176 41588
16629 900 40791 42173
16634 1100 40831 41177
16636 900 40791 41020
16635 1870 40954 41689
16637 180 40676 40354
16638 560 40737 40535
16640 900 40791 40793
16639 1870 40954 41544
11664 10000000 1717440 3927737
16600 100001 57415 70485
10918 10000000 1717440 4504697
16642 10000 42316 43926
16672 180 20356 20299
16646 560 40737 40782
16644 10000 42316 44858
16648 1100 40831 40865
16647 900 40791 41014
15588 1850000 350848 864360
16662 900 20471 26922
15957 1850000 350848 582656
16641 560 40737 50367
16649 900 40791 40870
16651 560 40737 40489
16653 180 40676 40228
16656 560 40737 40644
16686 1100 20511 20807
16485 400000 107712 175889
16652 1100 40831 47607
16658 250 40687 40651
16657 10000 42316 44131
16663 900 40791 40728
16660 180 40676 41680
16620 100001 57415 77285
16665 560 40737 40472
16659 560 40737 45110
16670 180 40676 40228
15655 1850000 350848 820100
16671 560 40737 40538
16666 560 40737 42905
16674 900 40791 40984
16664 10000 42316 45823
16675 1100 40831 41548
16676 1870 40954 41332
16678 560 40737 40710
16668 180 40676 46074
16655 10000 42316 54886
16682 560 40737 40990
14975 1850000 350848 1345905
16661 180 40676 52557
16679 10000 42316 44358
16683 3160 41176 41615
16685 10000 42316 43301
16688 180 40676 40470
16687 900 40791 40818
16459 400000 107712 218369
16654 560 40737 65439
16690 900 40791 41282
16691 900 40791 41252
16067 1850000 350848 523858
16693 560 40737 40620
16692 1100 40831 41050
16694 1870 40954 41632
16699 1870 40954 41262
16702 900 40791 40907
16695 10000 42316 44460
16700 1100 40831 42139
16701 3160 41176 42765
16704 560 40737 41777
16698 900 40791 46494
16689 10000 42316 51674
16706 1100 40831 41058
16709 900 40791 40893
16711 250 40687 40549
16677 3160 41176 67697
16710 900 40791 41433
16703 10000 42316 48569
16712 900 40791 41174
16708 10000 42316 43426
16705 10000 42316 48345
16645 100001 57415 91315
16220 1850000 350848 421243
16681 100001 57415 65910
16574 400000 107712 149883
16717 560 40737 40636
16716 10000 42316 42942
16707 10000 42316 48075
16714 10000 42316 43710
16721 180 40676 40504
16715 560 40737 45686
16724 1870 40954 41283
16722 10000 42316 44638
16632 100001 57415 111171
16723 10000 42316 44848
16669 100001 57415 82859
16728 900 40791 40825
16731 560 40737 40801
16727 560 40737 46466
16591 400000 107712 145955
16732 560 40737 40657
16734 560 40737 40600
16733 3160 41176 42127
16738 180 40676 40877
16736 10000 42316 43188
16729 10000 42316 53117
16739 10000 42316 43771
16697 100001 57415 78064
16740 10000 42316 42540
16741 250 40687 40662
16775 1870 20634 20531
16743 900 40791 40981
16749 250 40687 40564
16748 900 40791 41175
16752 1100 40831 40921
16737 10000 42316 52042
16754 900 40791 40718
16755 560 40737 40568
16783 1870 20634 20884
16757 180 40676 40454
16758 560 40737 40626
16751 560 40737 44876
16760 900 40791 41136
16287 1850000 350848 407931
16756 10000 42316 43951
16764 900 40791 41060
16765 560 40737 40577
16766 1870 40954 41099
16767 180 40676 42040
16329 1850000 350848 390442
16768 3160 41176 43021
16761 250 40687 50198
16769 900 40791 41030
16770 560 40737 41168
16774 250 40687 40677
16771 1100 40831 41284
16773 1870 40954 41113
16772 10000 42316 42623
16744 100001 57415 61815
16763 1100 40831 50950
16777 900 40791 41203
16747 100001 57415 62534
16811 900 20471 20344
16780 180 40676 40739
16776 180 40676 43906
16782 180 40676 40494
16779 10000 42316 43910
16785 560 40737 40601
16787 560 40737 40639
16522 400000 107712 239543
16786 10000 42316 43385
16790 180 40676 40759
16791 180 40676 41124
16781 180 40676 47625
16795 560 40737 40601
16796 900 40791 40739
16784 10000 42316 48768
16793 900 40791 42517
16797 560 40737 40686
16592 400000 107712 192366
16162 1850000 350848 536422
16798 560 40737 40997
16792 10000 42316 45709
16799 1870 40954 41164
16820 900 20471 20504
16819 10000 21996 24102
16801 900 40791 41082
16746 100001 57415 80213
16802 180 40676 40639
16803 1100 40831 41193
16805 1100 40831 40800
16804 900 40791 42437
16810 560 40737 40806
16812 1100 40831 41220
16814 1100 40831 41063
16815 560 40737 41449
16807 250 40687 49308
16750 100001 57415 90533
16816 1100 40831 40885
16837 560 20417 20236
16813 900 40791 50043
16789 100001 57415 67234
16800 10000 42316 59960
16808 560 40737 55058
16821 3160 41176 42070
16818 10000 42316 45414
16846 560 20417 20560
15993 1850000 350848 676809
16823 180 40676 40533
16735 100001 57415 115675
15581 1850000 330528 1009906
16825 250 40687 40582
16827 1100 40831 41137
16829 900 40791 41046
16831 900 40791 40897
16828 3160 41176 41595
16834 560 40737 40696
16836 1100 40831 40944
16606 400000 107712 222945
16866 1100 20511 20564
16838 180 40676 40228
16839 1100 40831 41292
16842 560 40737 40646
16841 10000 42316 43201
16844 900 40791 41057
16845 1870 40954 41992
16843 1100 40831 43109
16824 10000 42316 56945
16850 1870 40954 41254
16806 100001 57415 84338
16851 1870 40954 41411
16883 560 20417 20410
16849 10000 42316 44530
16852 1100 40831 41123
16855 250 40687 40729
16894 560 20417 20236
16854 10000 42316 44173
16856 10000 42316 44215
16861 560 40737 40848
16809 100001 57415 91678
16863 180 40676 40418
16864 180 40676 40623
16860 3160 41176 42351
16865 560 40737 40743
16862 560 40737 43671
16859 180 40676 46797
16868 180 40676 40833
16869 560 40737 40719
16848 100001 37095 56040
16870 1100 40831 41249
16032 1850000 350848 688646
16873 3160 41176 41775
16867 10000 42316 47488
14706 1850000 350848 1710802
16826 100001 57415 79098
16877 3160 41176 41783
16830 100001 57415 78560
16880 3160 41176 41727
16879 900 40791 42302
16876 180 40676 43101
16882 560 40737 40592
16881 1870 40954 42013
16874 10000 42316 45703
16884 1870 40954 41075
11560 10000000 1697120 4202774
16888 900 40791 40947
16889 560 40737 40803
16923 560 20417 20497
16887 1100 40831 41756
16872 250 40687 50505
16893 560 40737 40533
16892 1100 40831 41080
16895 180 40676 40736
16878 10000 42316 48309
16896 1870 40954 41772
16898 560 40737 40793
16900 180 40676 40228
16720 400000 107712 179693
16454 400000 107712 388433
16897 10000 42316 43581
16901 1100 40831 41096
16905 560 40737 40636
16903 1870 40954 41277
16847 100001 57415 79074
16906 3160 41176 41745
16890 900 40791 51403
16909 560 40737 40576
16904 10000 42316 45733
16911 560 40737 40646
16696 400000 107712 202189
16853 100001 57415 75363
16835 100001 57415 92522
16908 900 40791 43260
16914 180 40676 40511
16912 900 40791 41665
16913 3160 41176 43318
16918 560 40737 40472
16910 3160 41176 48024
16916 10000 42316 42461
16919 180 40676 40779
16943 3160 20856 21239
16920 1100 40831 41193
16922 1870 40954 41079
16924 250 40687 40393
16921 10000 42316 44042
16926 1100 40831 41355
16857 100001 57415 86546
16925 3160 41176 45883
16932 900 40791 40796
16930 900 40791 41153
16871 100001 57415 79951
16931 560 40737 42875
16953 10000 21996 22830
16956 1870 20634 20656
16933 3160 41176 41735
16934 180 40676 41564
16936 560 40737 40486
16915 1870 40954 57957
16935 3160 41176 41704
16939 250 40687 40492
16719 400000 107712 211098
16440 1850000 350848 432206
16937 3160 41176 44123
16938 10000 42316 44739
16940 1100 40831 41413
16927 1100 40831 53903
16942 180 40676 40809
16941 1870 40954 41923
16778 400000 107712 168582
16944 1100 40831 41233
16946 250 40687 40618
16947 560 40737 40637
16948 1100 40831 42007
16949 900 40791 41294
16945 180 40676 44055
16833 100001 57415 127958
16952 560 40737 40619
16950 1870 40954 41419
16955 560 40737 40934
16957 1100 40831 41237
16960 180 40676 40482
16959 1100 40831 41440
16961 900 40791 40688
16962 250 40687 40451
16294 1850000 350848 559777
16964 3160 41176 43324
16966 1870 40954 41788
16969 180 40676 40416
16970 900 40791 40947
16928 100001 57415 73633
16971 560 40737 40784
16972 180 40676 40363
15913 1850000 350848 853889
16963 10000 42316 45444
16968 3160 41176 42721
16974 560 40737 40472
16975 180 40676 40308
16976 900 40791 40998
16979 250 40687 40331
16978 560 40737 40566
16977 10000 42316 42673
16060 1850000 350848 745321
16980 1100 40831 41490
16982 1870 40954 41063
16983 1870 40954 41342
16985 560 40737 40637
16984 900 40791 41773
16981 10000 42316 45774
16988 900 40791 40767
16987 1100 40831 41980
16991 180 40676 40324
16989 3160 41176 41704
16993 180 40676 40692
16992 560 40737 40981
16995 900 40791 40722
17031 1870 20634 20842
16996 1100 40831 41670
16997 3160 41176 41721
15552 1850000 350848 1150974
17000 900 40791 40764
16999 560 40737 41755
17041 560 20417 20236
16713 400000 107712 256618
17001 900 40791 40923
17004 560 40737 40701
17002 3160 41176 41992
16967 100001 57415 64356
17005 180 40676 41009
16998 10000 42316 46292
17007 900 40791 41536
17003 10000 42316 43738
17008 1870 40954 41922
16954 100001 57415 74904
16990 1870 40954 51609
17010 900 40791 41153
17009 3160 41176 41731
17011 1870 40954 41751
17013 180 40676 40768
17019 1100 40831 41353
17023 180 40676 40534
17024 900 40791 40889
17017 1870 40954 45665
16725 400000 107712 264400
17025 560 40737 40522
17027 180 40676 41550
17014 3160 41176 48600
17026 3160 41176 42450
17029 900 40791 41393
17035 180 40676 40253
16886 400000 107712 138536
17034 560 40737 40933
17032 3160 41176 41546
17021 560 40737 47186
17037 560 40737 40970
17028 10000 42316 43842
17016 560 40737 50425
17036 1870 40954 41278
17033 3160 41176 42153
17039 250 40687 40505
16822 400000 107712 186330
17062 1100 20511 20743
17030 180 40676 44185
17038 1100 40831 42668
17042 900 40791 40992
16973 10000 42316 81013
17022 10000 42316 52163
17046 1870 40954 41385
17045 3160 41176 42862
17040 1100 40831 46883
17043 10000 42316 45152
17049 3160 41176 41596
17051 560 40737 40829
17050 1870 40954 41597
17052 180 40676 40418
17047 3160 41176 48712
16858 400000 107712 171090
17048 180 40676 50129
17056 900 40791 40874
17054 1100 40831 41298
17059 560 40737 40933
16497 400000 107712 460118
17055 250 40687 48184
17066 250 40687 40367
17064 900 40791 40763
17065 3160 41176 41756
17067 3160 41176 42126
17068 10000 42316 43918
17070 900 40791 40967
17071 1100 40831 40838
17072 560 40737 40791
17099 560 20417 20326
17076 900 40791 40790
17044 100001 57415 69998
17077 1870 40954 42245
17078 560 40737 40918
17082 180 40676 40576
17080 1870 40954 41335
17081 3160 41176 41533
17083 560 40737 40919
15242 1850000 350848 1437169
17084 900 40791 40755
17087 560 40737 40994
17090 560 40737 40578
17091 1100 40831 41339
17088 10000 42316 43840
17089 10000 42316 43529
17093 1100 40831 40893
16361 1850000 350848 593702
17096 1100 40831 40938
17116 1100 20511 21213
17095 10000 42316 44743
17098 560 40737 40812
15277 1850000 350848 1423607
17061 100001 57415 76016
17092 250 40687 51712
17063 100001 57415 72751
17102 900 40791 40783
17104 560 40737 40546
17101 10000 42316 44767
17094 560 40737 55732
17106 900 40791 41227
17100 1870 40954 49640
17112 560 40737 40888
17111 900 40791 41211
17085 1870 40954 68726
17113 3160 41176 41584
17109 10000 42316 45936
17115 1100 40831 41084
17018 400000 107712 118721
17114 10000 42316 44943
17119 560 40737 40700
17086 100001 57415 73424
17118 1870 40954 41442
17073 100001 57415 82342
17148 900 20471 20639
17120 900 40791 41232
17123 560 40737 40912
17121 250 40687 42140
17124 560 40737 41083
17125 1100 40831 42378
17130 900 40791 40734
17127 3160 41176 41667
17128 900 40791 41567
17131 560 40737 40933
15710 1850000 350848 1118460
15733 1850000 350848 1105329
17137 1870 40954 41198
17126 560 40737 50573
17103 100001 57415 71292
17138 250 40687 40663
17140 180 40676 40622
17142 900 40791 40887
17135 10000 42316 47790
17139 560 40737 44415
17145 180 40676 40678
17146 3160 41176 41505
17149 1100 40831 41008
17141 10000 42316 45541
17144 10000 42316 44101
15578 1850000 350848 1249763
17151 250 40687 41462
17152 1870 40954 41030
17154 250 40687 40360
17153 1100 40831 41092
17175 3160 20856 21305
17156 900 40791 40964
17158 560 40737 40638
17159 560 40737 41088
17157 10000 42316 44457
17161 560 40737 40842
17160 1100 40831 41269
17105 100001 57415 87242
17164 560 40737 40537
17163 10000 42316 43102
17165 560 40737 40625
17189 10000 21996 21970
16282 1850000 350848 721040
17171 180 40676 40664
17170 560 40737 40856
17150 100001 57415 63236
15629 1850000 350848 1223876
17172 1100 40831 44840
17176 900 40791 41026
17173 1870 40954 44182
17181 250 40687 40805
17183 250 40687 40363
17184 560 40737 40488
17167 560 40737 55693
17180 900 40791 42740
17186 560 40737 40508
17185 1870 40954 41334
17155 100001 57415 69680
17214 180 20356 20203
17215 560 20417 20396
16309 1850000 350848 719650
17188 1870 40954 41637
17178 1870 40954 50823
17190 1100 40831 41141
17193 1100 40831 40879
17191 900 40791 41133
17192 900 40791 41202
17012 400000 107712 187187
17195 1100 40831 41190
17196 3160 41176 41495
17197 180 40676 40701
17200 180 40676 40402
17203 900 40791 41076
17201 3160 41176 42288
17204 180 40676 40679
17202 1100 40831 42278
17205 250 40687 40643
17208 1870 40954 41065
17210 1100 40831 41087
17206 10000 42316 44425
17213 1100 40831 40782
17216 900 40791 41165
17209 10000 42316 45868
17219 560 40737 40692
17217 180 40676 43493
17218 3160 41176 42162
17129 400000 107712 115040
17220 900 40791 40733
17246 1100 20511 20696
17248 560 20417 20242
17225 1100 40831 40993
17224 1870 40954 41272
17227 250 40687 40347
17226 900 40791 40952
17207 10000 42316 53346
17229 1870 40954 41077
17231 560 40737 40938
17233 560 40737 40737
17232 1870 40954 41322
17234 560 40737 40852
17259 560 20417 20264
17237 1100 40831 40984
16243 1850000 350848 808654
17244 560 40737 40686
17242 1100 40831 40938
17240 1100 40831 41732
17245 1870 40954 41144
17199 560 40737 78648
17212 100001 57415 71000
17249 560 40737 40607
17250 1100 40831 41127
17015 400000 107712 230210
17278 1870 20634 21407
17254 180 40676 40418
17222 100001 37095 67555
17255 180 40676 40464
17238 1100 40831 53952
17284 180 20356 20211
17247 900 40791 50598
17282 10000 21996 24434
17251 10000 42316 47222
17258 900 40791 40933
17260 560 40737 40507
17263 560 40737 40796
17262 3160 41176 42068
17261 900 40791 42611
17265 560 40737 40571
17266 1100 40831 41643
17269 180 40676 40550
17268 560 40737 40931
17270 560 40737 40637
17267 560 40737 41190
17271 560 40737 40961
17257 180 40676 51760
17272 1870 40954 41224
17274 1100 40831 41070
17273 3160 41176 42602
17279 560 40737 40742
17275 10000 42316 43251
17310 1100 20511 20850
17221 100001 57415 89107
17280 1870 40954 46917
17286 180 40676 40949
17289 560 40737 40599
17288 900 40791 40866
16126 1850000 350848 946629
17291 560 40737 40664
17293 180 40676 40228
17290 1100 40831 43719
17295 1870 40954 41199
17298 1100 40831 41085
16673 1850000 350848 523636
17303 560 40737 41070
17306 560 40737 40572
17305 180 40676 41412
17307 560 40737 41192
17297 900 40791 47942
17309 180 40676 40549
17311 560 40737 40678
17287 560 40737 56227
17285 100001 57415 59165
17277 3160 41176 66155
17243 100001 57415 92411
17302 10000 42316 48818
17313 180 40676 40479
17317 560 40737 40746
17316 10000 42316 43151
17315 1870 40954 43899
17314 10000 42316 44716
17347 900 20471 20507
17344 10000 21996 23143
17253 100001 57415 92217
17320 250 40687 40429
17318 900 40791 41176
16582 1850000 350848 607822
17323 560 40737 40897
17321 1100 40831 41463
17322 560 40737 41064
17325 250 40687 40380
17319 560 40737 42575
17351 560 20417 20355
17326 1870 40954 40959
17328 180 40676 40581
17276 180 40676 79443
17330 1870 40954 41234
17332 560 40737 40706
17334 250 40687 40676
17329 10000 42316 46085
17335 1870 40954 41806
17256 10000 42316 100328
17336 1100 40831 41390
17333 560 40737 44176
14216 10000000 1717440 2440857
17338 250 40687 41632
17339 560 40737 41125
17341 560 40737 40572
17342 900 40791 40954
17343 1100 40831 41133
17337 10000 42316 44732
17346 560 40737 40536
17252 100001 57415 110323
16283 1850000 350848 862276
17348 1100 40831 41581
17349 900 40791 41026
17352 180 40676 40586
17350 1870 40954 41452
17354 900 40791 41055
17353 1100 40831 41140
17355 560 40737 40555
17358 900 40791 40888
17356 3160 41176 42585
17361 900 40791 40886
17363 560 40737 40796
17386 1870 20634 20529
17359 10000 42316 44137
17362 10000 42316 43114
17366 180 40676 40555
17364 3160 41176 41511
17365 900 40791 41654
17369 180 40676 40228
17367 900 40791 40754
17368 250 40687 40684
17370 180 40676 40647
17360 10000 42316 48193
17327 100001 57415 73626
16020 1850000 350848 1072959
17374 900 40791 40900
17376 1100 40831 40844
17371 1870 40954 49947
17381 900 40791 40800
17380 560 40737 41480
17383 1100 40831 41447
17373 10000 42316 45989
17378 100001 37095 45764
17384 3160 41176 42200
16255 1850000 330528 913021
17387 560 40737 40585
17385 10000 42316 46037
17388 180 40676 43987
17390 1100 40831 41338
17391 1100 40831 41073
17393 250 40687 40405
17389 1870 40954 42854
17395 560 40737 40719
17396 1100 40831 41415
13184 10000000 1697120 3318546
17398 1870 40954 41437
16192 1850000 350848 973106
17324 100001 57415 104837
15912 1850000 350848 1191524
17162 400000 107712 235157
17375 100001 57415 69090
17357 100001 57415 84035
17403 3160 41176 41183
17404 250 40687 40428
17400 10000 42316 46619
17405 560 40737 40610
17399 10000 42316 49122
17406 900 40791 41224
17407 560 40737 41070
17402 10000 42316 48722
17408 1870 40954 41223
17413 900 40791 40754
17411 900 40791 41740
17414 560 40737 40731
17415 1100 40831 41492
17397 250 40687 59797
17417 560 40737 41827
17409 900 40791 48527
17410 10000 42316 47898
17418 10000 42316 43557
14179 10000000 1717440 2540158
17420 3160 41176 42220
16155 1850000 350848 1037133
17428 180 40676 40558
17425 250 40687 42362
17430 180 40676 40491
17431 560 40737 40627
17379 100001 57415 92147
17394 100001 57415 77369
17429 10000 42316 43483
17412 180 40676 58093
17331 100001 57415 127201
17433 560 40737 41488
17434 1100 40831 40927
17435 560 40737 40834
17436 560 40737 41082
17437 1100 40831 41164
17439 180 40676 41019
17422 1100 40831 53745
17441 560 40737 40539
17442 560 40737 40757
17426 10000 42316 50986
17444 180 40676 40461
17440 180 40676 42855
17445 250 40687 40595
17446 560 40737 40913
17452 1100 40831 40930
17454 560 40737 40639
17432 10000 42316 56734
17456 180 40676 40551
17455 180 40676 41203
17401 10000 42316 88278
16445 1850000 350848 837676
17458 1100 40831 41242
17419 100001 57415 72431
17460 900 40791 40688
17283 400000 107712 187725
17462 180 40676 40321
17464 250 40687 40720
17450 100001 37095 54124
17416 100001 57415 82674
17392 100001 57415 107332
17448 10000 42316 56246
17467 1100 40831 40792
17468 250 40687 40886
17424 100001 57415 77518
17494 560 20417 20236
17465 10000 42316 45269
17471 560 40737 40501
17470 1870 40954 41208
17461 560 40737 48533
17472 250 40687 40686
17473 250 40687 40694
17469 10000 42316 45055
17421 100001 57415 82574
17476 560 40737 41161
17477 1870 40954 41376
17474 3160 41176 43489
17479 900 40791 40898
17482 560 40737 40876
17480 3160 41176 42491
17483 3160 41176 42946
17485 250 40687 40811
17484 900 40791 43861
17194 400000 107712 280860
17449 100001 57415 73647
17475 10000 42316 53087
17491 900 40791 40706
17490 1870 40954 41447
17492 1100 40831 40892
17493 1870 40954 40957
16115 1850000 350848 1119425
17486 560 40737 49643
17488 900 40791 49735
17496 560 40737 40677
17497 900 40791 40767
17500 250 40687 40747
17443 100001 57415 92535
17499 10000 42316 43869
17527 1870 20634 21014
12904 10000000 1717440 3600429
17531 1870 20634 20931
17506 560 40737 42111
17510 900 40791 40937
17505 10000 42316 44098
17504 10000 42316 45730
17509 10000 42316 43647
17507 10000 42316 43923
17513 250 40687 40596
17512 3160 41176 41734
17514 900 40791 41055
17515 560 40737 40652
17498 10000 42316 54003
17517 900 40791 40851
17519 180 40676 40787
17463 100001 57415 83321
17511 10000 42316 46782
17516 10000 42316 45031
17521 10000 42316 44390
17523 560 40737 40852
17524 560 40737 41245
17478 100001 57415 81533
17525 1100 40831 41477
17526 1100 40831 41390
17528 560 40737 41060
17522 1870 40954 50456
17556 10000 21996 22236
17529 1870 40954 41470
16510 1850000 350848 839186
17532 3160 41176 42370
17489 100001 57415 77862
17534 180 40676 40730
17535 560 40737 40885
17537 560 40737 40611
17541 900 40791 41218
17549 1100 40831 40956
17547 1870 40954 41592
17550 3160 41176 41748
17553 560 40737 40800
17546 10000 42316 44620
17554 1870 40954 41629
17572 1870 20634 21056
17557 1100 40831 41160
17536 10000 42316 56204
17559 560 40737 40787
17560 900 40791 40800
17533 100001 57415 62957
17580 10000 21996 22464
17561 10000 42316 45002
17564 3160 41176 42140
17565 1870 40954 41654
17296 400000 107712 264148
17569 560 40737 40488
17567 900 40791 40972
17377 400000 107712 205689
17585 1100 20511 20804
17555 10000 42316 56482
17571 560 40737 40633
17570 1870 40954 41797
17563 560 40737 53182
17562 180 40676 57064
17503 100001 57415 102365
17573 900 40791 40803
17575 900 40791 41016
17574 180 40676 42283
17577 1870 40954 41533
17579 180 40676 40273
17551 1100 40831 70520
17576 560 40737 44933
17582 180 40676 40438
17610 900 20471 24123
17581 900 40791 41897
17530 100001 57415 90507
17584 3160 41176 41770
17438 400000 107712 169656
17587 1100 40831 41436
17538 100001 57415 85979
17592 180 40676 40592
17591 180 40676 40706
17588 10000 42316 42524
17590 560 40737 41499
17595 1870 40954 41675
17599 560 40737 40808
17601 900 40791 40734
17600 1870 40954 41088
17593 10000 42316 43056
17594 1100 40831 42855
17605 900 40791 41102
17606 560 40737 41145
17603 1100 40831 42840
17607 1870 40954 41282
17602 10000 42316 44646
17643 1870 20634 20543
17616 250 40687 40663
17597 560 40737 51216
17618 560 40737 40861
17617 180 40676 41083
17619 900 40791 41152
17612 560 40737 43358
17620 180 40676 41907
17615 10000 42316 45821
17613 1100 40831 46586
17624 1870 40954 41901
17625 900 40791 40961
17622 900 40791 43288
17609 3160 41176 49773
17630 180 40676 40228
17626 1100 40831 40910
17611 560 40737 51467
17632 250 40687 40333
17627 1100 40831 42242
17631 900 40791 42324
17633 1100 40831 41078
17629 10000 42316 43931
17635 560 40737 40604
17636 560 40737 40801
17608 3160 41176 56703
17638 900 40791 40794
17639 560 40737 40862
17447 400000 107712 189624
17672 180 20356 20114
17642 1870 40954 41037
17645 560 40737 40807
17634 1870 40954 48694
17628 1100 40831 52155
17641 10000 42316 45274
17647 900 40791 40701
17646 1100 40831 41449
17649 180 40676 40458
17648 900 40791 40978
17578 100001 57415 82514
17650 560 40737 40716
17683 1870 20634 20542
16613 1850000 350848 846553
17654 560 40737 40925
17658 180 40676 40608
17656 180 40676 41502
17657 560 40737 42135
17651 560 40737 45870
17688 1100 20511 20756
17652 10000 42316 46786
17664 1870 40954 41532
17655 10000 42316 46236
17667 560 40737 40925
17662 10000 42316 44798
17665 250 40687 44928
17668 560 40737 41028
17669 900 40791 40747
17699 560 20417 20383
17673 180 40676 40652
17671 3160 41176 42245
17675 1100 40831 40782
17676 560 40737 41040
17677 560 40737 40483
17670 180 40676 45194
17680 560 40737 40750
17679 900 40791 41070
17681 900 40791 41274
17682 1870 40954 42322
17684 3160 41176 41364
17659 10000 42316 59637
17687 180 40676 40684
17686 900 40791 42512
17685 10000 42316 44866
17689 900 40791 40998
17713 560 20417 20378
17690 1870 40954 41757
17694 560 40737 40512
17693 900 40791 41190
17695 180 40676 40366
17696 900 40791 40834
17661 100001 57415 70983
17700 1100 40831 41291
17660 100001 57415 75388
17698 10000 42316 48672
12219 10000000 1717440 4310852
17702 180 40676 40639
17703 250 40687 40355
17674 100001 57415 67176
17701 180 40676 42402
17704 560 40737 40989
17705 560 40737 40730
17709 560 40737 40540
17711 900 40791 40990
17707 3160 41176 42602
17691 10000 42316 59851
17712 180 40676 40424
17714 1870 40954 41626
17715 180 40676 41988
17706 1100 40831 48512
17719 250 40687 40505
17720 560 40737 40840
17717 10000 42316 44111
17718 10000 42316 45539
17723 560 40737 42780
17725 900 40791 40838
17728 250 40687 40576
17730 560 40737 40754
17729 1870 40954 41428
17727 1870 40954 42323
17726 3160 41176 42829
17733 560 40737 40472
17731 1870 40954 41128
17735 560 40737 40647
17736 1100 40831 41174
17716 900 40791 55506
17663 560 40737 98785
17739 1870 40954 41403
17737 10000 42316 44008
17738 180 40676 43611
17743 560 40737 40826
17741 180 40676 42906
17745 900 40791 41387
17746 1100 40831 41419
17708 10000 42316 67974
17747 560 40737 40873
17749 560 40737 40934
17548 400000 107712 188353
17752 560 40737 40890
17753 1870 40954 41068
17755 900 40791 41043
17757 560 40737 40544
17750 10000 42316 43927
17754 3160 41176 43007
17758 560 40737 40680
17761 3160 41176 41784
17762 1870 40954 41572
17764 250 40687 41048
17744 560 40737 56255
17766 1100 40831 41241
17765 1100 40831 41814
17598 400000 107712 157079
17767 560 40737 40651
17769 560 40737 40895
17763 10000 42316 47785
17790 900 20471 22523
17771 900 40791 40969
17772 900 40791 40990
17774 900 40791 40882
17773 900 40791 41110
17724 100001 37095 78324
17775 560 40737 42129
17732 100001 57415 74128
17777 560 40737 40745
17734 100001 57415 74049
17776 900 40791 41556
17778 1100 40831 41110
17781 250 40687 40498
17782 1100 40831 41249
17800 3160 20856 20792
17742 100001 57415 69625
17783 900 40791 40688
17784 900 40791 40974
17780 10000 42316 46099
17075 1850000 350848 605099
17786 560 40737 42293
17785 10000 42316 43760
17789 1100 40831 41434
17792 900 40791 40881
17794 900 40791 40959
17795 1870 40954 41494
16680 1850000 350848 909550
17798 560 40737 41161
17799 1100 40831 41030
17788 560 40737 51860
17796 560 40737 45524
17797 10000 42316 43687
17803 900 40791 41336
17793 180 40676 47815
17805 250 40687 40323
17806 560 40737 40848
17808 560 40737 40881
17801 900 40791 46299
17804 10000 42316 44491
17791 1870 40954 54114
17809 560 40737 40764
17811 180 40676 40838
17768 100001 57415 77654
17604 400000 107712 195386
17544 400000 107712 241991
17812 900 40791 41007
17810 180 40676 44747
17787 100001 57415 67260
17814 1100 40831 42162
17813 900 40791 44619
17779 100001 57415 80673
17721 100001 57415 122905
16225 1850000 350848 1282097
17817 560 40737 41060
17818 1870 40954 42873
17640 400000 107712 187240
17815 10000 42316 50156
17816 560 40737 48365
17824 560 40737 40530
10490 10000000 1717440 5731486
17826 560 40737 40848
17827 560 40737 40918
17822 10000 42316 45721
17829 900 40791 41152
17830 900 40791 40777
17831 900 40791 41174
17832 560 40737 40965
17833 900 40791 40860
17828 10000 42316 47106
17834 1100 40831 40979
17589 400000 107712 231172
17759 100001 57415 114431
17835 1100 40831 40987
17853 10000 21996 27792
17839 560 40737 40657
17836 560 40737 41302
17820 10000 42316 59183
17837 1870 40954 41733
17842 180 40676 40404
17838 10000 42316 46173
17862 10000 21996 22756
17846 1100 40831 41356
17177 1850000 350848 581941
17770 400000 107712 114629
17851 180 40676 40381
17850 560 40737 40631
17852 900 40791 40858
17848 560 40737 46709
17843 1870 40954 53662
17854 3160 41176 42217
17855 560 40737 40870
17856 250 40687 40726
17666 400000 107712 208699
17857 3160 41176 41362
17880 560 20417 20332
17858 1870 40954 41320
17860 900 40791 40966
17864 900 40791 40928
17859 1870 40954 44284
17845 100001 37095 64047
17867 10000 42316 43490
17865 250 40687 49695
17870 180 40676 40833
17872 180 40676 40625
17871 900 40791 41489
17866 10000 42316 48997
17875 560 40737 41083
17874 1870 40954 41666
17849 100001 57415 70412
17877 1100 40831 40996
17879 1100 40831 40932
17873 1870 40954 45171
17876 10000 42316 45544
16135 1850000 350848 1424480
17881 560 40737 40792
17883 180 40676 40286
17885 180 40676 40506
17882 3160 41176 41731
17917 1100 20511 20448
17887 3160 41176 42061
17886 10000 42316 43543
17888 1870 40954 41532
17884 1100 40831 46466
15715 1850000 350848 1739277
17894 560 40737 40522
17891 1870 40954 41762
17896 900 40791 40902
17895 3160 41176 41828
17898 3160 41176 41850
17899 250 40687 41689
17889 10000 42316 46539
17900 560 40737 40796
16994 1850000 350848 777523
17861 100001 57415 78135
17904 180 40676 40286
17903 250 40687 40544
17897 1100 40831 46325
17451 1850000 350848 414189
17211 1850000 350848 611224
17908 1870 40954 41311
17909 900 40791 41091
17939 10000 21996 22556
17905 1100 40831 43587
17913 1870 40954 41417
17914 1100 40831 41161
17915 1100 40831 40910
17916 560 40737 40953
17944 10000 21996 23610
17902 560 40737 51491
17919 1100 40831 41090
17920 900 40791 41128
17911 3160 41176 48313
17921 250 40687 40733
17918 1870 40954 44968
17924 180 40676 40308
17922 1100 40831 41116
17926 180 40676 40680
17957 1100 20511 21043
17925 180 40676 40792
17923 10000 42316 43568
17931 1100 40831 41263
17932 900 40791 41079
17929 560 40737 41730
17933 560 40737 40528
17936 560 40737 41098
15754 1850000 350848 1738877
17756 400000 107712 200823
17878 100001 57415 83207
17934 900 40791 44866
17938 10000 42316 45125
17935 560 40737 46884
17943 900 40791 40688
17942 1100 40831 43969
17928 1870 40954 52441
17941 10000 42316 45340
17692 400000 107712 260345
17940 10000 42316 48049
17948 900 40791 41476
17951 250 40687 40274
10505 10000000 1717440 5822607
17952 1870 40954 41086
17953 1100 40831 41056
17132 1850000 350848 705796
17954 900 40791 40909
17955 250 40687 40740
17956 900 40791 40918
17958 1870 40954 41152
17959 560 40737 40952
17961 900 40791 41071
17907 100001 57415 76341
17965 560 40737 40908
17967 180 40676 40742
17966 900 40791 41084
17962 10000 42316 45486
17901 100001 57415 84795
17963 10000 42316 45277
17893 100001 57415 91174
17969 3160 41176 41761
17972 560 40737 41114
17974 1100 40831 40968
18003 1870 20634 21056
17964 900 40791 47911
17949 3160 41176 56315
17977 180 40676 40767
17978 1870 40954 41231
13765 10000000 1717440 3298472
17980 560 40737 40569
17970 10000 42316 44067
17975 1870 40954 44101
17983 560 40737 40745
17912 100001 57415 84322
17981 3160 41176 42215
17982 900 40791 42249
17984 560 40737 40852
18012 180 20356 20153
18013 560 20417 20374
17985 1870 40954 41483
17945 900 40791 68699
17950 10000 42316 64798
17988 1100 40831 41304
17987 3160 41176 42430
17992 250 40687 40347
17989 3160 41176 42271
17993 250 40687 40864
17994 1100 40831 41143
17976 560 40737 55004
17986 10000 42316 47973
18021 900 20471 20444
17997 560 40737 40601
17996 560 40737 40910
17998 180 40676 40715
17973 10000 42316 59228
17999 560 40737 41692
17947 100001 57415 76537
17937 100001 57415 87995
18004 1870 40954 41578
18027 560 20417 20236
17892 100001 57415 115897
18000 560 40737 45072
17122 1850000 350848 747016
18007 560 40737 40736
18006 10000 42316 43965
18008 560 40737 40761
17991 180 40676 54849
16885 1850000 350848 924685
18010 1870 40954 41205
18015 180 40676 40685
18014 560 40737 41579
18016 560 40737 40745
18042 900 20471 20600
18009 900 40791 45126
17134 1850000 350848 748941
18018 180 40676 40564
18019 900 40791 41599
18020 560 40737 41162
18022 560 40737 40510
18024 900 40791 40969
17946 100001 57415 94407
18017 10000 42316 46713
18026 1870 40954 41396
18025 1870 40954 42208
18031 900 40791 41065
18029 10000 42316 43376
18028 10000 42316 45033
18034 560 40737 41052
18035 180 40676 40727
18038 1100 40831 41022
18040 560 40737 40948
18036 3160 41176 42125
17110 1850000 350848 788122
18041 560 40737 40761
18043 900 40791 41128
18045 560 40737 41013
18039 10000 42316 45212
18047 560 40737 40964
18032 1870 40954 48025
18050 560 40737 40472
18048 560 40737 41002
18049 900 40791 40760
18023 10000 42316 60275
18051 900 40791 41095
18053 560 40737 40592
18054 250 40687 40602
18011 100001 57415 74823
18002 100001 57415 82676
18057 250 40687 40321
18056 3160 41176 41695
18059 1870 40954 41543
18060 250 40687 40321
18061 900 40791 40951
18062 180 40676 41073
17930 400000 107712 137545
18092 560 20417 20236
18065 900 40791 41039
18066 900 40791 41183
18067 900 40791 40948
18070 1100 40831 41006
18068 1870 40954 42561
18030 100001 57415 71024
18071 900 40791 41227
18072 250 40687 40440
18073 560 40737 40795
18058 180 40676 52264
18064 900 40791 49876
18076 560 40737 40818
18078 900 40791 41044
18075 3160 41176 42194
18077 3160 41176 41325
18079 900 40791 40906
17823 400000 107712 242934
18080 180 40676 40704
18083 900 40791 40951
18084 560 40737 42921
18086 900 40791 41051
18037 100001 57415 79987
18087 1870 40954 41062
18081 10000 42316 46329
18088 180 40676 40741
18090 180 40676 40529
16759 1850000 350848 1089198
18089 1870 40954 41070
15293 10000000 1717440 2209548
18091 900 40791 40927
18113 3160 20856 21399
18094 180 40676 40519
18093 10000 42316 44255
18097 560 40737 41071
17304 1850000 350848 678471
15429 1850000 350848 2117542
18098 180 40676 40388
18096 10000 42316 44038
18102 560 40737 40507
18100 1870 40954 42634
18104 560 40737 40737
18099 10000 42316 45883
18101 560 40737 44292
18106 900 40791 41229
18107 560 40737 40965
18108 560 40737 40595
17847 400000 107712 249465
18110 180 40676 40740
18137 180 20356 20218
16745 1850000 350848 1119699
18115 560 40737 40615
18116 1100 40831 41618
17069 1850000 350848 890280
18118 900 40791 41109
18117 10000 42316 44565
18122 180 40676 40820
18124 180 40676 40450
18123 250 40687 41596
17308 1850000 350848 698769
12485 10000000 1717440 4439525
18125 900 40791 40688
17819 400000 107712 288541
18119 10000 42316 46202
18126 560 40737 40927
18120 10000 42316 45466
17182 1850000 350848 801513
18129 180 40676 41835
18128 1870 40954 44186
18133 900 40791 40973
18134 180 40676 40321
17960 400000 107712 181391
18136 3160 41176 42067
18109 1870 40954 66026
18095 100001 57415 78865
18141 900 40791 40887
18140 900 40791 41276
18142 180 40676 40591
18138 250 40687 44588
18143 900 40791 40845
18111 10000 42316 68424
18085 100001 57415 95451
18135 560 40737 49557
18145 1100 40831 41112
18144 1870 40954 42647
18121 100001 57415 65816
18150 560 40737 40582
18148 900 40791 41183
18149 560 40737 41878
18152 900 40791 40688
18151 1870 40954 41253
18112 1870 40954 76626
18153 1100 40831 41246
18154 900 40791 40804
18155 900 40791 41120
18156 560 40737 40940
18157 3160 41176 41487
17586 1850000 330528 490361
18161 1100 40831 41069
18182 10000 21996 22317
17971 400000 107712 196694
18162 250 40687 40714
17143 1850000 350848 865480
18163 250 40687 40274
18165 180 40676 40631
18131 100001 57415 77720
18166 1100 40831 41339
17890 400000 107712 256809
18052 400000 107712 147511
16280 1850000 350848 1533101
18169 560 40737 40685
18170 560 40737 40619
18171 250 40687 40697
18046 400000 107712 154128
18173 3160 41176 41558
18174 1870 40954 41410
18199 180 20356 20293
18164 10000 42316 48665
18176 900 40791 41192
18167 900 40791 46578
18005 400000 107712 186867
18177 10000 42316 42582
17568 1850000 350848 531571
18180 900 40791 40981
18139 100001 57415 80339
18178 10000 42316 44086
18181 3160 41176 42364
18179 10000 42316 44263
18186 1100 40831 41095
18190 180 40676 40550
18191 1100 40831 42226
18214 250 20367 20243
18192 180 40676 40540
18187 1870 40954 48949
18158 560 40737 71695
18195 560 40737 40736
18197 250 40687 40905
18198 900 40791 41488
18196 180 40676 45437
18201 560 40737 40930
18203 560 40737 40942
18204 1870 40954 41076
18202 1870 40954 41212
18205 250 40687 40559
18206 1870 40954 41068
18208 1870 40954 41480
18212 250 40687 40780
18207 10000 42316 44389
18210 1100 40831 43338
18215 180 40676 40349
18242 180 20356 20493
18217 560 40737 40578
18218 560 40737 40613
18219 250 40687 40815
18222 180 40676 40631
18221 1870 40954 41889
18224 180 40676 40446
18216 560 40737 48516
18226 560 40737 41291
18228 1870 40954 41215
18230 180 40676 40657
18262 560 20417 20236
18234 250 40687 40395
18233 1100 40831 41402
18232 3160 41176 42469
18231 1100 40831 43433
18235 560 40737 40475
18237 900 40791 40873
18211 180 40676 62124
18236 1870 40954 41518
18220 1870 40954 54723
17264 1850000 350848 826275
18239 560 40737 40783
18240 560 40737 40607
18200 250 40687 71546
18241 900 40791 41020
18243 180 40676 40624
18244 1870 40954 41351
18247 560 40737 40733
18245 10000 42316 43140
18246 900 40791 41676
18277 180 20356 20123
18248 900 40791 42561
18250 1100 40831 41132
18251 1870 40954 41521
18253 560 40737 40876
18252 560 40737 41214
18249 10000 42316 43005
18279 1870 20634 21514
18229 10000 42316 58597
18257 900 40791 40831
18258 3160 41176 41905
16222 1850000 350848 1645794
18255 560 40737 43964
18260 560 40737 42915
18263 900 40791 41150
18261 10000 42316 43539
18209 100001 57415 81650
18264 1870 40954 41079
18183 100001 57415 108530
18268 560 40737 40655
18223 100001 57415 77986
18266 900 40791 45430
18271 560 40737 40748
18270 560 40737 41050
18267 900 40791 45620
18272 10000 42316 43732
18280 3160 41176 41727
18282 560 40737 41200
18284 560 40737 40582
18285 1870 40954 41545
18275 10000 42316 48741
18227 100001 57415 85345
18286 560 40737 40747
18287 1100 40831 40920
18265 10000 42316 59882
18289 3160 41176 41424
18281 10000 42316 49995
18290 1870 40954 40912
16204 1850000 350848 1686109
18293 560 40737 40739
18213 100001 57415 103920
18295 900 40791 41165
18299 250 40687 40404
18297 3160 41176 41661
18298 3160 41176 42525
18302 1100 40831 41114
18303 1100 40831 41031
18305 180 40676 40460
18304 180 40676 40915
18291 900 40791 48118
18288 10000 42316 50180
18308 900 40791 40932
18309 560 40737 40966
18312 1870 40954 41517
18314 250 40687 40728
18310 10000 42316 43783
17006 1850000 350848 1088659
18254 100001 57415 83493
18315 250 40687 41696
18306 1100 40831 46041
18316 3160 41176 41814
18278 250 40687 66372
18317 250 40687 40522
18320 900 40791 40934
18313 10000 42316 49443
18296 1100 40831 59757
18324 180 40676 40564
18323 1870 40954 41496
18325 900 40791 40854
18322 3160 41176 41810
18319 10000 42316 46183
18327 560 40737 40672
18351 1870 20634 20936
18334 250 40687 40272
18332 1870 40954 41977
18335 180 40676 40633
18336 1870 40954 41311
18337 560 40737 41257
18361 10000 21996 22905
18340 560 40737 40603
18341 560 40737 40693
17481 1850000 350848 730373
18342 560 40737 40711
18343 1100 40831 41389
18225 100001 57415 130970
18345 560 40737 40565
18346 560 40737 40725
18348 250 40687 40394
18347 900 40791 41302
17147 1850000 350848 1009868
18349 180 40676 40435
16667 1850000 350848 1372425
18352 560 40737 40929
18354 560 40737 40687
18353 1870 40954 41512
18384 1100 20511 20517
18350 10000 42316 44044
18355 3160 41176 41859
18338 1870 40954 57376
18360 3160 41176 41827
18363 560 40737 40664
17133 1850000 350848 1031312
18318 560 40737 78475
18344 560 40737 57309
18364 180 40676 40932
18321 100001 57415 76494
18326 1870 40954 76290
18331 100001 57415 70951
18369 3160 41176 41663
18356 3160 41176 48177
18370 900 40791 40917
18366 10000 42316 44446
18376 1100 40831 41267
18374 560 40737 43395
18357 560 40737 53255
18377 1100 40831 41263
18328 100001 57415 80293
17520 1850000 350848 728529
18378 560 40737 40761
16718 1850000 350848 1359226
18380 560 40737 41502
18379 3160 41176 42128
18382 1870 40954 41212
18383 180 40676 40603
18386 180 40676 40822
18389 250 40687 40614
18387 1100 40831 41233
18385 250 40687 41480
18392 180 40676 40372
18381 10000 42316 45754
18393 250 40687 40511
18397 180 40676 40240
18396 560 40737 40849
14801 1850000 350848 2832477
18395 3160 41176 41544
18390 10000 42316 45505
18394 10000 42316 43430
18399 180 40676 40464
18307 100001 57415 111446
18403 180 40676 40485
18402 900 40791 40993
18404 1870 40954 41730
18388 1870 40954 53706
18391 180 40676 53750
18405 10000 42316 44505
18408 1100 40831 40932
18409 1870 40954 41106
18358 900 40791 76651
18410 180 40676 40472
18412 250 40687 40648
18414 180 40676 40621
18413 560 40737 40851
18417 1100 40831 41510
18416 10000 42316 44221
18418 3160 41176 41565
17990 1850000 330528 385387
18419 1100 40831 40782
18415 10000 42316 46144
18362 100001 57415 82993
18333 100001 57415 108300
18443 1870 20634 21494
18441 1870 20634 22961
18424 900 40791 40816
18426 560 40737 41179
18427 900 40791 41073
18452 560 20417 20394
18400 100001 57415 66704
18359 100001 57415 96954
18259 400000 107712 178634
18428 1870 40954 41141
17179 1850000 350848 1050327
18429 250 40687 40611
18430 1870 40954 42392
18433 900 40791 40928
18407 100001 57415 70956
18434 900 40791 41088
18435 3160 41176 42048
18437 900 40791 40808
18432 250 40687 43952
13482 10000000 1717440 3914986
18470 560 20417 20398
18438 560 40737 41127
18440 900 40791 40838
18468 10000 21996 23117
18436 10000 42316 44992
18411 10000 42316 70384
18398 100001 57415 86086
18445 3160 41176 41815
18371 100001 57415 100009
18422 250 40687 63990
18439 560 40737 44315
18448 180 40676 40477
18329 100001 57415 136637
18449 560 40737 42348
17459 1850000 350848 837377
15012 10000000 1717440 2731130
18442 560 40737 51875
18450 10000 42316 44655
18457 250 40687 40607
18421 100001 57415 74827
18458 180 40676 40521
18459 900 40791 40983
18455 3160 41176 44946
18460 560 40737 40847
18462 180 40676 40644
18431 100001 57415 62342
18423 100001 57415 75425
18401 100001 57415 93441
18420 100001 57415 77952
18466 180 40676 40409
18464 560 40737 41078
18465 1100 40831 41341
18467 900 40791 41289
18463 3160 41176 43329
18461 3160 41176 44390
18454 560 40737 50453
18469 3160 41176 42052
18471 1870 40954 41274
18473 1100 40831 41026
17863 1850000 350848 523809
18472 10000 42316 45263
18475 1870 40954 41607
18510 180 20356 20727
18476 1870 40954 42065
18480 180 40676 40571
18479 900 40791 41043
18482 560 40737 40741
18477 10000 42316 43485
18481 3160 41176 42631
18484 900 40791 41255
18483 1870 40954 41885
18478 250 40687 45835
18485 180 40676 43565
18486 900 40791 41321
18488 560 40737 40926
18489 900 40791 41061
18490 180 40676 40726
18491 1870 40954 41399
18493 560 40737 40738
18372 100001 57415 135978
18453 100001 57415 71042
18492 1870 40954 43865
18494 250 40687 41079
18500 560 40737 40625
18499 560 40737 41087
18498 1100 40831 41320
18497 900 40791 41521
17502 1850000 350848 831203
18501 180 40676 40655
18446 100001 57415 79886
18502 1870 40954 41228
18503 560 40737 41088
18507 560 40737 40520
18506 1870 40954 41423
18496 180 40676 45652
18511 180 40676 40466
18505 1870 40954 44327
18513 560 40737 40533
18512 560 40737 40950
18504 10000 42316 45509
18515 560 40737 40674
18495 1870 40954 49646
18516 1100 40831 41200
18406 400000 107712 125902
18517 1870 40954 41038
18518 560 40737 40768
18519 560 40737 40701
18538 1870 20634 25464
18520 3160 41176 42098
18524 250 40687 40587
18523 900 40791 41007
18525 250 40687 40574
18526 560 40737 41143
18528 1870 40954 41338
18529 1100 40831 41625
17230 1850000 350848 1076661
18532 1870 40954 41596
18530 900 40791 45536
18521 560 40737 52646
18534 1870 40954 41033
18536 560 40737 40608
18535 900 40791 40798
18539 900 40791 40848
18540 900 40791 40753
18537 3160 41176 42005
18543 1870 40954 40942
18549 250 40687 40423
18546 1870 40954 41808
18544 3160 41176 47017
18550 1870 40954 41546
18553 900 40791 41012
18551 560 40737 42397
18542 180 40676 50554
18590 180 20356 20114
18555 900 40791 41160
18554 10000 42316 43196
18559 900 40791 41296
18560 1100 40831 41201
18548 10000 42316 52823
18563 560 40737 40793
18564 1100 40831 40933
18567 1100 40831 41248
18569 560 40737 40745
18568 1870 40954 41145
18565 180 40676 42824
18562 10000 42316 44235
18572 1870 40954 41733
18514 100001 57415 84685
18573 3160 41176 41852
18566 10000 42316 44717
18602 560 20417 20734
18580 560 40737 40991
18577 10000 42316 44150
18579 1100 40831 44608
18582 10000 42316 44212
18607 250 20367 20181
18574 560 40737 50458
18586 560 40737 41302
18588 1100 40831 42147
18591 900 40791 40734
18593 1100 40831 41083
18587 180 40676 45897
18594 180 40676 40434
18608 10000 21996 27179
18578 900 40791 53952
18598 560 40737 41048
18601 180 40676 40482
18570 10000 42316 61925
18599 180 40676 42698
17844 1850000 350848 632693
18596 10000 42316 45899
17614 1850000 330528 816756
18603 250 40687 40811
18604 900 40791 40688
18592 10000 42316 53190
18571 100001 57415 69271
18585 10000 42316 63503
18606 560 40737 41920
18547 100001 57415 89802
18611 900 40791 41003
18609 1100 40831 42298
18605 10000 42316 46607
18612 1870 40954 41780
18613 180 40676 40807
18615 560 40737 40643
16420 1850000 350848 1764419
18614 900 40791 41232
18616 560 40737 40492
18600 10000 42316 57403
18618 900 40791 40918
18619 560 40737 41634
16650 1850000 350848 1589175
18623 900 40791 40874
18624 560 40737 41040
18625 250 40687 40323
18622 1870 40954 43927
18628 180 40676 40857
18627 560 40737 41568
17558 1850000 350848 883963
18632 1100 40831 40903
18533 100001 57415 114525
18617 560 40737 51710
18629 10000 42316 43778
18666 560 20417 20562
18610 100001 57415 65863
17539 1850000 350848 904741
16622 1850000 350848 1629808
18636 180 40676 42834
18634 560 40737 46075
18640 560 40737 40864
18621 180 40676 61534
18645 900 40791 40751
18643 1100 40831 41577
18669 3160 20856 26167
15956 1850000 350848 2153159
18647 900 40791 41110
18646 900 40791 42706
18650 900 40791 40688
17542 1850000 350848 911372
18653 900 40791 40761
18641 10000 42316 48137
18659 100001 37095 37616
18637 560 40737 50722
18654 1870 40954 42376
18656 900 40791 41154
18658 560 40737 40498
18644 900 40791 50040
18663 560 40737 41190
18660 1870 40954 42412
18527 400000 107712 146184
18657 10000 42316 45243
18664 1870 40954 45253
18670 3160 41176 43210
18674 560 40737 41080
18662 10000 42316 49614
18671 10000 42316 43362
18630 560 40737 74266
18673 180 40676 42558
18675 900 40791 41103
18626 100001 57415 78377
18677 560 40737 40613
18676 1870 40954 41439
18639 10000 42316 65331
17466 1850000 350848 997175
18712 1870 20634 21323
18649 560 40737 64102
18651 10000 42316 63358
18682 900 40791 40878
18684 180 40676 40639
18685 1100 40831 41405
18686 900 40791 40969
18689 180 40676 40409
18690 560 40737 41437
18691 560 40737 41891
18688 10000 42316 43351
18693 560 40737 41116
18681 10000 42316 46949
18694 180 40676 40675
17108 1850000 350848 1302893
18695 3160 41176 42112
18683 1870 40954 47945
18696 180 40676 40516
18699 250 40687 41053
18668 180 40676 62965
18700 1100 40831 41531
17345 1850000 350848 1116011
18648 100001 57415 76944
18698 1870 40954 44012
18701 10000 42316 44957
18680 1100 40831 55954
18704 560 40737 44479
18661 100001 57415 74610
18707 180 40676 40388
18706 900 40791 41916
18709 1100 40831 41339
18745 560 20417 20251
18714 560 40737 40703
18713 1870 40954 41238
18708 3160 41176 42604
18715 1870 40954 41589
18711 1870 40954 43445
18474 400000 107712 219052
18718 1870 40954 41512
18672 100001 57415 75360
18697 560 40737 55384
18719 560 40737 41117
17710 1850000 350848 839310
18710 10000 42316 47493
18703 1870 40954 54636
18721 560 40737 41208
18678 100001 57415 69533
18723 1100 40831 41322
13583 10000000 1717440 4042659
18724 560 40737 40967
18726 900 40791 41052
18727 560 40737 40692
18729 250 40687 40670
18725 900 40791 43874
18732 180 40676 40301
18734 900 40791 40947
18733 1870 40954 41429
18735 3160 41176 42134
18722 560 40737 50142
18736 900 40791 41600
18740 250 40687 40272
18739 1870 40954 41140
18743 900 40791 40940
18746 900 40791 40906
18744 180 40676 41867
18748 3160 41176 42194
18741 10000 42316 45064
18750 900 40791 41062
18737 560 40737 47592
18752 180 40676 40720
18747 900 40791 44727
18753 900 40791 41262
18751 900 40791 41968
18754 900 40791 40795
18679 100001 57415 87981
18757 3160 41176 41356
18756 1870 40954 41845
18759 560 40737 40800
18731 100001 57415 58553
18749 250 40687 50335
18761 250 40687 40605
18760 10000 42316 43024
18763 560 40737 40686
18764 1870 40954 41336
18766 1100 40831 41454
18545 400000 107712 200742
18770 250 40687 40742
18771 560 40737 40682
18705 100001 57415 84455
18692 100001 57415 92716
18769 3160 41176 42436
18775 180 40676 40709
18765 250 40687 45946
18774 900 40791 41941
18768 10000 42316 44310
18772 900 40791 43384
18776 180 40676 41902
18767 3160 41176 47405
18780 250 40687 40550
18779 3160 41176 42079
18576 400000 107712 191777
18784 1100 40831 40991
18778 560 40737 45803
18805 900 20471 20761
18781 10000 42316 44995
18787 560 40737 40660
18786 560 40737 40786
18782 1870 40954 46298
18717 100001 57415 88510
18789 1870 40954 41016
18792 1100 40831 40940
18791 560 40737 41816
18788 900 40791 48444
18794 900 40791 41155
18796 1870 40954 41516
18795 1870 40954 42349
18824 1100 20511 20406
18793 560 40737 44559
18800 180 40676 40455
18799 560 40737 40662
18758 100001 57415 75227
18755 100001 57415 79134
18801 900 40791 41660
18803 1870 40954 41083
18807 250 40687 40418
18806 560 40737 40579
18808 1100 40831 41092
18810 1870 40954 41225
18790 560 40737 57316
18811 560 40737 40536
18812 560 40737 40640
18797 1100 40831 49292
18832 250 20367 20475
18798 10000 42316 48706
17292 1850000 350848 1234755
18814 250 40687 40272
18783 180 40676 68050
18836 560 20417 20500
18802 1100 40831 49162
18816 250 40687 40475
18837 3160 20856 21172
18818 560 40737 40919
18815 3160 41176 42054
18813 1100 40831 44103
18804 10000 42316 49837
18820 180 40676 40774
18822 560 40737 41801
18742 100001 57415 102792
18826 900 40791 42211
18846 3160 20856 21573
18821 1100 40831 49114
18830 1870 40954 41486
18827 10000 42316 46082
18858 180 20356 20243
18825 10000 42316 49109
18833 560 40737 40847
18777 100001 57415 92006
18044 1850000 350848 657047
18835 900 40791 40928
18834 1100 40831 42958
18838 250 40687 40426
17423 1850000 350848 1148802
18762 100001 57415 102972
18869 1870 20634 20864
18840 3160 41176 41971
18842 560 40737 40884
18841 1100 40831 44063
18844 180 40676 40618
18843 10000 42316 43203
18847 1100 40831 41000
18638 400000 107712 193317
18845 10000 42316 43898
18851 1100 40831 41046
18849 560 40737 44084
18850 1100 40831 43578
18855 560 40737 41230
18785 100001 57415 103130
18856 900 40791 41348
18852 1100 40831 44115
18857 560 40737 42221
18859 250 40687 41168
18853 10000 42316 45787
18860 900 40791 43228
18865 3160 41176 41987
18870 180 40676 40663
18871 180 40676 40697
18872 1100 40831 40999
18829 100001 37095 74582
18867 10000 42316 45365
18873 560 40737 40764
18864 10000 42316 48539
18861 180 40676 51602
18875 180 40676 40415
18877 1870 40954 41238
18876 1870 40954 42039
18879 900 40791 41180
18880 1870 40954 41242
18882 3160 41176 41545
18884 560 40737 40956
18890 560 40737 41312
18889 1870 40954 41494
18885 3160 41176 42818
18888 560 40737 42097
18891 1870 40954 41960
18893 900 40791 40704
18817 100001 57415 98225
18894 180 40676 40386
18895 900 40791 41168
18887 250 40687 46438
18896 900 40791 40932
18897 900 40791 41243
18831 100001 57415 89525
18899 180 40676 40348
18900 180 40676 40291
18898 900 40791 41063
18883 560 40737 53293
18901 900 40791 40878
18902 560 40737 40731
18904 180 40676 40965
18906 900 40791 40900
18929 1870 20634 21085
18909 1870 40954 41319
18911 1870 40954 41498
18913 250 40687 40494
18905 1100 40831 47465
18910 900 40791 44862
18917 560 40737 40814
16902 1850000 350848 1615829
18918 1870 40954 41173
18919 3160 41176 42205
18920 250 40687 40859
18922 900 40791 40868
18912 1870 40954 51530
18907 250 40687 55452
18923 900 40791 42125
18924 1100 40831 41168
18926 900 40791 40860
18925 1870 40954 42002
18927 1870 40954 41466
18930 560 40737 40648
18931 1870 40954 41234
18955 560 20417 20624
18933 560 40737 40661
18892 100001 57415 73927
17760 1850000 350848 961321
14376 10000000 1717440 3569901
18487 400000 107712 371386
18936 1870 40954 41675
16986 1850000 330528 1572350
18938 1100 40831 41705
18932 560 40737 48979
18940 1100 40831 41151
18914 100001 57415 69874
18942 560 40737 41545
18937 560 40737 49499
18943 1100 40831 40868
18944 900 40791 41452
18947 560 40737 41110
18941 1100 40831 44278
18945 560 40737 42567
18949 1870 40954 41404
18953 180 40676 40926
18952 1870 40954 41330
18954 560 40737 41383
18956 180 40676 40501
18957 180 40676 40386
18988 900 20471 20344
18959 560 40737 41857
18001 1850000 350848 783700
18961 560 40737 40630
18962 900 40791 40910
18951 560 40737 49117
18963 180 40676 40737
18966 1100 40831 41321
18967 1100 40831 41302
18960 900 40791 45323
18970 250 40687 40454
18969 560 40737 41979
18968 10000 42316 43482
18973 1100 40831 41231
18964 560 40737 46911
18978 1100 40831 40855
18979 180 40676 40732
18980 900 40791 41001
18984 250 40687 40460
18983 1100 40831 41136
18982 560 40737 44064
18130 1850000 350848 696235
18033 1850000 350848 774825
18985 10000 42316 42825
18256 1850000 350848 593973
18986 10000 42316 44536
18994 900 40791 41125
18995 180 40676 40821
18996 1100 40831 41075
18993 180 40676 42902
18981 250 40687 51883
18999 900 40791 41033
18989 10000 42316 47358
18972 560 40737 58176
18948 100001 57415 75853
19003 180 40676 40345
18987 560 40737 49880
19024 560 20417 20387
19005 900 40791 40972
19007 560 40737 40665
19004 10000 42316 46494
18935 100001 57415 96761
19028 900 20471 23900
17596 1850000 350848 1132173
18082 1850000 350848 754541
18975 100001 57415 66565
19011 1870 40954 41309
19014 900 40791 41155
19015 180 40676 40730
19016 560 40737 41114
18874 100001 57415 146692
19010 10000 42316 47845
19017 1870 40954 42603
19019 1870 40954 41664
19020 560 40737 40866
19013 180 40676 44664
19012 10000 42316 47391
19021 560 40737 40917
19051 180 20356 20481
19022 560 40737 40662
17910 1850000 350848 890575
19006 250 40687 60497
19023 1870 40954 41632
19026 560 40737 41051
19025 3160 41176 41779
19018 250 40687 50940
18977 100001 57415 80681
18950 100001 57415 102055
18990 100001 57415 76697
19031 900 40791 40818
19002 100001 57415 70262
19032 180 40676 41444
19033 560 40737 40816
19036 560 40737 40472
19034 1100 40831 41969
19029 10000 42316 49152
19038 1100 40831 41053
19040 560 40737 40914
18971 100001 57415 95531
19041 560 40737 40703
19043 250 40687 40627
18998 100001 57415 79823
19045 560 40737 40757
19047 900 40791 41118
19046 250 40687 41445
17995 1850000 350848 856055
19052 1870 40954 41566
19053 1870 40954 41205
19054 1870 40954 41888
18069 1850000 350848 802571
19056 3160 41176 41512
19058 560 40737 40904
17802 1850000 330528 1024451
19055 1100 40831 43743
19057 3160 41176 41502
19062 560 40737 40645
19063 1100 40831 41171
19064 180 40676 41846
13457 10000000 1717440 4396994
19068 250 40687 40272
19039 10000 42316 61599
19067 900 40791 40834
19060 900 40791 46945
19066 10000 42316 42402
19069 1100 40831 41078
19065 10000 42316 43710
19073 560 40737 40634
19072 900 40791 41011
18105 1850000 350848 784636
19044 560 40737 65145
19075 3160 41176 41806
19071 10000 42316 44569
19108 1870 20634 20543
19078 1100 40831 41340
19081 560 40737 40524
18456 1850000 350848 506931
19082 1870 40954 41650
19086 560 40737 40934
18866 400000 107712 209120
19085 1100 40831 42639
19084 560 40737 42755
19083 560 40737 45710
19122 3160 20856 21355
19093 1100 40831 41147
19076 1100 40831 55206
19092 3160 41176 42702
19090 10000 42316 44171
17825 1850000 350848 1025958
19059 100001 57415 70434
19097 560 40737 40472
19096 1100 40831 41088
19079 10000 42316 55027
18928 400000 107712 172159
19100 900 40791 40951
19103 900 40791 40853
19106 250 40687 41089
12272 10000000 1717440 5365545
19109 900 40791 40799
19112 900 40791 40863
19094 250 40687 51526
19111 1870 40954 41949
19114 900 40791 40824
19116 900 40791 40913
19115 1870 40954 41490
19101 3160 41176 49832
19117 1870 40954 41139
19119 1870 40954 41101
19121 560 40737 41270
19118 10000 42316 42514
19148 560 20417 20536
19061 100001 57415 84061
19120 1870 40954 43408
19124 900 40791 41340
19098 560 40737 56740
19127 180 40676 40271
19126 560 40737 40788
19070 100001 57415 78624
19125 1870 40954 42480
19123 10000 42316 44516
18160 1850000 350848 773527
19128 250 40687 40531
19129 560 40737 40996
19130 1870 40954 41594
19091 180 40676 66448
18939 400000 107712 182932
19087 100001 57415 69641
19131 900 40791 44811
19135 900 40791 41053
19136 560 40737 41067
19137 1870 40954 41053
19138 560 40737 40908
19132 10000 42316 46893
19139 560 40737 41090
15252 10000000 1717440 3050798
19164 900 20471 20519
19144 560 40737 40794
19146 180 40676 40633
19080 100001 57415 86998
19147 1870 40954 42561
19140 10000 42316 50158
19151 900 40791 40930
18958 400000 107712 187293
19153 180 40676 40506
19155 900 40791 40863
19156 1870 40954 42582
19149 180 40676 51012
19158 1870 40954 41337
19154 10000 42316 47083
19150 3160 41176 51493
19160 1870 40954 41094
19161 1100 40831 41621
19163 560 40737 40526
19165 560 40737 40925
19162 10000 42316 44448
19095 100001 57415 94292
19186 10000 21996 26066
19167 1870 40954 41296
19168 900 40791 41034
19169 1870 40954 41505
19170 1100 40831 40947
19171 1100 40831 41335
19188 1870 20634 28092
19175 560 40737 40689
19037 100001 57415 147687
19176 1100 40831 41285
19178 1100 40831 40942
19099 100001 57415 102957
19180 250 40687 40602
19179 560 40737 42465
19143 1870 40954 74557
19173 900 40791 46318
19172 10000 42316 48989
19182 1100 40831 41150
19183 900 40791 40975
19110 100001 57415 99964
19204 900 20471 20690
19181 1870 40954 42587
19177 100001 37095 46732
19185 1100 40831 40953
19187 180 40676 40855
19190 250 40687 40722
19133 100001 57415 93046
19217 1870 20634 20703
19141 100001 57415 90912
18531 1850000 350848 547980
19196 900 40791 40850
19197 900 40791 40859
19113 100001 57415 112163
19042 400000 107712 166291
19199 560 40737 40883
19200 560 40737 41032
17508 1850000 350848 1359390
19201 1100 40831 40950
19198 560 40737 43249
19202 560 40737 40514
19189 560 40737 51726
19194 1870 40954 46588
18055 1850000 350848 931763
19203 560 40737 41083
19035 400000 107712 174392
19233 560 20417 20517
19205 560 40737 40523
18189 1850000 350848 820417
19235 180 20356 20139
19206 10000 42316 42610
19210 900 40791 40861
19157 100001 57415 90745
19212 560 40737 40778
19213 900 40791 41000
19214 900 40791 40855
18238 1850000 350848 785767
19145 180 40676 106520
19218 3160 41176 42538
19219 1870 40954 44063
19220 10000 42316 44130
19223 1870 40954 41419
19224 3160 41176 41889
19221 10000 42316 45614
19226 180 40676 40415
19227 1100 40831 41668
19228 1100 40831 41307
18642 1850000 330528 486273
19230 1870 40954 41054
19184 100001 57415 81009
19229 1100 40831 42267
19232 1100 40831 41039
19231 1870 40954 42170
19234 1870 40954 43681
17637 1850000 350848 1292084
19237 900 40791 40688
19239 900 40791 40851
18114 1850000 350848 911803
19236 10000 42316 46829
19209 100001 57415 70455
19241 10000 42316 46443
19249 560 40737 40762
19246 10000 42316 43782
16762 10000000 1717440 1988193
19009 400000 107712 234613
19250 1870 40954 40905
19251 250 40687 41036
19252 900 40791 40771
17583 1850000 350848 1337229
19255 180 40676 40589
19245 10000 42316 52825
19259 560 40737 40850
19258 1100 40831 41264
19260 560 40737 40870
19257 10000 42316 45025
19243 10000 42316 56073
19240 1870 40954 58501
19263 1100 40831 41686
19265 560 40737 41004
19261 10000 42316 45243
19269 560 40737 40766
19268 560 40737 40964
19267 560 40737 41706
19225 3160 41176 75841
19271 560 40737 40955
19270 3160 41176 42782
19273 560 40737 40765
19207 100001 57415 96425
19278 560 40737 40732
19276 1870 40954 41229
19277 180 40676 41421
19274 900 40791 42878
19279 1870 40954 43307
19105 400000 107712 186285
19282 900 40791 40872
19280 10000 42316 46136
19281 10000 42316 46176
19272 250 40687 53960
19254 100001 57415 70284
19285 560 40737 40914
19284 900 40791 42514
19288 250 40687 41478
19238 100001 57415 87962
19286 10000 42316 44758
19292 1100 40831 41005
12512 10000000 1717440 5323795
19253 1870 40954 81156
18687 1850000 350848 514705
18269 1850000 350848 830331
19291 3160 41176 42861
19295 180 40676 40331
19275 100001 57415 63936
19298 900 40791 40982
19297 3160 41176 41667
19299 560 40737 41358
19302 560 40737 41091
19294 10000 42316 45176
19300 560 40737 42747
19303 900 40791 41078
19301 10000 42316 43286
19305 560 40737 40960
19306 1870 40954 42020
19308 180 40676 40837
19304 560 40737 48303
19309 560 40737 41014
19310 250 40687 40786
19307 10000 42316 46422
19313 560 40737 40795
19314 180 40676 40670
19315 900 40791 40785
19247 100001 57415 104766
17545 1850000 330528 1430163
19311 10000 42316 46165
19317 180 40676 40489
19312 560 40737 47085
19316 1100 40831 41666
19322 560 40737 40803
19321 1100 40831 41151
19324 180 40676 40697
19325 560 40737 40712
19266 100001 57415 95891
19319 180 40676 45391
19320 180 40676 44562
19215 400000 87392 140223
19327 1100 40831 41081
19328 900 40791 41559
18311 1850000 350848 836459
19323 1870 40954 49838
19332 900 40791 40988
19329 10000 42316 44130
19333 560 40737 40610
17869 1850000 350848 1180527
18294 1850000 350848 850783
19334 900 40791 41105
19335 900 40791 41083
19331 10000 42316 47399
19244 100001 57415 128538
19336 250 40687 40781
19337 560 40737 41009
19361 560 20417 20509
19339 560 40737 41197
18194 1850000 350848 931736
19356 1870 20634 25021
19338 10000 42316 48029
19345 560 40737 40747
19343 560 40737 41558
19346 900 40791 41268
19350 1870 40954 41652
19340 250 40687 51184
19348 1870 40954 43601
19353 900 40791 41524
19354 900 40791 41790
19357 560 40737 40684
19358 1870 40954 41555
19360 1870 40954 41248
18655 1850000 350848 598824
19326 100001 57415 76799
19362 250 40687 43759
19364 1870 40954 41646
19355 1100 40831 50720
19368 3160 41176 41438
19372 560 40737 40871
19371 900 40791 40995
19365 10000 42316 45219
19370 250 40687 42031
19373 1100 40831 41045
19374 560 40737 40697
19367 900 40791 44176
19077 400000 87392 293894
19411 3160 20856 20952
19378 560 40737 41021
19363 180 40676 51133
19376 250 40687 42503
19352 560 40737 65261
19383 1870 40954 41026
19385 1870 40954 41744
19389 250 40687 40899
19384 1870 40954 43564
19390 560 40737 40987
19366 900 40791 55811
19391 3160 41176 41820
19382 10000 42316 46488
19392 1870 40954 41107
19387 10000 42316 45484
19396 1870 40954 41229
19399 180 40676 40530
19398 1870 40954 41920
19293 100001 57415 127192
19400 900 40791 40770
19375 10000 42316 54370
19380 900 40791 51493
19428 560 20417 20424
19402 900 40791 41362
19388 1100 40831 49600
19405 560 40737 41233
17117 1850000 350848 1854249
19408 900 40791 41429
19410 560 40737 40568
19406 3160 41176 42698
19397 560 40737 50747
19403 1870 40954 48957
19351 100001 57415 85045
19416 560 40737 40773
19414 3160 41176 41915
19418 900 40791 41143
19415 560 40737 42559
19441 1100 20511 20646
19412 560 40737 45301
19445 250 20367 20214
19422 180 40676 40307
19421 250 40687 42819
19409 900 40791 50366
19425 1100 40831 41154
19377 10000 42316 69954
19088 400000 107712 316479
19427 180 40676 40499
19404 560 40737 57075
19369 100001 57415 79687
19395 10000 42316 66401
19429 3160 41176 41585
19379 100001 57415 77091
19430 560 40737 40786
19262 400000 107712 186861
19433 560 40737 40552
19435 900 40791 40857
19436 900 40791 41061
19456 900 20471 21336
19359 100001 57415 98230
19437 1100 40831 41000
15728 1850000 350848 2932319
19439 560 40737 40835
19438 1870 40954 41637
19443 560 40737 40605
19442 560 40737 40885
19431 10000 42316 47476
19446 1100 40831 41048
19440 10000 42316 44022
19448 560 40737 40911
19449 560 40737 40645
19450 900 40791 40835
19451 250 40687 40620
19452 560 40737 41798
19417 100001 57415 72274
19444 560 40737 52730
19426 100001 57415 70081
19458 560 40737 40841
19460 900 40791 40896
19461 250 40687 40551
19432 100001 57415 65728
19464 1100 40831 41014
19465 900 40791 41297
19467 560 40737 40883
19471 250 40687 40311
14508 10000000 1717440 3902152
19470 1870 40954 41746
19468 3160 41176 42546
19459 1100 40831 50649
19497 560 20417 20556
19474 1870 40954 41464
19477 560 40737 40472
19476 1870 40954 41029
19287 400000 107712 193294
19447 100001 57415 66813
19413 100001 57415 95096
19462 10000 42316 51056
19479 560 40737 40817
18375 1850000 350848 901098
19480 560 40737 40532
18172 1850000 350848 1061418
19472 180 40676 49634
19482 560 40737 41037
19318 400000 107712 171776
19484 900 40791 40947
19420 100001 57415 95461
19001 1850000 350848 440252
19509 180 20356 26083
19513 10000 21996 23111
19481 1870 40954 46342
19485 560 40737 40620
19524 560 20417 20383
19489 180 40676 40319
19490 180 40676 40698
19493 560 40737 41015
19492 1870 40954 41435
19494 250 40687 40619
19496 1100 40831 41017
19532 1100 20511 20643
19495 1870 40954 42026
19499 900 40791 40884
19486 250 40687 48454
19498 1870 40954 41630
19500 560 40737 40824
19488 10000 42316 48134
19503 180 40676 40335
19502 560 40737 40623
19487 180 40676 50279
19506 900 40791 41001
19504 1870 40954 41301
19424 100001 57415 107810
19508 250 40687 41131
19512 900 40791 40807
19510 3160 41176 41273
17623 1850000 350848 1527799
19515 1870 40954 41060
19517 560 40737 40814
19519 1870 40954 41596
14565 10000000 1717440 3895170
19473 100001 57415 75222
19521 250 40687 40515
19523 180 40676 41030
19526 1870 40954 41084
19514 560 40737 46324
19527 3160 41176 41951
19531 560 40737 40515
19529 1870 40954 41470
19528 10000 42316 43907
19533 560 40737 41093
19534 900 40791 40963
19522 1870 40954 49481
19536 900 40791 41321
19530 900 40791 46237
19540 560 40737 40715
18561 1850000 350848 802717
19542 3160 41176 41681
19466 100001 57415 94600
19538 10000 42316 45771
19501 100001 57415 69524
19544 560 40737 40718
19543 560 40737 41086
19545 250 40687 40451
19454 100001 57415 110026
19347 400000 107712 189256
19548 1870 40954 41869
19537 10000 42316 54305
19550 1100 40831 41246
19505 100001 57415 76268
19578 180 20356 20161
19547 10000 42316 45023
19551 900 40791 40941
19483 100001 57415 92907
19546 560 40737 47924
19552 900 40791 41618
19554 560 40737 40548
19579 560 20417 20392
19453 100001 57415 121137
19556 250 40687 40722
19557 560 40737 41168
19507 100001 57415 80204
14275 10000000 1717440 4151315
19549 3160 41176 45867
19541 10000 42316 58711
19585 180 20356 21622
19558 10000 42316 44689
18595 1850000 350848 800324
19563 180 40676 40684
19520 100001 57415 74345
19564 560 40737 40695
19560 560 40737 43740
19565 180 40676 40611
19475 100001 57415 111357
19569 900 40791 40779
18908 1850000 350848 576004
19570 560 40737 40757
19571 560 40737 40862
19572 900 40791 40861
19576 560 40737 40472
19575 560 40737 40955
19561 180 40676 55179
19580 180 40676 40727
19577 10000 42316 43728
19582 560 40737 40879
19584 1100 40831 41181
19583 1100 40831 41848
19607 250 20367 20424
19586 180 40676 43247
19588 1100 40831 41316
19593 560 40737 40793
19594 560 40737 40959
19596 560 40737 40802
19595 3160 41176 41893
19581 560 40737 52627
19599 1870 40954 41074
19598 3160 41176 41932
19591 560 40737 45485
19601 560 40737 41023
19590 1100 40831 49069
19592 10000 42316 51104
19602 900 40791 43864
19605 560 40737 40539
19600 560 40737 48571
19608 1870 40954 41072
19606 10000 42316 43304
19609 3160 41176 42266
14383 10000000 1717440 4108632
19612 560 40737 40696
13590 10000000 1717440 4740110
19614 560 40737 41010
19616 560 40737 40721
19615 900 40791 41369
19342 400000 107712 252725
19613 10000 42316 44479
19617 900 40791 40758
19611 10000 42316 45983
19618 900 40791 40954
19620 900 40791 41109
19621 1870 40954 41661
18667 1850000 350848 793357
19623 560 40737 40669
19624 900 40791 41085
19622 1870 40954 41301
19597 1100 40831 67401
19434 400000 107712 192746
19626 250 40687 40386
19625 3160 41176 41927
19610 10000 42316 55411
19627 560 40737 40756
19628 560 40737 40908
19555 100001 57415 104093
19632 900 40791 41144
19568 100001 57415 96962
19661 1870 20634 20710
19633 560 40737 40617
19635 180 40676 40408
18558 1850000 350848 889869
19634 560 40737 42529
19589 100001 57415 85383
19639 1100 40831 40949
19640 900 40791 41147
19641 1100 40831 41515
19642 560 40737 41395
19637 10000 42316 43866
19644 560 40737 40787
19645 560 40737 40664
19646 560 40737 41604
19652 560 40737 40628
19629 100001 37095 60945
19651 900 40791 41388
19655 250 40687 40742
19656 900 40791 41523
19657 1100 40831 41774
19654 10000 42316 44281
19658 250 40687 43080
19663 250 40687 40696
19664 1100 40831 41146
19659 10000 42316 44584
18575 1850000 350848 902715
19660 10000 42316 46251
19667 560 40737 41118
19666 180 40676 44483
19668 560 40737 41053
19670 560 40737 40866
19669 1870 40954 41309
19603 100001 57415 100742
18881 1850000 350848 677058
19674 1870 40954 41524
19699 3160 20856 20846
19675 560 40737 40848
19631 100001 57415 81169
19677 900 40791 40876
19676 900 40791 41500
19678 250 40687 40861
19679 180 40676 40538
19671 180 40676 52447
19681 560 40737 41097
19455 400000 107712 227270
19649 100001 57415 70455
19685 1870 40954 41055
19684 1870 40954 41574
19690 560 40737 40634
19689 900 40791 41193
19682 10000 42316 45251
18620 1850000 350848 889478
19694 560 40737 41046
19697 180 40676 40536
19693 180 40676 42102
19686 1870 40954 49591
19619 100001 57415 108124
19692 10000 42316 44650
19630 100001 37095 100235
19636 100001 57415 92657
19700 900 40791 40901
19698 10000 42316 44446
19469 400000 107712 231775
19703 900 40791 40910
19535 400000 107712 187838
19705 180 40676 41064
19706 180 40676 41800
19707 1870 40954 41436
19712 560 40737 40605
19740 3160 20856 20814
19736 3160 20856 22851
19680 900 40791 66910
19711 180 40676 42915
19701 10000 42316 53540
19672 100001 57415 82354
19716 1870 40954 41233
19653 100001 57415 95014
19717 900 40791 40923
19718 1100 40831 43635
19673 100001 57415 86369
19710 560 40737 50246
19721 900 40791 40960
19722 1870 40954 41422
19720 560 40737 43623
19723 560 40737 41153
19719 10000 42316 44005
19724 560 40737 42911
19708 900 40791 55964
19727 1870 40954 41126
19729 560 40737 40830
19730 1870 40954 41027
19763 900 20471 20639
19733 250 40687 41055
19738 180 40676 40424
19735 180 40676 40971
19737 250 40687 40808
19687 3160 41176 82159
19728 10000 42316 44953
18276 1850000 330528 1188580
19734 10000 42316 44302
19709 100001 57415 64476
19726 10000 42316 50720
19741 1870 40954 41229
19742 180 40676 40748
19743 900 40791 40914
15677 10000000 1717440 3221899
19747 250 40687 40734
19748 560 40737 40654
19749 250 40687 40672
19752 560 40737 41176
19683 100001 57415 94791
19754 900 40791 41138
19756 1100 40831 41074
19757 180 40676 41005
19760 560 40737 41158
19759 900 40791 43517
19746 560 40737 51901
19798 560 20417 20460
19761 10000 42316 44985
19739 900 40791 59763
19765 900 40791 40688
19725 100001 57415 69296
19803 1870 20634 20729
19771 560 40737 40808
19770 1100 40831 42101
19767 10000 42316 44719
19773 560 40737 40973
19758 10000 42316 54234
19775 180 40676 41095
19776 1870 40954 41583
19778 1870 40954 41210
19780 250 40687 40666
19779 560 40737 41412
19777 560 40737 42885
19715 100001 57415 92046
19784 250 40687 41627
19781 1870 40954 45016
19788 900 40791 41253
19789 560 40737 40708
19786 560 40737 43857
19714 180 40676 97375
19782 10000 42316 45194
19790 560 40737 40641
19787 3160 41176 44709
19792 900 40791 41073
19750 100001 57415 69285
19731 100001 57415 82168
19793 900 40791 41478
19800 1100 40831 41144
19825 560 20417 20529
19796 180 40676 43324
19791 10000 42316 46191
19799 10000 42316 44460
19804 560 40737 42495
19794 250 40687 46515
19806 250 40687 41185
19783 1100 40831 54422
19810 560 40737 40552
19811 180 40676 40383
19785 10000 42316 58244
19807 180 40676 43547
19815 900 40791 41123
19814 1870 40954 41861
19812 560 40737 42776
19818 250 40687 40770
19774 900 40791 67019
19801 180 40676 52883
19766 100001 57415 74496
19816 10000 42316 44064
19821 1100 40831 42484
19822 900 40791 41585
19813 180 40676 48817
19823 900 40791 41406
19809 10000 42316 52403
19848 10000 21996 24726
19824 3160 41176 42944
19768 100001 57415 81577
19817 900 40791 52384
19802 560 40737 64073
19713 400000 107712 126804
19826 10000 42316 45607
19829 1100 40831 42577
19866 900 20471 20371
19830 1870 40954 42413
19762 100001 57415 93899
19835 560 40737 40639
16044 10000000 1697120 3011801
18976 1850000 350848 732920
19832 10000 42316 44638
19839 180 40676 40294
19562 400000 107712 263126
19843 560 40737 40894
19842 1870 40954 41367
19844 180 40676 40317
19805 900 40791 73400
19833 10000 42316 49976
19850 560 40737 40539
19847 3160 41176 41840
19808 100001 57415 71204
19831 1870 40954 52375
19852 180 40676 40488
19846 560 40737 43694
19851 900 40791 41217
18702 1850000 350848 948270
19856 900 40791 40752
19858 250 40687 40694
19855 560 40737 41294
19854 1870 40954 41763
19857 1870 40954 41366
19859 900 40791 41023
19849 1100 40831 47032
19860 560 40737 40773
19861 560 40737 40752
19853 10000 42316 46521
18903 1850000 350848 805078
19862 900 40791 41144
19863 560 40737 40633
19688 400000 107712 169680
19864 180 40676 41112
19865 900 40791 40938
19868 900 40791 40822
19872 560 40737 40888
19820 100001 57415 82292
19874 1100 40831 41978
19876 560 40737 40693
19879 900 40791 40756
19875 10000 42316 44383
19880 560 40737 40867
19881 180 40676 40722
19906 10000 21996 23978
19884 560 40737 40546
19885 560 40737 41293
19888 180 40676 40257
19887 900 40791 41507
19882 180 40676 45595
19890 560 40737 40908
19892 900 40791 41384
19893 1870 40954 41043
19922 1870 20634 21168
19897 560 40737 40817
19896 560 40737 40863
19894 1870 40954 41617
19889 1870 40954 45740
19899 250 40687 40381
19871 560 40737 58474
19900 1100 40831 41129
19650 400000 107712 224610
19898 10000 42316 46884
15979 10000000 1717440 3104507
19904 560 40737 40549
19902 560 40737 46196
19907 180 40676 40228
19845 100001 57415 83794
19911 1100 40831 41173
19910 1100 40831 41862
19912 1100 40831 41067
19909 10000 42316 43117
19913 900 40791 40714
19908 10000 42316 44300
19916 180 40676 40644
19838 100001 57415 91911
19914 180 40676 42270
19918 1100 40831 40986
19919 1100 40831 41296
19920 900 40791 40708
19921 180 40676 40375
19923 180 40676 40353
19924 560 40737 40742
19665 400000 107712 234522
19925 180 40676 40260
19891 560 40737 64969
19928 1100 40831 41079
19930 250 40687 40382
19927 1870 40954 42289
19834 100001 57415 104489
19932 560 40737 40898
19931 900 40791 41765
19948 180 20356 20251
19953 900 20471 20550
19828 100001 57415 114192
19935 180 40676 40316
19745 400000 107712 171964
19934 900 40791 40956
19937 560 40737 40785
19933 1100 40831 46144
19939 250 40687 40675
18273 1850000 350848 1330458
19877 100001 57415 88036
19938 10000 42316 45147
19915 1870 40954 64253
19941 10000 42316 45088
19942 180 40676 40422
19929 10000 42316 59562
19943 560 40737 41306
19976 560 20417 20690
19947 560 40737 40775
19946 1870 40954 41196
19950 560 40737 40568
19566 400000 107712 340592
19945 10000 42316 43953
19952 560 40737 41120
19951 1870 40954 42263
19954 180 40676 40721
19957 1870 40954 41464
19959 900 40791 40836
19960 560 40737 41011
19949 10000 42316 45711
19961 1870 40954 41406
19958 10000 42316 44080
19955 560 40737 45237
19956 10000 42316 45790
19963 3160 41176 44704
19883 100001 57415 104099
15332 10000000 1717440 3653729
19968 180 40676 40888
19753 400000 107712 195518
19970 900 40791 43125
11670 10000000 1717440 6531820
19966 10000 42316 47046
19973 900 40791 41105
19974 180 40676 40343
19969 560 40737 44993
19994 10000 21996 24661
19979 560 40737 41038
19980 1100 40831 41444
19981 560 40737 40908
19962 900 40791 58121
19978 10000 42316 45836
19983 560 40737 40684
19972 1100 40831 49922
19984 1100 40831 41454
19985 900 40791 41748
19926 100001 57415 90908
18541 1850000 350848 1166825
19982 10000 42316 44372
19936 100001 57415 82392
19986 560 40737 41102
19903 100001 57415 107083
19989 560 40737 40770
19992 250 40687 41101
19993 1870 40954 41202
19987 900 40791 45749
19996 1100 40831 41022
19990 10000 42316 44438
19999 250 40687 40565
19944 100001 57415 79243
19917 100001 57415 107488
19995 1100 40831 44916
19991 250 40687 47420
19965 100001 57415 72483
19027 1850000 350848 824263
19977 560 40737 75553
19827 400000 107712 197419
19988 100001 57415 83422
18103 1850000 350848 1565952
19030 1850000 350848 855700
19283 1850000 350848 661699
19695 400000 107712 324644
19049 1850000 350848 861384
19819 400000 107712 246117
19290 1850000 350848 664697
15672 10000000 1717440 3485748
19256 1850000 350848 711496
19895 400000 107712 206668
14151 10000000 1717440 4680972
19967 400000 107712 159477
15531 10000000 1717440 3644631
19539 1850000 350848 521930
18597 1850000 350848 1261725
19869 400000 107712 279377
13633 10000000 1717440 5147850
18921 1850000 350848 1058361
19998 400000 107712 216378
19192 1850000 350848 859618
19971 400000 107712 242827
18854 1850000 350848 1129647
14149 10000000 1717440 4781219
13607 10000000 1717440 5214386
19344 1850000 350848 750829
18974 1850000 350848 1065656
19648 1850000 350848 546901
19491 1850000 350848 716998
17235 10000000 1717440 2505995
19516 1850000 350848 709268
19208 1850000 350848 961743
18633 1850000 330528 1409154
19647 1850000 350848 617113
19296 1850000 350848 911397
19696 1850000 350848 624980
19102 1850000 350848 1125067
19134 1850000 350848 1112499
18720 1850000 350848 1424295
17300 10000000 1717440 2555290
19751 1850000 350848 618854
19222 1850000 350848 1068093
19264 1850000 350848 1045624
19242 1850000 350848 1072286
19553 1850000 350848 827686
18368 1850000 350848 1754474
17136 10000000 1717440 2760346
19772 1850000 350848 684501
19559 1850000 350848 873677
18828 1850000 350848 1493792
19341 1850000 350848 1078222
19795 1850000 350848 727192
13673 10000000 1717440 5523178
15665 10000000 1717440 3994358
19407 1850000 350848 1089924
19901 1850000 350848 717747
16439 10000000 1717440 3439104
14662 10000000 1717440 4805647
18584 1850000 350848 1768169
19643 1850000 350848 934975
19873 1850000 350848 796563
17236 10000000 1717440 2882924
11839 10000000 1717440 7091406
19142 1850000 350848 1410275
16069 10000000 1717440 3802211
18300 10000000 1717440 2067883
13967 10000000 1717440 5450963
16339 10000000 1717440 3658518
18509 1850000 350848 1959352
19691 1850000 350848 1051983
16152 1850000 350848 3863994
19744 1850000 350848 1038312
14865 10000000 1717440 4853295
19836 1850000 350848 995184
14996 10000000 1717440 4789983
19401 1850000 350848 1375467
16033 10000000 1697120 4050746
10747 10000000 1717440 8206600
13230 10000000 1717440 6287386
19870 1850000 350848 1125131
19386 1850000 350848 1529407
18367 10000000 1697120 2388538
16298 10000000 1717440 4035090
19463 1850000 350848 1546779
15435 10000000 1717440 4706722
17060 10000000 1717440 3490161
18773 1850000 350848 2138325
19997 1850000 350848 1242922
15742 10000000 1717440 4567314
14673 10000000 1717440 5487480
17198 10000000 1717440 3586972
12026 30000000 5071040 7638389
19704 1850000 350848 1656519
17312 10000000 1717440 3561578
17107 10000000 1717440 3754087
13824 30000000 5071040 6268581
19840 1850000 350848 1603153
18589 1850000 350848 2600673
18146 10000000 1697120 2943481
19518 1850000 350848 1931148
19886 1850000 350848 1691879
10475 10000000 1717440 9053738
15453 10000000 1717440 5272207
17653 10000000 1717440 3604760
14747 10000000 1717440 5937906
17840 10000000 1717440 3606298
13377 10000000 1717440 7108028
14528 10000000 1717440 6272388
18185 10000000 1717440 3428371
17241 10000000 1717440 4196485
14602 10000000 1717440 6236653
14147 10000000 1717440 6623817
10102 10000000 1717440 9804149
15574 10000000 1717440 5561909
14874 10000000 1717440 6092740
18965 1850000 350848 3007612
13809 10000000 1717440 7059505
14067 10000000 1717440 6877697
11702 30000000 5071040 8811319
15203 10000000 1717440 6096840
13172 10000000 1717440 7706013
17239 10000000 1717440 4566512
16277 10000000 1717440 5320789
11204 10000000 1717440 9364356
17501 10000000 1717440 4482353
19764 10000000 1697120 2729639
17427 10000000 1717440 4598420
17644 10000000 1717440 4479801
11788 10000000 1717440 9055551
15300 10000000 1717440 6344803
17495 10000000 1717440 4652492
17868 10000000 1717440 4369648
19104 10000000 1717440 3438037
17453 10000000 1717440 4736757
10299 30000000 5071040 10336740
17228 10000000 1717440 4983046
16929 10000000 1717440 5285272
17518 10000000 1717440 4860638
16050 10000000 1717440 6024826
19419 10000000 1697120 3416059
16460 10000000 1717440 5811265
10706 10000000 1717440 10321808
16875 10000000 1717440 5536500
19248 10000000 1717440 3749571
15260 10000000 1717440 6849989
19457 10000000 1717440 3630613
16832 10000000 1717440 5731406
16817 10000000 1717440 5755999
18716 10000000 1717440 4277551
13733 10000000 1717440 8213652
19000 10000000 1717440 4218559
13218 10000000 1717440 8734219
18127 10000000 1717440 4915949
18451 10000000 1717440 4684986
17020 10000000 1717440 5881410
18508 10000000 1717440 4733044
14059 30000000 5071040 8213875
16951 10000000 1717440 6011525
14661 30000000 5071040 7852292
18159 10000000 1697120 5192669
17748 10000000 1717440 5553764
15079 10000000 1717440 7614738
15562 30000000 5050720 7283530
16419 10000000 1717440 6646018
15015 30000000 5071040 7773059
19573 10000000 1717440 4236802
19878 10000000 1717440 4036684
10805 30000000 5071040 11186189
17294 10000000 1717440 6158120
15169 10000000 1717440 8014620
19478 10000000 1717440 4696434
19089 10000000 1717440 5028146
18915 10000000 1717440 5190266
14504 30000000 5071040 8611976
17166 10000000 1717440 6649998
17927 10000000 1717440 6066367
17821 10000000 1717440 6161166
10170 30000000 5071040 12234239
10647 10000000 1717440 11906601
13546 30000000 5071040 9679804
14822 10000000 1717440 8722118
13713 10000000 1717440 9618118
13297 10000000 1717440 10118186
19195 10000000 1717440 5534232
19423 10000000 1717440 5383437
19159 10000000 1717440 5633524
19702 10000000 1717440 5241142
18730 10000000 1717440 6123106
17223 10000000 1717440 7380431
12979 30000000 5071040 10698491
12283 30000000 5071040 11429677
19732 10000000 1717440 5614559
19381 10000000 1717440 5936319
10136 30000000 5071040 13173563
19769 10000000 1717440 5684729
19587 10000000 1717440 5836971
15924 10000000 1717440 8718605
11577 10000000 1717440 12215912
16560 30000000 5071040 8772069
18848 10000000 1717440 7054651
17187 30000000 5071040 8684287
14302 30000000 5071040 10988365
18868 10000000 1717440 7585943
12345 30000000 5071040 12685036
14959 30000000 5071040 10875267
19975 10000000 1717440 7107732
13703 30000000 5071040 12063242
13342 30000000 5050720 12390857
10735 10000000 1717440 14429950
10408 30000000 5071040 14792387
13578 30000000 5071040 12364221
15190 30000000 5071040 11131359
15335 30000000 5071040 11021571
18132 30000000 5071040 8904315
15445 30000000 5071040 11048321
18147 30000000 5071040 9003990
19048 30000000 5071040 8461908
18425 10000000 1717440 9095417
16211 30000000 5071040 10858767
17678 30000000 5071040 9741712
16316 10000000 1717440 11047831
19662 10000000 1717440 8577172
17968 10000000 1717440 9964029
12836 30000000 5071040 13984971
10748 30000000 5071040 15630499
10038 30000000 5071040 16212208
19166 30000000 5071040 9134794
10485 30000000 5071040 15899966
16221 30000000 5071040 11454935
13981 30000000 5071040 13179205
13396 30000000 5071040 13687488
18738 30000000 5071040 9645153
13794 30000000 5071040 13645642
17058 30000000 5071040 11201535
18063 30000000 5071040 10429341
16599 30000000 5071040 11606413
12849 30000000 5071040 14613266
15026 30000000 5071040 12947842
14236 30000000 5071040 13656968
19867 30000000 5071040 9287233
19152 30000000 5071040 9888519
19511 30000000 5071040 9873393
18728 30000000 5071040 10520805
16302 30000000 5071040 12437921
15568 30000000 5071040 13171763
19393 30000000 5071040 10200937
15547 30000000 5071040 13391784
19940 10000000 1717440 9966321
15674 10000000 1717440 13311124
17168 30000000 5071040 12328046
18193 30000000 5071040 11519852
19008 30000000 5071040 11380415
18991 10000000 1717440 11421484
12999 10000000 1717440 16098452
17979 30000000 5071040 12400934
15529 30000000 5071040 14603590
12990 30000000 5071040 16720594
11580 30000000 5071040 17869363
18292 30000000 5071040 12629649
18886 30000000 5071040 12192426
14985 30000000 5071040 15324635
15497 10000000 1717440 15013617
15106 30000000 5071040 15346552
15233 30000000 5071040 15311973
17552 30000000 5071040 13703479
17301 30000000 5071040 13914732
17807 30000000 5071040 13757912
13253 30000000 5071040 17451528
19964 30000000 5071040 12364980
17281 30000000 5071040 14834961
10212 100000000 16788320 20506429
19394 30000000 5071040 13617819
16278 30000000 5071040 16094735
17299 30000000 5071040 15524132
15972 30000000 5071040 16815319
11215 100000000 16808640 20870303
19574 30000000 5071040 14975078
14349 30000000 5071040 19132498
14547 30000000 5071040 19157712
12190 30000000 5071040 21095578
19330 10000000 1717440 15615910
12676 30000000 5071040 20960110
17566 30000000 5071040 17670539
18583 30000000 5071040 16910285
18168 30000000 5071040 17237746
16753 30000000 5071040 18508193
18522 30000000 5071040 17274606
14111 100000000 16808640 20912931
11583 30000000 5071040 23035561
14744 30000000 5071040 21058610
10863 30000000 5071040 24199594
16256 30000000 5071040 20056825
13207 100000000 16808640 22883241
14680 30000000 5071040 21804703
19525 30000000 5071040 18054685
19755 30000000 5071040 18032781
19050 30000000 5071040 18667450
18301 30000000 5071040 19688193
18184 30000000 5071040 20176935
12821 100000000 16808640 24731391
11877 30000000 5071040 25847377
16891 30000000 5071040 22708969
16019 30000000 5071040 23712249
17841 30000000 5071040 22408725
16541 100000000 16808640 23543412
18283 100000000 16808640 22362545
10542 100000000 16808640 28653644
11291 100000000 16808640 28264438
19837 10000000 1717440 21806321
12235 100000000 16808640 28045681
17074 100000000 16808640 24601105
12449 100000000 16808640 28456677
16742 100000000 16808640 25405182
12651 30000000 5071040 28588756
18557 100000000 16808640 24211382
15250 100000000 16808640 27002957
10270 100000000 16808640 31071938
19905 100000000 16808640 23596117
10464 100000000 16808640 31651351
19349 30000000 5071040 25260388
12192 100000000 16808640 30982996
10468 100000000 16808640 32787682
18652 100000000 16808640 26818173
19841 100000000 16808640 26394537
12148 100000000 16808640 32645132
13630 100000000 16808640 31622052
15495 100000000 16808640 30438883
10769 100000000 16808640 34152386
10320 100000000 16808640 34727615
15875 100000000 16808640 30550560
16308 100000000 16808640 31388307
16730 100000000 16808640 31136462
16185 100000000 16808640 31580628
18809 100000000 16808640 30009827
18839 100000000 16808640 29981941
10668 100000000 16808640 36378091
18373 100000000 16808640 30381043
10806 100000000 16808640 36445093
12645 100000000 16808640 35133506
16958 100000000 16808640 31909285
10217 100000000 16808640 37399806
10993 100000000 16808640 37567660
12956 100000000 16808640 36151897
19193 100000000 16808640 31541211
15275 100000000 16808640 34638383
18916 100000000 16808640 32191664
18274 30000000 5071040 32990089
12684 100000000 16808640 37508623
10712 100000000 16788320 39113632
16899 100000000 16808640 35129724
13984 100000000 16808640 37404932
15160 100000000 16808640 36674557
11963 100000000 16808640 39923927
14624 100000000 16808640 38082038
17097 100000000 16808640 36244537
13569 100000000 16808640 38977018
18365 30000000 5071040 35278338
10266 100000000 16808640 42018007
10426 100000000 16808640 41980195
13459 100000000 16808640 39896581
17751 100000000 16808640 37203780
12637 100000000 16808640 41198708
18074 100000000 16808640 37630633
19174 100000000 16808640 36954387
15288 100000000 16808640 40436033
18556 100000000 16808640 37902864
17174 100000000 16808640 39193161
17057 100000000 16808640 39354708
11929 100000000 16808640 43741038
18934 100000000 16808640 38339269
16684 100000000 16808640 41002728
18339 100000000 16808640 39804787
19567 100000000 16808640 39131547
13190 100000000 16808640 44316200
15785 100000000 16808640 42367841
12940 100000000 16808640 44664263
12977 100000000 16808640 46668987
13640 250000000 41940320 46322783
17457 100000000 16808640 44002943
13365 100000000 16808640 48192784
17382 100000000 16808640 45162409
16726 30000000 5071040 47058711
11987 100000000 16808640 51260326
14836 100000000 16808640 49063074
15246 100000000 16808640 48803198
17053 100000000 16788320 47576669
19074 100000000 16808640 46271879
11803 250000000 41960640 53004726
12602 250000000 41960640 52517289
11094 100000000 16808640 54210811
17621 30000000 5071040 49271499
14477 100000000 16808640 52862892
15942 100000000 16808640 51965819
19211 100000000 16788320 49508073
19638 250000000 41960640 49415866
13699 100000000 16808640 54172062
12179 250000000 41960640 55401934
15793 100000000 16808640 53881827
17543 100000000 16808640 52939596
17487 100000000 16808640 53113184
19289 100000000 16808640 51851429
10841 100000000 16808640 61109760
19191 250000000 41960640 54871898
10601 100000000 16808640 63209596
13675 100000000 16808640 61874068
18878 100000000 16808640 58798936
15637 100000000 16808640 61895624
12456 100000000 16808640 64853484
15375 100000000 16808640 63901698
13391 250000000 41940320 65530695
12396 250000000 41960640 67623231
18175 30000000 5071040 63230379
10553 100000000 16808640 69316911
18552 100000000 16808640 63332425
15036 100000000 16808640 66649128
17340 250000000 41960640 66076747
15115 100000000 16808640 68127477
17722 250000000 41960640 66129535
15609 250000000 41960640 67791499
18581 250000000 41960640 65917651
18819 100000000 16808640 66171965
16965 250000000 41960640 67664038
12506 250000000 41960640 71898800
16917 250000000 41960640 68991217
11072 100000000 16808640 73919237
15537 250000000 41960640 71138885
16907 100000000 16808640 70344534
17372 250000000 41960640 71051902
12263 250000000 41960640 75545101
16794 100000000 16808640 72369903
13033 250000000 41960640 75600759
10430 250000000 41960640 78692735
16788 100000000 16808640 74465488
13053 250000000 41960640 77940494
18330 250000000 41960640 74183321
13179 100000000 16808640 79702382
18665 100000000 16808640 75698398
14167 100000000 16808640 80254179
18188 250000000 41960640 77534081
16546 100000000 16808640 79480877
12871 250000000 41960640 83297157
17079 250000000 41960640 80559219
10684 250000000 41960640 88138841
13438 100000000 16808640 86494562
14660 250000000 41960640 86515107
11821 250000000 41960640 91424088
19216 250000000 41960640 86458181
13988 250000000 41960640 91032270
11282 250000000 41960640 96296551
18447 250000000 41960640 91310541
16099 250000000 41960640 95108880
18631 250000000 41960640 93537919
14393 250000000 41960640 97162535
10371 250000000 41960640 106016941
19604 250000000 41960640 101592099
17169 250000000 41960640 107367044
19797 100000000 16808640 106452086
15446 250000000 41960640 111383026
15259 250000000 41960640 115229090
18997 250000000 41960640 114387530
17697 250000000 41960640 119083347
14538 250000000 41960640 123622081
18444 250000000 41960640 126828893
14984 250000000 41960640 130229670
16177 250000000 41960640 131772617
14157 100000000 16808640 133354681
10888 250000000 41960640 136039488
18946 250000000 41960640 161224584
10404 1000000000 167720640 189247261
10002 1000000000 167720640 196032638
12388 1000000000 167720640 198297438
16840 1000000000 167720640 196200636
17540 1000000000 167720640 196137521
18863 1000000000 167720640 199328136
18992 1000000000 167720640 200080078
13467 1000000000 167720640 211059622
13868 1000000000 167720640 211343108
18823 1000000000 167720640 210591885
17906 1000000000 167720640 215835565
16132 1000000000 167720640 219814703
12927 250000000 41960640 223715319
10723 1000000000 167720640 233927521
12256 1000000000 167720640 234550962
18862 1000000000 167720640 229537600
14145 1000000000 167700320 234246556
13995 1000000000 167720640 235069079
15603 1000000000 167720640 238945716
14713 1000000000 167720640 250461441
14961 1000000000 167720640 256054693
12167 1000000000 167720640 258734643
13395 1000000000 167720640 258315267
15768 250000000 41960640 281814596
18635 1000000000 167720640 309138590
16558 1000000000 167720640 348760151
14794 1000000000 167720640 353842434
12544 1000000000 167720640 365374527
10316 1000000000 167720640 369036783
15132 1000000000 167720640 372387501
11006 1000000000 167720640 381163749
15954 1000000000 167720640 378993049
14567 1000000000 167720640 387925252
11361 1000000000 167720640 392588482
16621 1000000000 167720640 389339269
10360 1000000000 167720640 394332919
14040 1000000000 167720640 394449843
12896 1000000000 167720640 402825178
15688 1000000000 167720640 404149106
12411 1000000000 167720640 584177425
17740 1000000000 167720640 590936230
19107 1000000000 167720640 590543930
