1 2 0.000 1000000
1 0 0.000 1000000
2 3 0.000 1000000
2 4 0.000 1000000
2 5 0.000 1000000
2 6 0.000 1000000
2 7 0.000 1000000
2 8 0.000 1000000
2 9 0.000 1000000
2 10 0.000 1000000
2 11 0.000 1000000
2 12 0.000 1000000
2 1 0.000 1000000
1 2 0.000 1010000
1 0 0.000 1010000
2 3 0.000 1010000
2 4 0.000 1010000
2 5 0.000 1010000
2 6 0.000 1010000
2 7 0.000 1010000
2 8 0.000 1010000
2 9 0.000 1010000
2 10 0.000 1010000
2 11 0.000 1010000
2 12 0.000 1010000
2 1 0.000 1010000
1 2 0.000 1020000
1 0 0.000 1020000
2 3 0.000 1020000
2 4 0.000 1020000
2 5 0.000 1020000
2 6 0.000 1020000
2 7 0.000 1020000
2 8 0.000 1020000
2 9 0.000 1020000
2 10 0.000 1020000
2 11 0.000 1020000
2 12 0.000 1020000
2 1 0.000 1020000
1 2 0.000 1030000
1 0 0.000 1030000
2 3 0.000 1030000
2 4 0.000 1030000
2 5 0.000 1030000
2 6 0.000 1030000
2 7 0.000 1030000
2 8 0.000 1030000
2 9 0.000 1030000
2 10 0.000 1030000
2 11 0.000 1030000
2 12 0.000 1030000
2 1 0.000 1030000
1 2 0.000 1040000
1 0 0.000 1040000
2 3 0.000 1040000
2 4 0.000 1040000
2 5 0.000 1040000
2 6 0.000 1040000
2 7 0.000 1040000
2 8 0.000 1040000
2 9 0.000 1040000
2 10 0.000 1040000
2 11 0.000 1040000
2 12 0.000 1040000
2 1 0.000 1040000
1 2 0.000 1050000
1 0 0.000 1050000
2 3 0.000 1050000
2 4 0.000 1050000
2 5 0.000 1050000
2 6 0.000 1050000
2 7 0.000 1050000
2 8 0.000 1050000
2 9 0.000 1050000
2 10 0.000 1050000
2 11 0.000 1050000
2 12 0.000 1050000
2 1 0.000 1050000
1 2 0.000 1060000
1 0 0.000 1060000
2 3 0.000 1060000
2 4 0.000 1060000
2 5 0.000 1060000
2 6 0.000 1060000
2 7 0.000 1060000
2 8 0.000 1060000
2 9 0.000 1060000
2 10 0.000 1060000
2 11 0.000 1060000
2 12 0.000 1060000
2 1 0.000 1060000
1 2 0.000 1070000
1 0 0.000 1070000
2 3 0.000 1070000
2 4 0.000 1070000
2 5 0.000 1070000
2 6 0.000 1070000
2 7 0.000 1070000
2 8 0.000 1070000
2 9 0.000 1070000
2 10 0.000 1070000
2 11 0.000 1070000
2 12 0.000 1070000
2 1 0.000 1070000
1 2 0.000 1080000
1 0 0.000 1080000
2 3 0.000 1080000
2 4 0.000 1080000
2 5 0.000 1080000
2 6 0.000 1080000
2 7 0.000 1080000
2 8 0.000 1080000
2 9 0.000 1080000
2 10 0.000 1080000
2 11 0.000 1080000
2 12 0.000 1080000
2 1 0.000 1080000
1 2 0.000 1090000
1 0 0.000 1090000
2 3 0.000 1090000
2 4 0.000 1090000
2 5 0.000 1090000
2 6 0.000 1090000
2 7 0.000 1090000
2 8 0.000 1090000
2 9 0.000 1090000
2 10 0.000 1090000
2 11 0.000 1090000
2 12 0.000 1090000
2 1 0.000 1090000
1 2 0.000 1100000
1 0 0.000 1100000
2 3 0.000 1100000
2 4 0.000 1100000
2 5 0.000 1100000
2 6 0.000 1100000
2 7 0.000 1100000
2 8 0.000 1100000
2 9 0.000 1100000
2 10 0.000 1100000
2 11 0.000 1100000
2 12 0.000 1100000
2 1 0.000 1100000
1 2 0.000 1110000
1 0 0.000 1110000
2 3 0.000 1110000
2 4 0.000 1110000
2 5 0.000 1110000
2 6 0.000 1110000
2 7 0.000 1110000
2 8 0.000 1110000
2 9 0.000 1110000
2 10 0.000 1110000
2 11 0.000 1110000
2 12 0.000 1110000
2 1 0.000 1110000
1 2 0.000 1120000
1 0 0.000 1120000
2 3 0.000 1120000
2 4 0.000 1120000
2 5 0.000 1120000
2 6 0.000 1120000
2 7 0.000 1120000
2 8 0.000 1120000
2 9 0.000 1120000
2 10 0.000 1120000
2 11 0.000 1120000
2 12 0.000 1120000
2 1 0.000 1120000
1 2 0.000 1130000
1 0 0.000 1130000
2 3 0.000 1130000
2 4 0.000 1130000
2 5 0.000 1130000
2 6 0.000 1130000
2 7 0.000 1130000
2 8 0.000 1130000
2 9 0.000 1130000
2 10 0.000 1130000
2 11 0.000 1130000
2 12 0.000 1130000
2 1 0.000 1130000
1 2 0.000 1140000
1 0 0.000 1140000
2 3 0.000 1140000
2 4 0.000 1140000
2 5 0.000 1140000
2 6 0.000 1140000
2 7 0.000 1140000
2 8 0.000 1140000
2 9 0.000 1140000
2 10 0.000 1140000
2 11 0.000 1140000
2 12 0.000 1140000
2 1 0.000 1140000
1 2 0.000 1150000
1 0 0.000 1150000
2 3 0.000 1150000
2 4 0.000 1150000
2 5 0.000 1150000
2 6 0.000 1150000
2 7 0.000 1150000
2 8 0.000 1150000
2 9 0.000 1150000
2 10 0.000 1150000
2 11 0.000 1150000
2 12 0.000 1150000
2 1 0.000 1150000
1 2 0.000 1160000
1 0 0.000 1160000
2 3 0.000 1160000
2 4 0.000 1160000
2 5 0.000 1160000
2 6 0.000 1160000
2 7 0.000 1160000
2 8 0.000 1160000
2 9 0.000 1160000
2 10 0.000 1160000
2 11 0.000 1160000
2 12 0.000 1160000
2 1 0.000 1160000
1 2 0.000 1170000
1 0 0.000 1170000
2 3 0.000 1170000
2 4 0.000 1170000
2 5 0.000 1170000
2 6 0.000 1170000
2 7 0.000 1170000
2 8 0.000 1170000
2 9 0.000 1170000
2 10 0.000 1170000
2 11 0.000 1170000
2 12 0.000 1170000
2 1 0.000 1170000
1 2 0.000 1180000
1 0 0.000 1180000
2 3 0.000 1180000
2 4 0.000 1180000
2 5 0.000 1180000
2 6 0.000 1180000
2 7 0.000 1180000
2 8 0.000 1180000
2 9 0.000 1180000
2 10 0.000 1180000
2 11 0.000 1180000
2 12 0.000 1180000
2 1 0.000 1180000
1 2 0.000 1190000
1 0 0.000 1190000
2 3 0.000 1190000
2 4 0.000 1190000
2 5 0.000 1190000
2 6 0.000 1190000
2 7 0.000 1190000
2 8 0.000 1190000
2 9 0.000 1190000
2 10 0.000 1190000
2 11 0.000 1190000
2 12 0.000 1190000
2 1 0.000 1190000
1 2 0.000 1200000
1 0 0.000 1200000
2 3 0.000 1200000
2 4 0.000 1200000
2 5 0.000 1200000
2 6 0.000 1200000
2 7 0.000 1200000
2 8 0.000 1200000
2 9 0.000 1200000
2 10 0.000 1200000
2 11 0.000 1200000
2 12 0.000 1200000
2 1 0.000 1200000
1 2 0.000 1210000
1 0 0.000 1210000
2 3 0.000 1210000
2 4 0.000 1210000
2 5 0.000 1210000
2 6 0.000 1210000
2 7 0.000 1210000
2 8 0.000 1210000
2 9 0.000 1210000
2 10 0.000 1210000
2 11 0.000 1210000
2 12 0.000 1210000
2 1 0.000 1210000
1 2 0.000 1220000
1 0 0.000 1220000
2 3 0.000 1220000
2 4 0.000 1220000
2 5 0.000 1220000
2 6 0.000 1220000
2 7 0.000 1220000
2 8 0.000 1220000
2 9 0.000 1220000
2 10 0.000 1220000
2 11 0.000 1220000
2 12 0.000 1220000
2 1 0.000 1220000
1 2 0.000 1230000
1 0 0.000 1230000
2 3 0.000 1230000
2 4 0.000 1230000
2 5 0.000 1230000
2 6 0.000 1230000
2 7 0.000 1230000
2 8 0.000 1230000
2 9 0.000 1230000
2 10 0.000 1230000
2 11 0.000 1230000
2 12 0.000 1230000
2 1 0.000 1230000
1 2 0.000 1240000
1 0 0.000 1240000
2 3 0.000 1240000
2 4 0.000 1240000
2 5 0.000 1240000
2 6 0.000 1240000
2 7 0.000 1240000
2 8 0.000 1240000
2 9 0.000 1240000
2 10 0.000 1240000
2 11 0.000 1240000
2 12 0.000 1240000
2 1 0.000 1240000
1 2 0.000 1250000
1 0 0.000 1250000
2 3 0.000 1250000
2 4 0.000 1250000
2 5 0.000 1250000
2 6 0.000 1250000
2 7 0.000 1250000
2 8 0.000 1250000
2 9 0.000 1250000
2 10 0.000 1250000
2 11 0.000 1250000
2 12 0.000 1250000
2 1 0.000 1250000
1 2 0.000 1260000
1 0 0.000 1260000
2 3 0.000 1260000
2 4 0.000 1260000
2 5 0.000 1260000
2 6 0.000 1260000
2 7 0.000 1260000
2 8 0.000 1260000
2 9 0.000 1260000
2 10 0.000 1260000
2 11 0.000 1260000
2 12 0.000 1260000
2 1 0.000 1260000
1 2 0.000 1270000
1 0 0.000 1270000
2 3 0.000 1270000
2 4 0.000 1270000
2 5 0.000 1270000
2 6 0.000 1270000
2 7 0.000 1270000
2 8 0.000 1270000
2 9 0.000 1270000
2 10 0.000 1270000
2 11 0.000 1270000
2 12 0.000 1270000
2 1 0.000 1270000
1 2 0.000 1280000
1 0 0.000 1280000
2 3 0.000 1280000
2 4 0.000 1280000
2 5 0.000 1280000
2 6 0.000 1280000
2 7 0.000 1280000
2 8 0.000 1280000
2 9 0.000 1280000
2 10 0.000 1280000
2 11 0.000 1280000
2 12 0.000 1280000
2 1 0.000 1280000
1 2 0.000 1290000
1 0 0.000 1290000
2 3 0.000 1290000
2 4 0.000 1290000
2 5 0.000 1290000
2 6 0.000 1290000
2 7 0.000 1290000
2 8 0.000 1290000
2 9 0.000 1290000
2 10 0.000 1290000
2 11 0.000 1290000
2 12 0.000 1290000
2 1 0.000 1290000
1 2 0.000 1300000
1 0 0.000 1300000
2 3 0.000 1300000
2 4 0.000 1300000
2 5 0.000 1300000
2 6 0.000 1300000
2 7 0.000 1300000
2 8 0.000 1300000
2 9 0.000 1300000
2 10 0.000 1300000
2 11 0.000 1300000
2 12 0.000 1300000
2 1 0.000 1300000
1 2 0.000 1310000
1 0 0.000 1310000
2 3 0.000 1310000
2 4 0.000 1310000
2 5 0.000 1310000
2 6 0.000 1310000
2 7 0.000 1310000
2 8 0.000 1310000
2 9 0.000 1310000
2 10 0.000 1310000
2 11 0.000 1310000
2 12 0.000 1310000
2 1 0.000 1310000
1 2 0.000 1320000
1 0 0.000 1320000
2 3 0.000 1320000
2 4 0.000 1320000
2 5 0.000 1320000
2 6 0.000 1320000
2 7 0.000 1320000
2 8 0.000 1320000
2 9 0.000 1320000
2 10 0.000 1320000
2 11 0.000 1320000
2 12 0.000 1320000
2 1 0.000 1320000
1 2 0.000 1330000
1 0 0.000 1330000
2 3 0.000 1330000
2 4 0.000 1330000
2 5 0.000 1330000
2 6 0.000 1330000
2 7 0.000 1330000
2 8 0.000 1330000
2 9 0.000 1330000
2 10 0.000 1330000
2 11 0.000 1330000
2 12 0.000 1330000
2 1 0.000 1330000
1 2 0.000 1340000
1 0 0.000 1340000
2 3 0.000 1340000
2 4 0.000 1340000
2 5 0.000 1340000
2 6 0.000 1340000
2 7 0.000 1340000
2 8 0.000 1340000
2 9 0.000 1340000
2 10 0.000 1340000
2 11 0.000 1340000
2 12 0.000 1340000
2 1 0.000 1340000
1 2 0.000 1350000
1 0 0.000 1350000
2 3 0.000 1350000
2 4 0.000 1350000
2 5 0.000 1350000
2 6 0.000 1350000
2 7 0.000 1350000
2 8 0.000 1350000
2 9 0.000 1350000
2 10 0.000 1350000
2 11 0.000 1350000
2 12 0.000 1350000
2 1 0.000 1350000
1 2 0.000 1360000
1 0 0.000 1360000
2 3 0.000 1360000
2 4 0.000 1360000
2 5 0.000 1360000
2 6 0.000 1360000
2 7 0.000 1360000
2 8 0.000 1360000
2 9 0.000 1360000
2 10 0.000 1360000
2 11 0.000 1360000
2 12 0.000 1360000
2 1 0.000 1360000
1 2 0.000 1370000
1 0 0.000 1370000
2 3 0.000 1370000
2 4 0.000 1370000
2 5 0.000 1370000
2 6 0.000 1370000
2 7 0.000 1370000
2 8 0.000 1370000
2 9 0.000 1370000
2 10 0.000 1370000
2 11 0.000 1370000
2 12 0.000 1370000
2 1 0.000 1370000
1 2 0.000 1380000
1 0 0.000 1380000
2 3 0.000 1380000
2 4 0.000 1380000
2 5 0.000 1380000
2 6 0.000 1380000
2 7 0.000 1380000
2 8 0.000 1380000
2 9 0.000 1380000
2 10 0.000 1380000
2 11 0.000 1380000
2 12 0.000 1380000
2 1 0.000 1380000
1 2 0.000 1390000
1 0 0.000 1390000
2 3 0.000 1390000
2 4 0.000 1390000
2 5 0.000 1390000
2 6 0.000 1390000
2 7 0.000 1390000
2 8 0.000 1390000
2 9 0.000 1390000
2 10 0.000 1390000
2 11 0.000 1390000
2 12 0.000 1390000
2 1 0.000 1390000
1 2 0.000 1400000
1 0 0.000 1400000
2 3 0.000 1400000
2 4 0.000 1400000
2 5 0.000 1400000
2 6 0.000 1400000
2 7 0.000 1400000
2 8 0.000 1400000
2 9 0.000 1400000
2 10 0.000 1400000
2 11 0.000 1400000
2 12 0.000 1400000
2 1 0.000 1400000
1 2 0.000 1410000
1 0 0.000 1410000
2 3 0.000 1410000
2 4 0.000 1410000
2 5 0.000 1410000
2 6 0.000 1410000
2 7 0.000 1410000
2 8 0.000 1410000
2 9 0.000 1410000
2 10 0.000 1410000
2 11 0.000 1410000
2 12 0.000 1410000
2 1 0.000 1410000
1 2 0.000 1420000
1 0 0.000 1420000
2 3 0.000 1420000
2 4 0.000 1420000
2 5 0.000 1420000
2 6 0.000 1420000
2 7 0.000 1420000
2 8 0.000 1420000
2 9 0.000 1420000
2 10 0.000 1420000
2 11 0.000 1420000
2 12 0.000 1420000
2 1 0.000 1420000
1 2 0.000 1430000
1 0 0.000 1430000
2 3 0.000 1430000
2 4 0.000 1430000
2 5 0.000 1430000
2 6 0.000 1430000
2 7 0.000 1430000
2 8 0.000 1430000
2 9 0.000 1430000
2 10 0.000 1430000
2 11 0.000 1430000
2 12 0.000 1430000
2 1 0.000 1430000
1 2 0.000 1440000
1 0 0.000 1440000
2 3 0.000 1440000
2 4 0.000 1440000
2 5 0.000 1440000
2 6 0.000 1440000
2 7 0.000 1440000
2 8 0.000 1440000
2 9 0.000 1440000
2 10 0.000 1440000
2 11 0.000 1440000
2 12 0.000 1440000
2 1 0.000 1440000
1 2 0.000 1450000
1 0 0.000 1450000
2 3 0.000 1450000
2 4 0.000 1450000
2 5 0.000 1450000
2 6 0.000 1450000
2 7 0.000 1450000
2 8 0.000 1450000
2 9 0.000 1450000
2 10 0.000 1450000
2 11 0.000 1450000
2 12 0.000 1450000
2 1 0.000 1450000
1 2 0.000 1460000
1 0 0.000 1460000
2 3 0.000 1460000
2 4 0.000 1460000
2 5 0.000 1460000
2 6 0.000 1460000
2 7 0.000 1460000
2 8 0.000 1460000
2 9 0.000 1460000
2 10 0.000 1460000
2 11 0.000 1460000
2 12 0.000 1460000
2 1 0.000 1460000
1 2 0.000 1470000
1 0 0.000 1470000
2 3 0.000 1470000
2 4 0.000 1470000
2 5 0.000 1470000
2 6 0.000 1470000
2 7 0.000 1470000
2 8 0.000 1470000
2 9 0.000 1470000
2 10 0.000 1470000
2 11 0.000 1470000
2 12 0.000 1470000
2 1 0.000 1470000
1 2 0.000 1480000
1 0 0.000 1480000
2 3 0.000 1480000
2 4 0.000 1480000
2 5 0.000 1480000
2 6 0.000 1480000
2 7 0.000 1480000
2 8 0.000 1480000
2 9 0.000 1480000
2 10 0.000 1480000
2 11 0.000 1480000
2 12 0.000 1480000
2 1 0.000 1480000
1 2 0.000 1490000
1 0 0.000 1490000
2 3 0.000 1490000
2 4 0.000 1490000
2 5 0.000 1490000
2 6 0.000 1490000
2 7 0.000 1490000
2 8 0.000 1490000
2 9 0.000 1490000
2 10 0.000 1490000
2 11 0.000 1490000
2 12 0.000 1490000
2 1 0.000 1490000
1 2 0.000 1500000
1 0 0.000 1500000
2 3 0.000 1500000
2 4 0.000 1500000
2 5 0.000 1500000
2 6 0.000 1500000
2 7 0.000 1500000
2 8 0.000 1500000
2 9 0.000 1500000
2 10 0.000 1500000
2 11 0.000 1500000
2 12 0.000 1500000
2 1 0.000 1500000
1 2 0.000 1510000
1 0 0.000 1510000
2 3 0.000 1510000
2 4 0.000 1510000
2 5 0.000 1510000
2 6 0.000 1510000
2 7 0.000 1510000
2 8 0.000 1510000
2 9 0.000 1510000
2 10 0.000 1510000
2 11 0.000 1510000
2 12 0.000 1510000
2 1 0.000 1510000
1 2 0.000 1520000
1 0 0.000 1520000
2 3 0.000 1520000
2 4 0.000 1520000
2 5 0.000 1520000
2 6 0.000 1520000
2 7 0.000 1520000
2 8 0.000 1520000
2 9 0.000 1520000
2 10 0.000 1520000
2 11 0.000 1520000
2 12 0.000 1520000
2 1 0.000 1520000
1 2 0.000 1530000
1 0 0.000 1530000
2 3 0.000 1530000
2 4 0.000 1530000
2 5 0.000 1530000
2 6 0.000 1530000
2 7 0.000 1530000
2 8 0.000 1530000
2 9 0.000 1530000
2 10 0.000 1530000
2 11 0.000 1530000
2 12 0.000 1530000
2 1 0.000 1530000
1 2 0.000 1540000
1 0 0.000 1540000
2 3 0.000 1540000
2 4 0.000 1540000
2 5 0.000 1540000
2 6 0.000 1540000
2 7 0.000 1540000
2 8 0.000 1540000
2 9 0.000 1540000
2 10 0.000 1540000
2 11 0.000 1540000
2 12 0.000 1540000
2 1 0.000 1540000
1 2 0.000 1550000
1 0 0.000 1550000
2 3 0.000 1550000
2 4 0.000 1550000
2 5 0.000 1550000
2 6 0.000 1550000
2 7 0.000 1550000
2 8 0.000 1550000
2 9 0.000 1550000
2 10 0.000 1550000
2 11 0.000 1550000
2 12 0.000 1550000
2 1 0.000 1550000
1 2 0.000 1560000
1 0 0.000 1560000
2 3 0.000 1560000
2 4 0.000 1560000
2 5 0.000 1560000
2 6 0.000 1560000
2 7 0.000 1560000
2 8 0.000 1560000
2 9 0.000 1560000
2 10 0.000 1560000
2 11 0.000 1560000
2 12 0.000 1560000
2 1 0.000 1560000
1 2 0.000 1570000
1 0 0.000 1570000
2 3 0.000 1570000
2 4 0.000 1570000
2 5 0.000 1570000
2 6 0.000 1570000
2 7 0.000 1570000
2 8 0.000 1570000
2 9 0.000 1570000
2 10 0.000 1570000
2 11 0.000 1570000
2 12 0.000 1570000
2 1 0.000 1570000
1 2 0.000 1580000
1 0 0.000 1580000
2 3 0.000 1580000
2 4 0.000 1580000
2 5 0.000 1580000
2 6 0.000 1580000
2 7 0.000 1580000
2 8 0.000 1580000
2 9 0.000 1580000
2 10 0.000 1580000
2 11 0.000 1580000
2 12 0.000 1580000
2 1 0.000 1580000
1 2 0.000 1590000
1 0 0.000 1590000
2 3 0.000 1590000
2 4 0.000 1590000
2 5 0.000 1590000
2 6 0.000 1590000
2 7 0.000 1590000
2 8 0.000 1590000
2 9 0.000 1590000
2 10 0.000 1590000
2 11 0.000 1590000
2 12 0.000 1590000
2 1 0.000 1590000
1 2 0.000 1600000
1 0 0.000 1600000
2 3 0.000 1600000
2 4 0.000 1600000
2 5 0.000 1600000
2 6 0.000 1600000
2 7 0.000 1600000
2 8 0.000 1600000
2 9 0.000 1600000
2 10 0.000 1600000
2 11 0.000 1600000
2 12 0.000 1600000
2 1 0.000 1600000
1 2 0.000 1610000
1 0 0.000 1610000
2 3 0.000 1610000
2 4 0.000 1610000
2 5 0.000 1610000
2 6 0.000 1610000
2 7 0.000 1610000
2 8 0.000 1610000
2 9 0.000 1610000
2 10 0.000 1610000
2 11 0.000 1610000
2 12 0.000 1610000
2 1 0.000 1610000
1 2 0.000 1620000
1 0 0.000 1620000
2 3 0.000 1620000
2 4 0.000 1620000
2 5 0.000 1620000
2 6 0.000 1620000
2 7 0.000 1620000
2 8 0.000 1620000
2 9 0.000 1620000
2 10 0.000 1620000
2 11 0.000 1620000
2 12 0.000 1620000
2 1 0.000 1620000
1 2 0.000 1630000
1 0 0.000 1630000
2 3 0.000 1630000
2 4 0.000 1630000
2 5 0.000 1630000
2 6 0.000 1630000
2 7 0.000 1630000
2 8 0.000 1630000
2 9 0.000 1630000
2 10 0.000 1630000
2 11 0.000 1630000
2 12 0.000 1630000
2 1 0.000 1630000
1 2 0.000 1640000
1 0 0.000 1640000
2 3 0.000 1640000
2 4 0.000 1640000
2 5 0.000 1640000
2 6 0.000 1640000
2 7 0.000 1640000
2 8 0.000 1640000
2 9 0.000 1640000
2 10 0.000 1640000
2 11 0.000 1640000
2 12 0.000 1640000
2 1 0.000 1640000
1 2 0.000 1650000
1 0 0.000 1650000
2 3 0.000 1650000
2 4 0.000 1650000
2 5 0.000 1650000
2 6 0.000 1650000
2 7 0.000 1650000
2 8 0.000 1650000
2 9 0.000 1650000
2 10 0.000 1650000
2 11 0.000 1650000
2 12 0.000 1650000
2 1 0.000 1650000
1 2 0.000 1660000
1 0 0.000 1660000
2 3 0.000 1660000
2 4 0.000 1660000
2 5 0.000 1660000
2 6 0.000 1660000
2 7 0.000 1660000
2 8 0.000 1660000
2 9 0.000 1660000
2 10 0.000 1660000
2 11 0.000 1660000
2 12 0.000 1660000
2 1 0.000 1660000
1 2 0.000 1670000
1 0 0.000 1670000
2 3 0.000 1670000
2 4 0.000 1670000
2 5 0.000 1670000
2 6 0.000 1670000
2 7 0.000 1670000
2 8 0.000 1670000
2 9 0.000 1670000
2 10 0.000 1670000
2 11 0.000 1670000
2 12 0.000 1670000
2 1 0.000 1670000
1 2 0.000 1680000
1 0 0.000 1680000
2 3 0.000 1680000
2 4 0.000 1680000
2 5 0.000 1680000
2 6 0.000 1680000
2 7 0.000 1680000
2 8 0.000 1680000
2 9 0.000 1680000
2 10 0.000 1680000
2 11 0.000 1680000
2 12 0.000 1680000
2 1 0.000 1680000
1 2 0.000 1690000
1 0 0.000 1690000
2 3 0.000 1690000
2 4 0.000 1690000
2 5 0.000 1690000
2 6 0.000 1690000
2 7 0.000 1690000
2 8 0.000 1690000
2 9 0.000 1690000
2 10 0.000 1690000
2 11 0.000 1690000
2 12 0.000 1690000
2 1 0.000 1690000
1 2 0.000 1700000
1 0 0.000 1700000
2 3 0.000 1700000
2 4 0.000 1700000
2 5 0.000 1700000
2 6 0.000 1700000
2 7 0.000 1700000
2 8 0.000 1700000
2 9 0.000 1700000
2 10 0.000 1700000
2 11 0.000 1700000
2 12 0.000 1700000
2 1 0.000 1700000
1 2 0.000 1710000
1 0 0.000 1710000
2 3 0.000 1710000
2 4 0.000 1710000
2 5 0.000 1710000
2 6 0.000 1710000
2 7 0.000 1710000
2 8 0.000 1710000
2 9 0.000 1710000
2 10 0.000 1710000
2 11 0.000 1710000
2 12 0.000 1710000
2 1 0.000 1710000
1 2 0.000 1720000
1 0 0.000 1720000
2 3 0.000 1720000
2 4 0.000 1720000
2 5 0.000 1720000
2 6 0.000 1720000
2 7 0.000 1720000
2 8 0.000 1720000
2 9 0.000 1720000
2 10 0.000 1720000
2 11 0.000 1720000
2 12 0.000 1720000
2 1 0.000 1720000
1 2 0.000 1730000
1 0 0.000 1730000
2 3 0.000 1730000
2 4 0.000 1730000
2 5 0.000 1730000
2 6 0.000 1730000
2 7 0.000 1730000
2 8 0.000 1730000
2 9 0.000 1730000
2 10 0.000 1730000
2 11 0.000 1730000
2 12 0.000 1730000
2 1 0.000 1730000
1 2 0.000 1740000
1 0 0.000 1740000
2 3 0.000 1740000
2 4 0.000 1740000
2 5 0.000 1740000
2 6 0.000 1740000
2 7 0.000 1740000
2 8 0.000 1740000
2 9 0.000 1740000
2 10 0.000 1740000
2 11 0.000 1740000
2 12 0.000 1740000
2 1 0.000 1740000
1 2 0.000 1750000
1 0 0.000 1750000
2 3 0.000 1750000
2 4 0.000 1750000
2 5 0.000 1750000
2 6 0.000 1750000
2 7 0.000 1750000
2 8 0.000 1750000
2 9 0.000 1750000
2 10 0.000 1750000
2 11 0.000 1750000
2 12 0.000 1750000
2 1 0.000 1750000
1 2 0.000 1760000
1 0 0.000 1760000
2 3 0.000 1760000
2 4 0.000 1760000
2 5 0.000 1760000
2 6 0.000 1760000
2 7 0.000 1760000
2 8 0.000 1760000
2 9 0.000 1760000
2 10 0.000 1760000
2 11 0.000 1760000
2 12 0.000 1760000
2 1 0.000 1760000
1 2 0.000 1770000
1 0 0.000 1770000
2 3 0.000 1770000
2 4 0.000 1770000
2 5 0.000 1770000
2 6 0.000 1770000
2 7 0.000 1770000
2 8 0.000 1770000
2 9 0.000 1770000
2 10 0.000 1770000
2 11 0.000 1770000
2 12 0.000 1770000
2 1 0.000 1770000
1 2 0.000 1780000
1 0 0.000 1780000
2 3 0.000 1780000
2 4 0.000 1780000
2 5 0.000 1780000
2 6 0.000 1780000
2 7 0.000 1780000
2 8 0.000 1780000
2 9 0.000 1780000
2 10 0.000 1780000
2 11 0.000 1780000
2 12 0.000 1780000
2 1 0.000 1780000
1 2 0.000 1790000
1 0 0.000 1790000
2 3 0.000 1790000
2 4 0.000 1790000
2 5 0.000 1790000
2 6 0.000 1790000
2 7 0.000 1790000
2 8 0.000 1790000
2 9 0.000 1790000
2 10 0.000 1790000
2 11 0.000 1790000
2 12 0.000 1790000
2 1 0.000 1790000
1 2 0.000 1800000
1 0 0.000 1800000
2 3 0.000 1800000
2 4 0.000 1800000
2 5 0.000 1800000
2 6 0.000 1800000
2 7 0.000 1800000
2 8 0.000 1800000
2 9 0.000 1800000
2 10 0.000 1800000
2 11 0.000 1800000
2 12 0.000 1800000
2 1 0.000 1800000
1 2 0.000 1810000
1 0 0.000 1810000
2 3 0.000 1810000
2 4 0.000 1810000
2 5 0.000 1810000
2 6 0.000 1810000
2 7 0.000 1810000
2 8 0.000 1810000
2 9 0.000 1810000
2 10 0.000 1810000
2 11 0.000 1810000
2 12 0.000 1810000
2 1 0.000 1810000
1 2 0.000 1820000
1 0 0.000 1820000
2 3 0.000 1820000
2 4 0.000 1820000
2 5 0.000 1820000
2 6 0.000 1820000
2 7 0.000 1820000
2 8 0.000 1820000
2 9 0.000 1820000
2 10 0.000 1820000
2 11 0.000 1820000
2 12 0.000 1820000
2 1 0.000 1820000
1 2 0.000 1830000
1 0 0.000 1830000
2 3 0.000 1830000
2 4 0.000 1830000
2 5 0.000 1830000
2 6 0.000 1830000
2 7 0.000 1830000
2 8 0.000 1830000
2 9 0.000 1830000
2 10 0.000 1830000
2 11 0.000 1830000
2 12 0.000 1830000
2 1 0.000 1830000
1 2 0.000 1840000
1 0 0.000 1840000
2 3 0.000 1840000
2 4 0.000 1840000
2 5 0.000 1840000
2 6 0.000 1840000
2 7 0.000 1840000
2 8 0.000 1840000
2 9 0.000 1840000
2 10 0.000 1840000
2 11 0.000 1840000
2 12 0.000 1840000
2 1 0.000 1840000
1 2 0.000 1850000
1 0 0.000 1850000
2 3 0.000 1850000
2 4 0.000 1850000
2 5 0.000 1850000
2 6 0.000 1850000
2 7 0.000 1850000
2 8 0.000 1850000
2 9 0.000 1850000
2 10 0.000 1850000
2 11 0.000 1850000
2 12 0.000 1850000
2 1 0.000 1850000
1 2 0.000 1860000
1 0 0.000 1860000
2 3 0.000 1860000
2 4 0.000 1860000
2 5 0.000 1860000
2 6 0.000 1860000
2 7 0.000 1860000
2 8 0.000 1860000
2 9 0.000 1860000
2 10 0.000 1860000
2 11 0.000 1860000
2 12 0.000 1860000
2 1 0.000 1860000
1 2 0.000 1870000
1 0 0.000 1870000
2 3 0.000 1870000
2 4 0.000 1870000
2 5 0.000 1870000
2 6 0.000 1870000
2 7 0.000 1870000
2 8 0.000 1870000
2 9 0.000 1870000
2 10 0.000 1870000
2 11 0.000 1870000
2 12 0.000 1870000
2 1 0.000 1870000
1 2 0.000 1880000
1 0 0.000 1880000
2 3 0.000 1880000
2 4 0.000 1880000
2 5 0.000 1880000
2 6 0.000 1880000
2 7 0.000 1880000
2 8 0.000 1880000
2 9 0.000 1880000
2 10 0.000 1880000
2 11 0.000 1880000
2 12 0.000 1880000
2 1 0.000 1880000
1 2 0.000 1890000
1 0 0.000 1890000
2 3 0.000 1890000
2 4 0.000 1890000
2 5 0.000 1890000
2 6 0.000 1890000
2 7 0.000 1890000
2 8 0.000 1890000
2 9 0.000 1890000
2 10 0.000 1890000
2 11 0.000 1890000
2 12 0.000 1890000
2 1 0.000 1890000
1 2 0.000 1900000
1 0 0.000 1900000
2 3 0.000 1900000
2 4 0.000 1900000
2 5 0.000 1900000
2 6 0.000 1900000
2 7 0.000 1900000
2 8 0.000 1900000
2 9 0.000 1900000
2 10 0.000 1900000
2 11 0.000 1900000
2 12 0.000 1900000
2 1 0.000 1900000
1 2 0.000 1910000
1 0 0.000 1910000
2 3 0.000 1910000
2 4 0.000 1910000
2 5 0.000 1910000
2 6 0.000 1910000
2 7 0.000 1910000
2 8 0.000 1910000
2 9 0.000 1910000
2 10 0.000 1910000
2 11 0.000 1910000
2 12 0.000 1910000
2 1 0.000 1910000
1 2 0.000 1920000
1 0 0.000 1920000
2 3 0.000 1920000
2 4 0.000 1920000
2 5 0.000 1920000
2 6 0.000 1920000
2 7 0.000 1920000
2 8 0.000 1920000
2 9 0.000 1920000
2 10 0.000 1920000
2 11 0.000 1920000
2 12 0.000 1920000
2 1 0.000 1920000
1 2 0.000 1930000
1 0 0.000 1930000
2 3 0.000 1930000
2 4 0.000 1930000
2 5 0.000 1930000
2 6 0.000 1930000
2 7 0.000 1930000
2 8 0.000 1930000
2 9 0.000 1930000
2 10 0.000 1930000
2 11 0.000 1930000
2 12 0.000 1930000
2 1 0.000 1930000
1 2 0.000 1940000
1 0 0.000 1940000
2 3 0.000 1940000
2 4 0.000 1940000
2 5 0.000 1940000
2 6 0.000 1940000
2 7 0.000 1940000
2 8 0.000 1940000
2 9 0.000 1940000
2 10 0.000 1940000
2 11 0.000 1940000
2 12 0.000 1940000
2 1 0.000 1940000
1 2 0.000 1950000
1 0 0.000 1950000
2 3 0.000 1950000
2 4 0.000 1950000
2 5 0.000 1950000
2 6 0.000 1950000
2 7 0.000 1950000
2 8 0.000 1950000
2 9 0.000 1950000
2 10 0.000 1950000
2 11 0.000 1950000
2 12 0.000 1950000
2 1 0.000 1950000
1 2 0.000 1960000
1 0 0.000 1960000
2 3 0.000 1960000
2 4 0.000 1960000
2 5 0.000 1960000
2 6 0.000 1960000
2 7 0.000 1960000
2 8 0.000 1960000
2 9 0.000 1960000
2 10 0.000 1960000
2 11 0.000 1960000
2 12 0.000 1960000
2 1 0.000 1960000
1 2 0.000 1970000
1 0 0.000 1970000
2 3 0.000 1970000
2 4 0.000 1970000
2 5 0.000 1970000
2 6 0.000 1970000
2 7 0.000 1970000
2 8 0.000 1970000
2 9 0.000 1970000
2 10 0.000 1970000
2 11 0.000 1970000
2 12 0.000 1970000
2 1 0.000 1970000
1 2 0.000 1980000
1 0 0.000 1980000
2 3 0.000 1980000
2 4 0.000 1980000
2 5 0.000 1980000
2 6 0.000 1980000
2 7 0.000 1980000
2 8 0.000 1980000
2 9 0.000 1980000
2 10 0.000 1980000
2 11 0.000 1980000
2 12 0.000 1980000
2 1 0.000 1980000
1 2 0.000 1990000
1 0 0.000 1990000
2 3 0.000 1990000
2 4 0.000 1990000
2 5 0.000 1990000
2 6 0.000 1990000
2 7 0.000 1990000
2 8 0.000 1990000
2 9 0.000 1990000
2 10 0.000 1990000
2 11 0.000 1990000
2 12 0.000 1990000
2 1 0.000 1990000
1 2 0.000 2000000
1 0 0.000 2000000
2 3 0.000 2000000
2 4 0.000 2000000
2 5 0.000 2000000
2 6 0.000 2000000
2 7 0.000 2000000
2 8 0.000 2000000
2 9 0.000 2000000
2 10 0.000 2000000
2 11 0.000 2000000
2 12 0.000 2000000
2 1 0.000 2000000
1 2 0.000 2010000
1 0 0.000 2010000
2 3 0.000 2010000
2 4 0.000 2010000
2 5 0.000 2010000
2 6 0.000 2010000
2 7 0.000 2010000
2 8 0.000 2010000
2 9 0.000 2010000
2 10 0.000 2010000
2 11 0.000 2010000
2 12 0.000 2010000
2 1 0.000 2010000
1 2 0.000 2020000
1 0 0.000 2020000
2 3 0.000 2020000
2 4 0.000 2020000
2 5 0.000 2020000
2 6 0.000 2020000
2 7 0.000 2020000
2 8 0.000 2020000
2 9 0.000 2020000
2 10 0.000 2020000
2 11 0.000 2020000
2 12 0.000 2020000
2 1 0.000 2020000
1 2 0.000 2030000
1 0 0.000 2030000
2 3 0.000 2030000
2 4 0.000 2030000
2 5 0.000 2030000
2 6 0.000 2030000
2 7 0.000 2030000
2 8 0.000 2030000
2 9 0.000 2030000
2 10 0.000 2030000
2 11 0.000 2030000
2 12 0.000 2030000
2 1 0.000 2030000
1 2 0.000 2040000
1 0 0.000 2040000
2 3 0.000 2040000
2 4 0.000 2040000
2 5 0.000 2040000
2 6 0.000 2040000
2 7 0.000 2040000
2 8 0.000 2040000
2 9 0.000 2040000
2 10 0.000 2040000
2 11 0.000 2040000
2 12 0.000 2040000
2 1 0.000 2040000
1 2 0.000 2050000
1 0 0.000 2050000
2 3 0.000 2050000
2 4 0.000 2050000
2 5 0.000 2050000
2 6 0.000 2050000
2 7 0.000 2050000
2 8 0.000 2050000
2 9 0.000 2050000
2 10 0.000 2050000
2 11 0.000 2050000
2 12 0.000 2050000
2 1 0.000 2050000
1 2 0.000 2060000
1 0 0.000 2060000
2 3 0.000 2060000
2 4 0.000 2060000
2 5 0.000 2060000
2 6 0.000 2060000
2 7 0.000 2060000
2 8 0.000 2060000
2 9 0.000 2060000
2 10 0.000 2060000
2 11 0.000 2060000
2 12 0.000 2060000
2 1 0.000 2060000
1 2 0.000 2070000
1 0 0.000 2070000
2 3 0.000 2070000
2 4 0.000 2070000
2 5 0.000 2070000
2 6 0.000 2070000
2 7 0.000 2070000
2 8 0.000 2070000
2 9 0.000 2070000
2 10 0.000 2070000
2 11 0.000 2070000
2 12 0.000 2070000
2 1 0.000 2070000
1 2 0.000 2080000
1 0 0.000 2080000
2 3 0.000 2080000
2 4 0.000 2080000
2 5 0.000 2080000
2 6 0.000 2080000
2 7 0.000 2080000
2 8 0.000 2080000
2 9 0.000 2080000
2 10 0.000 2080000
2 11 0.000 2080000
2 12 0.000 2080000
2 1 0.000 2080000
1 2 0.000 2090000
1 0 0.000 2090000
2 3 0.000 2090000
2 4 0.000 2090000
2 5 0.000 2090000
2 6 0.000 2090000
2 7 0.000 2090000
2 8 0.000 2090000
2 9 0.000 2090000
2 10 0.000 2090000
2 11 0.000 2090000
2 12 0.000 2090000
2 1 0.000 2090000
1 2 0.000 2100000
1 0 0.000 2100000
2 3 0.000 2100000
2 4 0.000 2100000
2 5 0.000 2100000
2 6 0.000 2100000
2 7 0.000 2100000
2 8 0.000 2100000
2 9 0.000 2100000
2 10 0.000 2100000
2 11 0.000 2100000
2 12 0.000 2100000
2 1 0.000 2100000
1 2 0.000 2110000
1 0 0.000 2110000
2 3 0.000 2110000
2 4 0.000 2110000
2 5 0.000 2110000
2 6 0.000 2110000
2 7 0.000 2110000
2 8 0.000 2110000
2 9 0.000 2110000
2 10 0.000 2110000
2 11 0.000 2110000
2 12 0.000 2110000
2 1 0.000 2110000
1 2 0.000 2120000
1 0 0.000 2120000
2 3 0.000 2120000
2 4 0.000 2120000
2 5 0.000 2120000
2 6 0.000 2120000
2 7 0.000 2120000
2 8 0.000 2120000
2 9 0.000 2120000
2 10 0.000 2120000
2 11 0.000 2120000
2 12 0.000 2120000
2 1 0.000 2120000
1 2 0.000 2130000
1 0 0.000 2130000
2 3 0.000 2130000
2 4 0.000 2130000
2 5 0.000 2130000
2 6 0.000 2130000
2 7 0.000 2130000
2 8 0.000 2130000
2 9 0.000 2130000
2 10 0.000 2130000
2 11 0.000 2130000
2 12 0.000 2130000
2 1 0.000 2130000
1 2 0.000 2140000
1 0 0.000 2140000
2 3 0.000 2140000
2 4 0.000 2140000
2 5 0.000 2140000
2 6 0.000 2140000
2 7 0.000 2140000
2 8 0.000 2140000
2 9 0.000 2140000
2 10 0.000 2140000
2 11 0.000 2140000
2 12 0.000 2140000
2 1 0.000 2140000
1 2 0.000 2150000
1 0 0.000 2150000
2 3 0.000 2150000
2 4 0.000 2150000
2 5 0.000 2150000
2 6 0.000 2150000
2 7 0.000 2150000
2 8 0.000 2150000
2 9 0.000 2150000
2 10 0.000 2150000
2 11 0.000 2150000
2 12 0.000 2150000
2 1 0.000 2150000
1 2 0.000 2160000
1 0 0.000 2160000
2 3 0.000 2160000
2 4 0.000 2160000
2 5 0.000 2160000
2 6 0.000 2160000
2 7 0.000 2160000
2 8 0.000 2160000
2 9 0.000 2160000
2 10 0.000 2160000
2 11 0.000 2160000
2 12 0.000 2160000
2 1 0.000 2160000
1 2 0.000 2170000
1 0 0.000 2170000
2 3 0.000 2170000
2 4 0.000 2170000
2 5 0.000 2170000
2 6 0.000 2170000
2 7 0.000 2170000
2 8 0.000 2170000
2 9 0.000 2170000
2 10 0.000 2170000
2 11 0.000 2170000
2 12 0.000 2170000
2 1 0.000 2170000
1 2 0.000 2180000
1 0 0.000 2180000
2 3 0.000 2180000
2 4 0.000 2180000
2 5 0.000 2180000
2 6 0.000 2180000
2 7 0.000 2180000
2 8 0.000 2180000
2 9 0.000 2180000
2 10 0.000 2180000
2 11 0.000 2180000
2 12 0.000 2180000
2 1 0.000 2180000
1 2 0.000 2190000
1 0 0.000 2190000
2 3 0.000 2190000
2 4 0.000 2190000
2 5 0.000 2190000
2 6 0.000 2190000
2 7 0.000 2190000
2 8 0.000 2190000
2 9 0.000 2190000
2 10 0.000 2190000
2 11 0.000 2190000
2 12 0.000 2190000
2 1 0.000 2190000
1 2 0.000 2200000
1 0 0.000 2200000
2 3 0.000 2200000
2 4 0.000 2200000
2 5 0.000 2200000
2 6 0.000 2200000
2 7 0.000 2200000
2 8 0.000 2200000
2 9 0.000 2200000
2 10 0.000 2200000
2 11 0.000 2200000
2 12 0.000 2200000
2 1 0.000 2200000
1 2 0.000 2210000
1 0 0.000 2210000
2 3 0.000 2210000
2 4 0.000 2210000
2 5 0.000 2210000
2 6 0.000 2210000
2 7 0.000 2210000
2 8 0.000 2210000
2 9 0.000 2210000
2 10 0.000 2210000
2 11 0.000 2210000
2 12 0.000 2210000
2 1 0.000 2210000
1 2 0.000 2220000
1 0 0.000 2220000
2 3 0.000 2220000
2 4 0.000 2220000
2 5 0.000 2220000
2 6 0.000 2220000
2 7 0.000 2220000
2 8 0.000 2220000
2 9 0.000 2220000
2 10 0.000 2220000
2 11 0.000 2220000
2 12 0.000 2220000
2 1 0.000 2220000
1 2 0.000 2230000
1 0 0.000 2230000
2 3 0.000 2230000
2 4 0.000 2230000
2 5 0.000 2230000
2 6 0.000 2230000
2 7 0.000 2230000
2 8 0.000 2230000
2 9 0.000 2230000
2 10 0.000 2230000
2 11 0.000 2230000
2 12 0.000 2230000
2 1 0.000 2230000
1 2 0.000 2240000
1 0 0.000 2240000
2 3 0.000 2240000
2 4 0.000 2240000
2 5 0.000 2240000
2 6 0.000 2240000
2 7 0.000 2240000
2 8 0.000 2240000
2 9 0.000 2240000
2 10 0.000 2240000
2 11 0.000 2240000
2 12 0.000 2240000
2 1 0.000 2240000
1 2 0.000 2250000
1 0 0.000 2250000
2 3 0.000 2250000
2 4 0.000 2250000
2 5 0.000 2250000
2 6 0.000 2250000
2 7 0.000 2250000
2 8 0.000 2250000
2 9 0.000 2250000
2 10 0.000 2250000
2 11 0.000 2250000
2 12 0.000 2250000
2 1 0.000 2250000
1 2 0.000 2260000
1 0 0.000 2260000
2 3 0.000 2260000
2 4 0.000 2260000
2 5 0.000 2260000
2 6 0.000 2260000
2 7 0.000 2260000
2 8 0.000 2260000
2 9 0.000 2260000
2 10 0.000 2260000
2 11 0.000 2260000
2 12 0.000 2260000
2 1 0.000 2260000
1 2 0.000 2270000
1 0 0.000 2270000
2 3 0.000 2270000
2 4 0.000 2270000
2 5 0.000 2270000
2 6 0.000 2270000
2 7 0.000 2270000
2 8 0.000 2270000
2 9 0.000 2270000
2 10 0.000 2270000
2 11 0.000 2270000
2 12 0.000 2270000
2 1 0.000 2270000
1 2 0.000 2280000
1 0 0.000 2280000
2 3 0.000 2280000
2 4 0.000 2280000
2 5 0.000 2280000
2 6 0.000 2280000
2 7 0.000 2280000
2 8 0.000 2280000
2 9 0.000 2280000
2 10 0.000 2280000
2 11 0.000 2280000
2 12 0.000 2280000
2 1 0.000 2280000
1 2 0.000 2290000
1 0 0.000 2290000
2 3 0.000 2290000
2 4 0.000 2290000
2 5 0.000 2290000
2 6 0.000 2290000
2 7 0.000 2290000
2 8 0.000 2290000
2 9 0.000 2290000
2 10 0.000 2290000
2 11 0.000 2290000
2 12 0.000 2290000
2 1 0.000 2290000
1 2 0.000 2300000
1 0 0.000 2300000
2 3 0.000 2300000
2 4 0.000 2300000
2 5 0.000 2300000
2 6 0.000 2300000
2 7 0.000 2300000
2 8 0.000 2300000
2 9 0.000 2300000
2 10 0.000 2300000
2 11 0.000 2300000
2 12 0.000 2300000
2 1 0.000 2300000
1 2 0.000 2310000
1 0 0.000 2310000
2 3 0.000 2310000
2 4 0.000 2310000
2 5 0.000 2310000
2 6 0.000 2310000
2 7 0.000 2310000
2 8 0.000 2310000
2 9 0.000 2310000
2 10 0.000 2310000
2 11 0.000 2310000
2 12 0.000 2310000
2 1 0.000 2310000
1 2 0.000 2320000
1 0 0.000 2320000
2 3 0.000 2320000
2 4 0.000 2320000
2 5 0.000 2320000
2 6 0.000 2320000
2 7 0.000 2320000
2 8 0.000 2320000
2 9 0.000 2320000
2 10 0.000 2320000
2 11 0.000 2320000
2 12 0.000 2320000
2 1 0.000 2320000
1 2 0.000 2330000
1 0 0.000 2330000
2 3 0.000 2330000
2 4 0.000 2330000
2 5 0.000 2330000
2 6 0.000 2330000
2 7 0.000 2330000
2 8 0.000 2330000
2 9 0.000 2330000
2 10 0.000 2330000
2 11 0.000 2330000
2 12 0.000 2330000
2 1 0.000 2330000
1 2 0.000 2340000
1 0 0.000 2340000
2 3 0.000 2340000
2 4 0.000 2340000
2 5 0.000 2340000
2 6 0.000 2340000
2 7 0.000 2340000
2 8 0.000 2340000
2 9 0.000 2340000
2 10 0.000 2340000
2 11 0.000 2340000
2 12 0.000 2340000
2 1 0.000 2340000
1 2 0.000 2350000
1 0 0.000 2350000
2 3 0.000 2350000
2 4 0.000 2350000
2 5 0.000 2350000
2 6 0.000 2350000
2 7 0.000 2350000
2 8 0.000 2350000
2 9 0.000 2350000
2 10 0.000 2350000
2 11 0.000 2350000
2 12 0.000 2350000
2 1 0.000 2350000
1 2 0.000 2360000
1 0 0.000 2360000
2 3 0.000 2360000
2 4 0.000 2360000
2 5 0.000 2360000
2 6 0.000 2360000
2 7 0.000 2360000
2 8 0.000 2360000
2 9 0.000 2360000
2 10 0.000 2360000
2 11 0.000 2360000
2 12 0.000 2360000
2 1 0.000 2360000
1 2 0.000 2370000
1 0 0.000 2370000
2 3 0.000 2370000
2 4 0.000 2370000
2 5 0.000 2370000
2 6 0.000 2370000
2 7 0.000 2370000
2 8 0.000 2370000
2 9 0.000 2370000
2 10 0.000 2370000
2 11 0.000 2370000
2 12 0.000 2370000
2 1 0.000 2370000
1 2 0.000 2380000
1 0 0.000 2380000
2 3 0.000 2380000
2 4 0.000 2380000
2 5 0.000 2380000
2 6 0.000 2380000
2 7 0.000 2380000
2 8 0.000 2380000
2 9 0.000 2380000
2 10 0.000 2380000
2 11 0.000 2380000
2 12 0.000 2380000
2 1 0.000 2380000
1 2 0.000 2390000
1 0 0.000 2390000
2 3 0.000 2390000
2 4 0.000 2390000
2 5 0.000 2390000
2 6 0.000 2390000
2 7 0.000 2390000
2 8 0.000 2390000
2 9 0.000 2390000
2 10 0.000 2390000
2 11 0.000 2390000
2 12 0.000 2390000
2 1 0.000 2390000
1 2 0.000 2400000
1 0 0.000 2400000
2 3 0.000 2400000
2 4 0.000 2400000
2 5 0.000 2400000
2 6 0.000 2400000
2 7 0.000 2400000
2 8 0.000 2400000
2 9 0.000 2400000
2 10 0.000 2400000
2 11 0.000 2400000
2 12 0.000 2400000
2 1 0.000 2400000
1 2 0.000 2410000
1 0 0.000 2410000
2 3 0.000 2410000
2 4 0.000 2410000
2 5 0.000 2410000
2 6 0.000 2410000
2 7 0.000 2410000
2 8 0.000 2410000
2 9 0.000 2410000
2 10 0.000 2410000
2 11 0.000 2410000
2 12 0.000 2410000
2 1 0.000 2410000
1 2 0.000 2420000
1 0 0.000 2420000
2 3 0.000 2420000
2 4 0.000 2420000
2 5 0.000 2420000
2 6 0.000 2420000
2 7 0.000 2420000
2 8 0.000 2420000
2 9 0.000 2420000
2 10 0.000 2420000
2 11 0.000 2420000
2 12 0.000 2420000
2 1 0.000 2420000
1 2 0.000 2430000
1 0 0.000 2430000
2 3 0.000 2430000
2 4 0.000 2430000
2 5 0.000 2430000
2 6 0.000 2430000
2 7 0.000 2430000
2 8 0.000 2430000
2 9 0.000 2430000
2 10 0.000 2430000
2 11 0.000 2430000
2 12 0.000 2430000
2 1 0.000 2430000
1 2 0.000 2440000
1 0 0.000 2440000
2 3 0.000 2440000
2 4 0.000 2440000
2 5 0.000 2440000
2 6 0.000 2440000
2 7 0.000 2440000
2 8 0.000 2440000
2 9 0.000 2440000
2 10 0.000 2440000
2 11 0.000 2440000
2 12 0.000 2440000
2 1 0.000 2440000
1 2 0.000 2450000
1 0 0.000 2450000
2 3 0.000 2450000
2 4 0.000 2450000
2 5 0.000 2450000
2 6 0.000 2450000
2 7 0.000 2450000
2 8 0.000 2450000
2 9 0.000 2450000
2 10 0.000 2450000
2 11 0.000 2450000
2 12 0.000 2450000
2 1 0.000 2450000
1 2 0.000 2460000
1 0 0.000 2460000
2 3 0.000 2460000
2 4 0.000 2460000
2 5 0.000 2460000
2 6 0.000 2460000
2 7 0.000 2460000
2 8 0.000 2460000
2 9 0.000 2460000
2 10 0.000 2460000
2 11 0.000 2460000
2 12 0.000 2460000
2 1 0.000 2460000
1 2 0.000 2470000
1 0 0.000 2470000
2 3 0.000 2470000
2 4 0.000 2470000
2 5 0.000 2470000
2 6 0.000 2470000
2 7 0.000 2470000
2 8 0.000 2470000
2 9 0.000 2470000
2 10 0.000 2470000
2 11 0.000 2470000
2 12 0.000 2470000
2 1 0.000 2470000
1 2 0.000 2480000
1 0 0.000 2480000
2 3 0.000 2480000
2 4 0.000 2480000
2 5 0.000 2480000
2 6 0.000 2480000
2 7 0.000 2480000
2 8 0.000 2480000
2 9 0.000 2480000
2 10 0.000 2480000
2 11 0.000 2480000
2 12 0.000 2480000
2 1 0.000 2480000
1 2 0.000 2490000
1 0 0.000 2490000
2 3 0.000 2490000
2 4 0.000 2490000
2 5 0.000 2490000
2 6 0.000 2490000
2 7 0.000 2490000
2 8 0.000 2490000
2 9 0.000 2490000
2 10 0.000 2490000
2 11 0.000 2490000
2 12 0.000 2490000
2 1 0.000 2490000
1 2 0.000 2500000
1 0 0.000 2500000
2 3 0.000 2500000
2 4 0.000 2500000
2 5 0.000 2500000
2 6 0.000 2500000
2 7 0.000 2500000
2 8 0.000 2500000
2 9 0.000 2500000
2 10 0.000 2500000
2 11 0.000 2500000
2 12 0.000 2500000
2 1 0.000 2500000
1 2 0.000 2510000
1 0 0.000 2510000
2 3 0.000 2510000
2 4 0.000 2510000
2 5 0.000 2510000
2 6 0.000 2510000
2 7 0.000 2510000
2 8 0.000 2510000
2 9 0.000 2510000
2 10 0.000 2510000
2 11 0.000 2510000
2 12 0.000 2510000
2 1 0.000 2510000
1 2 0.000 2520000
1 0 0.000 2520000
2 3 0.000 2520000
2 4 0.000 2520000
2 5 0.000 2520000
2 6 0.000 2520000
2 7 0.000 2520000
2 8 0.000 2520000
2 9 0.000 2520000
2 10 0.000 2520000
2 11 0.000 2520000
2 12 0.000 2520000
2 1 0.000 2520000
1 2 0.000 2530000
1 0 0.000 2530000
2 3 0.000 2530000
2 4 0.000 2530000
2 5 0.000 2530000
2 6 0.000 2530000
2 7 0.000 2530000
2 8 0.000 2530000
2 9 0.000 2530000
2 10 0.000 2530000
2 11 0.000 2530000
2 12 0.000 2530000
2 1 0.000 2530000
1 2 0.000 2540000
1 0 0.000 2540000
2 3 0.000 2540000
2 4 0.000 2540000
2 5 0.000 2540000
2 6 0.000 2540000
2 7 0.000 2540000
2 8 0.000 2540000
2 9 0.000 2540000
2 10 0.000 2540000
2 11 0.000 2540000
2 12 0.000 2540000
2 1 0.000 2540000
1 2 0.000 2550000
1 0 0.000 2550000
2 3 0.000 2550000
2 4 0.000 2550000
2 5 0.000 2550000
2 6 0.000 2550000
2 7 0.000 2550000
2 8 0.000 2550000
2 9 0.000 2550000
2 10 0.000 2550000
2 11 0.000 2550000
2 12 0.000 2550000
2 1 0.000 2550000
1 2 0.000 2560000
1 0 0.000 2560000
2 3 0.000 2560000
2 4 0.000 2560000
2 5 0.000 2560000
2 6 0.000 2560000
2 7 0.000 2560000
2 8 0.000 2560000
2 9 0.000 2560000
2 10 0.000 2560000
2 11 0.000 2560000
2 12 0.000 2560000
2 1 0.000 2560000
1 2 0.000 2570000
1 0 0.000 2570000
2 3 0.000 2570000
2 4 0.000 2570000
2 5 0.000 2570000
2 6 0.000 2570000
2 7 0.000 2570000
2 8 0.000 2570000
2 9 0.000 2570000
2 10 0.000 2570000
2 11 0.000 2570000
2 12 0.000 2570000
2 1 0.000 2570000
1 2 0.000 2580000
1 0 0.000 2580000
2 3 0.000 2580000
2 4 0.000 2580000
2 5 0.000 2580000
2 6 0.000 2580000
2 7 0.000 2580000
2 8 0.000 2580000
2 9 0.000 2580000
2 10 0.000 2580000
2 11 0.000 2580000
2 12 0.000 2580000
2 1 0.000 2580000
1 2 0.000 2590000
1 0 0.000 2590000
2 3 0.000 2590000
2 4 0.000 2590000
2 5 0.000 2590000
2 6 0.000 2590000
2 7 0.000 2590000
2 8 0.000 2590000
2 9 0.000 2590000
2 10 0.000 2590000
2 11 0.000 2590000
2 12 0.000 2590000
2 1 0.000 2590000
1 2 0.000 2600000
1 0 0.000 2600000
2 3 0.000 2600000
2 4 0.000 2600000
2 5 0.000 2600000
2 6 0.000 2600000
2 7 0.000 2600000
2 8 0.000 2600000
2 9 0.000 2600000
2 10 0.000 2600000
2 11 0.000 2600000
2 12 0.000 2600000
2 1 0.000 2600000
1 2 0.000 2610000
1 0 0.000 2610000
2 3 0.000 2610000
2 4 0.000 2610000
2 5 0.000 2610000
2 6 0.000 2610000
2 7 0.000 2610000
2 8 0.000 2610000
2 9 0.000 2610000
2 10 0.000 2610000
2 11 0.000 2610000
2 12 0.000 2610000
2 1 0.000 2610000
1 2 0.000 2620000
1 0 0.000 2620000
2 3 0.000 2620000
2 4 0.000 2620000
2 5 0.000 2620000
2 6 0.000 2620000
2 7 0.000 2620000
2 8 0.000 2620000
2 9 0.000 2620000
2 10 0.000 2620000
2 11 0.000 2620000
2 12 0.000 2620000
2 1 0.000 2620000
1 2 0.000 2630000
1 0 0.000 2630000
2 3 0.000 2630000
2 4 0.000 2630000
2 5 0.000 2630000
2 6 0.000 2630000
2 7 0.000 2630000
2 8 0.000 2630000
2 9 0.000 2630000
2 10 0.000 2630000
2 11 0.000 2630000
2 12 0.000 2630000
2 1 0.000 2630000
1 2 0.000 2640000
1 0 0.000 2640000
2 3 0.000 2640000
2 4 0.000 2640000
2 5 0.000 2640000
2 6 0.000 2640000
2 7 0.000 2640000
2 8 0.000 2640000
2 9 0.000 2640000
2 10 0.000 2640000
2 11 0.000 2640000
2 12 0.000 2640000
2 1 0.000 2640000
1 2 0.000 2650000
1 0 0.000 2650000
2 3 0.000 2650000
2 4 0.000 2650000
2 5 0.000 2650000
2 6 0.000 2650000
2 7 0.000 2650000
2 8 0.000 2650000
2 9 0.000 2650000
2 10 0.000 2650000
2 11 0.000 2650000
2 12 0.000 2650000
2 1 0.000 2650000
1 2 0.000 2660000
1 0 0.000 2660000
2 3 0.000 2660000
2 4 0.000 2660000
2 5 0.000 2660000
2 6 0.000 2660000
2 7 0.000 2660000
2 8 0.000 2660000
2 9 0.000 2660000
2 10 0.000 2660000
2 11 0.000 2660000
2 12 0.000 2660000
2 1 0.000 2660000
1 2 0.000 2670000
1 0 0.000 2670000
2 3 0.000 2670000
2 4 0.000 2670000
2 5 0.000 2670000
2 6 0.000 2670000
2 7 0.000 2670000
2 8 0.000 2670000
2 9 0.000 2670000
2 10 0.000 2670000
2 11 0.000 2670000
2 12 0.000 2670000
2 1 0.000 2670000
1 2 0.000 2680000
1 0 0.000 2680000
2 3 0.000 2680000
2 4 0.000 2680000
2 5 0.000 2680000
2 6 0.000 2680000
2 7 0.000 2680000
2 8 0.000 2680000
2 9 0.000 2680000
2 10 0.000 2680000
2 11 0.000 2680000
2 12 0.000 2680000
2 1 0.000 2680000
1 2 0.000 2690000
1 0 0.000 2690000
2 3 0.000 2690000
2 4 0.000 2690000
2 5 0.000 2690000
2 6 0.000 2690000
2 7 0.000 2690000
2 8 0.000 2690000
2 9 0.000 2690000
2 10 0.000 2690000
2 11 0.000 2690000
2 12 0.000 2690000
2 1 0.000 2690000
1 2 0.000 2700000
1 0 0.000 2700000
2 3 0.000 2700000
2 4 0.000 2700000
2 5 0.000 2700000
2 6 0.000 2700000
2 7 0.000 2700000
2 8 0.000 2700000
2 9 0.000 2700000
2 10 0.000 2700000
2 11 0.000 2700000
2 12 0.000 2700000
2 1 0.000 2700000
1 2 0.000 2710000
1 0 0.000 2710000
2 3 0.000 2710000
2 4 0.000 2710000
2 5 0.000 2710000
2 6 0.000 2710000
2 7 0.000 2710000
2 8 0.000 2710000
2 9 0.000 2710000
2 10 0.000 2710000
2 11 0.000 2710000
2 12 0.000 2710000
2 1 0.000 2710000
1 2 0.000 2720000
1 0 0.000 2720000
2 3 0.000 2720000
2 4 0.000 2720000
2 5 0.000 2720000
2 6 0.000 2720000
2 7 0.000 2720000
2 8 0.000 2720000
2 9 0.000 2720000
2 10 0.000 2720000
2 11 0.000 2720000
2 12 0.000 2720000
2 1 0.000 2720000
1 2 0.000 2730000
1 0 0.000 2730000
2 3 0.000 2730000
2 4 0.000 2730000
2 5 0.000 2730000
2 6 0.000 2730000
2 7 0.000 2730000
2 8 0.000 2730000
2 9 0.000 2730000
2 10 0.000 2730000
2 11 0.000 2730000
2 12 0.000 2730000
2 1 0.000 2730000
1 2 0.000 2740000
1 0 0.000 2740000
2 3 0.000 2740000
2 4 0.000 2740000
2 5 0.000 2740000
2 6 0.000 2740000
2 7 0.000 2740000
2 8 0.000 2740000
2 9 0.000 2740000
2 10 0.000 2740000
2 11 0.000 2740000
2 12 0.000 2740000
2 1 0.000 2740000
1 2 0.000 2750000
1 0 0.000 2750000
2 3 0.000 2750000
2 4 0.000 2750000
2 5 0.000 2750000
2 6 0.000 2750000
2 7 0.000 2750000
2 8 0.000 2750000
2 9 0.000 2750000
2 10 0.000 2750000
2 11 0.000 2750000
2 12 0.000 2750000
2 1 0.000 2750000
1 2 0.000 2760000
1 0 0.000 2760000
2 3 0.000 2760000
2 4 0.000 2760000
2 5 0.000 2760000
2 6 0.000 2760000
2 7 0.000 2760000
2 8 0.000 2760000
2 9 0.000 2760000
2 10 0.000 2760000
2 11 0.000 2760000
2 12 0.000 2760000
2 1 0.000 2760000
1 2 0.000 2770000
1 0 0.000 2770000
2 3 0.000 2770000
2 4 0.000 2770000
2 5 0.000 2770000
2 6 0.000 2770000
2 7 0.000 2770000
2 8 0.000 2770000
2 9 0.000 2770000
2 10 0.000 2770000
2 11 0.000 2770000
2 12 0.000 2770000
2 1 0.000 2770000
1 2 0.000 2780000
1 0 0.000 2780000
2 3 0.000 2780000
2 4 0.000 2780000
2 5 0.000 2780000
2 6 0.000 2780000
2 7 0.000 2780000
2 8 0.000 2780000
2 9 0.000 2780000
2 10 0.000 2780000
2 11 0.000 2780000
2 12 0.000 2780000
2 1 0.000 2780000
1 2 0.000 2790000
1 0 0.000 2790000
2 3 0.000 2790000
2 4 0.000 2790000
2 5 0.000 2790000
2 6 0.000 2790000
2 7 0.000 2790000
2 8 0.000 2790000
2 9 0.000 2790000
2 10 0.000 2790000
2 11 0.000 2790000
2 12 0.000 2790000
2 1 0.000 2790000
1 2 0.000 2800000
1 0 0.000 2800000
2 3 0.000 2800000
2 4 0.000 2800000
2 5 0.000 2800000
2 6 0.000 2800000
2 7 0.000 2800000
2 8 0.000 2800000
2 9 0.000 2800000
2 10 0.000 2800000
2 11 0.000 2800000
2 12 0.000 2800000
2 1 0.000 2800000
1 2 0.000 2810000
1 0 0.000 2810000
2 3 0.000 2810000
2 4 0.000 2810000
2 5 0.000 2810000
2 6 0.000 2810000
2 7 0.000 2810000
2 8 0.000 2810000
2 9 0.000 2810000
2 10 0.000 2810000
2 11 0.000 2810000
2 12 0.000 2810000
2 1 0.000 2810000
1 2 0.000 2820000
1 0 0.000 2820000
2 3 0.000 2820000
2 4 0.000 2820000
2 5 0.000 2820000
2 6 0.000 2820000
2 7 0.000 2820000
2 8 0.000 2820000
2 9 0.000 2820000
2 10 0.000 2820000
2 11 0.000 2820000
2 12 0.000 2820000
2 1 0.000 2820000
1 2 0.000 2830000
1 0 0.000 2830000
2 3 0.000 2830000
2 4 0.000 2830000
2 5 0.000 2830000
2 6 0.000 2830000
2 7 0.000 2830000
2 8 0.000 2830000
2 9 0.000 2830000
2 10 0.000 2830000
2 11 0.000 2830000
2 12 0.000 2830000
2 1 0.000 2830000
1 2 0.000 2840000
1 0 0.000 2840000
2 3 0.000 2840000
2 4 0.000 2840000
2 5 0.000 2840000
2 6 0.000 2840000
2 7 0.000 2840000
2 8 0.000 2840000
2 9 0.000 2840000
2 10 0.000 2840000
2 11 0.000 2840000
2 12 0.000 2840000
2 1 0.000 2840000
1 2 0.000 2850000
1 0 0.000 2850000
2 3 0.000 2850000
2 4 0.000 2850000
2 5 0.000 2850000
2 6 0.000 2850000
2 7 0.000 2850000
2 8 0.000 2850000
2 9 0.000 2850000
2 10 0.000 2850000
2 11 0.000 2850000
2 12 0.000 2850000
2 1 0.000 2850000
1 2 0.000 2860000
1 0 0.000 2860000
2 3 0.000 2860000
2 4 0.000 2860000
2 5 0.000 2860000
2 6 0.000 2860000
2 7 0.000 2860000
2 8 0.000 2860000
2 9 0.000 2860000
2 10 0.000 2860000
2 11 0.000 2860000
2 12 0.000 2860000
2 1 0.000 2860000
1 2 0.000 2870000
1 0 0.000 2870000
2 3 0.000 2870000
2 4 0.000 2870000
2 5 0.000 2870000
2 6 0.000 2870000
2 7 0.000 2870000
2 8 0.000 2870000
2 9 0.000 2870000
2 10 0.000 2870000
2 11 0.000 2870000
2 12 0.000 2870000
2 1 0.000 2870000
1 2 0.000 2880000
1 0 0.000 2880000
2 3 0.000 2880000
2 4 0.000 2880000
2 5 0.000 2880000
2 6 0.000 2880000
2 7 0.000 2880000
2 8 0.000 2880000
2 9 0.000 2880000
2 10 0.000 2880000
2 11 0.000 2880000
2 12 0.000 2880000
2 1 0.000 2880000
1 2 0.000 2890000
1 0 0.000 2890000
2 3 0.000 2890000
2 4 0.000 2890000
2 5 0.000 2890000
2 6 0.000 2890000
2 7 0.000 2890000
2 8 0.000 2890000
2 9 0.000 2890000
2 10 0.000 2890000
2 11 0.000 2890000
2 12 0.000 2890000
2 1 0.000 2890000
1 2 0.000 2900000
1 0 0.000 2900000
2 3 0.000 2900000
2 4 0.000 2900000
2 5 0.000 2900000
2 6 0.000 2900000
2 7 0.000 2900000
2 8 0.000 2900000
2 9 0.000 2900000
2 10 0.000 2900000
2 11 0.000 2900000
2 12 0.000 2900000
2 1 0.000 2900000
1 2 0.000 2910000
1 0 0.000 2910000
2 3 0.000 2910000
2 4 0.000 2910000
2 5 0.000 2910000
2 6 0.000 2910000
2 7 0.000 2910000
2 8 0.000 2910000
2 9 0.000 2910000
2 10 0.000 2910000
2 11 0.000 2910000
2 12 0.000 2910000
2 1 0.000 2910000
1 2 0.000 2920000
1 0 0.000 2920000
2 3 0.000 2920000
2 4 0.000 2920000
2 5 0.000 2920000
2 6 0.000 2920000
2 7 0.000 2920000
2 8 0.000 2920000
2 9 0.000 2920000
2 10 0.000 2920000
2 11 0.000 2920000
2 12 0.000 2920000
2 1 0.000 2920000
1 2 0.000 2930000
1 0 0.000 2930000
2 3 0.000 2930000
2 4 0.000 2930000
2 5 0.000 2930000
2 6 0.000 2930000
2 7 0.000 2930000
2 8 0.000 2930000
2 9 0.000 2930000
2 10 0.000 2930000
2 11 0.000 2930000
2 12 0.000 2930000
2 1 0.000 2930000
1 2 0.000 2940000
1 0 0.000 2940000
2 3 0.000 2940000
2 4 0.000 2940000
2 5 0.000 2940000
2 6 0.000 2940000
2 7 0.000 2940000
2 8 0.000 2940000
2 9 0.000 2940000
2 10 0.000 2940000
2 11 0.000 2940000
2 12 0.000 2940000
2 1 0.000 2940000
1 2 0.000 2950000
1 0 0.000 2950000
2 3 0.000 2950000
2 4 0.000 2950000
2 5 0.000 2950000
2 6 0.000 2950000
2 7 0.000 2950000
2 8 0.000 2950000
2 9 0.000 2950000
2 10 0.000 2950000
2 11 0.000 2950000
2 12 0.000 2950000
2 1 0.000 2950000
1 2 0.000 2960000
1 0 0.000 2960000
2 3 0.000 2960000
2 4 0.000 2960000
2 5 0.000 2960000
2 6 0.000 2960000
2 7 0.000 2960000
2 8 0.000 2960000
2 9 0.000 2960000
2 10 0.000 2960000
2 11 0.000 2960000
2 12 0.000 2960000
2 1 0.000 2960000
1 2 0.000 2970000
1 0 0.000 2970000
2 3 0.000 2970000
2 4 0.000 2970000
2 5 0.000 2970000
2 6 0.000 2970000
2 7 0.000 2970000
2 8 0.000 2970000
2 9 0.000 2970000
2 10 0.000 2970000
2 11 0.000 2970000
2 12 0.000 2970000
2 1 0.000 2970000
1 2 0.000 2980000
1 0 0.000 2980000
2 3 0.000 2980000
2 4 0.000 2980000
2 5 0.000 2980000
2 6 0.000 2980000
2 7 0.000 2980000
2 8 0.000 2980000
2 9 0.000 2980000
2 10 0.000 2980000
2 11 0.000 2980000
2 12 0.000 2980000
2 1 0.000 2980000
1 2 0.000 2990000
1 0 0.000 2990000
2 3 0.000 2990000
2 4 0.000 2990000
2 5 0.000 2990000
2 6 0.000 2990000
2 7 0.000 2990000
2 8 0.000 2990000
2 9 0.000 2990000
2 10 0.000 2990000
2 11 0.000 2990000
2 12 0.000 2990000
2 1 0.000 2990000
1 2 0.000 3000000
1 0 0.000 3000000
2 3 0.000 3000000
2 4 0.000 3000000
2 5 0.000 3000000
2 6 0.000 3000000
2 7 0.000 3000000
2 8 0.000 3000000
2 9 0.000 3000000
2 10 0.000 3000000
2 11 0.000 3000000
2 12 0.000 3000000
2 1 0.000 3000000
1 2 0.000 3010000
1 0 0.000 3010000
2 3 0.000 3010000
2 4 0.000 3010000
2 5 0.000 3010000
2 6 0.000 3010000
2 7 0.000 3010000
2 8 0.000 3010000
2 9 0.000 3010000
2 10 0.000 3010000
2 11 0.000 3010000
2 12 0.000 3010000
2 1 0.000 3010000
1 2 0.000 3020000
1 0 0.000 3020000
2 3 0.000 3020000
2 4 0.000 3020000
2 5 0.000 3020000
2 6 0.000 3020000
2 7 0.000 3020000
2 8 0.000 3020000
2 9 0.000 3020000
2 10 0.000 3020000
2 11 0.000 3020000
2 12 0.000 3020000
2 1 0.000 3020000
1 2 0.000 3030000
1 0 0.000 3030000
2 3 0.000 3030000
2 4 0.000 3030000
2 5 0.000 3030000
2 6 0.000 3030000
2 7 0.000 3030000
2 8 0.000 3030000
2 9 0.000 3030000
2 10 0.000 3030000
2 11 0.000 3030000
2 12 0.000 3030000
2 1 0.000 3030000
1 2 0.000 3040000
1 0 0.000 3040000
2 3 0.000 3040000
2 4 0.000 3040000
2 5 0.000 3040000
2 6 0.000 3040000
2 7 0.000 3040000
2 8 0.000 3040000
2 9 0.000 3040000
2 10 0.000 3040000
2 11 0.000 3040000
2 12 0.000 3040000
2 1 0.000 3040000
1 2 0.000 3050000
1 0 0.000 3050000
2 3 0.000 3050000
2 4 0.000 3050000
2 5 0.000 3050000
2 6 0.000 3050000
2 7 0.000 3050000
2 8 0.000 3050000
2 9 0.000 3050000
2 10 0.000 3050000
2 11 0.000 3050000
2 12 0.000 3050000
2 1 0.000 3050000
1 2 0.000 3060000
1 0 0.000 3060000
2 3 0.000 3060000
2 4 0.000 3060000
2 5 0.000 3060000
2 6 0.000 3060000
2 7 0.000 3060000
2 8 0.000 3060000
2 9 0.000 3060000
2 10 0.000 3060000
2 11 0.000 3060000
2 12 0.000 3060000
2 1 0.000 3060000
1 2 0.000 3070000
1 0 0.000 3070000
2 3 0.000 3070000
2 4 0.000 3070000
2 5 0.000 3070000
2 6 0.000 3070000
2 7 0.000 3070000
2 8 0.000 3070000
2 9 0.000 3070000
2 10 0.000 3070000
2 11 0.000 3070000
2 12 0.000 3070000
2 1 0.000 3070000
1 2 0.000 3080000
1 0 0.000 3080000
2 3 0.000 3080000
2 4 0.000 3080000
2 5 0.000 3080000
2 6 0.000 3080000
2 7 0.000 3080000
2 8 0.000 3080000
2 9 0.000 3080000
2 10 0.000 3080000
2 11 0.000 3080000
2 12 0.000 3080000
2 1 0.000 3080000
1 2 0.000 3090000
1 0 0.000 3090000
2 3 0.000 3090000
2 4 0.000 3090000
2 5 0.000 3090000
2 6 0.000 3090000
2 7 0.000 3090000
2 8 0.000 3090000
2 9 0.000 3090000
2 10 0.000 3090000
2 11 0.000 3090000
2 12 0.000 3090000
2 1 0.000 3090000
1 2 0.000 3100000
1 0 0.000 3100000
2 3 0.000 3100000
2 4 0.000 3100000
2 5 0.000 3100000
2 6 0.000 3100000
2 7 0.000 3100000
2 8 0.000 3100000
2 9 0.000 3100000
2 10 0.000 3100000
2 11 0.000 3100000
2 12 0.000 3100000
2 1 0.000 3100000
1 2 0.000 3110000
1 0 0.000 3110000
2 3 0.000 3110000
2 4 0.000 3110000
2 5 0.000 3110000
2 6 0.000 3110000
2 7 0.000 3110000
2 8 0.000 3110000
2 9 0.000 3110000
2 10 0.000 3110000
2 11 0.000 3110000
2 12 0.000 3110000
2 1 0.000 3110000
1 2 0.000 3120000
1 0 0.000 3120000
2 3 0.000 3120000
2 4 0.000 3120000
2 5 0.000 3120000
2 6 0.000 3120000
2 7 0.000 3120000
2 8 0.000 3120000
2 9 0.000 3120000
2 10 0.000 3120000
2 11 0.000 3120000
2 12 0.000 3120000
2 1 0.000 3120000
1 2 0.000 3130000
1 0 0.000 3130000
2 3 0.000 3130000
2 4 0.000 3130000
2 5 0.000 3130000
2 6 0.000 3130000
2 7 0.000 3130000
2 8 0.000 3130000
2 9 0.000 3130000
2 10 0.000 3130000
2 11 0.000 3130000
2 12 0.000 3130000
2 1 0.000 3130000
1 2 0.000 3140000
1 0 0.000 3140000
2 3 0.000 3140000
2 4 0.000 3140000
2 5 0.000 3140000
2 6 0.000 3140000
2 7 0.000 3140000
2 8 0.000 3140000
2 9 0.000 3140000
2 10 0.000 3140000
2 11 0.000 3140000
2 12 0.000 3140000
2 1 0.000 3140000
1 2 0.000 3150000
1 0 0.000 3150000
2 3 0.000 3150000
2 4 0.000 3150000
2 5 0.000 3150000
2 6 0.000 3150000
2 7 0.000 3150000
2 8 0.000 3150000
2 9 0.000 3150000
2 10 0.000 3150000
2 11 0.000 3150000
2 12 0.000 3150000
2 1 0.000 3150000
1 2 0.000 3160000
1 0 0.000 3160000
2 3 0.000 3160000
2 4 0.000 3160000
2 5 0.000 3160000
2 6 0.000 3160000
2 7 0.000 3160000
2 8 0.000 3160000
2 9 0.000 3160000
2 10 0.000 3160000
2 11 0.000 3160000
2 12 0.000 3160000
2 1 0.000 3160000
1 2 0.000 3170000
1 0 0.000 3170000
2 3 0.000 3170000
2 4 0.000 3170000
2 5 0.000 3170000
2 6 0.000 3170000
2 7 0.000 3170000
2 8 0.000 3170000
2 9 0.000 3170000
2 10 0.000 3170000
2 11 0.000 3170000
2 12 0.000 3170000
2 1 0.000 3170000
1 2 0.000 3180000
1 0 0.000 3180000
2 3 0.000 3180000
2 4 0.000 3180000
2 5 0.000 3180000
2 6 0.000 3180000
2 7 0.000 3180000
2 8 0.000 3180000
2 9 0.000 3180000
2 10 0.000 3180000
2 11 0.000 3180000
2 12 0.000 3180000
2 1 0.000 3180000
1 2 0.000 3190000
1 0 0.000 3190000
2 3 0.000 3190000
2 4 0.000 3190000
2 5 0.000 3190000
2 6 0.000 3190000
2 7 0.000 3190000
2 8 0.000 3190000
2 9 0.000 3190000
2 10 0.000 3190000
2 11 0.000 3190000
2 12 0.000 3190000
2 1 0.000 3190000
1 2 0.000 3200000
1 0 0.000 3200000
2 3 0.000 3200000
2 4 0.000 3200000
2 5 0.000 3200000
2 6 0.000 3200000
2 7 0.000 3200000
2 8 0.000 3200000
2 9 0.000 3200000
2 10 0.000 3200000
2 11 0.000 3200000
2 12 0.000 3200000
2 1 0.000 3200000
1 2 0.000 3210000
1 0 0.000 3210000
2 3 0.000 3210000
2 4 0.000 3210000
2 5 0.000 3210000
2 6 0.000 3210000
2 7 0.000 3210000
2 8 0.000 3210000
2 9 0.000 3210000
2 10 0.000 3210000
2 11 0.000 3210000
2 12 0.000 3210000
2 1 0.000 3210000
1 2 0.000 3220000
1 0 0.000 3220000
2 3 0.000 3220000
2 4 0.000 3220000
2 5 0.000 3220000
2 6 0.000 3220000
2 7 0.000 3220000
2 8 0.000 3220000
2 9 0.000 3220000
2 10 0.000 3220000
2 11 0.000 3220000
2 12 0.000 3220000
2 1 0.000 3220000
1 2 0.000 3230000
1 0 0.000 3230000
2 3 0.000 3230000
2 4 0.000 3230000
2 5 0.000 3230000
2 6 0.000 3230000
2 7 0.000 3230000
2 8 0.000 3230000
2 9 0.000 3230000
2 10 0.000 3230000
2 11 0.000 3230000
2 12 0.000 3230000
2 1 0.000 3230000
1 2 0.000 3240000
1 0 0.000 3240000
2 3 0.000 3240000
2 4 0.000 3240000
2 5 0.000 3240000
2 6 0.000 3240000
2 7 0.000 3240000
2 8 0.000 3240000
2 9 0.000 3240000
2 10 0.000 3240000
2 11 0.000 3240000
2 12 0.000 3240000
2 1 0.000 3240000
1 2 0.000 3250000
1 0 0.000 3250000
2 3 0.000 3250000
2 4 0.000 3250000
2 5 0.000 3250000
2 6 0.000 3250000
2 7 0.000 3250000
2 8 0.000 3250000
2 9 0.000 3250000
2 10 0.000 3250000
2 11 0.000 3250000
2 12 0.000 3250000
2 1 0.000 3250000
1 2 0.000 3260000
1 0 0.000 3260000
2 3 0.000 3260000
2 4 0.000 3260000
2 5 0.000 3260000
2 6 0.000 3260000
2 7 0.000 3260000
2 8 0.000 3260000
2 9 0.000 3260000
2 10 0.000 3260000
2 11 0.000 3260000
2 12 0.000 3260000
2 1 0.000 3260000
1 2 0.000 3270000
1 0 0.000 3270000
2 3 0.000 3270000
2 4 0.000 3270000
2 5 0.000 3270000
2 6 0.000 3270000
2 7 0.000 3270000
2 8 0.000 3270000
2 9 0.000 3270000
2 10 0.000 3270000
2 11 0.000 3270000
2 12 0.000 3270000
2 1 0.000 3270000
1 2 0.000 3280000
1 0 0.000 3280000
2 3 0.000 3280000
2 4 0.000 3280000
2 5 0.000 3280000
2 6 0.000 3280000
2 7 0.000 3280000
2 8 0.000 3280000
2 9 0.000 3280000
2 10 0.000 3280000
2 11 0.000 3280000
2 12 0.000 3280000
2 1 0.000 3280000
1 2 0.000 3290000
1 0 0.000 3290000
2 3 0.000 3290000
2 4 0.000 3290000
2 5 0.000 3290000
2 6 0.000 3290000
2 7 0.000 3290000
2 8 0.000 3290000
2 9 0.000 3290000
2 10 0.000 3290000
2 11 0.000 3290000
2 12 0.000 3290000
2 1 0.000 3290000
1 2 0.000 3300000
1 0 0.000 3300000
2 3 0.000 3300000
2 4 0.000 3300000
2 5 0.000 3300000
2 6 0.000 3300000
2 7 0.000 3300000
2 8 0.000 3300000
2 9 0.000 3300000
2 10 0.000 3300000
2 11 0.000 3300000
2 12 0.000 3300000
2 1 0.000 3300000
1 2 0.000 3310000
1 0 0.000 3310000
2 3 0.000 3310000
2 4 0.000 3310000
2 5 0.000 3310000
2 6 0.000 3310000
2 7 0.000 3310000
2 8 0.000 3310000
2 9 0.000 3310000
2 10 0.000 3310000
2 11 0.000 3310000
2 12 0.000 3310000
2 1 0.000 3310000
1 2 0.000 3320000
1 0 0.000 3320000
2 3 0.000 3320000
2 4 0.000 3320000
2 5 0.000 3320000
2 6 0.000 3320000
2 7 0.000 3320000
2 8 0.000 3320000
2 9 0.000 3320000
2 10 0.000 3320000
2 11 0.000 3320000
2 12 0.000 3320000
2 1 0.000 3320000
1 2 0.000 3330000
1 0 0.000 3330000
2 3 0.000 3330000
2 4 0.000 3330000
2 5 0.000 3330000
2 6 0.000 3330000
2 7 0.000 3330000
2 8 0.000 3330000
2 9 0.000 3330000
2 10 0.000 3330000
2 11 0.000 3330000
2 12 0.000 3330000
2 1 0.000 3330000
1 2 0.000 3340000
1 0 0.000 3340000
2 3 0.000 3340000
2 4 0.000 3340000
2 5 0.000 3340000
2 6 0.000 3340000
2 7 0.000 3340000
2 8 0.000 3340000
2 9 0.000 3340000
2 10 0.000 3340000
2 11 0.000 3340000
2 12 0.000 3340000
2 1 0.000 3340000
1 2 0.000 3350000
1 0 0.000 3350000
2 3 0.000 3350000
2 4 0.000 3350000
2 5 0.000 3350000
2 6 0.000 3350000
2 7 0.000 3350000
2 8 0.000 3350000
2 9 0.000 3350000
2 10 0.000 3350000
2 11 0.000 3350000
2 12 0.000 3350000
2 1 0.000 3350000
1 2 0.000 3360000
1 0 0.000 3360000
2 3 0.000 3360000
2 4 0.000 3360000
2 5 0.000 3360000
2 6 0.000 3360000
2 7 0.000 3360000
2 8 0.000 3360000
2 9 0.000 3360000
2 10 0.000 3360000
2 11 0.000 3360000
2 12 0.000 3360000
2 1 0.000 3360000
1 2 0.000 3370000
1 0 0.000 3370000
2 3 0.000 3370000
2 4 0.000 3370000
2 5 0.000 3370000
2 6 0.000 3370000
2 7 0.000 3370000
2 8 0.000 3370000
2 9 0.000 3370000
2 10 0.000 3370000
2 11 0.000 3370000
2 12 0.000 3370000
2 1 0.000 3370000
1 2 0.000 3380000
1 0 0.000 3380000
2 3 0.000 3380000
2 4 0.000 3380000
2 5 0.000 3380000
2 6 0.000 3380000
2 7 0.000 3380000
2 8 0.000 3380000
2 9 0.000 3380000
2 10 0.000 3380000
2 11 0.000 3380000
2 12 0.000 3380000
2 1 0.000 3380000
1 2 0.000 3390000
1 0 0.000 3390000
2 3 0.000 3390000
2 4 0.000 3390000
2 5 0.000 3390000
2 6 0.000 3390000
2 7 0.000 3390000
2 8 0.000 3390000
2 9 0.000 3390000
2 10 0.000 3390000
2 11 0.000 3390000
2 12 0.000 3390000
2 1 0.000 3390000
1 2 0.000 3400000
1 0 0.000 3400000
2 3 0.000 3400000
2 4 0.000 3400000
2 5 0.000 3400000
2 6 0.000 3400000
2 7 0.000 3400000
2 8 0.000 3400000
2 9 0.000 3400000
2 10 0.000 3400000
2 11 0.000 3400000
2 12 0.000 3400000
2 1 0.000 3400000
1 2 0.000 3410000
1 0 0.000 3410000
2 3 0.000 3410000
2 4 0.000 3410000
2 5 0.000 3410000
2 6 0.000 3410000
2 7 0.000 3410000
2 8 0.000 3410000
2 9 0.000 3410000
2 10 0.000 3410000
2 11 0.000 3410000
2 12 0.000 3410000
2 1 0.000 3410000
1 2 0.000 3420000
1 0 0.000 3420000
2 3 0.000 3420000
2 4 0.000 3420000
2 5 0.000 3420000
2 6 0.000 3420000
2 7 0.000 3420000
2 8 0.000 3420000
2 9 0.000 3420000
2 10 0.000 3420000
2 11 0.000 3420000
2 12 0.000 3420000
2 1 0.000 3420000
1 2 0.000 3430000
1 0 0.000 3430000
2 3 0.000 3430000
2 4 0.000 3430000
2 5 0.000 3430000
2 6 0.000 3430000
2 7 0.000 3430000
2 8 0.000 3430000
2 9 0.000 3430000
2 10 0.000 3430000
2 11 0.000 3430000
2 12 0.000 3430000
2 1 0.000 3430000
1 2 0.000 3440000
1 0 0.000 3440000
2 3 0.000 3440000
2 4 0.000 3440000
2 5 0.000 3440000
2 6 0.000 3440000
2 7 0.000 3440000
2 8 0.000 3440000
2 9 0.000 3440000
2 10 0.000 3440000
2 11 0.000 3440000
2 12 0.000 3440000
2 1 0.000 3440000
1 2 0.000 3450000
1 0 0.000 3450000
2 3 0.000 3450000
2 4 0.000 3450000
2 5 0.000 3450000
2 6 0.000 3450000
2 7 0.000 3450000
2 8 0.000 3450000
2 9 0.000 3450000
2 10 0.000 3450000
2 11 0.000 3450000
2 12 0.000 3450000
2 1 0.000 3450000
1 2 0.000 3460000
1 0 0.000 3460000
2 3 0.000 3460000
2 4 0.000 3460000
2 5 0.000 3460000
2 6 0.000 3460000
2 7 0.000 3460000
2 8 0.000 3460000
2 9 0.000 3460000
2 10 0.000 3460000
2 11 0.000 3460000
2 12 0.000 3460000
2 1 0.000 3460000
1 2 0.000 3470000
1 0 0.000 3470000
2 3 0.000 3470000
2 4 0.000 3470000
2 5 0.000 3470000
2 6 0.000 3470000
2 7 0.000 3470000
2 8 0.000 3470000
2 9 0.000 3470000
2 10 0.000 3470000
2 11 0.000 3470000
2 12 0.000 3470000
2 1 0.000 3470000
1 2 0.000 3480000
1 0 0.000 3480000
2 3 0.000 3480000
2 4 0.000 3480000
2 5 0.000 3480000
2 6 0.000 3480000
2 7 0.000 3480000
2 8 0.000 3480000
2 9 0.000 3480000
2 10 0.000 3480000
2 11 0.000 3480000
2 12 0.000 3480000
2 1 0.000 3480000
1 2 0.000 3490000
1 0 0.000 3490000
2 3 0.000 3490000
2 4 0.000 3490000
2 5 0.000 3490000
2 6 0.000 3490000
2 7 0.000 3490000
2 8 0.000 3490000
2 9 0.000 3490000
2 10 0.000 3490000
2 11 0.000 3490000
2 12 0.000 3490000
2 1 0.000 3490000
1 2 0.000 3500000
1 0 0.000 3500000
2 3 0.000 3500000
2 4 0.000 3500000
2 5 0.000 3500000
2 6 0.000 3500000
2 7 0.000 3500000
2 8 0.000 3500000
2 9 0.000 3500000
2 10 0.000 3500000
2 11 0.000 3500000
2 12 0.000 3500000
2 1 0.000 3500000
1 2 0.000 3510000
1 0 0.000 3510000
2 3 0.000 3510000
2 4 0.000 3510000
2 5 0.000 3510000
2 6 0.000 3510000
2 7 0.000 3510000
2 8 0.000 3510000
2 9 0.000 3510000
2 10 0.000 3510000
2 11 0.000 3510000
2 12 0.000 3510000
2 1 0.000 3510000
1 2 0.000 3520000
1 0 0.000 3520000
2 3 0.000 3520000
2 4 0.000 3520000
2 5 0.000 3520000
2 6 0.000 3520000
2 7 0.000 3520000
2 8 0.000 3520000
2 9 0.000 3520000
2 10 0.000 3520000
2 11 0.000 3520000
2 12 0.000 3520000
2 1 0.000 3520000
1 2 0.000 3530000
1 0 0.000 3530000
2 3 0.000 3530000
2 4 0.000 3530000
2 5 0.000 3530000
2 6 0.000 3530000
2 7 0.000 3530000
2 8 0.000 3530000
2 9 0.000 3530000
2 10 0.000 3530000
2 11 0.000 3530000
2 12 0.000 3530000
2 1 0.000 3530000
1 2 0.000 3540000
1 0 0.000 3540000
2 3 0.000 3540000
2 4 0.000 3540000
2 5 0.000 3540000
2 6 0.000 3540000
2 7 0.000 3540000
2 8 0.000 3540000
2 9 0.000 3540000
2 10 0.000 3540000
2 11 0.000 3540000
2 12 0.000 3540000
2 1 0.000 3540000
1 2 0.000 3550000
1 0 0.000 3550000
2 3 0.000 3550000
2 4 0.000 3550000
2 5 0.000 3550000
2 6 0.000 3550000
2 7 0.000 3550000
2 8 0.000 3550000
2 9 0.000 3550000
2 10 0.000 3550000
2 11 0.000 3550000
2 12 0.000 3550000
2 1 0.000 3550000
1 2 0.000 3560000
1 0 0.000 3560000
2 3 0.000 3560000
2 4 0.000 3560000
2 5 0.000 3560000
2 6 0.000 3560000
2 7 0.000 3560000
2 8 0.000 3560000
2 9 0.000 3560000
2 10 0.000 3560000
2 11 0.000 3560000
2 12 0.000 3560000
2 1 0.000 3560000
1 2 0.000 3570000
1 0 0.000 3570000
2 3 0.000 3570000
2 4 0.000 3570000
2 5 0.000 3570000
2 6 0.000 3570000
2 7 0.000 3570000
2 8 0.000 3570000
2 9 0.000 3570000
2 10 0.000 3570000
2 11 0.000 3570000
2 12 0.000 3570000
2 1 0.000 3570000
1 2 0.000 3580000
1 0 0.000 3580000
2 3 0.000 3580000
2 4 0.000 3580000
2 5 0.000 3580000
2 6 0.000 3580000
2 7 0.000 3580000
2 8 0.000 3580000
2 9 0.000 3580000
2 10 0.000 3580000
2 11 0.000 3580000
2 12 0.000 3580000
2 1 0.000 3580000
1 2 0.000 3590000
1 0 0.000 3590000
2 3 0.000 3590000
2 4 0.000 3590000
2 5 0.000 3590000
2 6 0.000 3590000
2 7 0.000 3590000
2 8 0.000 3590000
2 9 0.000 3590000
2 10 0.000 3590000
2 11 0.000 3590000
2 12 0.000 3590000
2 1 0.000 3590000
1 2 0.000 3600000
1 0 0.000 3600000
2 3 0.000 3600000
2 4 0.000 3600000
2 5 0.000 3600000
2 6 0.000 3600000
2 7 0.000 3600000
2 8 0.000 3600000
2 9 0.000 3600000
2 10 0.000 3600000
2 11 0.000 3600000
2 12 0.000 3600000
2 1 0.000 3600000
1 2 0.000 3610000
1 0 0.000 3610000
2 3 0.000 3610000
2 4 0.000 3610000
2 5 0.000 3610000
2 6 0.000 3610000
2 7 0.000 3610000
2 8 0.000 3610000
2 9 0.000 3610000
2 10 0.000 3610000
2 11 0.000 3610000
2 12 0.000 3610000
2 1 0.000 3610000
1 2 0.000 3620000
1 0 0.000 3620000
2 3 0.000 3620000
2 4 0.000 3620000
2 5 0.000 3620000
2 6 0.000 3620000
2 7 0.000 3620000
2 8 0.000 3620000
2 9 0.000 3620000
2 10 0.000 3620000
2 11 0.000 3620000
2 12 0.000 3620000
2 1 0.000 3620000
1 2 0.000 3630000
1 0 0.000 3630000
2 3 0.000 3630000
2 4 0.000 3630000
2 5 0.000 3630000
2 6 0.000 3630000
2 7 0.000 3630000
2 8 0.000 3630000
2 9 0.000 3630000
2 10 0.000 3630000
2 11 0.000 3630000
2 12 0.000 3630000
2 1 0.000 3630000
1 2 0.000 3640000
1 0 0.000 3640000
2 3 0.000 3640000
2 4 0.000 3640000
2 5 0.000 3640000
2 6 0.000 3640000
2 7 0.000 3640000
2 8 0.000 3640000
2 9 0.000 3640000
2 10 0.000 3640000
2 11 0.000 3640000
2 12 0.000 3640000
2 1 0.000 3640000
1 2 0.000 3650000
1 0 0.000 3650000
2 3 0.000 3650000
2 4 0.000 3650000
2 5 0.000 3650000
2 6 0.000 3650000
2 7 0.000 3650000
2 8 0.000 3650000
2 9 0.000 3650000
2 10 0.000 3650000
2 11 0.000 3650000
2 12 0.000 3650000
2 1 0.000 3650000
1 2 0.000 3660000
1 0 0.000 3660000
2 3 0.000 3660000
2 4 0.000 3660000
2 5 0.000 3660000
2 6 0.000 3660000
2 7 0.000 3660000
2 8 0.000 3660000
2 9 0.000 3660000
2 10 0.000 3660000
2 11 0.000 3660000
2 12 0.000 3660000
2 1 0.000 3660000
1 2 0.000 3670000
1 0 0.000 3670000
2 3 0.000 3670000
2 4 0.000 3670000
2 5 0.000 3670000
2 6 0.000 3670000
2 7 0.000 3670000
2 8 0.000 3670000
2 9 0.000 3670000
2 10 0.000 3670000
2 11 0.000 3670000
2 12 0.000 3670000
2 1 0.000 3670000
1 2 0.000 3680000
1 0 0.000 3680000
2 3 0.000 3680000
2 4 0.000 3680000
2 5 0.000 3680000
2 6 0.000 3680000
2 7 0.000 3680000
2 8 0.000 3680000
2 9 0.000 3680000
2 10 0.000 3680000
2 11 0.000 3680000
2 12 0.000 3680000
2 1 0.000 3680000
1 2 0.000 3690000
1 0 0.000 3690000
2 3 0.000 3690000
2 4 0.000 3690000
2 5 0.000 3690000
2 6 0.000 3690000
2 7 0.000 3690000
2 8 0.000 3690000
2 9 0.000 3690000
2 10 0.000 3690000
2 11 0.000 3690000
2 12 0.000 3690000
2 1 0.000 3690000
1 2 0.000 3700000
1 0 0.000 3700000
2 3 0.000 3700000
2 4 0.000 3700000
2 5 0.000 3700000
2 6 0.000 3700000
2 7 0.000 3700000
2 8 0.000 3700000
2 9 0.000 3700000
2 10 0.000 3700000
2 11 0.000 3700000
2 12 0.000 3700000
2 1 0.000 3700000
1 2 0.000 3710000
1 0 0.000 3710000
2 3 0.000 3710000
2 4 0.000 3710000
2 5 0.000 3710000
2 6 0.000 3710000
2 7 0.000 3710000
2 8 0.000 3710000
2 9 0.000 3710000
2 10 0.000 3710000
2 11 0.000 3710000
2 12 0.000 3710000
2 1 0.000 3710000
1 2 0.000 3720000
1 0 0.000 3720000
2 3 0.000 3720000
2 4 0.000 3720000
2 5 0.000 3720000
2 6 0.000 3720000
2 7 0.000 3720000
2 8 0.000 3720000
2 9 0.000 3720000
2 10 0.000 3720000
2 11 0.000 3720000
2 12 0.000 3720000
2 1 0.000 3720000
1 2 0.000 3730000
1 0 0.000 3730000
2 3 0.000 3730000
2 4 0.000 3730000
2 5 0.000 3730000
2 6 0.000 3730000
2 7 0.000 3730000
2 8 0.000 3730000
2 9 0.000 3730000
2 10 0.000 3730000
2 11 0.000 3730000
2 12 0.000 3730000
2 1 0.000 3730000
1 2 0.000 3740000
1 0 0.000 3740000
2 3 0.000 3740000
2 4 0.000 3740000
2 5 0.000 3740000
2 6 0.000 3740000
2 7 0.000 3740000
2 8 0.000 3740000
2 9 0.000 3740000
2 10 0.000 3740000
2 11 0.000 3740000
2 12 0.000 3740000
2 1 0.000 3740000
1 2 0.000 3750000
1 0 0.000 3750000
2 3 0.000 3750000
2 4 0.000 3750000
2 5 0.000 3750000
2 6 0.000 3750000
2 7 0.000 3750000
2 8 0.000 3750000
2 9 0.000 3750000
2 10 0.000 3750000
2 11 0.000 3750000
2 12 0.000 3750000
2 1 0.000 3750000
1 2 0.000 3760000
1 0 0.000 3760000
2 3 0.000 3760000
2 4 0.000 3760000
2 5 0.000 3760000
2 6 0.000 3760000
2 7 0.000 3760000
2 8 0.000 3760000
2 9 0.000 3760000
2 10 0.000 3760000
2 11 0.000 3760000
2 12 0.000 3760000
2 1 0.000 3760000
1 2 0.000 3770000
1 0 0.000 3770000
2 3 0.000 3770000
2 4 0.000 3770000
2 5 0.000 3770000
2 6 0.000 3770000
2 7 0.000 3770000
2 8 0.000 3770000
2 9 0.000 3770000
2 10 0.000 3770000
2 11 0.000 3770000
2 12 0.000 3770000
2 1 0.000 3770000
1 2 0.000 3780000
1 0 0.000 3780000
2 3 0.000 3780000
2 4 0.000 3780000
2 5 0.000 3780000
2 6 0.000 3780000
2 7 0.000 3780000
2 8 0.000 3780000
2 9 0.000 3780000
2 10 0.000 3780000
2 11 0.000 3780000
2 12 0.000 3780000
2 1 0.000 3780000
1 2 0.000 3790000
1 0 0.000 3790000
2 3 0.000 3790000
2 4 0.000 3790000
2 5 0.000 3790000
2 6 0.000 3790000
2 7 0.000 3790000
2 8 0.000 3790000
2 9 0.000 3790000
2 10 0.000 3790000
2 11 0.000 3790000
2 12 0.000 3790000
2 1 0.000 3790000
1 2 0.000 3800000
1 0 0.000 3800000
2 3 0.000 3800000
2 4 0.000 3800000
2 5 0.000 3800000
2 6 0.000 3800000
2 7 0.000 3800000
2 8 0.000 3800000
2 9 0.000 3800000
2 10 0.000 3800000
2 11 0.000 3800000
2 12 0.000 3800000
2 1 0.000 3800000
1 2 0.000 3810000
1 0 0.000 3810000
2 3 0.000 3810000
2 4 0.000 3810000
2 5 0.000 3810000
2 6 0.000 3810000
2 7 0.000 3810000
2 8 0.000 3810000
2 9 0.000 3810000
2 10 0.000 3810000
2 11 0.000 3810000
2 12 0.000 3810000
2 1 0.000 3810000
1 2 0.000 3820000
1 0 0.000 3820000
2 3 0.000 3820000
2 4 0.000 3820000
2 5 0.000 3820000
2 6 0.000 3820000
2 7 0.000 3820000
2 8 0.000 3820000
2 9 0.000 3820000
2 10 0.000 3820000
2 11 0.000 3820000
2 12 0.000 3820000
2 1 0.000 3820000
1 2 0.000 3830000
1 0 0.000 3830000
2 3 0.000 3830000
2 4 0.000 3830000
2 5 0.000 3830000
2 6 0.000 3830000
2 7 0.000 3830000
2 8 0.000 3830000
2 9 0.000 3830000
2 10 0.000 3830000
2 11 0.000 3830000
2 12 0.000 3830000
2 1 0.000 3830000
1 2 0.000 3840000
1 0 0.000 3840000
2 3 0.000 3840000
2 4 0.000 3840000
2 5 0.000 3840000
2 6 0.000 3840000
2 7 0.000 3840000
2 8 0.000 3840000
2 9 0.000 3840000
2 10 0.000 3840000
2 11 0.000 3840000
2 12 0.000 3840000
2 1 0.000 3840000
1 2 0.000 3850000
1 0 0.000 3850000
2 3 0.000 3850000
2 4 0.000 3850000
2 5 0.000 3850000
2 6 0.000 3850000
2 7 0.000 3850000
2 8 0.000 3850000
2 9 0.000 3850000
2 10 0.000 3850000
2 11 0.000 3850000
2 12 0.000 3850000
2 1 0.000 3850000
1 2 0.000 3860000
1 0 0.000 3860000
2 3 0.000 3860000
2 4 0.000 3860000
2 5 0.000 3860000
2 6 0.000 3860000
2 7 0.000 3860000
2 8 0.000 3860000
2 9 0.000 3860000
2 10 0.000 3860000
2 11 0.000 3860000
2 12 0.000 3860000
2 1 0.000 3860000
1 2 0.000 3870000
1 0 0.000 3870000
2 3 0.000 3870000
2 4 0.000 3870000
2 5 0.000 3870000
2 6 0.000 3870000
2 7 0.000 3870000
2 8 0.000 3870000
2 9 0.000 3870000
2 10 0.000 3870000
2 11 0.000 3870000
2 12 0.000 3870000
2 1 0.000 3870000
1 2 0.000 3880000
1 0 0.000 3880000
2 3 0.000 3880000
2 4 0.000 3880000
2 5 0.000 3880000
2 6 0.000 3880000
2 7 0.000 3880000
2 8 0.000 3880000
2 9 0.000 3880000
2 10 0.000 3880000
2 11 0.000 3880000
2 12 0.000 3880000
2 1 0.000 3880000
1 2 0.000 3890000
1 0 0.000 3890000
2 3 0.000 3890000
2 4 0.000 3890000
2 5 0.000 3890000
2 6 0.000 3890000
2 7 0.000 3890000
2 8 0.000 3890000
2 9 0.000 3890000
2 10 0.000 3890000
2 11 0.000 3890000
2 12 0.000 3890000
2 1 0.000 3890000
1 2 0.000 3900000
1 0 0.000 3900000
2 3 0.000 3900000
2 4 0.000 3900000
2 5 0.000 3900000
2 6 0.000 3900000
2 7 0.000 3900000
2 8 0.000 3900000
2 9 0.000 3900000
2 10 0.000 3900000
2 11 0.000 3900000
2 12 0.000 3900000
2 1 0.000 3900000
1 2 0.000 3910000
1 0 0.000 3910000
2 3 0.000 3910000
2 4 0.000 3910000
2 5 0.000 3910000
2 6 0.000 3910000
2 7 0.000 3910000
2 8 0.000 3910000
2 9 0.000 3910000
2 10 0.000 3910000
2 11 0.000 3910000
2 12 0.000 3910000
2 1 0.000 3910000
1 2 0.000 3920000
1 0 0.000 3920000
2 3 0.000 3920000
2 4 0.000 3920000
2 5 0.000 3920000
2 6 0.000 3920000
2 7 0.000 3920000
2 8 0.000 3920000
2 9 0.000 3920000
2 10 0.000 3920000
2 11 0.000 3920000
2 12 0.000 3920000
2 1 0.000 3920000
1 2 0.000 3930000
1 0 0.000 3930000
2 3 0.000 3930000
2 4 0.000 3930000
2 5 0.000 3930000
2 6 0.000 3930000
2 7 0.000 3930000
2 8 0.000 3930000
2 9 0.000 3930000
2 10 0.000 3930000
2 11 0.000 3930000
2 12 0.000 3930000
2 1 0.000 3930000
1 2 0.000 3940000
1 0 0.000 3940000
2 3 0.000 3940000
2 4 0.000 3940000
2 5 0.000 3940000
2 6 0.000 3940000
2 7 0.000 3940000
2 8 0.000 3940000
2 9 0.000 3940000
2 10 0.000 3940000
2 11 0.000 3940000
2 12 0.000 3940000
2 1 0.000 3940000
1 2 0.000 3950000
1 0 0.000 3950000
2 3 0.000 3950000
2 4 0.000 3950000
2 5 0.000 3950000
2 6 0.000 3950000
2 7 0.000 3950000
2 8 0.000 3950000
2 9 0.000 3950000
2 10 0.000 3950000
2 11 0.000 3950000
2 12 0.000 3950000
2 1 0.000 3950000
1 2 0.000 3960000
1 0 0.000 3960000
2 3 0.000 3960000
2 4 0.000 3960000
2 5 0.000 3960000
2 6 0.000 3960000
2 7 0.000 3960000
2 8 0.000 3960000
2 9 0.000 3960000
2 10 0.000 3960000
2 11 0.000 3960000
2 12 0.000 3960000
2 1 0.000 3960000
1 2 0.000 3970000
1 0 0.000 3970000
2 3 0.000 3970000
2 4 0.000 3970000
2 5 0.000 3970000
2 6 0.000 3970000
2 7 0.000 3970000
2 8 0.000 3970000
2 9 0.000 3970000
2 10 0.000 3970000
2 11 0.000 3970000
2 12 0.000 3970000
2 1 0.000 3970000
1 2 0.000 3980000
1 0 0.000 3980000
2 3 0.000 3980000
2 4 0.000 3980000
2 5 0.000 3980000
2 6 0.000 3980000
2 7 0.000 3980000
2 8 0.000 3980000
2 9 0.000 3980000
2 10 0.000 3980000
2 11 0.000 3980000
2 12 0.000 3980000
2 1 0.000 3980000
1 2 0.000 3990000
1 0 0.000 3990000
2 3 0.000 3990000
2 4 0.000 3990000
2 5 0.000 3990000
2 6 0.000 3990000
2 7 0.000 3990000
2 8 0.000 3990000
2 9 0.000 3990000
2 10 0.000 3990000
2 11 0.000 3990000
2 12 0.000 3990000
2 1 0.000 3990000
1 2 0.000 4000000
1 0 0.000 4000000
2 3 0.000 4000000
2 4 0.000 4000000
2 5 0.000 4000000
2 6 0.000 4000000
2 7 0.000 4000000
2 8 0.000 4000000
2 9 0.000 4000000
2 10 0.000 4000000
2 11 0.000 4000000
2 12 0.000 4000000
2 1 0.000 4000000
1 2 0.000 4010000
1 0 0.000 4010000
2 3 0.000 4010000
2 4 0.000 4010000
2 5 0.000 4010000
2 6 0.000 4010000
2 7 0.000 4010000
2 8 0.000 4010000
2 9 0.000 4010000
2 10 0.000 4010000
2 11 0.000 4010000
2 12 0.000 4010000
2 1 0.000 4010000
1 2 0.000 4020000
1 0 0.000 4020000
2 3 0.000 4020000
2 4 0.000 4020000
2 5 0.000 4020000
2 6 0.000 4020000
2 7 0.000 4020000
2 8 0.000 4020000
2 9 0.000 4020000
2 10 0.000 4020000
2 11 0.000 4020000
2 12 0.000 4020000
2 1 0.000 4020000
1 2 0.000 4030000
1 0 0.000 4030000
2 3 0.000 4030000
2 4 0.000 4030000
2 5 0.000 4030000
2 6 0.000 4030000
2 7 0.000 4030000
2 8 0.000 4030000
2 9 0.000 4030000
2 10 0.000 4030000
2 11 0.000 4030000
2 12 0.000 4030000
2 1 0.000 4030000
1 2 0.000 4040000
1 0 0.000 4040000
2 3 0.000 4040000
2 4 0.000 4040000
2 5 0.000 4040000
2 6 0.000 4040000
2 7 0.000 4040000
2 8 0.000 4040000
2 9 0.000 4040000
2 10 0.000 4040000
2 11 0.000 4040000
2 12 0.000 4040000
2 1 0.000 4040000
1 2 0.000 4050000
1 0 0.000 4050000
2 3 0.000 4050000
2 4 0.000 4050000
2 5 0.000 4050000
2 6 0.000 4050000
2 7 0.000 4050000
2 8 0.000 4050000
2 9 0.000 4050000
2 10 0.000 4050000
2 11 0.000 4050000
2 12 0.000 4050000
2 1 0.000 4050000
1 2 0.000 4060000
1 0 0.000 4060000
2 3 0.000 4060000
2 4 0.000 4060000
2 5 0.000 4060000
2 6 0.000 4060000
2 7 0.000 4060000
2 8 0.000 4060000
2 9 0.000 4060000
2 10 0.000 4060000
2 11 0.000 4060000
2 12 0.000 4060000
2 1 0.000 4060000
1 2 0.000 4070000
1 0 0.000 4070000
2 3 0.000 4070000
2 4 0.000 4070000
2 5 0.000 4070000
2 6 0.000 4070000
2 7 0.000 4070000
2 8 0.000 4070000
2 9 0.000 4070000
2 10 0.000 4070000
2 11 0.000 4070000
2 12 0.000 4070000
2 1 0.000 4070000
1 2 0.000 4080000
1 0 0.000 4080000
2 3 0.000 4080000
2 4 0.000 4080000
2 5 0.000 4080000
2 6 0.000 4080000
2 7 0.000 4080000
2 8 0.000 4080000
2 9 0.000 4080000
2 10 0.000 4080000
2 11 0.000 4080000
2 12 0.000 4080000
2 1 0.000 4080000
1 2 0.000 4090000
1 0 0.000 4090000
2 3 0.000 4090000
2 4 0.000 4090000
2 5 0.000 4090000
2 6 0.000 4090000
2 7 0.000 4090000
2 8 0.000 4090000
2 9 0.000 4090000
2 10 0.000 4090000
2 11 0.000 4090000
2 12 0.000 4090000
2 1 0.000 4090000
1 2 0.000 4100000
1 0 0.000 4100000
2 3 0.000 4100000
2 4 0.000 4100000
2 5 0.000 4100000
2 6 0.000 4100000
2 7 0.000 4100000
2 8 0.000 4100000
2 9 0.000 4100000
2 10 0.000 4100000
2 11 0.000 4100000
2 12 0.000 4100000
2 1 0.000 4100000
1 2 0.000 4110000
1 0 0.000 4110000
2 3 0.000 4110000
2 4 0.000 4110000
2 5 0.000 4110000
2 6 0.000 4110000
2 7 0.000 4110000
2 8 0.000 4110000
2 9 0.000 4110000
2 10 0.000 4110000
2 11 0.000 4110000
2 12 0.000 4110000
2 1 0.000 4110000
1 2 0.000 4120000
1 0 0.000 4120000
2 3 0.000 4120000
2 4 0.000 4120000
2 5 0.000 4120000
2 6 0.000 4120000
2 7 0.000 4120000
2 8 0.000 4120000
2 9 0.000 4120000
2 10 0.000 4120000
2 11 0.000 4120000
2 12 0.000 4120000
2 1 0.000 4120000
1 2 0.000 4130000
1 0 0.000 4130000
2 3 0.000 4130000
2 4 0.000 4130000
2 5 0.000 4130000
2 6 0.000 4130000
2 7 0.000 4130000
2 8 0.000 4130000
2 9 0.000 4130000
2 10 0.000 4130000
2 11 0.000 4130000
2 12 0.000 4130000
2 1 0.000 4130000
1 2 0.000 4140000
1 0 0.000 4140000
2 3 0.000 4140000
2 4 0.000 4140000
2 5 0.000 4140000
2 6 0.000 4140000
2 7 0.000 4140000
2 8 0.000 4140000
2 9 0.000 4140000
2 10 0.000 4140000
2 11 0.000 4140000
2 12 0.000 4140000
2 1 0.000 4140000
1 2 0.000 4150000
1 0 0.000 4150000
2 3 0.000 4150000
2 4 0.000 4150000
2 5 0.000 4150000
2 6 0.000 4150000
2 7 0.000 4150000
2 8 0.000 4150000
2 9 0.000 4150000
2 10 0.000 4150000
2 11 0.000 4150000
2 12 0.000 4150000
2 1 0.000 4150000
1 2 0.000 4160000
1 0 0.000 4160000
2 3 0.000 4160000
2 4 0.000 4160000
2 5 0.000 4160000
2 6 0.000 4160000
2 7 0.000 4160000
2 8 0.000 4160000
2 9 0.000 4160000
2 10 0.000 4160000
2 11 0.000 4160000
2 12 0.000 4160000
2 1 0.000 4160000
1 2 0.000 4170000
1 0 0.000 4170000
2 3 0.000 4170000
2 4 0.000 4170000
2 5 0.000 4170000
2 6 0.000 4170000
2 7 0.000 4170000
2 8 0.000 4170000
2 9 0.000 4170000
2 10 0.000 4170000
2 11 0.000 4170000
2 12 0.000 4170000
2 1 0.000 4170000
1 2 0.000 4180000
1 0 0.000 4180000
2 3 0.000 4180000
2 4 0.000 4180000
2 5 0.000 4180000
2 6 0.000 4180000
2 7 0.000 4180000
2 8 0.000 4180000
2 9 0.000 4180000
2 10 0.000 4180000
2 11 0.000 4180000
2 12 0.000 4180000
2 1 0.000 4180000
1 2 0.000 4190000
1 0 0.000 4190000
2 3 0.000 4190000
2 4 0.000 4190000
2 5 0.000 4190000
2 6 0.000 4190000
2 7 0.000 4190000
2 8 0.000 4190000
2 9 0.000 4190000
2 10 0.000 4190000
2 11 0.000 4190000
2 12 0.000 4190000
2 1 0.000 4190000
1 2 0.000 4200000
1 0 0.000 4200000
2 3 0.000 4200000
2 4 0.000 4200000
2 5 0.000 4200000
2 6 0.000 4200000
2 7 0.000 4200000
2 8 0.000 4200000
2 9 0.000 4200000
2 10 0.000 4200000
2 11 0.000 4200000
2 12 0.000 4200000
2 1 0.000 4200000
1 2 0.000 4210000
1 0 0.000 4210000
2 3 0.000 4210000
2 4 0.000 4210000
2 5 0.000 4210000
2 6 0.000 4210000
2 7 0.000 4210000
2 8 0.000 4210000
2 9 0.000 4210000
2 10 0.000 4210000
2 11 0.000 4210000
2 12 0.000 4210000
2 1 0.000 4210000
1 2 0.000 4220000
1 0 0.000 4220000
2 3 0.000 4220000
2 4 0.000 4220000
2 5 0.000 4220000
2 6 0.000 4220000
2 7 0.000 4220000
2 8 0.000 4220000
2 9 0.000 4220000
2 10 0.000 4220000
2 11 0.000 4220000
2 12 0.000 4220000
2 1 0.000 4220000
1 2 0.000 4230000
1 0 0.000 4230000
2 3 0.000 4230000
2 4 0.000 4230000
2 5 0.000 4230000
2 6 0.000 4230000
2 7 0.000 4230000
2 8 0.000 4230000
2 9 0.000 4230000
2 10 0.000 4230000
2 11 0.000 4230000
2 12 0.000 4230000
2 1 0.000 4230000
1 2 0.000 4240000
1 0 0.000 4240000
2 3 0.000 4240000
2 4 0.000 4240000
2 5 0.000 4240000
2 6 0.000 4240000
2 7 0.000 4240000
2 8 0.000 4240000
2 9 0.000 4240000
2 10 0.000 4240000
2 11 0.000 4240000
2 12 0.000 4240000
2 1 0.000 4240000
1 2 0.000 4250000
1 0 0.000 4250000
2 3 0.000 4250000
2 4 0.000 4250000
2 5 0.000 4250000
2 6 0.000 4250000
2 7 0.000 4250000
2 8 0.000 4250000
2 9 0.000 4250000
2 10 0.000 4250000
2 11 0.000 4250000
2 12 0.000 4250000
2 1 0.000 4250000
1 2 0.000 4260000
1 0 0.000 4260000
2 3 0.000 4260000
2 4 0.000 4260000
2 5 0.000 4260000
2 6 0.000 4260000
2 7 0.000 4260000
2 8 0.000 4260000
2 9 0.000 4260000
2 10 0.000 4260000
2 11 0.000 4260000
2 12 0.000 4260000
2 1 0.000 4260000
1 2 0.000 4270000
1 0 0.000 4270000
2 3 0.000 4270000
2 4 0.000 4270000
2 5 0.000 4270000
2 6 0.000 4270000
2 7 0.000 4270000
2 8 0.000 4270000
2 9 0.000 4270000
2 10 0.000 4270000
2 11 0.000 4270000
2 12 0.000 4270000
2 1 0.000 4270000
1 2 0.000 4280000
1 0 0.000 4280000
2 3 0.000 4280000
2 4 0.000 4280000
2 5 0.000 4280000
2 6 0.000 4280000
2 7 0.000 4280000
2 8 0.000 4280000
2 9 0.000 4280000
2 10 0.000 4280000
2 11 0.000 4280000
2 12 0.000 4280000
2 1 0.000 4280000
1 2 0.000 4290000
1 0 0.000 4290000
2 3 0.000 4290000
2 4 0.000 4290000
2 5 0.000 4290000
2 6 0.000 4290000
2 7 0.000 4290000
2 8 0.000 4290000
2 9 0.000 4290000
2 10 0.000 4290000
2 11 0.000 4290000
2 12 0.000 4290000
2 1 0.000 4290000
1 2 0.000 4300000
1 0 0.000 4300000
2 3 0.000 4300000
2 4 0.000 4300000
2 5 0.000 4300000
2 6 0.000 4300000
2 7 0.000 4300000
2 8 0.000 4300000
2 9 0.000 4300000
2 10 0.000 4300000
2 11 0.000 4300000
2 12 0.000 4300000
2 1 0.000 4300000
1 2 0.000 4310000
1 0 0.000 4310000
2 3 0.000 4310000
2 4 0.000 4310000
2 5 0.000 4310000
2 6 0.000 4310000
2 7 0.000 4310000
2 8 0.000 4310000
2 9 0.000 4310000
2 10 0.000 4310000
2 11 0.000 4310000
2 12 0.000 4310000
2 1 0.000 4310000
1 2 0.000 4320000
1 0 0.000 4320000
2 3 0.000 4320000
2 4 0.000 4320000
2 5 0.000 4320000
2 6 0.000 4320000
2 7 0.000 4320000
2 8 0.000 4320000
2 9 0.000 4320000
2 10 0.000 4320000
2 11 0.000 4320000
2 12 0.000 4320000
2 1 0.000 4320000
1 2 0.000 4330000
1 0 0.000 4330000
2 3 0.000 4330000
2 4 0.000 4330000
2 5 0.000 4330000
2 6 0.000 4330000
2 7 0.000 4330000
2 8 0.000 4330000
2 9 0.000 4330000
2 10 0.000 4330000
2 11 0.000 4330000
2 12 0.000 4330000
2 1 0.000 4330000
1 2 0.000 4340000
1 0 0.000 4340000
2 3 0.000 4340000
2 4 0.000 4340000
2 5 0.000 4340000
2 6 0.000 4340000
2 7 0.000 4340000
2 8 0.000 4340000
2 9 0.000 4340000
2 10 0.000 4340000
2 11 0.000 4340000
2 12 0.000 4340000
2 1 0.000 4340000
1 2 0.000 4350000
1 0 0.000 4350000
2 3 0.000 4350000
2 4 0.000 4350000
2 5 0.000 4350000
2 6 0.000 4350000
2 7 0.000 4350000
2 8 0.000 4350000
2 9 0.000 4350000
2 10 0.000 4350000
2 11 0.000 4350000
2 12 0.000 4350000
2 1 0.000 4350000
1 2 0.000 4360000
1 0 0.000 4360000
2 3 0.000 4360000
2 4 0.000 4360000
2 5 0.000 4360000
2 6 0.000 4360000
2 7 0.000 4360000
2 8 0.000 4360000
2 9 0.000 4360000
2 10 0.000 4360000
2 11 0.000 4360000
2 12 0.000 4360000
2 1 0.000 4360000
1 2 0.000 4370000
1 0 0.000 4370000
2 3 0.000 4370000
2 4 0.000 4370000
2 5 0.000 4370000
2 6 0.000 4370000
2 7 0.000 4370000
2 8 0.000 4370000
2 9 0.000 4370000
2 10 0.000 4370000
2 11 0.000 4370000
2 12 0.000 4370000
2 1 0.000 4370000
1 2 0.000 4380000
1 0 0.000 4380000
2 3 0.000 4380000
2 4 0.000 4380000
2 5 0.000 4380000
2 6 0.000 4380000
2 7 0.000 4380000
2 8 0.000 4380000
2 9 0.000 4380000
2 10 0.000 4380000
2 11 0.000 4380000
2 12 0.000 4380000
2 1 0.000 4380000
1 2 0.000 4390000
1 0 0.000 4390000
2 3 0.000 4390000
2 4 0.000 4390000
2 5 0.000 4390000
2 6 0.000 4390000
2 7 0.000 4390000
2 8 0.000 4390000
2 9 0.000 4390000
2 10 0.000 4390000
2 11 0.000 4390000
2 12 0.000 4390000
2 1 0.000 4390000
1 2 0.000 4400000
1 0 0.000 4400000
2 3 0.000 4400000
2 4 0.000 4400000
2 5 0.000 4400000
2 6 0.000 4400000
2 7 0.000 4400000
2 8 0.000 4400000
2 9 0.000 4400000
2 10 0.000 4400000
2 11 0.000 4400000
2 12 0.000 4400000
2 1 0.000 4400000
1 2 0.000 4410000
1 0 0.000 4410000
2 3 0.000 4410000
2 4 0.000 4410000
2 5 0.000 4410000
2 6 0.000 4410000
2 7 0.000 4410000
2 8 0.000 4410000
2 9 0.000 4410000
2 10 0.000 4410000
2 11 0.000 4410000
2 12 0.000 4410000
2 1 0.000 4410000
1 2 0.000 4420000
1 0 0.000 4420000
2 3 0.000 4420000
2 4 0.000 4420000
2 5 0.000 4420000
2 6 0.000 4420000
2 7 0.000 4420000
2 8 0.000 4420000
2 9 0.000 4420000
2 10 0.000 4420000
2 11 0.000 4420000
2 12 0.000 4420000
2 1 0.000 4420000
1 2 0.000 4430000
1 0 0.000 4430000
2 3 0.000 4430000
2 4 0.000 4430000
2 5 0.000 4430000
2 6 0.000 4430000
2 7 0.000 4430000
2 8 0.000 4430000
2 9 0.000 4430000
2 10 0.000 4430000
2 11 0.000 4430000
2 12 0.000 4430000
2 1 0.000 4430000
1 2 0.000 4440000
1 0 0.000 4440000
2 3 0.000 4440000
2 4 0.000 4440000
2 5 0.000 4440000
2 6 0.000 4440000
2 7 0.000 4440000
2 8 0.000 4440000
2 9 0.000 4440000
2 10 0.000 4440000
2 11 0.000 4440000
2 12 0.000 4440000
2 1 0.000 4440000
1 2 0.000 4450000
1 0 0.000 4450000
2 3 0.000 4450000
2 4 0.000 4450000
2 5 0.000 4450000
2 6 0.000 4450000
2 7 0.000 4450000
2 8 0.000 4450000
2 9 0.000 4450000
2 10 0.000 4450000
2 11 0.000 4450000
2 12 0.000 4450000
2 1 0.000 4450000
1 2 0.000 4460000
1 0 0.000 4460000
2 3 0.000 4460000
2 4 0.000 4460000
2 5 0.000 4460000
2 6 0.000 4460000
2 7 0.000 4460000
2 8 0.000 4460000
2 9 0.000 4460000
2 10 0.000 4460000
2 11 0.000 4460000
2 12 0.000 4460000
2 1 0.000 4460000
1 2 0.000 4470000
1 0 0.000 4470000
2 3 0.000 4470000
2 4 0.000 4470000
2 5 0.000 4470000
2 6 0.000 4470000
2 7 0.000 4470000
2 8 0.000 4470000
2 9 0.000 4470000
2 10 0.000 4470000
2 11 0.000 4470000
2 12 0.000 4470000
2 1 0.000 4470000
1 2 0.000 4480000
1 0 0.000 4480000
2 3 0.000 4480000
2 4 0.000 4480000
2 5 0.000 4480000
2 6 0.000 4480000
2 7 0.000 4480000
2 8 0.000 4480000
2 9 0.000 4480000
2 10 0.000 4480000
2 11 0.000 4480000
2 12 0.000 4480000
2 1 0.000 4480000
1 2 0.000 4490000
1 0 0.000 4490000
2 3 0.000 4490000
2 4 0.000 4490000
2 5 0.000 4490000
2 6 0.000 4490000
2 7 0.000 4490000
2 8 0.000 4490000
2 9 0.000 4490000
2 10 0.000 4490000
2 11 0.000 4490000
2 12 0.000 4490000
2 1 0.000 4490000
1 2 0.000 4500000
1 0 0.000 4500000
2 3 0.000 4500000
2 4 0.000 4500000
2 5 0.000 4500000
2 6 0.000 4500000
2 7 0.000 4500000
2 8 0.000 4500000
2 9 0.000 4500000
2 10 0.000 4500000
2 11 0.000 4500000
2 12 0.000 4500000
2 1 0.000 4500000
1 2 0.000 4510000
1 0 0.000 4510000
2 3 0.000 4510000
2 4 0.000 4510000
2 5 0.000 4510000
2 6 0.000 4510000
2 7 0.000 4510000
2 8 0.000 4510000
2 9 0.000 4510000
2 10 0.000 4510000
2 11 0.000 4510000
2 12 0.000 4510000
2 1 0.000 4510000
1 2 0.000 4520000
1 0 0.000 4520000
2 3 0.000 4520000
2 4 0.000 4520000
2 5 0.000 4520000
2 6 0.000 4520000
2 7 0.000 4520000
2 8 0.000 4520000
2 9 0.000 4520000
2 10 0.000 4520000
2 11 0.000 4520000
2 12 0.000 4520000
2 1 0.000 4520000
1 2 0.000 4530000
1 0 0.000 4530000
2 3 0.000 4530000
2 4 0.000 4530000
2 5 0.000 4530000
2 6 0.000 4530000
2 7 0.000 4530000
2 8 0.000 4530000
2 9 0.000 4530000
2 10 0.000 4530000
2 11 0.000 4530000
2 12 0.000 4530000
2 1 0.000 4530000
1 2 0.000 4540000
1 0 0.000 4540000
2 3 0.000 4540000
2 4 0.000 4540000
2 5 0.000 4540000
2 6 0.000 4540000
2 7 0.000 4540000
2 8 0.000 4540000
2 9 0.000 4540000
2 10 0.000 4540000
2 11 0.000 4540000
2 12 0.000 4540000
2 1 0.000 4540000
1 2 0.000 4550000
1 0 0.000 4550000
2 3 0.000 4550000
2 4 0.000 4550000
2 5 0.000 4550000
2 6 0.000 4550000
2 7 0.000 4550000
2 8 0.000 4550000
2 9 0.000 4550000
2 10 0.000 4550000
2 11 0.000 4550000
2 12 0.000 4550000
2 1 0.000 4550000
1 2 0.000 4560000
1 0 0.000 4560000
2 3 0.000 4560000
2 4 0.000 4560000
2 5 0.000 4560000
2 6 0.000 4560000
2 7 0.000 4560000
2 8 0.000 4560000
2 9 0.000 4560000
2 10 0.000 4560000
2 11 0.000 4560000
2 12 0.000 4560000
2 1 0.000 4560000
1 2 0.000 4570000
1 0 0.000 4570000
2 3 0.000 4570000
2 4 0.000 4570000
2 5 0.000 4570000
2 6 0.000 4570000
2 7 0.000 4570000
2 8 0.000 4570000
2 9 0.000 4570000
2 10 0.000 4570000
2 11 0.000 4570000
2 12 0.000 4570000
2 1 0.000 4570000
1 2 0.000 4580000
1 0 0.000 4580000
2 3 0.000 4580000
2 4 0.000 4580000
2 5 0.000 4580000
2 6 0.000 4580000
2 7 0.000 4580000
2 8 0.000 4580000
2 9 0.000 4580000
2 10 0.000 4580000
2 11 0.000 4580000
2 12 0.000 4580000
2 1 0.000 4580000
1 2 0.000 4590000
1 0 0.000 4590000
2 3 0.000 4590000
2 4 0.000 4590000
2 5 0.000 4590000
2 6 0.000 4590000
2 7 0.000 4590000
2 8 0.000 4590000
2 9 0.000 4590000
2 10 0.000 4590000
2 11 0.000 4590000
2 12 0.000 4590000
2 1 0.000 4590000
1 2 0.000 4600000
1 0 0.000 4600000
2 3 0.000 4600000
2 4 0.000 4600000
2 5 0.000 4600000
2 6 0.000 4600000
2 7 0.000 4600000
2 8 0.000 4600000
2 9 0.000 4600000
2 10 0.000 4600000
2 11 0.000 4600000
2 12 0.000 4600000
2 1 0.000 4600000
1 2 0.000 4610000
1 0 0.000 4610000
2 3 0.000 4610000
2 4 0.000 4610000
2 5 0.000 4610000
2 6 0.000 4610000
2 7 0.000 4610000
2 8 0.000 4610000
2 9 0.000 4610000
2 10 0.000 4610000
2 11 0.000 4610000
2 12 0.000 4610000
2 1 0.000 4610000
1 2 0.000 4620000
1 0 0.000 4620000
2 3 0.000 4620000
2 4 0.000 4620000
2 5 0.000 4620000
2 6 0.000 4620000
2 7 0.000 4620000
2 8 0.000 4620000
2 9 0.000 4620000
2 10 0.000 4620000
2 11 0.000 4620000
2 12 0.000 4620000
2 1 0.000 4620000
1 2 0.000 4630000
1 0 0.000 4630000
2 3 0.000 4630000
2 4 0.000 4630000
2 5 0.000 4630000
2 6 0.000 4630000
2 7 0.000 4630000
2 8 0.000 4630000
2 9 0.000 4630000
2 10 0.000 4630000
2 11 0.000 4630000
2 12 0.000 4630000
2 1 0.000 4630000
1 2 0.000 4640000
1 0 0.000 4640000
2 3 0.000 4640000
2 4 0.000 4640000
2 5 0.000 4640000
2 6 0.000 4640000
2 7 0.000 4640000
2 8 0.000 4640000
2 9 0.000 4640000
2 10 0.000 4640000
2 11 0.000 4640000
2 12 0.000 4640000
2 1 0.000 4640000
1 2 0.000 4650000
1 0 0.000 4650000
2 3 0.000 4650000
2 4 0.000 4650000
2 5 0.000 4650000
2 6 0.000 4650000
2 7 0.000 4650000
2 8 0.000 4650000
2 9 0.000 4650000
2 10 0.000 4650000
2 11 0.000 4650000
2 12 0.000 4650000
2 1 0.000 4650000
1 2 0.000 4660000
1 0 0.000 4660000
2 3 0.000 4660000
2 4 0.000 4660000
2 5 0.000 4660000
2 6 0.000 4660000
2 7 0.000 4660000
2 8 0.000 4660000
2 9 0.000 4660000
2 10 0.000 4660000
2 11 0.000 4660000
2 12 0.000 4660000
2 1 0.000 4660000
1 2 0.000 4670000
1 0 0.000 4670000
2 3 0.000 4670000
2 4 0.000 4670000
2 5 0.000 4670000
2 6 0.000 4670000
2 7 0.000 4670000
2 8 0.000 4670000
2 9 0.000 4670000
2 10 0.000 4670000
2 11 0.000 4670000
2 12 0.000 4670000
2 1 0.000 4670000
1 2 0.000 4680000
1 0 0.000 4680000
2 3 0.000 4680000
2 4 0.000 4680000
2 5 0.000 4680000
2 6 0.000 4680000
2 7 0.000 4680000
2 8 0.000 4680000
2 9 0.000 4680000
2 10 0.000 4680000
2 11 0.000 4680000
2 12 0.000 4680000
2 1 0.000 4680000
1 2 0.000 4690000
1 0 0.000 4690000
2 3 0.000 4690000
2 4 0.000 4690000
2 5 0.000 4690000
2 6 0.000 4690000
2 7 0.000 4690000
2 8 0.000 4690000
2 9 0.000 4690000
2 10 0.000 4690000
2 11 0.000 4690000
2 12 0.000 4690000
2 1 0.000 4690000
1 2 0.000 4700000
1 0 0.000 4700000
2 3 0.000 4700000
2 4 0.000 4700000
2 5 0.000 4700000
2 6 0.000 4700000
2 7 0.000 4700000
2 8 0.000 4700000
2 9 0.000 4700000
2 10 0.000 4700000
2 11 0.000 4700000
2 12 0.000 4700000
2 1 0.000 4700000
1 2 0.000 4710000
1 0 0.000 4710000
2 3 0.000 4710000
2 4 0.000 4710000
2 5 0.000 4710000
2 6 0.000 4710000
2 7 0.000 4710000
2 8 0.000 4710000
2 9 0.000 4710000
2 10 0.000 4710000
2 11 0.000 4710000
2 12 0.000 4710000
2 1 0.000 4710000
1 2 0.000 4720000
1 0 0.000 4720000
2 3 0.000 4720000
2 4 0.000 4720000
2 5 0.000 4720000
2 6 0.000 4720000
2 7 0.000 4720000
2 8 0.000 4720000
2 9 0.000 4720000
2 10 0.000 4720000
2 11 0.000 4720000
2 12 0.000 4720000
2 1 0.000 4720000
1 2 0.000 4730000
1 0 0.000 4730000
2 3 0.000 4730000
2 4 0.000 4730000
2 5 0.000 4730000
2 6 0.000 4730000
2 7 0.000 4730000
2 8 0.000 4730000
2 9 0.000 4730000
2 10 0.000 4730000
2 11 0.000 4730000
2 12 0.000 4730000
2 1 0.000 4730000
1 2 0.000 4740000
1 0 0.000 4740000
2 3 0.000 4740000
2 4 0.000 4740000
2 5 0.000 4740000
2 6 0.000 4740000
2 7 0.000 4740000
2 8 0.000 4740000
2 9 0.000 4740000
2 10 0.000 4740000
2 11 0.000 4740000
2 12 0.000 4740000
2 1 0.000 4740000
1 2 0.000 4750000
1 0 0.000 4750000
2 3 0.000 4750000
2 4 0.000 4750000
2 5 0.000 4750000
2 6 0.000 4750000
2 7 0.000 4750000
2 8 0.000 4750000
2 9 0.000 4750000
2 10 0.000 4750000
2 11 0.000 4750000
2 12 0.000 4750000
2 1 0.000 4750000
1 2 0.000 4760000
1 0 0.000 4760000
2 3 0.000 4760000
2 4 0.000 4760000
2 5 0.000 4760000
2 6 0.000 4760000
2 7 0.000 4760000
2 8 0.000 4760000
2 9 0.000 4760000
2 10 0.000 4760000
2 11 0.000 4760000
2 12 0.000 4760000
2 1 0.000 4760000
1 2 0.000 4770000
1 0 0.000 4770000
2 3 0.000 4770000
2 4 0.000 4770000
2 5 0.000 4770000
2 6 0.000 4770000
2 7 0.000 4770000
2 8 0.000 4770000
2 9 0.000 4770000
2 10 0.000 4770000
2 11 0.000 4770000
2 12 0.000 4770000
2 1 0.000 4770000
1 2 0.000 4780000
1 0 0.000 4780000
2 3 0.000 4780000
2 4 0.000 4780000
2 5 0.000 4780000
2 6 0.000 4780000
2 7 0.000 4780000
2 8 0.000 4780000
2 9 0.000 4780000
2 10 0.000 4780000
2 11 0.000 4780000
2 12 0.000 4780000
2 1 0.000 4780000
1 2 0.000 4790000
1 0 0.000 4790000
2 3 0.000 4790000
2 4 0.000 4790000
2 5 0.000 4790000
2 6 0.000 4790000
2 7 0.000 4790000
2 8 0.000 4790000
2 9 0.000 4790000
2 10 0.000 4790000
2 11 0.000 4790000
2 12 0.000 4790000
2 1 0.000 4790000
1 2 0.000 4800000
1 0 0.000 4800000
2 3 0.000 4800000
2 4 0.000 4800000
2 5 0.000 4800000
2 6 0.000 4800000
2 7 0.000 4800000
2 8 0.000 4800000
2 9 0.000 4800000
2 10 0.000 4800000
2 11 0.000 4800000
2 12 0.000 4800000
2 1 0.000 4800000
1 2 0.000 4810000
1 0 0.000 4810000
2 3 0.000 4810000
2 4 0.000 4810000
2 5 0.000 4810000
2 6 0.000 4810000
2 7 0.000 4810000
2 8 0.000 4810000
2 9 0.000 4810000
2 10 0.000 4810000
2 11 0.000 4810000
2 12 0.000 4810000
2 1 0.000 4810000
1 2 0.000 4820000
1 0 0.000 4820000
2 3 0.000 4820000
2 4 0.000 4820000
2 5 0.000 4820000
2 6 0.000 4820000
2 7 0.000 4820000
2 8 0.000 4820000
2 9 0.000 4820000
2 10 0.000 4820000
2 11 0.000 4820000
2 12 0.000 4820000
2 1 0.000 4820000
1 2 0.000 4830000
1 0 0.000 4830000
2 3 0.000 4830000
2 4 0.000 4830000
2 5 0.000 4830000
2 6 0.000 4830000
2 7 0.000 4830000
2 8 0.000 4830000
2 9 0.000 4830000
2 10 0.000 4830000
2 11 0.000 4830000
2 12 0.000 4830000
2 1 0.000 4830000
1 2 0.000 4840000
1 0 0.000 4840000
2 3 0.000 4840000
2 4 0.000 4840000
2 5 0.000 4840000
2 6 0.000 4840000
2 7 0.000 4840000
2 8 0.000 4840000
2 9 0.000 4840000
2 10 0.000 4840000
2 11 0.000 4840000
2 12 0.000 4840000
2 1 0.000 4840000
1 2 0.000 4850000
1 0 0.000 4850000
2 3 0.000 4850000
2 4 0.000 4850000
2 5 0.000 4850000
2 6 0.000 4850000
2 7 0.000 4850000
2 8 0.000 4850000
2 9 0.000 4850000
2 10 0.000 4850000
2 11 0.000 4850000
2 12 0.000 4850000
2 1 0.000 4850000
1 2 0.000 4860000
1 0 0.000 4860000
2 3 0.000 4860000
2 4 0.000 4860000
2 5 0.000 4860000
2 6 0.000 4860000
2 7 0.000 4860000
2 8 0.000 4860000
2 9 0.000 4860000
2 10 0.000 4860000
2 11 0.000 4860000
2 12 0.000 4860000
2 1 0.000 4860000
1 2 0.000 4870000
1 0 0.000 4870000
2 3 0.000 4870000
2 4 0.000 4870000
2 5 0.000 4870000
2 6 0.000 4870000
2 7 0.000 4870000
2 8 0.000 4870000
2 9 0.000 4870000
2 10 0.000 4870000
2 11 0.000 4870000
2 12 0.000 4870000
2 1 0.000 4870000
1 2 0.000 4880000
1 0 0.000 4880000
2 3 0.000 4880000
2 4 0.000 4880000
2 5 0.000 4880000
2 6 0.000 4880000
2 7 0.000 4880000
2 8 0.000 4880000
2 9 0.000 4880000
2 10 0.000 4880000
2 11 0.000 4880000
2 12 0.000 4880000
2 1 0.000 4880000
1 2 0.000 4890000
1 0 0.000 4890000
2 3 0.000 4890000
2 4 0.000 4890000
2 5 0.000 4890000
2 6 0.000 4890000
2 7 0.000 4890000
2 8 0.000 4890000
2 9 0.000 4890000
2 10 0.000 4890000
2 11 0.000 4890000
2 12 0.000 4890000
2 1 0.000 4890000
1 2 0.000 4900000
1 0 0.000 4900000
2 3 0.000 4900000
2 4 0.000 4900000
2 5 0.000 4900000
2 6 0.000 4900000
2 7 0.000 4900000
2 8 0.000 4900000
2 9 0.000 4900000
2 10 0.000 4900000
2 11 0.000 4900000
2 12 0.000 4900000
2 1 0.000 4900000
1 2 0.000 4910000
1 0 0.000 4910000
2 3 0.000 4910000
2 4 0.000 4910000
2 5 0.000 4910000
2 6 0.000 4910000
2 7 0.000 4910000
2 8 0.000 4910000
2 9 0.000 4910000
2 10 0.000 4910000
2 11 0.000 4910000
2 12 0.000 4910000
2 1 0.000 4910000
1 2 0.000 4920000
1 0 0.000 4920000
2 3 0.000 4920000
2 4 0.000 4920000
2 5 0.000 4920000
2 6 0.000 4920000
2 7 0.000 4920000
2 8 0.000 4920000
2 9 0.000 4920000
2 10 0.000 4920000
2 11 0.000 4920000
2 12 0.000 4920000
2 1 0.000 4920000
1 2 0.000 4930000
1 0 0.000 4930000
2 3 0.000 4930000
2 4 0.000 4930000
2 5 0.000 4930000
2 6 0.000 4930000
2 7 0.000 4930000
2 8 0.000 4930000
2 9 0.000 4930000
2 10 0.000 4930000
2 11 0.000 4930000
2 12 0.000 4930000
2 1 0.000 4930000
1 2 0.000 4940000
1 0 0.000 4940000
2 3 0.000 4940000
2 4 0.000 4940000
2 5 0.000 4940000
2 6 0.000 4940000
2 7 0.000 4940000
2 8 0.000 4940000
2 9 0.000 4940000
2 10 0.000 4940000
2 11 0.000 4940000
2 12 0.000 4940000
2 1 0.000 4940000
1 2 0.000 4950000
1 0 0.000 4950000
2 3 0.000 4950000
2 4 0.000 4950000
2 5 0.000 4950000
2 6 0.000 4950000
2 7 0.000 4950000
2 8 0.000 4950000
2 9 0.000 4950000
2 10 0.000 4950000
2 11 0.000 4950000
2 12 0.000 4950000
2 1 0.000 4950000
1 2 0.000 4960000
1 0 0.000 4960000
2 3 0.000 4960000
2 4 0.000 4960000
2 5 0.000 4960000
2 6 0.000 4960000
2 7 0.000 4960000
2 8 0.000 4960000
2 9 0.000 4960000
2 10 0.000 4960000
2 11 0.000 4960000
2 12 0.000 4960000
2 1 0.000 4960000
1 2 0.000 4970000
1 0 0.000 4970000
2 3 0.000 4970000
2 4 0.000 4970000
2 5 0.000 4970000
2 6 0.000 4970000
2 7 0.000 4970000
2 8 0.000 4970000
2 9 0.000 4970000
2 10 0.000 4970000
2 11 0.000 4970000
2 12 0.000 4970000
2 1 0.000 4970000
1 2 0.000 4980000
1 0 0.000 4980000
2 3 0.000 4980000
2 4 0.000 4980000
2 5 0.000 4980000
2 6 0.000 4980000
2 7 0.000 4980000
2 8 0.000 4980000
2 9 0.000 4980000
2 10 0.000 4980000
2 11 0.000 4980000
2 12 0.000 4980000
2 1 0.000 4980000
1 2 0.000 4990000
1 0 0.000 4990000
2 3 0.000 4990000
2 4 0.000 4990000
2 5 0.000 4990000
2 6 0.000 4990000
2 7 0.000 4990000
2 8 0.000 4990000
2 9 0.000 4990000
2 10 0.000 4990000
2 11 0.000 4990000
2 12 0.000 4990000
2 1 0.000 4990000
1 2 0.000 5000000
1 0 0.000 5000000
2 3 0.000 5000000
2 4 0.000 5000000
2 5 0.000 5000000
2 6 0.000 5000000
2 7 0.000 5000000
2 8 0.000 5000000
2 9 0.000 5000000
2 10 0.000 5000000
2 11 0.000 5000000
2 12 0.000 5000000
2 1 0.000 5000000
1 2 0.000 5010000
1 0 0.000 5010000
2 3 0.000 5010000
2 4 0.000 5010000
2 5 0.000 5010000
2 6 0.000 5010000
2 7 0.000 5010000
2 8 0.000 5010000
2 9 0.000 5010000
2 10 0.000 5010000
2 11 0.000 5010000
2 12 0.000 5010000
2 1 0.000 5010000
1 2 0.000 5020000
1 0 0.000 5020000
2 3 0.000 5020000
2 4 0.000 5020000
2 5 0.000 5020000
2 6 0.000 5020000
2 7 0.000 5020000
2 8 0.000 5020000
2 9 0.000 5020000
2 10 0.000 5020000
2 11 0.000 5020000
2 12 0.000 5020000
2 1 0.000 5020000
1 2 0.000 5030000
1 0 0.000 5030000
2 3 0.000 5030000
2 4 0.000 5030000
2 5 0.000 5030000
2 6 0.000 5030000
2 7 0.000 5030000
2 8 0.000 5030000
2 9 0.000 5030000
2 10 0.000 5030000
2 11 0.000 5030000
2 12 0.000 5030000
2 1 0.000 5030000
1 2 0.000 5040000
1 0 0.000 5040000
2 3 0.000 5040000
2 4 0.000 5040000
2 5 0.000 5040000
2 6 0.000 5040000
2 7 0.000 5040000
2 8 0.000 5040000
2 9 0.000 5040000
2 10 0.000 5040000
2 11 0.000 5040000
2 12 0.000 5040000
2 1 0.000 5040000
1 2 0.000 5050000
1 0 0.000 5050000
2 3 0.000 5050000
2 4 0.000 5050000
2 5 0.000 5050000
2 6 0.000 5050000
2 7 0.000 5050000
2 8 0.000 5050000
2 9 0.000 5050000
2 10 0.000 5050000
2 11 0.000 5050000
2 12 0.000 5050000
2 1 0.000 5050000
1 2 0.000 5060000
1 0 0.000 5060000
2 3 0.000 5060000
2 4 0.000 5060000
2 5 0.000 5060000
2 6 0.000 5060000
2 7 0.000 5060000
2 8 0.000 5060000
2 9 0.000 5060000
2 10 0.000 5060000
2 11 0.000 5060000
2 12 0.000 5060000
2 1 0.000 5060000
1 2 0.000 5070000
1 0 0.000 5070000
2 3 0.000 5070000
2 4 0.000 5070000
2 5 0.000 5070000
2 6 0.000 5070000
2 7 0.000 5070000
2 8 0.000 5070000
2 9 0.000 5070000
2 10 0.000 5070000
2 11 0.000 5070000
2 12 0.000 5070000
2 1 0.000 5070000
1 2 0.000 5080000
1 0 0.000 5080000
2 3 0.000 5080000
2 4 0.000 5080000
2 5 0.000 5080000
2 6 0.000 5080000
2 7 0.000 5080000
2 8 0.000 5080000
2 9 0.000 5080000
2 10 0.000 5080000
2 11 0.000 5080000
2 12 0.000 5080000
2 1 0.000 5080000
1 2 0.000 5090000
1 0 0.000 5090000
2 3 0.000 5090000
2 4 0.000 5090000
2 5 0.000 5090000
2 6 0.000 5090000
2 7 0.000 5090000
2 8 0.000 5090000
2 9 0.000 5090000
2 10 0.000 5090000
2 11 0.000 5090000
2 12 0.000 5090000
2 1 0.000 5090000
1 2 0.000 5100000
1 0 0.000 5100000
2 3 0.000 5100000
2 4 0.000 5100000
2 5 0.000 5100000
2 6 0.000 5100000
2 7 0.000 5100000
2 8 0.000 5100000
2 9 0.000 5100000
2 10 0.000 5100000
2 11 0.000 5100000
2 12 0.000 5100000
2 1 0.000 5100000
1 2 0.000 5110000
1 0 0.000 5110000
2 3 0.000 5110000
2 4 0.000 5110000
2 5 0.000 5110000
2 6 0.000 5110000
2 7 0.000 5110000
2 8 0.000 5110000
2 9 0.000 5110000
2 10 0.000 5110000
2 11 0.000 5110000
2 12 0.000 5110000
2 1 0.000 5110000
1 2 0.000 5120000
1 0 0.000 5120000
2 3 0.000 5120000
2 4 0.000 5120000
2 5 0.000 5120000
2 6 0.000 5120000
2 7 0.000 5120000
2 8 0.000 5120000
2 9 0.000 5120000
2 10 0.000 5120000
2 11 0.000 5120000
2 12 0.000 5120000
2 1 0.000 5120000
1 2 0.000 5130000
1 0 0.000 5130000
2 3 0.000 5130000
2 4 0.000 5130000
2 5 0.000 5130000
2 6 0.000 5130000
2 7 0.000 5130000
2 8 0.000 5130000
2 9 0.000 5130000
2 10 0.000 5130000
2 11 0.000 5130000
2 12 0.000 5130000
2 1 0.000 5130000
1 2 0.000 5140000
1 0 0.000 5140000
2 3 0.000 5140000
2 4 0.000 5140000
2 5 0.000 5140000
2 6 0.000 5140000
2 7 0.000 5140000
2 8 0.000 5140000
2 9 0.000 5140000
2 10 0.000 5140000
2 11 0.000 5140000
2 12 0.000 5140000
2 1 0.000 5140000
1 2 0.000 5150000
1 0 0.000 5150000
2 3 0.000 5150000
2 4 0.000 5150000
2 5 0.000 5150000
2 6 0.000 5150000
2 7 0.000 5150000
2 8 0.000 5150000
2 9 0.000 5150000
2 10 0.000 5150000
2 11 0.000 5150000
2 12 0.000 5150000
2 1 0.000 5150000
1 2 0.000 5160000
1 0 0.000 5160000
2 3 0.000 5160000
2 4 0.000 5160000
2 5 0.000 5160000
2 6 0.000 5160000
2 7 0.000 5160000
2 8 0.000 5160000
2 9 0.000 5160000
2 10 0.000 5160000
2 11 0.000 5160000
2 12 0.000 5160000
2 1 0.000 5160000
1 2 0.000 5170000
1 0 0.000 5170000
2 3 0.000 5170000
2 4 0.000 5170000
2 5 0.000 5170000
2 6 0.000 5170000
2 7 0.000 5170000
2 8 0.000 5170000
2 9 0.000 5170000
2 10 0.000 5170000
2 11 0.000 5170000
2 12 0.000 5170000
2 1 0.000 5170000
1 2 0.000 5180000
1 0 0.000 5180000
2 3 0.000 5180000
2 4 0.000 5180000
2 5 0.000 5180000
2 6 0.000 5180000
2 7 0.000 5180000
2 8 0.000 5180000
2 9 0.000 5180000
2 10 0.000 5180000
2 11 0.000 5180000
2 12 0.000 5180000
2 1 0.000 5180000
1 2 0.000 5190000
1 0 0.000 5190000
2 3 0.000 5190000
2 4 0.000 5190000
2 5 0.000 5190000
2 6 0.000 5190000
2 7 0.000 5190000
2 8 0.000 5190000
2 9 0.000 5190000
2 10 0.000 5190000
2 11 0.000 5190000
2 12 0.000 5190000
2 1 0.000 5190000
1 2 0.000 5200000
1 0 0.000 5200000
2 3 0.000 5200000
2 4 0.000 5200000
2 5 0.000 5200000
2 6 0.000 5200000
2 7 0.000 5200000
2 8 0.000 5200000
2 9 0.000 5200000
2 10 0.000 5200000
2 11 0.000 5200000
2 12 0.000 5200000
2 1 0.000 5200000
1 2 0.000 5210000
1 0 0.000 5210000
2 3 0.000 5210000
2 4 0.000 5210000
2 5 0.000 5210000
2 6 0.000 5210000
2 7 0.000 5210000
2 8 0.000 5210000
2 9 0.000 5210000
2 10 0.000 5210000
2 11 0.000 5210000
2 12 0.000 5210000
2 1 0.000 5210000
1 2 0.000 5220000
1 0 0.000 5220000
2 3 0.000 5220000
2 4 0.000 5220000
2 5 0.000 5220000
2 6 0.000 5220000
2 7 0.000 5220000
2 8 0.000 5220000
2 9 0.000 5220000
2 10 0.000 5220000
2 11 0.000 5220000
2 12 0.000 5220000
2 1 0.000 5220000
1 2 0.000 5230000
1 0 0.000 5230000
2 3 0.000 5230000
2 4 0.000 5230000
2 5 0.000 5230000
2 6 0.000 5230000
2 7 0.000 5230000
2 8 0.000 5230000
2 9 0.000 5230000
2 10 0.000 5230000
2 11 0.000 5230000
2 12 0.000 5230000
2 1 0.000 5230000
1 2 0.000 5240000
1 0 0.000 5240000
2 3 0.000 5240000
2 4 0.000 5240000
2 5 0.000 5240000
2 6 0.000 5240000
2 7 0.000 5240000
2 8 0.000 5240000
2 9 0.000 5240000
2 10 0.000 5240000
2 11 0.000 5240000
2 12 0.000 5240000
2 1 0.000 5240000
1 2 0.000 5250000
1 0 0.000 5250000
2 3 0.000 5250000
2 4 0.000 5250000
2 5 0.000 5250000
2 6 0.000 5250000
2 7 0.000 5250000
2 8 0.000 5250000
2 9 0.000 5250000
2 10 0.000 5250000
2 11 0.000 5250000
2 12 0.000 5250000
2 1 0.000 5250000
1 2 0.000 5260000
1 0 0.000 5260000
2 3 0.000 5260000
2 4 0.000 5260000
2 5 0.000 5260000
2 6 0.000 5260000
2 7 0.000 5260000
2 8 0.000 5260000
2 9 0.000 5260000
2 10 0.000 5260000
2 11 0.000 5260000
2 12 0.000 5260000
2 1 0.000 5260000
1 2 0.000 5270000
1 0 0.000 5270000
2 3 0.000 5270000
2 4 0.000 5270000
2 5 0.000 5270000
2 6 0.000 5270000
2 7 0.000 5270000
2 8 0.000 5270000
2 9 0.000 5270000
2 10 0.000 5270000
2 11 0.000 5270000
2 12 0.000 5270000
2 1 0.000 5270000
1 2 0.000 5280000
1 0 0.000 5280000
2 3 0.000 5280000
2 4 0.000 5280000
2 5 0.000 5280000
2 6 0.000 5280000
2 7 0.000 5280000
2 8 0.000 5280000
2 9 0.000 5280000
2 10 0.000 5280000
2 11 0.000 5280000
2 12 0.000 5280000
2 1 0.000 5280000
1 2 0.000 5290000
1 0 0.000 5290000
2 3 0.000 5290000
2 4 0.000 5290000
2 5 0.000 5290000
2 6 0.000 5290000
2 7 0.000 5290000
2 8 0.000 5290000
2 9 0.000 5290000
2 10 0.000 5290000
2 11 0.000 5290000
2 12 0.000 5290000
2 1 0.000 5290000
1 2 0.000 5300000
1 0 0.000 5300000
2 3 0.000 5300000
2 4 0.000 5300000
2 5 0.000 5300000
2 6 0.000 5300000
2 7 0.000 5300000
2 8 0.000 5300000
2 9 0.000 5300000
2 10 0.000 5300000
2 11 0.000 5300000
2 12 0.000 5300000
2 1 0.000 5300000
1 2 0.000 5310000
1 0 0.000 5310000
2 3 0.000 5310000
2 4 0.000 5310000
2 5 0.000 5310000
2 6 0.000 5310000
2 7 0.000 5310000
2 8 0.000 5310000
2 9 0.000 5310000
2 10 0.000 5310000
2 11 0.000 5310000
2 12 0.000 5310000
2 1 0.000 5310000
1 2 0.000 5320000
1 0 0.000 5320000
2 3 0.000 5320000
2 4 0.000 5320000
2 5 0.000 5320000
2 6 0.000 5320000
2 7 0.000 5320000
2 8 0.000 5320000
2 9 0.000 5320000
2 10 0.000 5320000
2 11 0.000 5320000
2 12 0.000 5320000
2 1 0.000 5320000
1 2 0.000 5330000
1 0 0.000 5330000
2 3 0.000 5330000
2 4 0.000 5330000
2 5 0.000 5330000
2 6 0.000 5330000
2 7 0.000 5330000
2 8 0.000 5330000
2 9 0.000 5330000
2 10 0.000 5330000
2 11 0.000 5330000
2 12 0.000 5330000
2 1 0.000 5330000
1 2 0.000 5340000
1 0 0.000 5340000
2 3 0.000 5340000
2 4 0.000 5340000
2 5 0.000 5340000
2 6 0.000 5340000
2 7 0.000 5340000
2 8 0.000 5340000
2 9 0.000 5340000
2 10 0.000 5340000
2 11 0.000 5340000
2 12 0.000 5340000
2 1 0.000 5340000
1 2 0.000 5350000
1 0 0.000 5350000
2 3 0.000 5350000
2 4 0.000 5350000
2 5 0.000 5350000
2 6 0.000 5350000
2 7 0.000 5350000
2 8 0.000 5350000
2 9 0.000 5350000
2 10 0.000 5350000
2 11 0.000 5350000
2 12 0.000 5350000
2 1 0.000 5350000
1 2 0.000 5360000
1 0 0.000 5360000
2 3 0.000 5360000
2 4 0.000 5360000
2 5 0.000 5360000
2 6 0.000 5360000
2 7 0.000 5360000
2 8 0.000 5360000
2 9 0.000 5360000
2 10 0.000 5360000
2 11 0.000 5360000
2 12 0.000 5360000
2 1 0.000 5360000
1 2 0.000 5370000
1 0 0.000 5370000
2 3 0.000 5370000
2 4 0.000 5370000
2 5 0.000 5370000
2 6 0.000 5370000
2 7 0.000 5370000
2 8 0.000 5370000
2 9 0.000 5370000
2 10 0.000 5370000
2 11 0.000 5370000
2 12 0.000 5370000
2 1 0.000 5370000
1 2 0.000 5380000
1 0 0.000 5380000
2 3 0.000 5380000
2 4 0.000 5380000
2 5 0.000 5380000
2 6 0.000 5380000
2 7 0.000 5380000
2 8 0.000 5380000
2 9 0.000 5380000
2 10 0.000 5380000
2 11 0.000 5380000
2 12 0.000 5380000
2 1 0.000 5380000
1 2 0.000 5390000
1 0 0.000 5390000
2 3 0.000 5390000
2 4 0.000 5390000
2 5 0.000 5390000
2 6 0.000 5390000
2 7 0.000 5390000
2 8 0.000 5390000
2 9 0.000 5390000
2 10 0.000 5390000
2 11 0.000 5390000
2 12 0.000 5390000
2 1 0.000 5390000
1 2 0.000 5400000
1 0 0.000 5400000
2 3 0.000 5400000
2 4 0.000 5400000
2 5 0.000 5400000
2 6 0.000 5400000
2 7 0.000 5400000
2 8 0.000 5400000
2 9 0.000 5400000
2 10 0.000 5400000
2 11 0.000 5400000
2 12 0.000 5400000
2 1 0.000 5400000
1 2 0.000 5410000
1 0 0.000 5410000
2 3 0.000 5410000
2 4 0.000 5410000
2 5 0.000 5410000
2 6 0.000 5410000
2 7 0.000 5410000
2 8 0.000 5410000
2 9 0.000 5410000
2 10 0.000 5410000
2 11 0.000 5410000
2 12 0.000 5410000
2 1 0.000 5410000
1 2 0.000 5420000
1 0 0.000 5420000
2 3 0.000 5420000
2 4 0.000 5420000
2 5 0.000 5420000
2 6 0.000 5420000
2 7 0.000 5420000
2 8 0.000 5420000
2 9 0.000 5420000
2 10 0.000 5420000
2 11 0.000 5420000
2 12 0.000 5420000
2 1 0.000 5420000
1 2 0.000 5430000
1 0 0.000 5430000
2 3 0.000 5430000
2 4 0.000 5430000
2 5 0.000 5430000
2 6 0.000 5430000
2 7 0.000 5430000
2 8 0.000 5430000
2 9 0.000 5430000
2 10 0.000 5430000
2 11 0.000 5430000
2 12 0.000 5430000
2 1 0.000 5430000
1 2 0.000 5440000
1 0 0.000 5440000
2 3 0.000 5440000
2 4 0.000 5440000
2 5 0.000 5440000
2 6 0.000 5440000
2 7 0.000 5440000
2 8 0.000 5440000
2 9 0.000 5440000
2 10 0.000 5440000
2 11 0.000 5440000
2 12 0.000 5440000
2 1 0.000 5440000
1 2 0.000 5450000
1 0 0.000 5450000
2 3 0.000 5450000
2 4 0.000 5450000
2 5 0.000 5450000
2 6 0.000 5450000
2 7 0.000 5450000
2 8 0.000 5450000
2 9 0.000 5450000
2 10 0.000 5450000
2 11 0.000 5450000
2 12 0.000 5450000
2 1 0.000 5450000
1 2 0.000 5460000
1 0 0.000 5460000
2 3 0.000 5460000
2 4 0.000 5460000
2 5 0.000 5460000
2 6 0.000 5460000
2 7 0.000 5460000
2 8 0.000 5460000
2 9 0.000 5460000
2 10 0.000 5460000
2 11 0.000 5460000
2 12 0.000 5460000
2 1 0.000 5460000
1 2 0.000 5470000
1 0 0.000 5470000
2 3 0.000 5470000
2 4 0.000 5470000
2 5 0.000 5470000
2 6 0.000 5470000
2 7 0.000 5470000
2 8 0.000 5470000
2 9 0.000 5470000
2 10 0.000 5470000
2 11 0.000 5470000
2 12 0.000 5470000
2 1 0.000 5470000
1 2 0.000 5480000
1 0 0.000 5480000
2 3 0.000 5480000
2 4 0.000 5480000
2 5 0.000 5480000
2 6 0.000 5480000
2 7 0.000 5480000
2 8 0.000 5480000
2 9 0.000 5480000
2 10 0.000 5480000
2 11 0.000 5480000
2 12 0.000 5480000
2 1 0.000 5480000
1 2 0.000 5490000
1 0 0.000 5490000
2 3 0.000 5490000
2 4 0.000 5490000
2 5 0.000 5490000
2 6 0.000 5490000
2 7 0.000 5490000
2 8 0.000 5490000
2 9 0.000 5490000
2 10 0.000 5490000
2 11 0.000 5490000
2 12 0.000 5490000
2 1 0.000 5490000
1 2 0.000 5500000
1 0 0.000 5500000
2 3 0.000 5500000
2 4 0.000 5500000
2 5 0.000 5500000
2 6 0.000 5500000
2 7 0.000 5500000
2 8 0.000 5500000
2 9 0.000 5500000
2 10 0.000 5500000
2 11 0.000 5500000
2 12 0.000 5500000
2 1 0.000 5500000
1 2 0.000 5510000
1 0 0.000 5510000
2 3 0.000 5510000
2 4 0.000 5510000
2 5 0.000 5510000
2 6 0.000 5510000
2 7 0.000 5510000
2 8 0.000 5510000
2 9 0.000 5510000
2 10 0.000 5510000
2 11 0.000 5510000
2 12 0.000 5510000
2 1 0.000 5510000
1 2 0.000 5520000
1 0 0.000 5520000
2 3 0.000 5520000
2 4 0.000 5520000
2 5 0.000 5520000
2 6 0.000 5520000
2 7 0.000 5520000
2 8 0.000 5520000
2 9 0.000 5520000
2 10 0.000 5520000
2 11 0.000 5520000
2 12 0.000 5520000
2 1 0.000 5520000
1 2 0.000 5530000
1 0 0.000 5530000
2 3 0.000 5530000
2 4 0.000 5530000
2 5 0.000 5530000
2 6 0.000 5530000
2 7 0.000 5530000
2 8 0.000 5530000
2 9 0.000 5530000
2 10 0.000 5530000
2 11 0.000 5530000
2 12 0.000 5530000
2 1 0.000 5530000
1 2 0.000 5540000
1 0 0.000 5540000
2 3 0.000 5540000
2 4 0.000 5540000
2 5 0.000 5540000
2 6 0.000 5540000
2 7 0.000 5540000
2 8 0.000 5540000
2 9 0.000 5540000
2 10 0.000 5540000
2 11 0.000 5540000
2 12 0.000 5540000
2 1 0.000 5540000
1 2 0.000 5550000
1 0 0.000 5550000
2 3 0.000 5550000
2 4 0.000 5550000
2 5 0.000 5550000
2 6 0.000 5550000
2 7 0.000 5550000
2 8 0.000 5550000
2 9 0.000 5550000
2 10 0.000 5550000
2 11 0.000 5550000
2 12 0.000 5550000
2 1 0.000 5550000
1 2 0.000 5560000
1 0 0.000 5560000
2 3 0.000 5560000
2 4 0.000 5560000
2 5 0.000 5560000
2 6 0.000 5560000
2 7 0.000 5560000
2 8 0.000 5560000
2 9 0.000 5560000
2 10 0.000 5560000
2 11 0.000 5560000
2 12 0.000 5560000
2 1 0.000 5560000
1 2 0.000 5570000
1 0 0.000 5570000
2 3 0.000 5570000
2 4 0.000 5570000
2 5 0.000 5570000
2 6 0.000 5570000
2 7 0.000 5570000
2 8 0.000 5570000
2 9 0.000 5570000
2 10 0.000 5570000
2 11 0.000 5570000
2 12 0.000 5570000
2 1 0.000 5570000
1 2 0.000 5580000
1 0 0.000 5580000
2 3 0.000 5580000
2 4 0.000 5580000
2 5 0.000 5580000
2 6 0.000 5580000
2 7 0.000 5580000
2 8 0.000 5580000
2 9 0.000 5580000
2 10 0.000 5580000
2 11 0.000 5580000
2 12 0.000 5580000
2 1 0.000 5580000
1 2 0.000 5590000
1 0 0.000 5590000
2 3 0.000 5590000
2 4 0.000 5590000
2 5 0.000 5590000
2 6 0.000 5590000
2 7 0.000 5590000
2 8 0.000 5590000
2 9 0.000 5590000
2 10 0.000 5590000
2 11 0.000 5590000
2 12 0.000 5590000
2 1 0.000 5590000
1 2 0.000 5600000
1 0 0.000 5600000
2 3 0.000 5600000
2 4 0.000 5600000
2 5 0.000 5600000
2 6 0.000 5600000
2 7 0.000 5600000
2 8 0.000 5600000
2 9 0.000 5600000
2 10 0.000 5600000
2 11 0.000 5600000
2 12 0.000 5600000
2 1 0.000 5600000
1 2 0.000 5610000
1 0 0.000 5610000
2 3 0.000 5610000
2 4 0.000 5610000
2 5 0.000 5610000
2 6 0.000 5610000
2 7 0.000 5610000
2 8 0.000 5610000
2 9 0.000 5610000
2 10 0.000 5610000
2 11 0.000 5610000
2 12 0.000 5610000
2 1 0.000 5610000
1 2 0.000 5620000
1 0 0.000 5620000
2 3 0.000 5620000
2 4 0.000 5620000
2 5 0.000 5620000
2 6 0.000 5620000
2 7 0.000 5620000
2 8 0.000 5620000
2 9 0.000 5620000
2 10 0.000 5620000
2 11 0.000 5620000
2 12 0.000 5620000
2 1 0.000 5620000
1 2 0.000 5630000
1 0 0.000 5630000
2 3 0.000 5630000
2 4 0.000 5630000
2 5 0.000 5630000
2 6 0.000 5630000
2 7 0.000 5630000
2 8 0.000 5630000
2 9 0.000 5630000
2 10 0.000 5630000
2 11 0.000 5630000
2 12 0.000 5630000
2 1 0.000 5630000
1 2 0.000 5640000
1 0 0.000 5640000
2 3 0.000 5640000
2 4 0.000 5640000
2 5 0.000 5640000
2 6 0.000 5640000
2 7 0.000 5640000
2 8 0.000 5640000
2 9 0.000 5640000
2 10 0.000 5640000
2 11 0.000 5640000
2 12 0.000 5640000
2 1 0.000 5640000
1 2 0.000 5650000
1 0 0.000 5650000
2 3 0.000 5650000
2 4 0.000 5650000
2 5 0.000 5650000
2 6 0.000 5650000
2 7 0.000 5650000
2 8 0.000 5650000
2 9 0.000 5650000
2 10 0.000 5650000
2 11 0.000 5650000
2 12 0.000 5650000
2 1 0.000 5650000
1 2 0.000 5660000
1 0 0.000 5660000
2 3 0.000 5660000
2 4 0.000 5660000
2 5 0.000 5660000
2 6 0.000 5660000
2 7 0.000 5660000
2 8 0.000 5660000
2 9 0.000 5660000
2 10 0.000 5660000
2 11 0.000 5660000
2 12 0.000 5660000
2 1 0.000 5660000
1 2 0.000 5670000
1 0 0.000 5670000
2 3 0.000 5670000
2 4 0.000 5670000
2 5 0.000 5670000
2 6 0.000 5670000
2 7 0.000 5670000
2 8 0.000 5670000
2 9 0.000 5670000
2 10 0.000 5670000
2 11 0.000 5670000
2 12 0.000 5670000
2 1 0.000 5670000
1 2 0.000 5680000
1 0 0.000 5680000
2 3 0.000 5680000
2 4 0.000 5680000
2 5 0.000 5680000
2 6 0.000 5680000
2 7 0.000 5680000
2 8 0.000 5680000
2 9 0.000 5680000
2 10 0.000 5680000
2 11 0.000 5680000
2 12 0.000 5680000
2 1 0.000 5680000
1 2 0.000 5690000
1 0 0.000 5690000
2 3 0.000 5690000
2 4 0.000 5690000
2 5 0.000 5690000
2 6 0.000 5690000
2 7 0.000 5690000
2 8 0.000 5690000
2 9 0.000 5690000
2 10 0.000 5690000
2 11 0.000 5690000
2 12 0.000 5690000
2 1 0.000 5690000
1 2 0.000 5700000
1 0 0.000 5700000
2 3 0.000 5700000
2 4 0.000 5700000
2 5 0.000 5700000
2 6 0.000 5700000
2 7 0.000 5700000
2 8 0.000 5700000
2 9 0.000 5700000
2 10 0.000 5700000
2 11 0.000 5700000
2 12 0.000 5700000
2 1 0.000 5700000
1 2 0.000 5710000
1 0 0.000 5710000
2 3 0.000 5710000
2 4 0.000 5710000
2 5 0.000 5710000
2 6 0.000 5710000
2 7 0.000 5710000
2 8 0.000 5710000
2 9 0.000 5710000
2 10 0.000 5710000
2 11 0.000 5710000
2 12 0.000 5710000
2 1 0.000 5710000
1 2 0.000 5720000
1 0 0.000 5720000
2 3 0.000 5720000
2 4 0.000 5720000
2 5 0.000 5720000
2 6 0.000 5720000
2 7 0.000 5720000
2 8 0.000 5720000
2 9 0.000 5720000
2 10 0.000 5720000
2 11 0.000 5720000
2 12 0.000 5720000
2 1 0.000 5720000
1 2 0.000 5730000
1 0 0.000 5730000
2 3 0.000 5730000
2 4 0.000 5730000
2 5 0.000 5730000
2 6 0.000 5730000
2 7 0.000 5730000
2 8 0.000 5730000
2 9 0.000 5730000
2 10 0.000 5730000
2 11 0.000 5730000
2 12 0.000 5730000
2 1 0.000 5730000
1 2 0.000 5740000
1 0 0.000 5740000
2 3 0.000 5740000
2 4 0.000 5740000
2 5 0.000 5740000
2 6 0.000 5740000
2 7 0.000 5740000
2 8 0.000 5740000
2 9 0.000 5740000
2 10 0.000 5740000
2 11 0.000 5740000
2 12 0.000 5740000
2 1 0.000 5740000
1 2 0.000 5750000
1 0 0.000 5750000
2 3 0.000 5750000
2 4 0.000 5750000
2 5 0.000 5750000
2 6 0.000 5750000
2 7 0.000 5750000
2 8 0.000 5750000
2 9 0.000 5750000
2 10 0.000 5750000
2 11 0.000 5750000
2 12 0.000 5750000
2 1 0.000 5750000
1 2 0.000 5760000
1 0 0.000 5760000
2 3 0.000 5760000
2 4 0.000 5760000
2 5 0.000 5760000
2 6 0.000 5760000
2 7 0.000 5760000
2 8 0.000 5760000
2 9 0.000 5760000
2 10 0.000 5760000
2 11 0.000 5760000
2 12 0.000 5760000
2 1 0.000 5760000
1 2 0.000 5770000
1 0 0.000 5770000
2 3 0.000 5770000
2 4 0.000 5770000
2 5 0.000 5770000
2 6 0.000 5770000
2 7 0.000 5770000
2 8 0.000 5770000
2 9 0.000 5770000
2 10 0.000 5770000
2 11 0.000 5770000
2 12 0.000 5770000
2 1 0.000 5770000
1 2 0.000 5780000
1 0 0.000 5780000
2 3 0.000 5780000
2 4 0.000 5780000
2 5 0.000 5780000
2 6 0.000 5780000
2 7 0.000 5780000
2 8 0.000 5780000
2 9 0.000 5780000
2 10 0.000 5780000
2 11 0.000 5780000
2 12 0.000 5780000
2 1 0.000 5780000
1 2 0.000 5790000
1 0 0.000 5790000
2 3 0.000 5790000
2 4 0.000 5790000
2 5 0.000 5790000
2 6 0.000 5790000
2 7 0.000 5790000
2 8 0.000 5790000
2 9 0.000 5790000
2 10 0.000 5790000
2 11 0.000 5790000
2 12 0.000 5790000
2 1 0.000 5790000
1 2 0.000 5800000
1 0 0.000 5800000
2 3 0.000 5800000
2 4 0.000 5800000
2 5 0.000 5800000
2 6 0.000 5800000
2 7 0.000 5800000
2 8 0.000 5800000
2 9 0.000 5800000
2 10 0.000 5800000
2 11 0.000 5800000
2 12 0.000 5800000
2 1 0.000 5800000
1 2 0.000 5810000
1 0 0.000 5810000
2 3 0.000 5810000
2 4 0.000 5810000
2 5 0.000 5810000
2 6 0.000 5810000
2 7 0.000 5810000
2 8 0.000 5810000
2 9 0.000 5810000
2 10 0.000 5810000
2 11 0.000 5810000
2 12 0.000 5810000
2 1 0.000 5810000
1 2 0.000 5820000
1 0 0.000 5820000
2 3 0.000 5820000
2 4 0.000 5820000
2 5 0.000 5820000
2 6 0.000 5820000
2 7 0.000 5820000
2 8 0.000 5820000
2 9 0.000 5820000
2 10 0.000 5820000
2 11 0.000 5820000
2 12 0.000 5820000
2 1 0.000 5820000
1 2 0.000 5830000
1 0 0.000 5830000
2 3 0.000 5830000
2 4 0.000 5830000
2 5 0.000 5830000
2 6 0.000 5830000
2 7 0.000 5830000
2 8 0.000 5830000
2 9 0.000 5830000
2 10 0.000 5830000
2 11 0.000 5830000
2 12 0.000 5830000
2 1 0.000 5830000
1 2 0.000 5840000
1 0 0.000 5840000
2 3 0.000 5840000
2 4 0.000 5840000
2 5 0.000 5840000
2 6 0.000 5840000
2 7 0.000 5840000
2 8 0.000 5840000
2 9 0.000 5840000
2 10 0.000 5840000
2 11 0.000 5840000
2 12 0.000 5840000
2 1 0.000 5840000
1 2 0.000 5850000
1 0 0.000 5850000
2 3 0.000 5850000
2 4 0.000 5850000
2 5 0.000 5850000
2 6 0.000 5850000
2 7 0.000 5850000
2 8 0.000 5850000
2 9 0.000 5850000
2 10 0.000 5850000
2 11 0.000 5850000
2 12 0.000 5850000
2 1 0.000 5850000
1 2 0.000 5860000
1 0 0.000 5860000
2 3 0.000 5860000
2 4 0.000 5860000
2 5 0.000 5860000
2 6 0.000 5860000
2 7 0.000 5860000
2 8 0.000 5860000
2 9 0.000 5860000
2 10 0.000 5860000
2 11 0.000 5860000
2 12 0.000 5860000
2 1 0.000 5860000
1 2 0.000 5870000
1 0 0.000 5870000
2 3 0.000 5870000
2 4 0.000 5870000
2 5 0.000 5870000
2 6 0.000 5870000
2 7 0.000 5870000
2 8 0.000 5870000
2 9 0.000 5870000
2 10 0.000 5870000
2 11 0.000 5870000
2 12 0.000 5870000
2 1 0.000 5870000
1 2 0.000 5880000
1 0 0.000 5880000
2 3 0.000 5880000
2 4 0.000 5880000
2 5 0.000 5880000
2 6 0.000 5880000
2 7 0.000 5880000
2 8 0.000 5880000
2 9 0.000 5880000
2 10 0.000 5880000
2 11 0.000 5880000
2 12 0.000 5880000
2 1 0.000 5880000
1 2 0.000 5890000
1 0 0.000 5890000
2 3 0.000 5890000
2 4 0.000 5890000
2 5 0.000 5890000
2 6 0.000 5890000
2 7 0.000 5890000
2 8 0.000 5890000
2 9 0.000 5890000
2 10 0.000 5890000
2 11 0.000 5890000
2 12 0.000 5890000
2 1 0.000 5890000
1 2 0.000 5900000
1 0 0.000 5900000
2 3 0.000 5900000
2 4 0.000 5900000
2 5 0.000 5900000
2 6 0.000 5900000
2 7 0.000 5900000
2 8 0.000 5900000
2 9 0.000 5900000
2 10 0.000 5900000
2 11 0.000 5900000
2 12 0.000 5900000
2 1 0.000 5900000
1 2 0.000 5910000
1 0 0.000 5910000
2 3 0.000 5910000
2 4 0.000 5910000
2 5 0.000 5910000
2 6 0.000 5910000
2 7 0.000 5910000
2 8 0.000 5910000
2 9 0.000 5910000
2 10 0.000 5910000
2 11 0.000 5910000
2 12 0.000 5910000
2 1 0.000 5910000
1 2 0.000 5920000
1 0 0.000 5920000
2 3 0.000 5920000
2 4 0.000 5920000
2 5 0.000 5920000
2 6 0.000 5920000
2 7 0.000 5920000
2 8 0.000 5920000
2 9 0.000 5920000
2 10 0.000 5920000
2 11 0.000 5920000
2 12 0.000 5920000
2 1 0.000 5920000
1 2 0.000 5930000
1 0 0.000 5930000
2 3 0.000 5930000
2 4 0.000 5930000
2 5 0.000 5930000
2 6 0.000 5930000
2 7 0.000 5930000
2 8 0.000 5930000
2 9 0.000 5930000
2 10 0.000 5930000
2 11 0.000 5930000
2 12 0.000 5930000
2 1 0.000 5930000
1 2 0.000 5940000
1 0 0.000 5940000
2 3 0.000 5940000
2 4 0.000 5940000
2 5 0.000 5940000
2 6 0.000 5940000
2 7 0.000 5940000
2 8 0.000 5940000
2 9 0.000 5940000
2 10 0.000 5940000
2 11 0.000 5940000
2 12 0.000 5940000
2 1 0.000 5940000
1 2 0.000 5950000
1 0 0.000 5950000
2 3 0.000 5950000
2 4 0.000 5950000
2 5 0.000 5950000
2 6 0.000 5950000
2 7 0.000 5950000
2 8 0.000 5950000
2 9 0.000 5950000
2 10 0.000 5950000
2 11 0.000 5950000
2 12 0.000 5950000
2 1 0.000 5950000
1 2 0.000 5960000
1 0 0.000 5960000
2 3 0.000 5960000
2 4 0.000 5960000
2 5 0.000 5960000
2 6 0.000 5960000
2 7 0.000 5960000
2 8 0.000 5960000
2 9 0.000 5960000
2 10 0.000 5960000
2 11 0.000 5960000
2 12 0.000 5960000
2 1 0.000 5960000
1 2 0.000 5970000
1 0 0.000 5970000
2 3 0.000 5970000
2 4 0.000 5970000
2 5 0.000 5970000
2 6 0.000 5970000
2 7 0.000 5970000
2 8 0.000 5970000
2 9 0.000 5970000
2 10 0.000 5970000
2 11 0.000 5970000
2 12 0.000 5970000
2 1 0.000 5970000
1 2 0.000 5980000
1 0 0.000 5980000
2 3 0.000 5980000
2 4 0.000 5980000
2 5 0.000 5980000
2 6 0.000 5980000
2 7 0.000 5980000
2 8 0.000 5980000
2 9 0.000 5980000
2 10 0.000 5980000
2 11 0.000 5980000
2 12 0.000 5980000
2 1 0.000 5980000
1 2 0.000 5990000
1 0 0.000 5990000
2 3 0.000 5990000
2 4 0.000 5990000
2 5 0.000 5990000
2 6 0.000 5990000
2 7 0.000 5990000
2 8 0.000 5990000
2 9 0.000 5990000
2 10 0.000 5990000
2 11 0.000 5990000
2 12 0.000 5990000
2 1 0.000 5990000
1 2 0.000 6000000
1 0 0.000 6000000
2 3 0.000 6000000
2 4 0.000 6000000
2 5 0.000 6000000
2 6 0.000 6000000
2 7 0.000 6000000
2 8 0.000 6000000
2 9 0.000 6000000
2 10 0.000 6000000
2 11 0.000 6000000
2 12 0.000 6000000
2 1 0.000 6000000
1 2 0.000 6010000
1 0 0.000 6010000
2 3 0.000 6010000
2 4 0.000 6010000
2 5 0.000 6010000
2 6 0.000 6010000
2 7 0.000 6010000
2 8 0.000 6010000
2 9 0.000 6010000
2 10 0.000 6010000
2 11 0.000 6010000
2 12 0.000 6010000
2 1 0.000 6010000
1 2 0.000 6020000
1 0 0.000 6020000
2 3 0.000 6020000
2 4 0.000 6020000
2 5 0.000 6020000
2 6 0.000 6020000
2 7 0.000 6020000
2 8 0.000 6020000
2 9 0.000 6020000
2 10 0.000 6020000
2 11 0.000 6020000
2 12 0.000 6020000
2 1 0.000 6020000
1 2 0.000 6030000
1 0 0.000 6030000
2 3 0.000 6030000
2 4 0.000 6030000
2 5 0.000 6030000
2 6 0.000 6030000
2 7 0.000 6030000
2 8 0.000 6030000
2 9 0.000 6030000
2 10 0.000 6030000
2 11 0.000 6030000
2 12 0.000 6030000
2 1 0.000 6030000
1 2 0.000 6040000
1 0 0.000 6040000
2 3 0.000 6040000
2 4 0.000 6040000
2 5 0.000 6040000
2 6 0.000 6040000
2 7 0.000 6040000
2 8 0.000 6040000
2 9 0.000 6040000
2 10 0.000 6040000
2 11 0.000 6040000
2 12 0.000 6040000
2 1 0.000 6040000
1 2 0.000 6050000
1 0 0.000 6050000
2 3 0.000 6050000
2 4 0.000 6050000
2 5 0.000 6050000
2 6 0.000 6050000
2 7 0.000 6050000
2 8 0.000 6050000
2 9 0.000 6050000
2 10 0.000 6050000
2 11 0.000 6050000
2 12 0.000 6050000
2 1 0.000 6050000
1 2 0.000 6060000
1 0 0.000 6060000
2 3 0.000 6060000
2 4 0.000 6060000
2 5 0.000 6060000
2 6 0.000 6060000
2 7 0.000 6060000
2 8 0.000 6060000
2 9 0.000 6060000
2 10 0.000 6060000
2 11 0.000 6060000
2 12 0.000 6060000
2 1 0.000 6060000
1 2 0.000 6070000
1 0 0.000 6070000
2 3 0.000 6070000
2 4 0.000 6070000
2 5 0.000 6070000
2 6 0.000 6070000
2 7 0.000 6070000
2 8 0.000 6070000
2 9 0.000 6070000
2 10 0.000 6070000
2 11 0.000 6070000
2 12 0.000 6070000
2 1 0.000 6070000
1 2 0.000 6080000
1 0 0.000 6080000
2 3 0.000 6080000
2 4 0.000 6080000
2 5 0.000 6080000
2 6 0.000 6080000
2 7 0.000 6080000
2 8 0.000 6080000
2 9 0.000 6080000
2 10 0.000 6080000
2 11 0.000 6080000
2 12 0.000 6080000
2 1 0.000 6080000
1 2 0.000 6090000
1 0 0.000 6090000
2 3 0.000 6090000
2 4 0.000 6090000
2 5 0.000 6090000
2 6 0.000 6090000
2 7 0.000 6090000
2 8 0.000 6090000
2 9 0.000 6090000
2 10 0.000 6090000
2 11 0.000 6090000
2 12 0.000 6090000
2 1 0.000 6090000
1 2 0.000 6100000
1 0 0.000 6100000
2 3 0.000 6100000
2 4 0.000 6100000
2 5 0.000 6100000
2 6 0.000 6100000
2 7 0.000 6100000
2 8 0.000 6100000
2 9 0.000 6100000
2 10 0.000 6100000
2 11 0.000 6100000
2 12 0.000 6100000
2 1 0.000 6100000
1 2 0.000 6110000
1 0 0.000 6110000
2 3 0.000 6110000
2 4 0.000 6110000
2 5 0.000 6110000
2 6 0.000 6110000
2 7 0.000 6110000
2 8 0.000 6110000
2 9 0.000 6110000
2 10 0.000 6110000
2 11 0.000 6110000
2 12 0.000 6110000
2 1 0.000 6110000
1 2 0.000 6120000
1 0 0.000 6120000
2 3 0.000 6120000
2 4 0.000 6120000
2 5 0.000 6120000
2 6 0.000 6120000
2 7 0.000 6120000
2 8 0.000 6120000
2 9 0.000 6120000
2 10 0.000 6120000
2 11 0.000 6120000
2 12 0.000 6120000
2 1 0.000 6120000
1 2 0.000 6130000
1 0 0.000 6130000
2 3 0.000 6130000
2 4 0.000 6130000
2 5 0.000 6130000
2 6 0.000 6130000
2 7 0.000 6130000
2 8 0.000 6130000
2 9 0.000 6130000
2 10 0.000 6130000
2 11 0.000 6130000
2 12 0.000 6130000
2 1 0.000 6130000
1 2 0.000 6140000
1 0 0.000 6140000
2 3 0.000 6140000
2 4 0.000 6140000
2 5 0.000 6140000
2 6 0.000 6140000
2 7 0.000 6140000
2 8 0.000 6140000
2 9 0.000 6140000
2 10 0.000 6140000
2 11 0.000 6140000
2 12 0.000 6140000
2 1 0.000 6140000
1 2 0.000 6150000
1 0 0.000 6150000
2 3 0.000 6150000
2 4 0.000 6150000
2 5 0.000 6150000
2 6 0.000 6150000
2 7 0.000 6150000
2 8 0.000 6150000
2 9 0.000 6150000
2 10 0.000 6150000
2 11 0.000 6150000
2 12 0.000 6150000
2 1 0.000 6150000
1 2 0.000 6160000
1 0 0.000 6160000
2 3 0.000 6160000
2 4 0.000 6160000
2 5 0.000 6160000
2 6 0.000 6160000
2 7 0.000 6160000
2 8 0.000 6160000
2 9 0.000 6160000
2 10 0.000 6160000
2 11 0.000 6160000
2 12 0.000 6160000
2 1 0.000 6160000
1 2 0.000 6170000
1 0 0.000 6170000
2 3 0.000 6170000
2 4 0.000 6170000
2 5 0.000 6170000
2 6 0.000 6170000
2 7 0.000 6170000
2 8 0.000 6170000
2 9 0.000 6170000
2 10 0.000 6170000
2 11 0.000 6170000
2 12 0.000 6170000
2 1 0.000 6170000
1 2 0.000 6180000
1 0 0.000 6180000
2 3 0.000 6180000
2 4 0.000 6180000
2 5 0.000 6180000
2 6 0.000 6180000
2 7 0.000 6180000
2 8 0.000 6180000
2 9 0.000 6180000
2 10 0.000 6180000
2 11 0.000 6180000
2 12 0.000 6180000
2 1 0.000 6180000
1 2 0.000 6190000
1 0 0.000 6190000
2 3 0.000 6190000
2 4 0.000 6190000
2 5 0.000 6190000
2 6 0.000 6190000
2 7 0.000 6190000
2 8 0.000 6190000
2 9 0.000 6190000
2 10 0.000 6190000
2 11 0.000 6190000
2 12 0.000 6190000
2 1 0.000 6190000
1 2 0.000 6200000
1 0 0.000 6200000
2 3 0.000 6200000
2 4 0.000 6200000
2 5 0.000 6200000
2 6 0.000 6200000
2 7 0.000 6200000
2 8 0.000 6200000
2 9 0.000 6200000
2 10 0.000 6200000
2 11 0.000 6200000
2 12 0.000 6200000
2 1 0.000 6200000
1 2 0.000 6210000
1 0 0.000 6210000
2 3 0.000 6210000
2 4 0.000 6210000
2 5 0.000 6210000
2 6 0.000 6210000
2 7 0.000 6210000
2 8 0.000 6210000
2 9 0.000 6210000
2 10 0.000 6210000
2 11 0.000 6210000
2 12 0.000 6210000
2 1 0.000 6210000
1 2 0.000 6220000
1 0 0.000 6220000
2 3 0.000 6220000
2 4 0.000 6220000
2 5 0.000 6220000
2 6 0.000 6220000
2 7 0.000 6220000
2 8 0.000 6220000
2 9 0.000 6220000
2 10 0.000 6220000
2 11 0.000 6220000
2 12 0.000 6220000
2 1 0.000 6220000
1 2 0.000 6230000
1 0 0.000 6230000
2 3 0.000 6230000
2 4 0.000 6230000
2 5 0.000 6230000
2 6 0.000 6230000
2 7 0.000 6230000
2 8 0.000 6230000
2 9 0.000 6230000
2 10 0.000 6230000
2 11 0.000 6230000
2 12 0.000 6230000
2 1 0.000 6230000
1 2 0.000 6240000
1 0 0.000 6240000
2 3 0.000 6240000
2 4 0.000 6240000
2 5 0.000 6240000
2 6 0.000 6240000
2 7 0.000 6240000
2 8 0.000 6240000
2 9 0.000 6240000
2 10 0.000 6240000
2 11 0.000 6240000
2 12 0.000 6240000
2 1 0.000 6240000
1 2 0.000 6250000
1 0 0.000 6250000
2 3 0.000 6250000
2 4 0.000 6250000
2 5 0.000 6250000
2 6 0.000 6250000
2 7 0.000 6250000
2 8 0.000 6250000
2 9 0.000 6250000
2 10 0.000 6250000
2 11 0.000 6250000
2 12 0.000 6250000
2 1 0.000 6250000
1 2 0.000 6260000
1 0 0.000 6260000
2 3 0.000 6260000
2 4 0.000 6260000
2 5 0.000 6260000
2 6 0.000 6260000
2 7 0.000 6260000
2 8 0.000 6260000
2 9 0.000 6260000
2 10 0.000 6260000
2 11 0.000 6260000
2 12 0.000 6260000
2 1 0.000 6260000
1 2 0.000 6270000
1 0 0.000 6270000
2 3 0.000 6270000
2 4 0.000 6270000
2 5 0.000 6270000
2 6 0.000 6270000
2 7 0.000 6270000
2 8 0.000 6270000
2 9 0.000 6270000
2 10 0.000 6270000
2 11 0.000 6270000
2 12 0.000 6270000
2 1 0.000 6270000
1 2 0.000 6280000
1 0 0.000 6280000
2 3 0.000 6280000
2 4 0.000 6280000
2 5 0.000 6280000
2 6 0.000 6280000
2 7 0.000 6280000
2 8 0.000 6280000
2 9 0.000 6280000
2 10 0.000 6280000
2 11 0.000 6280000
2 12 0.000 6280000
2 1 0.000 6280000
1 2 0.000 6290000
1 0 0.000 6290000
2 3 0.000 6290000
2 4 0.000 6290000
2 5 0.000 6290000
2 6 0.000 6290000
2 7 0.000 6290000
2 8 0.000 6290000
2 9 0.000 6290000
2 10 0.000 6290000
2 11 0.000 6290000
2 12 0.000 6290000
2 1 0.000 6290000
1 2 0.000 6300000
1 0 0.000 6300000
2 3 0.000 6300000
2 4 0.000 6300000
2 5 0.000 6300000
2 6 0.000 6300000
2 7 0.000 6300000
2 8 0.000 6300000
2 9 0.000 6300000
2 10 0.000 6300000
2 11 0.000 6300000
2 12 0.000 6300000
2 1 0.000 6300000
1 2 0.000 6310000
1 0 0.000 6310000
2 3 0.000 6310000
2 4 0.000 6310000
2 5 0.000 6310000
2 6 0.000 6310000
2 7 0.000 6310000
2 8 0.000 6310000
2 9 0.000 6310000
2 10 0.000 6310000
2 11 0.000 6310000
2 12 0.000 6310000
2 1 0.000 6310000
1 2 0.000 6320000
1 0 0.000 6320000
2 3 0.000 6320000
2 4 0.000 6320000
2 5 0.000 6320000
2 6 0.000 6320000
2 7 0.000 6320000
2 8 0.000 6320000
2 9 0.000 6320000
2 10 0.000 6320000
2 11 0.000 6320000
2 12 0.000 6320000
2 1 0.000 6320000
1 2 0.000 6330000
1 0 0.000 6330000
2 3 0.000 6330000
2 4 0.000 6330000
2 5 0.000 6330000
2 6 0.000 6330000
2 7 0.000 6330000
2 8 0.000 6330000
2 9 0.000 6330000
2 10 0.000 6330000
2 11 0.000 6330000
2 12 0.000 6330000
2 1 0.000 6330000
1 2 0.000 6340000
1 0 0.000 6340000
2 3 0.000 6340000
2 4 0.000 6340000
2 5 0.000 6340000
2 6 0.000 6340000
2 7 0.000 6340000
2 8 0.000 6340000
2 9 0.000 6340000
2 10 0.000 6340000
2 11 0.000 6340000
2 12 0.000 6340000
2 1 0.000 6340000
1 2 0.000 6350000
1 0 0.000 6350000
2 3 0.000 6350000
2 4 0.000 6350000
2 5 0.000 6350000
2 6 0.000 6350000
2 7 0.000 6350000
2 8 0.000 6350000
2 9 0.000 6350000
2 10 0.000 6350000
2 11 0.000 6350000
2 12 0.000 6350000
2 1 0.000 6350000
1 2 0.000 6360000
1 0 0.000 6360000
2 3 0.000 6360000
2 4 0.000 6360000
2 5 0.000 6360000
2 6 0.000 6360000
2 7 0.000 6360000
2 8 0.000 6360000
2 9 0.000 6360000
2 10 0.000 6360000
2 11 0.000 6360000
2 12 0.000 6360000
2 1 0.000 6360000
1 2 0.000 6370000
1 0 0.000 6370000
2 3 0.000 6370000
2 4 0.000 6370000
2 5 0.000 6370000
2 6 0.000 6370000
2 7 0.000 6370000
2 8 0.000 6370000
2 9 0.000 6370000
2 10 0.000 6370000
2 11 0.000 6370000
2 12 0.000 6370000
2 1 0.000 6370000
1 2 0.000 6380000
1 0 0.000 6380000
2 3 0.000 6380000
2 4 0.000 6380000
2 5 0.000 6380000
2 6 0.000 6380000
2 7 0.000 6380000
2 8 0.000 6380000
2 9 0.000 6380000
2 10 0.000 6380000
2 11 0.000 6380000
2 12 0.000 6380000
2 1 0.000 6380000
1 2 0.000 6390000
1 0 0.000 6390000
2 3 0.000 6390000
2 4 0.000 6390000
2 5 0.000 6390000
2 6 0.000 6390000
2 7 0.000 6390000
2 8 0.000 6390000
2 9 0.000 6390000
2 10 0.000 6390000
2 11 0.000 6390000
2 12 0.000 6390000
2 1 0.000 6390000
1 2 0.000 6400000
1 0 0.000 6400000
2 3 0.000 6400000
2 4 0.000 6400000
2 5 0.000 6400000
2 6 0.000 6400000
2 7 0.000 6400000
2 8 0.000 6400000
2 9 0.000 6400000
2 10 0.000 6400000
2 11 0.000 6400000
2 12 0.000 6400000
2 1 0.000 6400000
1 2 0.000 6410000
1 0 0.000 6410000
2 3 0.000 6410000
2 4 0.000 6410000
2 5 0.000 6410000
2 6 0.000 6410000
2 7 0.000 6410000
2 8 0.000 6410000
2 9 0.000 6410000
2 10 0.000 6410000
2 11 0.000 6410000
2 12 0.000 6410000
2 1 0.000 6410000
1 2 0.000 6420000
1 0 0.000 6420000
2 3 0.000 6420000
2 4 0.000 6420000
2 5 0.000 6420000
2 6 0.000 6420000
2 7 0.000 6420000
2 8 0.000 6420000
2 9 0.000 6420000
2 10 0.000 6420000
2 11 0.000 6420000
2 12 0.000 6420000
2 1 0.000 6420000
1 2 0.000 6430000
1 0 0.000 6430000
2 3 0.000 6430000
2 4 0.000 6430000
2 5 0.000 6430000
2 6 0.000 6430000
2 7 0.000 6430000
2 8 0.000 6430000
2 9 0.000 6430000
2 10 0.000 6430000
2 11 0.000 6430000
2 12 0.000 6430000
2 1 0.000 6430000
1 2 0.000 6440000
1 0 0.000 6440000
2 3 0.000 6440000
2 4 0.000 6440000
2 5 0.000 6440000
2 6 0.000 6440000
2 7 0.000 6440000
2 8 0.000 6440000
2 9 0.000 6440000
2 10 0.000 6440000
2 11 0.000 6440000
2 12 0.000 6440000
2 1 0.000 6440000
1 2 0.000 6450000
1 0 0.000 6450000
2 3 0.000 6450000
2 4 0.000 6450000
2 5 0.000 6450000
2 6 0.000 6450000
2 7 0.000 6450000
2 8 0.000 6450000
2 9 0.000 6450000
2 10 0.000 6450000
2 11 0.000 6450000
2 12 0.000 6450000
2 1 0.000 6450000
1 2 0.000 6460000
1 0 0.000 6460000
2 3 0.000 6460000
2 4 0.000 6460000
2 5 0.000 6460000
2 6 0.000 6460000
2 7 0.000 6460000
2 8 0.000 6460000
2 9 0.000 6460000
2 10 0.000 6460000
2 11 0.000 6460000
2 12 0.000 6460000
2 1 0.000 6460000
1 2 0.000 6470000
1 0 0.000 6470000
2 3 0.000 6470000
2 4 0.000 6470000
2 5 0.000 6470000
2 6 0.000 6470000
2 7 0.000 6470000
2 8 0.000 6470000
2 9 0.000 6470000
2 10 0.000 6470000
2 11 0.000 6470000
2 12 0.000 6470000
2 1 0.000 6470000
1 2 0.000 6480000
1 0 0.000 6480000
2 3 0.000 6480000
2 4 0.000 6480000
2 5 0.000 6480000
2 6 0.000 6480000
2 7 0.000 6480000
2 8 0.000 6480000
2 9 0.000 6480000
2 10 0.000 6480000
2 11 0.000 6480000
2 12 0.000 6480000
2 1 0.000 6480000
1 2 0.000 6490000
1 0 0.000 6490000
2 3 0.000 6490000
2 4 0.000 6490000
2 5 0.000 6490000
2 6 0.000 6490000
2 7 0.000 6490000
2 8 0.000 6490000
2 9 0.000 6490000
2 10 0.000 6490000
2 11 0.000 6490000
2 12 0.000 6490000
2 1 0.000 6490000
1 2 0.000 6500000
1 0 0.000 6500000
2 3 0.000 6500000
2 4 0.000 6500000
2 5 0.000 6500000
2 6 0.000 6500000
2 7 0.000 6500000
2 8 0.000 6500000
2 9 0.000 6500000
2 10 0.000 6500000
2 11 0.000 6500000
2 12 0.000 6500000
2 1 0.000 6500000
1 2 0.000 6510000
1 0 0.000 6510000
2 3 0.000 6510000
2 4 0.000 6510000
2 5 0.000 6510000
2 6 0.000 6510000
2 7 0.000 6510000
2 8 0.000 6510000
2 9 0.000 6510000
2 10 0.000 6510000
2 11 0.000 6510000
2 12 0.000 6510000
2 1 0.000 6510000
1 2 0.000 6520000
1 0 0.000 6520000
2 3 0.000 6520000
2 4 0.000 6520000
2 5 0.000 6520000
2 6 0.000 6520000
2 7 0.000 6520000
2 8 0.000 6520000
2 9 0.000 6520000
2 10 0.000 6520000
2 11 0.000 6520000
2 12 0.000 6520000
2 1 0.000 6520000
1 2 0.000 6530000
1 0 0.000 6530000
2 3 0.000 6530000
2 4 0.000 6530000
2 5 0.000 6530000
2 6 0.000 6530000
2 7 0.000 6530000
2 8 0.000 6530000
2 9 0.000 6530000
2 10 0.000 6530000
2 11 0.000 6530000
2 12 0.000 6530000
2 1 0.000 6530000
1 2 0.000 6540000
1 0 0.000 6540000
2 3 0.000 6540000
2 4 0.000 6540000
2 5 0.000 6540000
2 6 0.000 6540000
2 7 0.000 6540000
2 8 0.000 6540000
2 9 0.000 6540000
2 10 0.000 6540000
2 11 0.000 6540000
2 12 0.000 6540000
2 1 0.000 6540000
1 2 0.000 6550000
1 0 0.000 6550000
2 3 0.000 6550000
2 4 0.000 6550000
2 5 0.000 6550000
2 6 0.000 6550000
2 7 0.000 6550000
2 8 0.000 6550000
2 9 0.000 6550000
2 10 0.000 6550000
2 11 0.000 6550000
2 12 0.000 6550000
2 1 0.000 6550000
1 2 0.000 6560000
1 0 0.000 6560000
2 3 0.000 6560000
2 4 0.000 6560000
2 5 0.000 6560000
2 6 0.000 6560000
2 7 0.000 6560000
2 8 0.000 6560000
2 9 0.000 6560000
2 10 0.000 6560000
2 11 0.000 6560000
2 12 0.000 6560000
2 1 0.000 6560000
1 2 0.000 6570000
1 0 0.000 6570000
2 3 0.000 6570000
2 4 0.000 6570000
2 5 0.000 6570000
2 6 0.000 6570000
2 7 0.000 6570000
2 8 0.000 6570000
2 9 0.000 6570000
2 10 0.000 6570000
2 11 0.000 6570000
2 12 0.000 6570000
2 1 0.000 6570000
1 2 0.000 6580000
1 0 0.000 6580000
2 3 0.000 6580000
2 4 0.000 6580000
2 5 0.000 6580000
2 6 0.000 6580000
2 7 0.000 6580000
2 8 0.000 6580000
2 9 0.000 6580000
2 10 0.000 6580000
2 11 0.000 6580000
2 12 0.000 6580000
2 1 0.000 6580000
1 2 0.000 6590000
1 0 0.000 6590000
2 3 0.000 6590000
2 4 0.000 6590000
2 5 0.000 6590000
2 6 0.000 6590000
2 7 0.000 6590000
2 8 0.000 6590000
2 9 0.000 6590000
2 10 0.000 6590000
2 11 0.000 6590000
2 12 0.000 6590000
2 1 0.000 6590000
1 2 0.000 6600000
1 0 0.000 6600000
2 3 0.000 6600000
2 4 0.000 6600000
2 5 0.000 6600000
2 6 0.000 6600000
2 7 0.000 6600000
2 8 0.000 6600000
2 9 0.000 6600000
2 10 0.000 6600000
2 11 0.000 6600000
2 12 0.000 6600000
2 1 0.000 6600000
1 2 0.000 6610000
1 0 0.000 6610000
2 3 0.000 6610000
2 4 0.000 6610000
2 5 0.000 6610000
2 6 0.000 6610000
2 7 0.000 6610000
2 8 0.000 6610000
2 9 0.000 6610000
2 10 0.000 6610000
2 11 0.000 6610000
2 12 0.000 6610000
2 1 0.000 6610000
1 2 0.000 6620000
1 0 0.000 6620000
2 3 0.000 6620000
2 4 0.000 6620000
2 5 0.000 6620000
2 6 0.000 6620000
2 7 0.000 6620000
2 8 0.000 6620000
2 9 0.000 6620000
2 10 0.000 6620000
2 11 0.000 6620000
2 12 0.000 6620000
2 1 0.000 6620000
1 2 0.000 6630000
1 0 0.000 6630000
2 3 0.000 6630000
2 4 0.000 6630000
2 5 0.000 6630000
2 6 0.000 6630000
2 7 0.000 6630000
2 8 0.000 6630000
2 9 0.000 6630000
2 10 0.000 6630000
2 11 0.000 6630000
2 12 0.000 6630000
2 1 0.000 6630000
1 2 0.000 6640000
1 0 0.000 6640000
2 3 0.000 6640000
2 4 0.000 6640000
2 5 0.000 6640000
2 6 0.000 6640000
2 7 0.000 6640000
2 8 0.000 6640000
2 9 0.000 6640000
2 10 0.000 6640000
2 11 0.000 6640000
2 12 0.000 6640000
2 1 0.000 6640000
1 2 0.000 6650000
1 0 0.000 6650000
2 3 0.000 6650000
2 4 0.000 6650000
2 5 0.000 6650000
2 6 0.000 6650000
2 7 0.000 6650000
2 8 0.000 6650000
2 9 0.000 6650000
2 10 0.000 6650000
2 11 0.000 6650000
2 12 0.000 6650000
2 1 0.000 6650000
1 2 0.000 6660000
1 0 0.000 6660000
2 3 0.000 6660000
2 4 0.000 6660000
2 5 0.000 6660000
2 6 0.000 6660000
2 7 0.000 6660000
2 8 0.000 6660000
2 9 0.000 6660000
2 10 0.000 6660000
2 11 0.000 6660000
2 12 0.000 6660000
2 1 0.000 6660000
1 2 0.000 6670000
1 0 0.000 6670000
2 3 0.000 6670000
2 4 0.000 6670000
2 5 0.000 6670000
2 6 0.000 6670000
2 7 0.000 6670000
2 8 0.000 6670000
2 9 0.000 6670000
2 10 0.000 6670000
2 11 0.000 6670000
2 12 0.000 6670000
2 1 0.000 6670000
1 2 0.000 6680000
1 0 0.000 6680000
2 3 0.000 6680000
2 4 0.000 6680000
2 5 0.000 6680000
2 6 0.000 6680000
2 7 0.000 6680000
2 8 0.000 6680000
2 9 0.000 6680000
2 10 0.000 6680000
2 11 0.000 6680000
2 12 0.000 6680000
2 1 0.000 6680000
1 2 0.000 6690000
1 0 0.000 6690000
2 3 0.000 6690000
2 4 0.000 6690000
2 5 0.000 6690000
2 6 0.000 6690000
2 7 0.000 6690000
2 8 0.000 6690000
2 9 0.000 6690000
2 10 0.000 6690000
2 11 0.000 6690000
2 12 0.000 6690000
2 1 0.000 6690000
1 2 0.000 6700000
1 0 0.000 6700000
2 3 0.000 6700000
2 4 0.000 6700000
2 5 0.000 6700000
2 6 0.000 6700000
2 7 0.000 6700000
2 8 0.000 6700000
2 9 0.000 6700000
2 10 0.000 6700000
2 11 0.000 6700000
2 12 0.000 6700000
2 1 0.000 6700000
1 2 0.000 6710000
1 0 0.000 6710000
2 3 0.000 6710000
2 4 0.000 6710000
2 5 0.000 6710000
2 6 0.000 6710000
2 7 0.000 6710000
2 8 0.000 6710000
2 9 0.000 6710000
2 10 0.000 6710000
2 11 0.000 6710000
2 12 0.000 6710000
2 1 0.000 6710000
1 2 0.000 6720000
1 0 0.000 6720000
2 3 0.000 6720000
2 4 0.000 6720000
2 5 0.000 6720000
2 6 0.000 6720000
2 7 0.000 6720000
2 8 0.000 6720000
2 9 0.000 6720000
2 10 0.000 6720000
2 11 0.000 6720000
2 12 0.000 6720000
2 1 0.000 6720000
1 2 0.000 6730000
1 0 0.000 6730000
2 3 0.000 6730000
2 4 0.000 6730000
2 5 0.000 6730000
2 6 0.000 6730000
2 7 0.000 6730000
2 8 0.000 6730000
2 9 0.000 6730000
2 10 0.000 6730000
2 11 0.000 6730000
2 12 0.000 6730000
2 1 0.000 6730000
1 2 0.000 6740000
1 0 0.000 6740000
2 3 0.000 6740000
2 4 0.000 6740000
2 5 0.000 6740000
2 6 0.000 6740000
2 7 0.000 6740000
2 8 0.000 6740000
2 9 0.000 6740000
2 10 0.000 6740000
2 11 0.000 6740000
2 12 0.000 6740000
2 1 0.000 6740000
1 2 0.000 6750000
1 0 0.000 6750000
2 3 0.000 6750000
2 4 0.000 6750000
2 5 0.000 6750000
2 6 0.000 6750000
2 7 0.000 6750000
2 8 0.000 6750000
2 9 0.000 6750000
2 10 0.000 6750000
2 11 0.000 6750000
2 12 0.000 6750000
2 1 0.000 6750000
1 2 0.000 6760000
1 0 0.000 6760000
2 3 0.000 6760000
2 4 0.000 6760000
2 5 0.000 6760000
2 6 0.000 6760000
2 7 0.000 6760000
2 8 0.000 6760000
2 9 0.000 6760000
2 10 0.000 6760000
2 11 0.000 6760000
2 12 0.000 6760000
2 1 0.000 6760000
1 2 0.000 6770000
1 0 0.000 6770000
2 3 0.000 6770000
2 4 0.000 6770000
2 5 0.000 6770000
2 6 0.000 6770000
2 7 0.000 6770000
2 8 0.000 6770000
2 9 0.000 6770000
2 10 0.000 6770000
2 11 0.000 6770000
2 12 0.000 6770000
2 1 0.000 6770000
1 2 0.000 6780000
1 0 0.000 6780000
2 3 0.000 6780000
2 4 0.000 6780000
2 5 0.000 6780000
2 6 0.000 6780000
2 7 0.000 6780000
2 8 0.000 6780000
2 9 0.000 6780000
2 10 0.000 6780000
2 11 0.000 6780000
2 12 0.000 6780000
2 1 0.000 6780000
1 2 0.000 6790000
1 0 0.000 6790000
2 3 0.000 6790000
2 4 0.000 6790000
2 5 0.000 6790000
2 6 0.000 6790000
2 7 0.000 6790000
2 8 0.000 6790000
2 9 0.000 6790000
2 10 0.000 6790000
2 11 0.000 6790000
2 12 0.000 6790000
2 1 0.000 6790000
1 2 0.000 6800000
1 0 0.000 6800000
2 3 0.000 6800000
2 4 0.000 6800000
2 5 0.000 6800000
2 6 0.000 6800000
2 7 0.000 6800000
2 8 0.000 6800000
2 9 0.000 6800000
2 10 0.000 6800000
2 11 0.000 6800000
2 12 0.000 6800000
2 1 0.000 6800000
1 2 0.000 6810000
1 0 0.000 6810000
2 3 0.000 6810000
2 4 0.000 6810000
2 5 0.000 6810000
2 6 0.000 6810000
2 7 0.000 6810000
2 8 0.000 6810000
2 9 0.000 6810000
2 10 0.000 6810000
2 11 0.000 6810000
2 12 0.000 6810000
2 1 0.000 6810000
1 2 0.000 6820000
1 0 0.000 6820000
2 3 0.000 6820000
2 4 0.000 6820000
2 5 0.000 6820000
2 6 0.000 6820000
2 7 0.000 6820000
2 8 0.000 6820000
2 9 0.000 6820000
2 10 0.000 6820000
2 11 0.000 6820000
2 12 0.000 6820000
2 1 0.000 6820000
1 2 0.000 6830000
1 0 0.000 6830000
2 3 0.000 6830000
2 4 0.000 6830000
2 5 0.000 6830000
2 6 0.000 6830000
2 7 0.000 6830000
2 8 0.000 6830000
2 9 0.000 6830000
2 10 0.000 6830000
2 11 0.000 6830000
2 12 0.000 6830000
2 1 0.000 6830000
1 2 0.000 6840000
1 0 0.000 6840000
2 3 0.000 6840000
2 4 0.000 6840000
2 5 0.000 6840000
2 6 0.000 6840000
2 7 0.000 6840000
2 8 0.000 6840000
2 9 0.000 6840000
2 10 0.000 6840000
2 11 0.000 6840000
2 12 0.000 6840000
2 1 0.000 6840000
1 2 0.000 6850000
1 0 0.000 6850000
2 3 0.000 6850000
2 4 0.000 6850000
2 5 0.000 6850000
2 6 0.000 6850000
2 7 0.000 6850000
2 8 0.000 6850000
2 9 0.000 6850000
2 10 0.000 6850000
2 11 0.000 6850000
2 12 0.000 6850000
2 1 0.000 6850000
1 2 0.000 6860000
1 0 0.000 6860000
2 3 0.000 6860000
2 4 0.000 6860000
2 5 0.000 6860000
2 6 0.000 6860000
2 7 0.000 6860000
2 8 0.000 6860000
2 9 0.000 6860000
2 10 0.000 6860000
2 11 0.000 6860000
2 12 0.000 6860000
2 1 0.000 6860000
1 2 0.000 6870000
1 0 0.000 6870000
2 3 0.000 6870000
2 4 0.000 6870000
2 5 0.000 6870000
2 6 0.000 6870000
2 7 0.000 6870000
2 8 0.000 6870000
2 9 0.000 6870000
2 10 0.000 6870000
2 11 0.000 6870000
2 12 0.000 6870000
2 1 0.000 6870000
1 2 0.000 6880000
1 0 0.000 6880000
2 3 0.000 6880000
2 4 0.000 6880000
2 5 0.000 6880000
2 6 0.000 6880000
2 7 0.000 6880000
2 8 0.000 6880000
2 9 0.000 6880000
2 10 0.000 6880000
2 11 0.000 6880000
2 12 0.000 6880000
2 1 0.000 6880000
1 2 0.000 6890000
1 0 0.000 6890000
2 3 0.000 6890000
2 4 0.000 6890000
2 5 0.000 6890000
2 6 0.000 6890000
2 7 0.000 6890000
2 8 0.000 6890000
2 9 0.000 6890000
2 10 0.000 6890000
2 11 0.000 6890000
2 12 0.000 6890000
2 1 0.000 6890000
1 2 0.000 6900000
1 0 0.000 6900000
2 3 0.000 6900000
2 4 0.000 6900000
2 5 0.000 6900000
2 6 0.000 6900000
2 7 0.000 6900000
2 8 0.000 6900000
2 9 0.000 6900000
2 10 0.000 6900000
2 11 0.000 6900000
2 12 0.000 6900000
2 1 0.000 6900000
1 2 0.000 6910000
1 0 0.000 6910000
2 3 0.000 6910000
2 4 0.000 6910000
2 5 0.000 6910000
2 6 0.000 6910000
2 7 0.000 6910000
2 8 0.000 6910000
2 9 0.000 6910000
2 10 0.000 6910000
2 11 0.000 6910000
2 12 0.000 6910000
2 1 0.000 6910000
1 2 0.000 6920000
1 0 0.000 6920000
2 3 0.000 6920000
2 4 0.000 6920000
2 5 0.000 6920000
2 6 0.000 6920000
2 7 0.000 6920000
2 8 0.000 6920000
2 9 0.000 6920000
2 10 0.000 6920000
2 11 0.000 6920000
2 12 0.000 6920000
2 1 0.000 6920000
1 2 0.000 6930000
1 0 0.000 6930000
2 3 0.000 6930000
2 4 0.000 6930000
2 5 0.000 6930000
2 6 0.000 6930000
2 7 0.000 6930000
2 8 0.000 6930000
2 9 0.000 6930000
2 10 0.000 6930000
2 11 0.000 6930000
2 12 0.000 6930000
2 1 0.000 6930000
1 2 0.000 6940000
1 0 0.000 6940000
2 3 0.000 6940000
2 4 0.000 6940000
2 5 0.000 6940000
2 6 0.000 6940000
2 7 0.000 6940000
2 8 0.000 6940000
2 9 0.000 6940000
2 10 0.000 6940000
2 11 0.000 6940000
2 12 0.000 6940000
2 1 0.000 6940000
1 2 0.000 6950000
1 0 0.000 6950000
2 3 0.000 6950000
2 4 0.000 6950000
2 5 0.000 6950000
2 6 0.000 6950000
2 7 0.000 6950000
2 8 0.000 6950000
2 9 0.000 6950000
2 10 0.000 6950000
2 11 0.000 6950000
2 12 0.000 6950000
2 1 0.000 6950000
1 2 0.000 6960000
1 0 0.000 6960000
2 3 0.000 6960000
2 4 0.000 6960000
2 5 0.000 6960000
2 6 0.000 6960000
2 7 0.000 6960000
2 8 0.000 6960000
2 9 0.000 6960000
2 10 0.000 6960000
2 11 0.000 6960000
2 12 0.000 6960000
2 1 0.000 6960000
1 2 0.000 6970000
1 0 0.000 6970000
2 3 0.000 6970000
2 4 0.000 6970000
2 5 0.000 6970000
2 6 0.000 6970000
2 7 0.000 6970000
2 8 0.000 6970000
2 9 0.000 6970000
2 10 0.000 6970000
2 11 0.000 6970000
2 12 0.000 6970000
2 1 0.000 6970000
1 2 0.000 6980000
1 0 0.000 6980000
2 3 0.000 6980000
2 4 0.000 6980000
2 5 0.000 6980000
2 6 0.000 6980000
2 7 0.000 6980000
2 8 0.000 6980000
2 9 0.000 6980000
2 10 0.000 6980000
2 11 0.000 6980000
2 12 0.000 6980000
2 1 0.000 6980000
1 2 0.000 6990000
1 0 0.000 6990000
2 3 0.000 6990000
2 4 0.000 6990000
2 5 0.000 6990000
2 6 0.000 6990000
2 7 0.000 6990000
2 8 0.000 6990000
2 9 0.000 6990000
2 10 0.000 6990000
2 11 0.000 6990000
2 12 0.000 6990000
2 1 0.000 6990000
1 2 0.000 7000000
1 0 0.000 7000000
2 3 0.000 7000000
2 4 0.000 7000000
2 5 0.000 7000000
2 6 0.000 7000000
2 7 0.000 7000000
2 8 0.000 7000000
2 9 0.000 7000000
2 10 0.000 7000000
2 11 0.000 7000000
2 12 0.000 7000000
2 1 0.000 7000000
1 2 0.000 7010000
1 0 0.000 7010000
2 3 0.000 7010000
2 4 0.000 7010000
2 5 0.000 7010000
2 6 0.000 7010000
2 7 0.000 7010000
2 8 0.000 7010000
2 9 0.000 7010000
2 10 0.000 7010000
2 11 0.000 7010000
2 12 0.000 7010000
2 1 0.000 7010000
1 2 0.000 7020000
1 0 0.000 7020000
2 3 0.000 7020000
2 4 0.000 7020000
2 5 0.000 7020000
2 6 0.000 7020000
2 7 0.000 7020000
2 8 0.000 7020000
2 9 0.000 7020000
2 10 0.000 7020000
2 11 0.000 7020000
2 12 0.000 7020000
2 1 0.000 7020000
1 2 0.000 7030000
1 0 0.000 7030000
2 3 0.000 7030000
2 4 0.000 7030000
2 5 0.000 7030000
2 6 0.000 7030000
2 7 0.000 7030000
2 8 0.000 7030000
2 9 0.000 7030000
2 10 0.000 7030000
2 11 0.000 7030000
2 12 0.000 7030000
2 1 0.000 7030000
1 2 0.000 7040000
1 0 0.000 7040000
2 3 0.000 7040000
2 4 0.000 7040000
2 5 0.000 7040000
2 6 0.000 7040000
2 7 0.000 7040000
2 8 0.000 7040000
2 9 0.000 7040000
2 10 0.000 7040000
2 11 0.000 7040000
2 12 0.000 7040000
2 1 0.000 7040000
1 2 0.000 7050000
1 0 0.000 7050000
2 3 0.000 7050000
2 4 0.000 7050000
2 5 0.000 7050000
2 6 0.000 7050000
2 7 0.000 7050000
2 8 0.000 7050000
2 9 0.000 7050000
2 10 0.000 7050000
2 11 0.000 7050000
2 12 0.000 7050000
2 1 0.000 7050000
1 2 0.000 7060000
1 0 0.000 7060000
2 3 0.000 7060000
2 4 0.000 7060000
2 5 0.000 7060000
2 6 0.000 7060000
2 7 0.000 7060000
2 8 0.000 7060000
2 9 0.000 7060000
2 10 0.000 7060000
2 11 0.000 7060000
2 12 0.000 7060000
2 1 0.000 7060000
1 2 0.000 7070000
1 0 0.000 7070000
2 3 0.000 7070000
2 4 0.000 7070000
2 5 0.000 7070000
2 6 0.000 7070000
2 7 0.000 7070000
2 8 0.000 7070000
2 9 0.000 7070000
2 10 0.000 7070000
2 11 0.000 7070000
2 12 0.000 7070000
2 1 0.000 7070000
1 2 0.000 7080000
1 0 0.000 7080000
2 3 0.000 7080000
2 4 0.000 7080000
2 5 0.000 7080000
2 6 0.000 7080000
2 7 0.000 7080000
2 8 0.000 7080000
2 9 0.000 7080000
2 10 0.000 7080000
2 11 0.000 7080000
2 12 0.000 7080000
2 1 0.000 7080000
1 2 0.000 7090000
1 0 0.000 7090000
2 3 0.000 7090000
2 4 0.000 7090000
2 5 0.000 7090000
2 6 0.000 7090000
2 7 0.000 7090000
2 8 0.000 7090000
2 9 0.000 7090000
2 10 0.000 7090000
2 11 0.000 7090000
2 12 0.000 7090000
2 1 0.000 7090000
1 2 0.000 7100000
1 0 0.000 7100000
2 3 0.000 7100000
2 4 0.000 7100000
2 5 0.000 7100000
2 6 0.000 7100000
2 7 0.000 7100000
2 8 0.000 7100000
2 9 0.000 7100000
2 10 0.000 7100000
2 11 0.000 7100000
2 12 0.000 7100000
2 1 0.000 7100000
1 2 0.000 7110000
1 0 0.000 7110000
2 3 0.000 7110000
2 4 0.000 7110000
2 5 0.000 7110000
2 6 0.000 7110000
2 7 0.000 7110000
2 8 0.000 7110000
2 9 0.000 7110000
2 10 0.000 7110000
2 11 0.000 7110000
2 12 0.000 7110000
2 1 0.000 7110000
1 2 0.000 7120000
1 0 0.000 7120000
2 3 0.000 7120000
2 4 0.000 7120000
2 5 0.000 7120000
2 6 0.000 7120000
2 7 0.000 7120000
2 8 0.000 7120000
2 9 0.000 7120000
2 10 0.000 7120000
2 11 0.000 7120000
2 12 0.000 7120000
2 1 0.000 7120000
1 2 0.000 7130000
1 0 0.000 7130000
2 3 0.000 7130000
2 4 0.000 7130000
2 5 0.000 7130000
2 6 0.000 7130000
2 7 0.000 7130000
2 8 0.000 7130000
2 9 0.000 7130000
2 10 0.000 7130000
2 11 0.000 7130000
2 12 0.000 7130000
2 1 0.000 7130000
1 2 0.000 7140000
1 0 0.000 7140000
2 3 0.000 7140000
2 4 0.000 7140000
2 5 0.000 7140000
2 6 0.000 7140000
2 7 0.000 7140000
2 8 0.000 7140000
2 9 0.000 7140000
2 10 0.000 7140000
2 11 0.000 7140000
2 12 0.000 7140000
2 1 0.000 7140000
1 2 0.000 7150000
1 0 0.000 7150000
2 3 0.000 7150000
2 4 0.000 7150000
2 5 0.000 7150000
2 6 0.000 7150000
2 7 0.000 7150000
2 8 0.000 7150000
2 9 0.000 7150000
2 10 0.000 7150000
2 11 0.000 7150000
2 12 0.000 7150000
2 1 0.000 7150000
1 2 0.000 7160000
1 0 0.000 7160000
2 3 0.000 7160000
2 4 0.000 7160000
2 5 0.000 7160000
2 6 0.000 7160000
2 7 0.000 7160000
2 8 0.000 7160000
2 9 0.000 7160000
2 10 0.000 7160000
2 11 0.000 7160000
2 12 0.000 7160000
2 1 0.000 7160000
1 2 0.000 7170000
1 0 0.000 7170000
2 3 0.000 7170000
2 4 0.000 7170000
2 5 0.000 7170000
2 6 0.000 7170000
2 7 0.000 7170000
2 8 0.000 7170000
2 9 0.000 7170000
2 10 0.000 7170000
2 11 0.000 7170000
2 12 0.000 7170000
2 1 0.000 7170000
1 2 0.000 7180000
1 0 0.000 7180000
2 3 0.000 7180000
2 4 0.000 7180000
2 5 0.000 7180000
2 6 0.000 7180000
2 7 0.000 7180000
2 8 0.000 7180000
2 9 0.000 7180000
2 10 0.000 7180000
2 11 0.000 7180000
2 12 0.000 7180000
2 1 0.000 7180000
1 2 0.000 7190000
1 0 0.000 7190000
2 3 0.000 7190000
2 4 0.000 7190000
2 5 0.000 7190000
2 6 0.000 7190000
2 7 0.000 7190000
2 8 0.000 7190000
2 9 0.000 7190000
2 10 0.000 7190000
2 11 0.000 7190000
2 12 0.000 7190000
2 1 0.000 7190000
1 2 0.000 7200000
1 0 0.000 7200000
2 3 0.000 7200000
2 4 0.000 7200000
2 5 0.000 7200000
2 6 0.000 7200000
2 7 0.000 7200000
2 8 0.000 7200000
2 9 0.000 7200000
2 10 0.000 7200000
2 11 0.000 7200000
2 12 0.000 7200000
2 1 0.000 7200000
1 2 0.000 7210000
1 0 0.000 7210000
2 3 0.000 7210000
2 4 0.000 7210000
2 5 0.000 7210000
2 6 0.000 7210000
2 7 0.000 7210000
2 8 0.000 7210000
2 9 0.000 7210000
2 10 0.000 7210000
2 11 0.000 7210000
2 12 0.000 7210000
2 1 0.000 7210000
1 2 0.000 7220000
1 0 0.000 7220000
2 3 0.000 7220000
2 4 0.000 7220000
2 5 0.000 7220000
2 6 0.000 7220000
2 7 0.000 7220000
2 8 0.000 7220000
2 9 0.000 7220000
2 10 0.000 7220000
2 11 0.000 7220000
2 12 0.000 7220000
2 1 0.000 7220000
1 2 0.000 7230000
1 0 0.000 7230000
2 3 0.000 7230000
2 4 0.000 7230000
2 5 0.000 7230000
2 6 0.000 7230000
2 7 0.000 7230000
2 8 0.000 7230000
2 9 0.000 7230000
2 10 0.000 7230000
2 11 0.000 7230000
2 12 0.000 7230000
2 1 0.000 7230000
1 2 0.000 7240000
1 0 0.000 7240000
2 3 0.000 7240000
2 4 0.000 7240000
2 5 0.000 7240000
2 6 0.000 7240000
2 7 0.000 7240000
2 8 0.000 7240000
2 9 0.000 7240000
2 10 0.000 7240000
2 11 0.000 7240000
2 12 0.000 7240000
2 1 0.000 7240000
1 2 0.000 7250000
1 0 0.000 7250000
2 3 0.000 7250000
2 4 0.000 7250000
2 5 0.000 7250000
2 6 0.000 7250000
2 7 0.000 7250000
2 8 0.000 7250000
2 9 0.000 7250000
2 10 0.000 7250000
2 11 0.000 7250000
2 12 0.000 7250000
2 1 0.000 7250000
1 2 0.000 7260000
1 0 0.000 7260000
2 3 0.000 7260000
2 4 0.000 7260000
2 5 0.000 7260000
2 6 0.000 7260000
2 7 0.000 7260000
2 8 0.000 7260000
2 9 0.000 7260000
2 10 0.000 7260000
2 11 0.000 7260000
2 12 0.000 7260000
2 1 0.000 7260000
1 2 0.000 7270000
1 0 0.000 7270000
2 3 0.000 7270000
2 4 0.000 7270000
2 5 0.000 7270000
2 6 0.000 7270000
2 7 0.000 7270000
2 8 0.000 7270000
2 9 0.000 7270000
2 10 0.000 7270000
2 11 0.000 7270000
2 12 0.000 7270000
2 1 0.000 7270000
1 2 0.000 7280000
1 0 0.000 7280000
2 3 0.000 7280000
2 4 0.000 7280000
2 5 0.000 7280000
2 6 0.000 7280000
2 7 0.000 7280000
2 8 0.000 7280000
2 9 0.000 7280000
2 10 0.000 7280000
2 11 0.000 7280000
2 12 0.000 7280000
2 1 0.000 7280000
1 2 0.000 7290000
1 0 0.000 7290000
2 3 0.000 7290000
2 4 0.000 7290000
2 5 0.000 7290000
2 6 0.000 7290000
2 7 0.000 7290000
2 8 0.000 7290000
2 9 0.000 7290000
2 10 0.000 7290000
2 11 0.000 7290000
2 12 0.000 7290000
2 1 0.000 7290000
1 2 0.000 7300000
1 0 0.000 7300000
2 3 0.000 7300000
2 4 0.000 7300000
2 5 0.000 7300000
2 6 0.000 7300000
2 7 0.000 7300000
2 8 0.000 7300000
2 9 0.000 7300000
2 10 0.000 7300000
2 11 0.000 7300000
2 12 0.000 7300000
2 1 0.000 7300000
1 2 0.000 7310000
1 0 0.000 7310000
2 3 0.000 7310000
2 4 0.000 7310000
2 5 0.000 7310000
2 6 0.000 7310000
2 7 0.000 7310000
2 8 0.000 7310000
2 9 0.000 7310000
2 10 0.000 7310000
2 11 0.000 7310000
2 12 0.000 7310000
2 1 0.000 7310000
1 2 0.000 7320000
1 0 0.000 7320000
2 3 0.000 7320000
2 4 0.000 7320000
2 5 0.000 7320000
2 6 0.000 7320000
2 7 0.000 7320000
2 8 0.000 7320000
2 9 0.000 7320000
2 10 0.000 7320000
2 11 0.000 7320000
2 12 0.000 7320000
2 1 0.000 7320000
1 2 0.000 7330000
1 0 0.000 7330000
2 3 0.000 7330000
2 4 0.000 7330000
2 5 0.000 7330000
2 6 0.000 7330000
2 7 0.000 7330000
2 8 0.000 7330000
2 9 0.000 7330000
2 10 0.000 7330000
2 11 0.000 7330000
2 12 0.000 7330000
2 1 0.000 7330000
1 2 0.000 7340000
1 0 0.000 7340000
2 3 0.000 7340000
2 4 0.000 7340000
2 5 0.000 7340000
2 6 0.000 7340000
2 7 0.000 7340000
2 8 0.000 7340000
2 9 0.000 7340000
2 10 0.000 7340000
2 11 0.000 7340000
2 12 0.000 7340000
2 1 0.000 7340000
1 2 0.000 7350000
1 0 0.000 7350000
2 3 0.000 7350000
2 4 0.000 7350000
2 5 0.000 7350000
2 6 0.000 7350000
2 7 0.000 7350000
2 8 0.000 7350000
2 9 0.000 7350000
2 10 0.000 7350000
2 11 0.000 7350000
2 12 0.000 7350000
2 1 0.000 7350000
1 2 0.000 7360000
1 0 0.000 7360000
2 3 0.000 7360000
2 4 0.000 7360000
2 5 0.000 7360000
2 6 0.000 7360000
2 7 0.000 7360000
2 8 0.000 7360000
2 9 0.000 7360000
2 10 0.000 7360000
2 11 0.000 7360000
2 12 0.000 7360000
2 1 0.000 7360000
1 2 0.000 7370000
1 0 0.000 7370000
2 3 0.000 7370000
2 4 0.000 7370000
2 5 0.000 7370000
2 6 0.000 7370000
2 7 0.000 7370000
2 8 0.000 7370000
2 9 0.000 7370000
2 10 0.000 7370000
2 11 0.000 7370000
2 12 0.000 7370000
2 1 0.000 7370000
1 2 0.000 7380000
1 0 0.000 7380000
2 3 0.000 7380000
2 4 0.000 7380000
2 5 0.000 7380000
2 6 0.000 7380000
2 7 0.000 7380000
2 8 0.000 7380000
2 9 0.000 7380000
2 10 0.000 7380000
2 11 0.000 7380000
2 12 0.000 7380000
2 1 0.000 7380000
1 2 0.000 7390000
1 0 0.000 7390000
2 3 0.000 7390000
2 4 0.000 7390000
2 5 0.000 7390000
2 6 0.000 7390000
2 7 0.000 7390000
2 8 0.000 7390000
2 9 0.000 7390000
2 10 0.000 7390000
2 11 0.000 7390000
2 12 0.000 7390000
2 1 0.000 7390000
1 2 0.000 7400000
1 0 0.000 7400000
2 3 0.000 7400000
2 4 0.000 7400000
2 5 0.000 7400000
2 6 0.000 7400000
2 7 0.000 7400000
2 8 0.000 7400000
2 9 0.000 7400000
2 10 0.000 7400000
2 11 0.000 7400000
2 12 0.000 7400000
2 1 0.000 7400000
1 2 0.000 7410000
1 0 0.000 7410000
2 3 0.000 7410000
2 4 0.000 7410000
2 5 0.000 7410000
2 6 0.000 7410000
2 7 0.000 7410000
2 8 0.000 7410000
2 9 0.000 7410000
2 10 0.000 7410000
2 11 0.000 7410000
2 12 0.000 7410000
2 1 0.000 7410000
1 2 0.000 7420000
1 0 0.000 7420000
2 3 0.000 7420000
2 4 0.000 7420000
2 5 0.000 7420000
2 6 0.000 7420000
2 7 0.000 7420000
2 8 0.000 7420000
2 9 0.000 7420000
2 10 0.000 7420000
2 11 0.000 7420000
2 12 0.000 7420000
2 1 0.000 7420000
1 2 0.000 7430000
1 0 0.000 7430000
2 3 0.000 7430000
2 4 0.000 7430000
2 5 0.000 7430000
2 6 0.000 7430000
2 7 0.000 7430000
2 8 0.000 7430000
2 9 0.000 7430000
2 10 0.000 7430000
2 11 0.000 7430000
2 12 0.000 7430000
2 1 0.000 7430000
1 2 0.000 7440000
1 0 0.000 7440000
2 3 0.000 7440000
2 4 0.000 7440000
2 5 0.000 7440000
2 6 0.000 7440000
2 7 0.000 7440000
2 8 0.000 7440000
2 9 0.000 7440000
2 10 0.000 7440000
2 11 0.000 7440000
2 12 0.000 7440000
2 1 0.000 7440000
1 2 0.000 7450000
1 0 0.000 7450000
2 3 0.000 7450000
2 4 0.000 7450000
2 5 0.000 7450000
2 6 0.000 7450000
2 7 0.000 7450000
2 8 0.000 7450000
2 9 0.000 7450000
2 10 0.000 7450000
2 11 0.000 7450000
2 12 0.000 7450000
2 1 0.000 7450000
1 2 0.000 7460000
1 0 0.000 7460000
2 3 0.000 7460000
2 4 0.000 7460000
2 5 0.000 7460000
2 6 0.000 7460000
2 7 0.000 7460000
2 8 0.000 7460000
2 9 0.000 7460000
2 10 0.000 7460000
2 11 0.000 7460000
2 12 0.000 7460000
2 1 0.000 7460000
1 2 0.000 7470000
1 0 0.000 7470000
2 3 0.000 7470000
2 4 0.000 7470000
2 5 0.000 7470000
2 6 0.000 7470000
2 7 0.000 7470000
2 8 0.000 7470000
2 9 0.000 7470000
2 10 0.000 7470000
2 11 0.000 7470000
2 12 0.000 7470000
2 1 0.000 7470000
1 2 0.000 7480000
1 0 0.000 7480000
2 3 0.000 7480000
2 4 0.000 7480000
2 5 0.000 7480000
2 6 0.000 7480000
2 7 0.000 7480000
2 8 0.000 7480000
2 9 0.000 7480000
2 10 0.000 7480000
2 11 0.000 7480000
2 12 0.000 7480000
2 1 0.000 7480000
1 2 0.000 7490000
1 0 0.000 7490000
2 3 0.000 7490000
2 4 0.000 7490000
2 5 0.000 7490000
2 6 0.000 7490000
2 7 0.000 7490000
2 8 0.000 7490000
2 9 0.000 7490000
2 10 0.000 7490000
2 11 0.000 7490000
2 12 0.000 7490000
2 1 0.000 7490000
1 2 0.000 7500000
1 0 0.000 7500000
2 3 0.000 7500000
2 4 0.000 7500000
2 5 0.000 7500000
2 6 0.000 7500000
2 7 0.000 7500000
2 8 0.000 7500000
2 9 0.000 7500000
2 10 0.000 7500000
2 11 0.000 7500000
2 12 0.000 7500000
2 1 0.000 7500000
1 2 0.000 7510000
1 0 0.000 7510000
2 3 0.000 7510000
2 4 0.000 7510000
2 5 0.000 7510000
2 6 0.000 7510000
2 7 0.000 7510000
2 8 0.000 7510000
2 9 0.000 7510000
2 10 0.000 7510000
2 11 0.000 7510000
2 12 0.000 7510000
2 1 0.000 7510000
1 2 0.000 7520000
1 0 0.000 7520000
2 3 0.000 7520000
2 4 0.000 7520000
2 5 0.000 7520000
2 6 0.000 7520000
2 7 0.000 7520000
2 8 0.000 7520000
2 9 0.000 7520000
2 10 0.000 7520000
2 11 0.000 7520000
2 12 0.000 7520000
2 1 0.000 7520000
1 2 0.000 7530000
1 0 0.000 7530000
2 3 0.000 7530000
2 4 0.000 7530000
2 5 0.000 7530000
2 6 0.000 7530000
2 7 0.000 7530000
2 8 0.000 7530000
2 9 0.000 7530000
2 10 0.000 7530000
2 11 0.000 7530000
2 12 0.000 7530000
2 1 0.000 7530000
1 2 0.000 7540000
1 0 0.000 7540000
2 3 0.000 7540000
2 4 0.000 7540000
2 5 0.000 7540000
2 6 0.000 7540000
2 7 0.000 7540000
2 8 0.000 7540000
2 9 0.000 7540000
2 10 0.000 7540000
2 11 0.000 7540000
2 12 0.000 7540000
2 1 0.000 7540000
1 2 0.000 7550000
1 0 0.000 7550000
2 3 0.000 7550000
2 4 0.000 7550000
2 5 0.000 7550000
2 6 0.000 7550000
2 7 0.000 7550000
2 8 0.000 7550000
2 9 0.000 7550000
2 10 0.000 7550000
2 11 0.000 7550000
2 12 0.000 7550000
2 1 0.000 7550000
1 2 0.000 7560000
1 0 0.000 7560000
2 3 0.000 7560000
2 4 0.000 7560000
2 5 0.000 7560000
2 6 0.000 7560000
2 7 0.000 7560000
2 8 0.000 7560000
2 9 0.000 7560000
2 10 0.000 7560000
2 11 0.000 7560000
2 12 0.000 7560000
2 1 0.000 7560000
1 2 0.000 7570000
1 0 0.000 7570000
2 3 0.000 7570000
2 4 0.000 7570000
2 5 0.000 7570000
2 6 0.000 7570000
2 7 0.000 7570000
2 8 0.000 7570000
2 9 0.000 7570000
2 10 0.000 7570000
2 11 0.000 7570000
2 12 0.000 7570000
2 1 0.000 7570000
1 2 0.000 7580000
1 0 0.000 7580000
2 3 0.000 7580000
2 4 0.000 7580000
2 5 0.000 7580000
2 6 0.000 7580000
2 7 0.000 7580000
2 8 0.000 7580000
2 9 0.000 7580000
2 10 0.000 7580000
2 11 0.000 7580000
2 12 0.000 7580000
2 1 0.000 7580000
1 2 0.000 7590000
1 0 0.000 7590000
2 3 0.000 7590000
2 4 0.000 7590000
2 5 0.000 7590000
2 6 0.000 7590000
2 7 0.000 7590000
2 8 0.000 7590000
2 9 0.000 7590000
2 10 0.000 7590000
2 11 0.000 7590000
2 12 0.000 7590000
2 1 0.000 7590000
1 2 0.000 7600000
1 0 0.000 7600000
2 3 0.000 7600000
2 4 0.000 7600000
2 5 0.000 7600000
2 6 0.000 7600000
2 7 0.000 7600000
2 8 0.000 7600000
2 9 0.000 7600000
2 10 0.000 7600000
2 11 0.000 7600000
2 12 0.000 7600000
2 1 0.000 7600000
1 2 0.000 7610000
1 0 0.000 7610000
2 3 0.000 7610000
2 4 0.000 7610000
2 5 0.000 7610000
2 6 0.000 7610000
2 7 0.000 7610000
2 8 0.000 7610000
2 9 0.000 7610000
2 10 0.000 7610000
2 11 0.000 7610000
2 12 0.000 7610000
2 1 0.000 7610000
1 2 0.000 7620000
1 0 0.000 7620000
2 3 0.000 7620000
2 4 0.000 7620000
2 5 0.000 7620000
2 6 0.000 7620000
2 7 0.000 7620000
2 8 0.000 7620000
2 9 0.000 7620000
2 10 0.000 7620000
2 11 0.000 7620000
2 12 0.000 7620000
2 1 0.000 7620000
1 2 0.000 7630000
1 0 0.000 7630000
2 3 0.000 7630000
2 4 0.000 7630000
2 5 0.000 7630000
2 6 0.000 7630000
2 7 0.000 7630000
2 8 0.000 7630000
2 9 0.000 7630000
2 10 0.000 7630000
2 11 0.000 7630000
2 12 0.000 7630000
2 1 0.000 7630000
1 2 0.000 7640000
1 0 0.000 7640000
2 3 0.000 7640000
2 4 0.000 7640000
2 5 0.000 7640000
2 6 0.000 7640000
2 7 0.000 7640000
2 8 0.000 7640000
2 9 0.000 7640000
2 10 0.000 7640000
2 11 0.000 7640000
2 12 0.000 7640000
2 1 0.000 7640000
1 2 0.000 7650000
1 0 0.000 7650000
2 3 0.000 7650000
2 4 0.000 7650000
2 5 0.000 7650000
2 6 0.000 7650000
2 7 0.000 7650000
2 8 0.000 7650000
2 9 0.000 7650000
2 10 0.000 7650000
2 11 0.000 7650000
2 12 0.000 7650000
2 1 0.000 7650000
1 2 0.000 7660000
1 0 0.000 7660000
2 3 0.000 7660000
2 4 0.000 7660000
2 5 0.000 7660000
2 6 0.000 7660000
2 7 0.000 7660000
2 8 0.000 7660000
2 9 0.000 7660000
2 10 0.000 7660000
2 11 0.000 7660000
2 12 0.000 7660000
2 1 0.000 7660000
1 2 0.000 7670000
1 0 0.000 7670000
2 3 0.000 7670000
2 4 0.000 7670000
2 5 0.000 7670000
2 6 0.000 7670000
2 7 0.000 7670000
2 8 0.000 7670000
2 9 0.000 7670000
2 10 0.000 7670000
2 11 0.000 7670000
2 12 0.000 7670000
2 1 0.000 7670000
1 2 0.000 7680000
1 0 0.000 7680000
2 3 0.000 7680000
2 4 0.000 7680000
2 5 0.000 7680000
2 6 0.000 7680000
2 7 0.000 7680000
2 8 0.000 7680000
2 9 0.000 7680000
2 10 0.000 7680000
2 11 0.000 7680000
2 12 0.000 7680000
2 1 0.000 7680000
1 2 0.000 7690000
1 0 0.000 7690000
2 3 0.000 7690000
2 4 0.000 7690000
2 5 0.000 7690000
2 6 0.000 7690000
2 7 0.000 7690000
2 8 0.000 7690000
2 9 0.000 7690000
2 10 0.000 7690000
2 11 0.000 7690000
2 12 0.000 7690000
2 1 0.000 7690000
1 2 0.000 7700000
1 0 0.000 7700000
2 3 0.000 7700000
2 4 0.000 7700000
2 5 0.000 7700000
2 6 0.000 7700000
2 7 0.000 7700000
2 8 0.000 7700000
2 9 0.000 7700000
2 10 0.000 7700000
2 11 0.000 7700000
2 12 0.000 7700000
2 1 0.000 7700000
1 2 0.000 7710000
1 0 0.000 7710000
2 3 0.000 7710000
2 4 0.000 7710000
2 5 0.000 7710000
2 6 0.000 7710000
2 7 0.000 7710000
2 8 0.000 7710000
2 9 0.000 7710000
2 10 0.000 7710000
2 11 0.000 7710000
2 12 0.000 7710000
2 1 0.000 7710000
1 2 0.000 7720000
1 0 0.000 7720000
2 3 0.000 7720000
2 4 0.000 7720000
2 5 0.000 7720000
2 6 0.000 7720000
2 7 0.000 7720000
2 8 0.000 7720000
2 9 0.000 7720000
2 10 0.000 7720000
2 11 0.000 7720000
2 12 0.000 7720000
2 1 0.000 7720000
1 2 0.000 7730000
1 0 0.000 7730000
2 3 0.000 7730000
2 4 0.000 7730000
2 5 0.000 7730000
2 6 0.000 7730000
2 7 0.000 7730000
2 8 0.000 7730000
2 9 0.000 7730000
2 10 0.000 7730000
2 11 0.000 7730000
2 12 0.000 7730000
2 1 0.000 7730000
1 2 0.000 7740000
1 0 0.000 7740000
2 3 0.000 7740000
2 4 0.000 7740000
2 5 0.000 7740000
2 6 0.000 7740000
2 7 0.000 7740000
2 8 0.000 7740000
2 9 0.000 7740000
2 10 0.000 7740000
2 11 0.000 7740000
2 12 0.000 7740000
2 1 0.000 7740000
1 2 0.000 7750000
1 0 0.000 7750000
2 3 0.000 7750000
2 4 0.000 7750000
2 5 0.000 7750000
2 6 0.000 7750000
2 7 0.000 7750000
2 8 0.000 7750000
2 9 0.000 7750000
2 10 0.000 7750000
2 11 0.000 7750000
2 12 0.000 7750000
2 1 0.000 7750000
1 2 0.000 7760000
1 0 0.000 7760000
2 3 0.000 7760000
2 4 0.000 7760000
2 5 0.000 7760000
2 6 0.000 7760000
2 7 0.000 7760000
2 8 0.000 7760000
2 9 0.000 7760000
2 10 0.000 7760000
2 11 0.000 7760000
2 12 0.000 7760000
2 1 0.000 7760000
1 2 0.000 7770000
1 0 0.000 7770000
2 3 0.000 7770000
2 4 0.000 7770000
2 5 0.000 7770000
2 6 0.000 7770000
2 7 0.000 7770000
2 8 0.000 7770000
2 9 0.000 7770000
2 10 0.000 7770000
2 11 0.000 7770000
2 12 0.000 7770000
2 1 0.000 7770000
1 2 0.000 7780000
1 0 0.000 7780000
2 3 0.000 7780000
2 4 0.000 7780000
2 5 0.000 7780000
2 6 0.000 7780000
2 7 0.000 7780000
2 8 0.000 7780000
2 9 0.000 7780000
2 10 0.000 7780000
2 11 0.000 7780000
2 12 0.000 7780000
2 1 0.000 7780000
1 2 0.000 7790000
1 0 0.000 7790000
2 3 0.000 7790000
2 4 0.000 7790000
2 5 0.000 7790000
2 6 0.000 7790000
2 7 0.000 7790000
2 8 0.000 7790000
2 9 0.000 7790000
2 10 0.000 7790000
2 11 0.000 7790000
2 12 0.000 7790000
2 1 0.000 7790000
1 2 0.000 7800000
1 0 0.000 7800000
2 3 0.000 7800000
2 4 0.000 7800000
2 5 0.000 7800000
2 6 0.000 7800000
2 7 0.000 7800000
2 8 0.000 7800000
2 9 0.000 7800000
2 10 0.000 7800000
2 11 0.000 7800000
2 12 0.000 7800000
2 1 0.000 7800000
1 2 0.000 7810000
1 0 0.000 7810000
2 3 0.000 7810000
2 4 0.000 7810000
2 5 0.000 7810000
2 6 0.000 7810000
2 7 0.000 7810000
2 8 0.000 7810000
2 9 0.000 7810000
2 10 0.000 7810000
2 11 0.000 7810000
2 12 0.000 7810000
2 1 0.000 7810000
1 2 0.000 7820000
1 0 0.000 7820000
2 3 0.000 7820000
2 4 0.000 7820000
2 5 0.000 7820000
2 6 0.000 7820000
2 7 0.000 7820000
2 8 0.000 7820000
2 9 0.000 7820000
2 10 0.000 7820000
2 11 0.000 7820000
2 12 0.000 7820000
2 1 0.000 7820000
1 2 0.000 7830000
1 0 0.000 7830000
2 3 0.000 7830000
2 4 0.000 7830000
2 5 0.000 7830000
2 6 0.000 7830000
2 7 0.000 7830000
2 8 0.000 7830000
2 9 0.000 7830000
2 10 0.000 7830000
2 11 0.000 7830000
2 12 0.000 7830000
2 1 0.000 7830000
1 2 0.000 7840000
1 0 0.000 7840000
2 3 0.000 7840000
2 4 0.000 7840000
2 5 0.000 7840000
2 6 0.000 7840000
2 7 0.000 7840000
2 8 0.000 7840000
2 9 0.000 7840000
2 10 0.000 7840000
2 11 0.000 7840000
2 12 0.000 7840000
2 1 0.000 7840000
1 2 0.000 7850000
1 0 0.000 7850000
2 3 0.000 7850000
2 4 0.000 7850000
2 5 0.000 7850000
2 6 0.000 7850000
2 7 0.000 7850000
2 8 0.000 7850000
2 9 0.000 7850000
2 10 0.000 7850000
2 11 0.000 7850000
2 12 0.000 7850000
2 1 0.000 7850000
1 2 0.000 7860000
1 0 0.000 7860000
2 3 0.000 7860000
2 4 0.000 7860000
2 5 0.000 7860000
2 6 0.000 7860000
2 7 0.000 7860000
2 8 0.000 7860000
2 9 0.000 7860000
2 10 0.000 7860000
2 11 0.000 7860000
2 12 0.000 7860000
2 1 0.000 7860000
1 2 0.000 7870000
1 0 0.000 7870000
2 3 0.000 7870000
2 4 0.000 7870000
2 5 0.000 7870000
2 6 0.000 7870000
2 7 0.000 7870000
2 8 0.000 7870000
2 9 0.000 7870000
2 10 0.000 7870000
2 11 0.000 7870000
2 12 0.000 7870000
2 1 0.000 7870000
1 2 0.000 7880000
1 0 0.000 7880000
2 3 0.000 7880000
2 4 0.000 7880000
2 5 0.000 7880000
2 6 0.000 7880000
2 7 0.000 7880000
2 8 0.000 7880000
2 9 0.000 7880000
2 10 0.000 7880000
2 11 0.000 7880000
2 12 0.000 7880000
2 1 0.000 7880000
1 2 0.000 7890000
1 0 0.000 7890000
2 3 0.000 7890000
2 4 0.000 7890000
2 5 0.000 7890000
2 6 0.000 7890000
2 7 0.000 7890000
2 8 0.000 7890000
2 9 0.000 7890000
2 10 0.000 7890000
2 11 0.000 7890000
2 12 0.000 7890000
2 1 0.000 7890000
1 2 0.000 7900000
1 0 0.000 7900000
2 3 0.000 7900000
2 4 0.000 7900000
2 5 0.000 7900000
2 6 0.000 7900000
2 7 0.000 7900000
2 8 0.000 7900000
2 9 0.000 7900000
2 10 0.000 7900000
2 11 0.000 7900000
2 12 0.000 7900000
2 1 0.000 7900000
1 2 0.000 7910000
1 0 0.000 7910000
2 3 0.000 7910000
2 4 0.000 7910000
2 5 0.000 7910000
2 6 0.000 7910000
2 7 0.000 7910000
2 8 0.000 7910000
2 9 0.000 7910000
2 10 0.000 7910000
2 11 0.000 7910000
2 12 0.000 7910000
2 1 0.000 7910000
1 2 0.000 7920000
1 0 0.000 7920000
2 3 0.000 7920000
2 4 0.000 7920000
2 5 0.000 7920000
2 6 0.000 7920000
2 7 0.000 7920000
2 8 0.000 7920000
2 9 0.000 7920000
2 10 0.000 7920000
2 11 0.000 7920000
2 12 0.000 7920000
2 1 0.000 7920000
1 2 0.000 7930000
1 0 0.000 7930000
2 3 0.000 7930000
2 4 0.000 7930000
2 5 0.000 7930000
2 6 0.000 7930000
2 7 0.000 7930000
2 8 0.000 7930000
2 9 0.000 7930000
2 10 0.000 7930000
2 11 0.000 7930000
2 12 0.000 7930000
2 1 0.000 7930000
1 2 0.000 7940000
1 0 0.000 7940000
2 3 0.000 7940000
2 4 0.000 7940000
2 5 0.000 7940000
2 6 0.000 7940000
2 7 0.000 7940000
2 8 0.000 7940000
2 9 0.000 7940000
2 10 0.000 7940000
2 11 0.000 7940000
2 12 0.000 7940000
2 1 0.000 7940000
1 2 0.000 7950000
1 0 0.000 7950000
2 3 0.000 7950000
2 4 0.000 7950000
2 5 0.000 7950000
2 6 0.000 7950000
2 7 0.000 7950000
2 8 0.000 7950000
2 9 0.000 7950000
2 10 0.000 7950000
2 11 0.000 7950000
2 12 0.000 7950000
2 1 0.000 7950000
1 2 0.000 7960000
1 0 0.000 7960000
2 3 0.000 7960000
2 4 0.000 7960000
2 5 0.000 7960000
2 6 0.000 7960000
2 7 0.000 7960000
2 8 0.000 7960000
2 9 0.000 7960000
2 10 0.000 7960000
2 11 0.000 7960000
2 12 0.000 7960000
2 1 0.000 7960000
1 2 0.000 7970000
1 0 0.000 7970000
2 3 0.000 7970000
2 4 0.000 7970000
2 5 0.000 7970000
2 6 0.000 7970000
2 7 0.000 7970000
2 8 0.000 7970000
2 9 0.000 7970000
2 10 0.000 7970000
2 11 0.000 7970000
2 12 0.000 7970000
2 1 0.000 7970000
1 2 0.000 7980000
1 0 0.000 7980000
2 3 0.000 7980000
2 4 0.000 7980000
2 5 0.000 7980000
2 6 0.000 7980000
2 7 0.000 7980000
2 8 0.000 7980000
2 9 0.000 7980000
2 10 0.000 7980000
2 11 0.000 7980000
2 12 0.000 7980000
2 1 0.000 7980000
1 2 0.000 7990000
1 0 0.000 7990000
2 3 0.000 7990000
2 4 0.000 7990000
2 5 0.000 7990000
2 6 0.000 7990000
2 7 0.000 7990000
2 8 0.000 7990000
2 9 0.000 7990000
2 10 0.000 7990000
2 11 0.000 7990000
2 12 0.000 7990000
2 1 0.000 7990000
1 2 0.000 8000000
1 0 0.000 8000000
2 3 0.000 8000000
2 4 0.000 8000000
2 5 0.000 8000000
2 6 0.000 8000000
2 7 0.000 8000000
2 8 0.000 8000000
2 9 0.000 8000000
2 10 0.000 8000000
2 11 0.000 8000000
2 12 0.000 8000000
2 1 0.000 8000000
1 2 0.000 8010000
1 0 0.000 8010000
2 3 0.000 8010000
2 4 0.000 8010000
2 5 0.000 8010000
2 6 0.000 8010000
2 7 0.000 8010000
2 8 0.000 8010000
2 9 0.000 8010000
2 10 0.000 8010000
2 11 0.000 8010000
2 12 0.000 8010000
2 1 0.000 8010000
1 2 0.000 8020000
1 0 0.000 8020000
2 3 0.000 8020000
2 4 0.000 8020000
2 5 0.000 8020000
2 6 0.000 8020000
2 7 0.000 8020000
2 8 0.000 8020000
2 9 0.000 8020000
2 10 0.000 8020000
2 11 0.000 8020000
2 12 0.000 8020000
2 1 0.000 8020000
1 2 0.000 8030000
1 0 0.000 8030000
2 3 0.000 8030000
2 4 0.000 8030000
2 5 0.000 8030000
2 6 0.000 8030000
2 7 0.000 8030000
2 8 0.000 8030000
2 9 0.000 8030000
2 10 0.000 8030000
2 11 0.000 8030000
2 12 0.000 8030000
2 1 0.000 8030000
1 2 0.000 8040000
1 0 0.000 8040000
2 3 0.000 8040000
2 4 0.000 8040000
2 5 0.000 8040000
2 6 0.000 8040000
2 7 0.000 8040000
2 8 0.000 8040000
2 9 0.000 8040000
2 10 0.000 8040000
2 11 0.000 8040000
2 12 0.000 8040000
2 1 0.000 8040000
1 2 0.000 8050000
1 0 0.000 8050000
2 3 0.000 8050000
2 4 0.000 8050000
2 5 0.000 8050000
2 6 0.000 8050000
2 7 0.000 8050000
2 8 0.000 8050000
2 9 0.000 8050000
2 10 0.000 8050000
2 11 0.000 8050000
2 12 0.000 8050000
2 1 0.000 8050000
1 2 0.000 8060000
1 0 0.000 8060000
2 3 0.000 8060000
2 4 0.000 8060000
2 5 0.000 8060000
2 6 0.000 8060000
2 7 0.000 8060000
2 8 0.000 8060000
2 9 0.000 8060000
2 10 0.000 8060000
2 11 0.000 8060000
2 12 0.000 8060000
2 1 0.000 8060000
1 2 0.000 8070000
1 0 0.000 8070000
2 3 0.000 8070000
2 4 0.000 8070000
2 5 0.000 8070000
2 6 0.000 8070000
2 7 0.000 8070000
2 8 0.000 8070000
2 9 0.000 8070000
2 10 0.000 8070000
2 11 0.000 8070000
2 12 0.000 8070000
2 1 0.000 8070000
1 2 0.000 8080000
1 0 0.000 8080000
2 3 0.000 8080000
2 4 0.000 8080000
2 5 0.000 8080000
2 6 0.000 8080000
2 7 0.000 8080000
2 8 0.000 8080000
2 9 0.000 8080000
2 10 0.000 8080000
2 11 0.000 8080000
2 12 0.000 8080000
2 1 0.000 8080000
1 2 0.000 8090000
1 0 0.000 8090000
2 3 0.000 8090000
2 4 0.000 8090000
2 5 0.000 8090000
2 6 0.000 8090000
2 7 0.000 8090000
2 8 0.000 8090000
2 9 0.000 8090000
2 10 0.000 8090000
2 11 0.000 8090000
2 12 0.000 8090000
2 1 0.000 8090000
1 2 0.000 8100000
1 0 0.000 8100000
2 3 0.000 8100000
2 4 0.000 8100000
2 5 0.000 8100000
2 6 0.000 8100000
2 7 0.000 8100000
2 8 0.000 8100000
2 9 0.000 8100000
2 10 0.000 8100000
2 11 0.000 8100000
2 12 0.000 8100000
2 1 0.000 8100000
1 2 0.000 8110000
1 0 0.000 8110000
2 3 0.000 8110000
2 4 0.000 8110000
2 5 0.000 8110000
2 6 0.000 8110000
2 7 0.000 8110000
2 8 0.000 8110000
2 9 0.000 8110000
2 10 0.000 8110000
2 11 0.000 8110000
2 12 0.000 8110000
2 1 0.000 8110000
1 2 0.000 8120000
1 0 0.000 8120000
2 3 0.000 8120000
2 4 0.000 8120000
2 5 0.000 8120000
2 6 0.000 8120000
2 7 0.000 8120000
2 8 0.000 8120000
2 9 0.000 8120000
2 10 0.000 8120000
2 11 0.000 8120000
2 12 0.000 8120000
2 1 0.000 8120000
1 2 0.000 8130000
1 0 0.000 8130000
2 3 0.000 8130000
2 4 0.000 8130000
2 5 0.000 8130000
2 6 0.000 8130000
2 7 0.000 8130000
2 8 0.000 8130000
2 9 0.000 8130000
2 10 0.000 8130000
2 11 0.000 8130000
2 12 0.000 8130000
2 1 0.000 8130000
1 2 0.000 8140000
1 0 0.000 8140000
2 3 0.000 8140000
2 4 0.000 8140000
2 5 0.000 8140000
2 6 0.000 8140000
2 7 0.000 8140000
2 8 0.000 8140000
2 9 0.000 8140000
2 10 0.000 8140000
2 11 0.000 8140000
2 12 0.000 8140000
2 1 0.000 8140000
1 2 0.000 8150000
1 0 0.000 8150000
2 3 0.000 8150000
2 4 0.000 8150000
2 5 0.000 8150000
2 6 0.000 8150000
2 7 0.000 8150000
2 8 0.000 8150000
2 9 0.000 8150000
2 10 0.000 8150000
2 11 0.000 8150000
2 12 0.000 8150000
2 1 0.000 8150000
1 2 0.000 8160000
1 0 0.000 8160000
2 3 0.000 8160000
2 4 0.000 8160000
2 5 0.000 8160000
2 6 0.000 8160000
2 7 0.000 8160000
2 8 0.000 8160000
2 9 0.000 8160000
2 10 0.000 8160000
2 11 0.000 8160000
2 12 0.000 8160000
2 1 0.000 8160000
1 2 0.000 8170000
1 0 0.000 8170000
2 3 0.000 8170000
2 4 0.000 8170000
2 5 0.000 8170000
2 6 0.000 8170000
2 7 0.000 8170000
2 8 0.000 8170000
2 9 0.000 8170000
2 10 0.000 8170000
2 11 0.000 8170000
2 12 0.000 8170000
2 1 0.000 8170000
1 2 0.000 8180000
1 0 0.000 8180000
2 3 0.000 8180000
2 4 0.000 8180000
2 5 0.000 8180000
2 6 0.000 8180000
2 7 0.000 8180000
2 8 0.000 8180000
2 9 0.000 8180000
2 10 0.000 8180000
2 11 0.000 8180000
2 12 0.000 8180000
2 1 0.000 8180000
1 2 0.000 8190000
1 0 0.000 8190000
2 3 0.000 8190000
2 4 0.000 8190000
2 5 0.000 8190000
2 6 0.000 8190000
2 7 0.000 8190000
2 8 0.000 8190000
2 9 0.000 8190000
2 10 0.000 8190000
2 11 0.000 8190000
2 12 0.000 8190000
2 1 0.000 8190000
1 2 0.000 8200000
1 0 0.000 8200000
2 3 0.000 8200000
2 4 0.000 8200000
2 5 0.000 8200000
2 6 0.000 8200000
2 7 0.000 8200000
2 8 0.000 8200000
2 9 0.000 8200000
2 10 0.000 8200000
2 11 0.000 8200000
2 12 0.000 8200000
2 1 0.000 8200000
1 2 0.000 8210000
1 0 0.000 8210000
2 3 0.000 8210000
2 4 0.000 8210000
2 5 0.000 8210000
2 6 0.000 8210000
2 7 0.000 8210000
2 8 0.000 8210000
2 9 0.000 8210000
2 10 0.000 8210000
2 11 0.000 8210000
2 12 0.000 8210000
2 1 0.000 8210000
1 2 0.000 8220000
1 0 0.000 8220000
2 3 0.000 8220000
2 4 0.000 8220000
2 5 0.000 8220000
2 6 0.000 8220000
2 7 0.000 8220000
2 8 0.000 8220000
2 9 0.000 8220000
2 10 0.000 8220000
2 11 0.000 8220000
2 12 0.000 8220000
2 1 0.000 8220000
1 2 0.000 8230000
1 0 0.000 8230000
2 3 0.000 8230000
2 4 0.000 8230000
2 5 0.000 8230000
2 6 0.000 8230000
2 7 0.000 8230000
2 8 0.000 8230000
2 9 0.000 8230000
2 10 0.000 8230000
2 11 0.000 8230000
2 12 0.000 8230000
2 1 0.000 8230000
1 2 0.000 8240000
1 0 0.000 8240000
2 3 0.000 8240000
2 4 0.000 8240000
2 5 0.000 8240000
2 6 0.000 8240000
2 7 0.000 8240000
2 8 0.000 8240000
2 9 0.000 8240000
2 10 0.000 8240000
2 11 0.000 8240000
2 12 0.000 8240000
2 1 0.000 8240000
1 2 0.000 8250000
1 0 0.000 8250000
2 3 0.000 8250000
2 4 0.000 8250000
2 5 0.000 8250000
2 6 0.000 8250000
2 7 0.000 8250000
2 8 0.000 8250000
2 9 0.000 8250000
2 10 0.000 8250000
2 11 0.000 8250000
2 12 0.000 8250000
2 1 0.000 8250000
1 2 0.000 8260000
1 0 0.000 8260000
2 3 0.000 8260000
2 4 0.000 8260000
2 5 0.000 8260000
2 6 0.000 8260000
2 7 0.000 8260000
2 8 0.000 8260000
2 9 0.000 8260000
2 10 0.000 8260000
2 11 0.000 8260000
2 12 0.000 8260000
2 1 0.000 8260000
1 2 0.000 8270000
1 0 0.000 8270000
2 3 0.000 8270000
2 4 0.000 8270000
2 5 0.000 8270000
2 6 0.000 8270000
2 7 0.000 8270000
2 8 0.000 8270000
2 9 0.000 8270000
2 10 0.000 8270000
2 11 0.000 8270000
2 12 0.000 8270000
2 1 0.000 8270000
1 2 0.000 8280000
1 0 0.000 8280000
2 3 0.000 8280000
2 4 0.000 8280000
2 5 0.000 8280000
2 6 0.000 8280000
2 7 0.000 8280000
2 8 0.000 8280000
2 9 0.000 8280000
2 10 0.000 8280000
2 11 0.000 8280000
2 12 0.000 8280000
2 1 0.000 8280000
1 2 0.000 8290000
1 0 0.000 8290000
2 3 0.000 8290000
2 4 0.000 8290000
2 5 0.000 8290000
2 6 0.000 8290000
2 7 0.000 8290000
2 8 0.000 8290000
2 9 0.000 8290000
2 10 0.000 8290000
2 11 0.000 8290000
2 12 0.000 8290000
2 1 0.000 8290000
1 2 0.000 8300000
1 0 0.000 8300000
2 3 0.000 8300000
2 4 0.000 8300000
2 5 0.000 8300000
2 6 0.000 8300000
2 7 0.000 8300000
2 8 0.000 8300000
2 9 0.000 8300000
2 10 0.000 8300000
2 11 0.000 8300000
2 12 0.000 8300000
2 1 0.000 8300000
1 2 0.000 8310000
1 0 0.000 8310000
2 3 0.000 8310000
2 4 0.000 8310000
2 5 0.000 8310000
2 6 0.000 8310000
2 7 0.000 8310000
2 8 0.000 8310000
2 9 0.000 8310000
2 10 0.000 8310000
2 11 0.000 8310000
2 12 0.000 8310000
2 1 0.000 8310000
1 2 0.000 8320000
1 0 0.000 8320000
2 3 0.000 8320000
2 4 0.000 8320000
2 5 0.000 8320000
2 6 0.000 8320000
2 7 0.000 8320000
2 8 0.000 8320000
2 9 0.000 8320000
2 10 0.000 8320000
2 11 0.000 8320000
2 12 0.000 8320000
2 1 0.000 8320000
1 2 0.000 8330000
1 0 0.000 8330000
2 3 0.000 8330000
2 4 0.000 8330000
2 5 0.000 8330000
2 6 0.000 8330000
2 7 0.000 8330000
2 8 0.000 8330000
2 9 0.000 8330000
2 10 0.000 8330000
2 11 0.000 8330000
2 12 0.000 8330000
2 1 0.000 8330000
1 2 0.000 8340000
1 0 0.000 8340000
2 3 0.000 8340000
2 4 0.000 8340000
2 5 0.000 8340000
2 6 0.000 8340000
2 7 0.000 8340000
2 8 0.000 8340000
2 9 0.000 8340000
2 10 0.000 8340000
2 11 0.000 8340000
2 12 0.000 8340000
2 1 0.000 8340000
1 2 0.000 8350000
1 0 0.000 8350000
2 3 0.000 8350000
2 4 0.000 8350000
2 5 0.000 8350000
2 6 0.000 8350000
2 7 0.000 8350000
2 8 0.000 8350000
2 9 0.000 8350000
2 10 0.000 8350000
2 11 0.000 8350000
2 12 0.000 8350000
2 1 0.000 8350000
1 2 0.000 8360000
1 0 0.000 8360000
2 3 0.000 8360000
2 4 0.000 8360000
2 5 0.000 8360000
2 6 0.000 8360000
2 7 0.000 8360000
2 8 0.000 8360000
2 9 0.000 8360000
2 10 0.000 8360000
2 11 0.000 8360000
2 12 0.000 8360000
2 1 0.000 8360000
1 2 0.000 8370000
1 0 0.000 8370000
2 3 0.000 8370000
2 4 0.000 8370000
2 5 0.000 8370000
2 6 0.000 8370000
2 7 0.000 8370000
2 8 0.000 8370000
2 9 0.000 8370000
2 10 0.000 8370000
2 11 0.000 8370000
2 12 0.000 8370000
2 1 0.000 8370000
1 2 0.000 8380000
1 0 0.000 8380000
2 3 0.000 8380000
2 4 0.000 8380000
2 5 0.000 8380000
2 6 0.000 8380000
2 7 0.000 8380000
2 8 0.000 8380000
2 9 0.000 8380000
2 10 0.000 8380000
2 11 0.000 8380000
2 12 0.000 8380000
2 1 0.000 8380000
1 2 0.000 8390000
1 0 0.000 8390000
2 3 0.000 8390000
2 4 0.000 8390000
2 5 0.000 8390000
2 6 0.000 8390000
2 7 0.000 8390000
2 8 0.000 8390000
2 9 0.000 8390000
2 10 0.000 8390000
2 11 0.000 8390000
2 12 0.000 8390000
2 1 0.000 8390000
1 2 0.000 8400000
1 0 0.000 8400000
2 3 0.000 8400000
2 4 0.000 8400000
2 5 0.000 8400000
2 6 0.000 8400000
2 7 0.000 8400000
2 8 0.000 8400000
2 9 0.000 8400000
2 10 0.000 8400000
2 11 0.000 8400000
2 12 0.000 8400000
2 1 0.000 8400000
1 2 0.000 8410000
1 0 0.000 8410000
2 3 0.000 8410000
2 4 0.000 8410000
2 5 0.000 8410000
2 6 0.000 8410000
2 7 0.000 8410000
2 8 0.000 8410000
2 9 0.000 8410000
2 10 0.000 8410000
2 11 0.000 8410000
2 12 0.000 8410000
2 1 0.000 8410000
1 2 0.000 8420000
1 0 0.000 8420000
2 3 0.000 8420000
2 4 0.000 8420000
2 5 0.000 8420000
2 6 0.000 8420000
2 7 0.000 8420000
2 8 0.000 8420000
2 9 0.000 8420000
2 10 0.000 8420000
2 11 0.000 8420000
2 12 0.000 8420000
2 1 0.000 8420000
1 2 0.000 8430000
1 0 0.000 8430000
2 3 0.000 8430000
2 4 0.000 8430000
2 5 0.000 8430000
2 6 0.000 8430000
2 7 0.000 8430000
2 8 0.000 8430000
2 9 0.000 8430000
2 10 0.000 8430000
2 11 0.000 8430000
2 12 0.000 8430000
2 1 0.000 8430000
1 2 0.000 8440000
1 0 0.000 8440000
2 3 0.000 8440000
2 4 0.000 8440000
2 5 0.000 8440000
2 6 0.000 8440000
2 7 0.000 8440000
2 8 0.000 8440000
2 9 0.000 8440000
2 10 0.000 8440000
2 11 0.000 8440000
2 12 0.000 8440000
2 1 0.000 8440000
1 2 0.000 8450000
1 0 0.000 8450000
2 3 0.000 8450000
2 4 0.000 8450000
2 5 0.000 8450000
2 6 0.000 8450000
2 7 0.000 8450000
2 8 0.000 8450000
2 9 0.000 8450000
2 10 0.000 8450000
2 11 0.000 8450000
2 12 0.000 8450000
2 1 0.000 8450000
1 2 0.000 8460000
1 0 0.000 8460000
2 3 0.000 8460000
2 4 0.000 8460000
2 5 0.000 8460000
2 6 0.000 8460000
2 7 0.000 8460000
2 8 0.000 8460000
2 9 0.000 8460000
2 10 0.000 8460000
2 11 0.000 8460000
2 12 0.000 8460000
2 1 0.000 8460000
1 2 0.000 8470000
1 0 0.000 8470000
2 3 0.000 8470000
2 4 0.000 8470000
2 5 0.000 8470000
2 6 0.000 8470000
2 7 0.000 8470000
2 8 0.000 8470000
2 9 0.000 8470000
2 10 0.000 8470000
2 11 0.000 8470000
2 12 0.000 8470000
2 1 0.000 8470000
1 2 0.000 8480000
1 0 0.000 8480000
2 3 0.000 8480000
2 4 0.000 8480000
2 5 0.000 8480000
2 6 0.000 8480000
2 7 0.000 8480000
2 8 0.000 8480000
2 9 0.000 8480000
2 10 0.000 8480000
2 11 0.000 8480000
2 12 0.000 8480000
2 1 0.000 8480000
1 2 0.000 8490000
1 0 0.000 8490000
2 3 0.000 8490000
2 4 0.000 8490000
2 5 0.000 8490000
2 6 0.000 8490000
2 7 0.000 8490000
2 8 0.000 8490000
2 9 0.000 8490000
2 10 0.000 8490000
2 11 0.000 8490000
2 12 0.000 8490000
2 1 0.000 8490000
1 2 0.000 8500000
1 0 0.000 8500000
2 3 0.000 8500000
2 4 0.000 8500000
2 5 0.000 8500000
2 6 0.000 8500000
2 7 0.000 8500000
2 8 0.000 8500000
2 9 0.000 8500000
2 10 0.000 8500000
2 11 0.000 8500000
2 12 0.000 8500000
2 1 0.000 8500000
1 2 0.000 8510000
1 0 0.000 8510000
2 3 0.000 8510000
2 4 0.000 8510000
2 5 0.000 8510000
2 6 0.000 8510000
2 7 0.000 8510000
2 8 0.000 8510000
2 9 0.000 8510000
2 10 0.000 8510000
2 11 0.000 8510000
2 12 0.000 8510000
2 1 0.000 8510000
1 2 0.000 8520000
1 0 0.000 8520000
2 3 0.000 8520000
2 4 0.000 8520000
2 5 0.000 8520000
2 6 0.000 8520000
2 7 0.000 8520000
2 8 0.000 8520000
2 9 0.000 8520000
2 10 0.000 8520000
2 11 0.000 8520000
2 12 0.000 8520000
2 1 0.000 8520000
1 2 0.000 8530000
1 0 0.000 8530000
2 3 0.000 8530000
2 4 0.000 8530000
2 5 0.000 8530000
2 6 0.000 8530000
2 7 0.000 8530000
2 8 0.000 8530000
2 9 0.000 8530000
2 10 0.000 8530000
2 11 0.000 8530000
2 12 0.000 8530000
2 1 0.000 8530000
1 2 0.000 8540000
1 0 0.000 8540000
2 3 0.000 8540000
2 4 0.000 8540000
2 5 0.000 8540000
2 6 0.000 8540000
2 7 0.000 8540000
2 8 0.000 8540000
2 9 0.000 8540000
2 10 0.000 8540000
2 11 0.000 8540000
2 12 0.000 8540000
2 1 0.000 8540000
1 2 0.000 8550000
1 0 0.000 8550000
2 3 0.000 8550000
2 4 0.000 8550000
2 5 0.000 8550000
2 6 0.000 8550000
2 7 0.000 8550000
2 8 0.000 8550000
2 9 0.000 8550000
2 10 0.000 8550000
2 11 0.000 8550000
2 12 0.000 8550000
2 1 0.000 8550000
1 2 0.000 8560000
1 0 0.000 8560000
2 3 0.000 8560000
2 4 0.000 8560000
2 5 0.000 8560000
2 6 0.000 8560000
2 7 0.000 8560000
2 8 0.000 8560000
2 9 0.000 8560000
2 10 0.000 8560000
2 11 0.000 8560000
2 12 0.000 8560000
2 1 0.000 8560000
1 2 0.000 8570000
1 0 0.000 8570000
2 3 0.000 8570000
2 4 0.000 8570000
2 5 0.000 8570000
2 6 0.000 8570000
2 7 0.000 8570000
2 8 0.000 8570000
2 9 0.000 8570000
2 10 0.000 8570000
2 11 0.000 8570000
2 12 0.000 8570000
2 1 0.000 8570000
1 2 0.000 8580000
1 0 0.000 8580000
2 3 0.000 8580000
2 4 0.000 8580000
2 5 0.000 8580000
2 6 0.000 8580000
2 7 0.000 8580000
2 8 0.000 8580000
2 9 0.000 8580000
2 10 0.000 8580000
2 11 0.000 8580000
2 12 0.000 8580000
2 1 0.000 8580000
1 2 0.000 8590000
1 0 0.000 8590000
2 3 0.000 8590000
2 4 0.000 8590000
2 5 0.000 8590000
2 6 0.000 8590000
2 7 0.000 8590000
2 8 0.000 8590000
2 9 0.000 8590000
2 10 0.000 8590000
2 11 0.000 8590000
2 12 0.000 8590000
2 1 0.000 8590000
1 2 0.000 8600000
1 0 0.000 8600000
2 3 0.000 8600000
2 4 0.000 8600000
2 5 0.000 8600000
2 6 0.000 8600000
2 7 0.000 8600000
2 8 0.000 8600000
2 9 0.000 8600000
2 10 0.000 8600000
2 11 0.000 8600000
2 12 0.000 8600000
2 1 0.000 8600000
1 2 0.000 8610000
1 0 0.000 8610000
2 3 0.000 8610000
2 4 0.000 8610000
2 5 0.000 8610000
2 6 0.000 8610000
2 7 0.000 8610000
2 8 0.000 8610000
2 9 0.000 8610000
2 10 0.000 8610000
2 11 0.000 8610000
2 12 0.000 8610000
2 1 0.000 8610000
1 2 0.000 8620000
1 0 0.000 8620000
2 3 0.000 8620000
2 4 0.000 8620000
2 5 0.000 8620000
2 6 0.000 8620000
2 7 0.000 8620000
2 8 0.000 8620000
2 9 0.000 8620000
2 10 0.000 8620000
2 11 0.000 8620000
2 12 0.000 8620000
2 1 0.000 8620000
1 2 0.000 8630000
1 0 0.000 8630000
2 3 0.000 8630000
2 4 0.000 8630000
2 5 0.000 8630000
2 6 0.000 8630000
2 7 0.000 8630000
2 8 0.000 8630000
2 9 0.000 8630000
2 10 0.000 8630000
2 11 0.000 8630000
2 12 0.000 8630000
2 1 0.000 8630000
1 2 0.000 8640000
1 0 0.000 8640000
2 3 0.000 8640000
2 4 0.000 8640000
2 5 0.000 8640000
2 6 0.000 8640000
2 7 0.000 8640000
2 8 0.000 8640000
2 9 0.000 8640000
2 10 0.000 8640000
2 11 0.000 8640000
2 12 0.000 8640000
2 1 0.000 8640000
1 2 0.000 8650000
1 0 0.000 8650000
2 3 0.000 8650000
2 4 0.000 8650000
2 5 0.000 8650000
2 6 0.000 8650000
2 7 0.000 8650000
2 8 0.000 8650000
2 9 0.000 8650000
2 10 0.000 8650000
2 11 0.000 8650000
2 12 0.000 8650000
2 1 0.000 8650000
1 2 0.000 8660000
1 0 0.000 8660000
2 3 0.000 8660000
2 4 0.000 8660000
2 5 0.000 8660000
2 6 0.000 8660000
2 7 0.000 8660000
2 8 0.000 8660000
2 9 0.000 8660000
2 10 0.000 8660000
2 11 0.000 8660000
2 12 0.000 8660000
2 1 0.000 8660000
1 2 0.000 8670000
1 0 0.000 8670000
2 3 0.000 8670000
2 4 0.000 8670000
2 5 0.000 8670000
2 6 0.000 8670000
2 7 0.000 8670000
2 8 0.000 8670000
2 9 0.000 8670000
2 10 0.000 8670000
2 11 0.000 8670000
2 12 0.000 8670000
2 1 0.000 8670000
1 2 0.000 8680000
1 0 0.000 8680000
2 3 0.000 8680000
2 4 0.000 8680000
2 5 0.000 8680000
2 6 0.000 8680000
2 7 0.000 8680000
2 8 0.000 8680000
2 9 0.000 8680000
2 10 0.000 8680000
2 11 0.000 8680000
2 12 0.000 8680000
2 1 0.000 8680000
1 2 0.000 8690000
1 0 0.000 8690000
2 3 0.000 8690000
2 4 0.000 8690000
2 5 0.000 8690000
2 6 0.000 8690000
2 7 0.000 8690000
2 8 0.000 8690000
2 9 0.000 8690000
2 10 0.000 8690000
2 11 0.000 8690000
2 12 0.000 8690000
2 1 0.000 8690000
1 2 0.000 8700000
1 0 0.000 8700000
2 3 0.000 8700000
2 4 0.000 8700000
2 5 0.000 8700000
2 6 0.000 8700000
2 7 0.000 8700000
2 8 0.000 8700000
2 9 0.000 8700000
2 10 0.000 8700000
2 11 0.000 8700000
2 12 0.000 8700000
2 1 0.000 8700000
1 2 0.000 8710000
1 0 0.000 8710000
2 3 0.000 8710000
2 4 0.000 8710000
2 5 0.000 8710000
2 6 0.000 8710000
2 7 0.000 8710000
2 8 0.000 8710000
2 9 0.000 8710000
2 10 0.000 8710000
2 11 0.000 8710000
2 12 0.000 8710000
2 1 0.000 8710000
1 2 0.000 8720000
1 0 0.000 8720000
2 3 0.000 8720000
2 4 0.000 8720000
2 5 0.000 8720000
2 6 0.000 8720000
2 7 0.000 8720000
2 8 0.000 8720000
2 9 0.000 8720000
2 10 0.000 8720000
2 11 0.000 8720000
2 12 0.000 8720000
2 1 0.000 8720000
1 2 0.000 8730000
1 0 0.000 8730000
2 3 0.000 8730000
2 4 0.000 8730000
2 5 0.000 8730000
2 6 0.000 8730000
2 7 0.000 8730000
2 8 0.000 8730000
2 9 0.000 8730000
2 10 0.000 8730000
2 11 0.000 8730000
2 12 0.000 8730000
2 1 0.000 8730000
1 2 0.000 8740000
1 0 0.000 8740000
2 3 0.000 8740000
2 4 0.000 8740000
2 5 0.000 8740000
2 6 0.000 8740000
2 7 0.000 8740000
2 8 0.000 8740000
2 9 0.000 8740000
2 10 0.000 8740000
2 11 0.000 8740000
2 12 0.000 8740000
2 1 0.000 8740000
1 2 0.000 8750000
1 0 0.000 8750000
2 3 0.000 8750000
2 4 0.000 8750000
2 5 0.000 8750000
2 6 0.000 8750000
2 7 0.000 8750000
2 8 0.000 8750000
2 9 0.000 8750000
2 10 0.000 8750000
2 11 0.000 8750000
2 12 0.000 8750000
2 1 0.000 8750000
1 2 0.000 8760000
1 0 0.000 8760000
2 3 0.000 8760000
2 4 0.000 8760000
2 5 0.000 8760000
2 6 0.000 8760000
2 7 0.000 8760000
2 8 0.000 8760000
2 9 0.000 8760000
2 10 0.000 8760000
2 11 0.000 8760000
2 12 0.000 8760000
2 1 0.000 8760000
1 2 0.000 8770000
1 0 0.000 8770000
2 3 0.000 8770000
2 4 0.000 8770000
2 5 0.000 8770000
2 6 0.000 8770000
2 7 0.000 8770000
2 8 0.000 8770000
2 9 0.000 8770000
2 10 0.000 8770000
2 11 0.000 8770000
2 12 0.000 8770000
2 1 0.000 8770000
1 2 0.000 8780000
1 0 0.000 8780000
2 3 0.000 8780000
2 4 0.000 8780000
2 5 0.000 8780000
2 6 0.000 8780000
2 7 0.000 8780000
2 8 0.000 8780000
2 9 0.000 8780000
2 10 0.000 8780000
2 11 0.000 8780000
2 12 0.000 8780000
2 1 0.000 8780000
1 2 0.000 8790000
1 0 0.000 8790000
2 3 0.000 8790000
2 4 0.000 8790000
2 5 0.000 8790000
2 6 0.000 8790000
2 7 0.000 8790000
2 8 0.000 8790000
2 9 0.000 8790000
2 10 0.000 8790000
2 11 0.000 8790000
2 12 0.000 8790000
2 1 0.000 8790000
1 2 0.000 8800000
1 0 0.000 8800000
2 3 0.000 8800000
2 4 0.000 8800000
2 5 0.000 8800000
2 6 0.000 8800000
2 7 0.000 8800000
2 8 0.000 8800000
2 9 0.000 8800000
2 10 0.000 8800000
2 11 0.000 8800000
2 12 0.000 8800000
2 1 0.000 8800000
1 2 0.000 8810000
1 0 0.000 8810000
2 3 0.000 8810000
2 4 0.000 8810000
2 5 0.000 8810000
2 6 0.000 8810000
2 7 0.000 8810000
2 8 0.000 8810000
2 9 0.000 8810000
2 10 0.000 8810000
2 11 0.000 8810000
2 12 0.000 8810000
2 1 0.000 8810000
1 2 0.000 8820000
1 0 0.000 8820000
2 3 0.000 8820000
2 4 0.000 8820000
2 5 0.000 8820000
2 6 0.000 8820000
2 7 0.000 8820000
2 8 0.000 8820000
2 9 0.000 8820000
2 10 0.000 8820000
2 11 0.000 8820000
2 12 0.000 8820000
2 1 0.000 8820000
1 2 0.000 8830000
1 0 0.000 8830000
2 3 0.000 8830000
2 4 0.000 8830000
2 5 0.000 8830000
2 6 0.000 8830000
2 7 0.000 8830000
2 8 0.000 8830000
2 9 0.000 8830000
2 10 0.000 8830000
2 11 0.000 8830000
2 12 0.000 8830000
2 1 0.000 8830000
1 2 0.000 8840000
1 0 0.000 8840000
2 3 0.000 8840000
2 4 0.000 8840000
2 5 0.000 8840000
2 6 0.000 8840000
2 7 0.000 8840000
2 8 0.000 8840000
2 9 0.000 8840000
2 10 0.000 8840000
2 11 0.000 8840000
2 12 0.000 8840000
2 1 0.000 8840000
1 2 0.000 8850000
1 0 0.000 8850000
2 3 0.000 8850000
2 4 0.000 8850000
2 5 0.000 8850000
2 6 0.000 8850000
2 7 0.000 8850000
2 8 0.000 8850000
2 9 0.000 8850000
2 10 0.000 8850000
2 11 0.000 8850000
2 12 0.000 8850000
2 1 0.000 8850000
1 2 0.000 8860000
1 0 0.000 8860000
2 3 0.000 8860000
2 4 0.000 8860000
2 5 0.000 8860000
2 6 0.000 8860000
2 7 0.000 8860000
2 8 0.000 8860000
2 9 0.000 8860000
2 10 0.000 8860000
2 11 0.000 8860000
2 12 0.000 8860000
2 1 0.000 8860000
1 2 0.000 8870000
1 0 0.000 8870000
2 3 0.000 8870000
2 4 0.000 8870000
2 5 0.000 8870000
2 6 0.000 8870000
2 7 0.000 8870000
2 8 0.000 8870000
2 9 0.000 8870000
2 10 0.000 8870000
2 11 0.000 8870000
2 12 0.000 8870000
2 1 0.000 8870000
1 2 0.000 8880000
1 0 0.000 8880000
2 3 0.000 8880000
2 4 0.000 8880000
2 5 0.000 8880000
2 6 0.000 8880000
2 7 0.000 8880000
2 8 0.000 8880000
2 9 0.000 8880000
2 10 0.000 8880000
2 11 0.000 8880000
2 12 0.000 8880000
2 1 0.000 8880000
1 2 0.000 8890000
1 0 0.000 8890000
2 3 0.000 8890000
2 4 0.000 8890000
2 5 0.000 8890000
2 6 0.000 8890000
2 7 0.000 8890000
2 8 0.000 8890000
2 9 0.000 8890000
2 10 0.000 8890000
2 11 0.000 8890000
2 12 0.000 8890000
2 1 0.000 8890000
1 2 0.000 8900000
1 0 0.000 8900000
2 3 0.000 8900000
2 4 0.000 8900000
2 5 0.000 8900000
2 6 0.000 8900000
2 7 0.000 8900000
2 8 0.000 8900000
2 9 0.000 8900000
2 10 0.000 8900000
2 11 0.000 8900000
2 12 0.000 8900000
2 1 0.000 8900000
1 2 0.000 8910000
1 0 0.000 8910000
2 3 0.000 8910000
2 4 0.000 8910000
2 5 0.000 8910000
2 6 0.000 8910000
2 7 0.000 8910000
2 8 0.000 8910000
2 9 0.000 8910000
2 10 0.000 8910000
2 11 0.000 8910000
2 12 0.000 8910000
2 1 0.000 8910000
1 2 0.000 8920000
1 0 0.000 8920000
2 3 0.000 8920000
2 4 0.000 8920000
2 5 0.000 8920000
2 6 0.000 8920000
2 7 0.000 8920000
2 8 0.000 8920000
2 9 0.000 8920000
2 10 0.000 8920000
2 11 0.000 8920000
2 12 0.000 8920000
2 1 0.000 8920000
1 2 0.000 8930000
1 0 0.000 8930000
2 3 0.000 8930000
2 4 0.000 8930000
2 5 0.000 8930000
2 6 0.000 8930000
2 7 0.000 8930000
2 8 0.000 8930000
2 9 0.000 8930000
2 10 0.000 8930000
2 11 0.000 8930000
2 12 0.000 8930000
2 1 0.000 8930000
1 2 0.000 8940000
1 0 0.000 8940000
2 3 0.000 8940000
2 4 0.000 8940000
2 5 0.000 8940000
2 6 0.000 8940000
2 7 0.000 8940000
2 8 0.000 8940000
2 9 0.000 8940000
2 10 0.000 8940000
2 11 0.000 8940000
2 12 0.000 8940000
2 1 0.000 8940000
1 2 0.000 8950000
1 0 0.000 8950000
2 3 0.000 8950000
2 4 0.000 8950000
2 5 0.000 8950000
2 6 0.000 8950000
2 7 0.000 8950000
2 8 0.000 8950000
2 9 0.000 8950000
2 10 0.000 8950000
2 11 0.000 8950000
2 12 0.000 8950000
2 1 0.000 8950000
1 2 0.000 8960000
1 0 0.000 8960000
2 3 0.000 8960000
2 4 0.000 8960000
2 5 0.000 8960000
2 6 0.000 8960000
2 7 0.000 8960000
2 8 0.000 8960000
2 9 0.000 8960000
2 10 0.000 8960000
2 11 0.000 8960000
2 12 0.000 8960000
2 1 0.000 8960000
1 2 0.000 8970000
1 0 0.000 8970000
2 3 0.000 8970000
2 4 0.000 8970000
2 5 0.000 8970000
2 6 0.000 8970000
2 7 0.000 8970000
2 8 0.000 8970000
2 9 0.000 8970000
2 10 0.000 8970000
2 11 0.000 8970000
2 12 0.000 8970000
2 1 0.000 8970000
1 2 0.000 8980000
1 0 0.000 8980000
2 3 0.000 8980000
2 4 0.000 8980000
2 5 0.000 8980000
2 6 0.000 8980000
2 7 0.000 8980000
2 8 0.000 8980000
2 9 0.000 8980000
2 10 0.000 8980000
2 11 0.000 8980000
2 12 0.000 8980000
2 1 0.000 8980000
1 2 0.000 8990000
1 0 0.000 8990000
2 3 0.000 8990000
2 4 0.000 8990000
2 5 0.000 8990000
2 6 0.000 8990000
2 7 0.000 8990000
2 8 0.000 8990000
2 9 0.000 8990000
2 10 0.000 8990000
2 11 0.000 8990000
2 12 0.000 8990000
2 1 0.000 8990000
1 2 0.000 9000000
1 0 0.000 9000000
2 3 0.000 9000000
2 4 0.000 9000000
2 5 0.000 9000000
2 6 0.000 9000000
2 7 0.000 9000000
2 8 0.000 9000000
2 9 0.000 9000000
2 10 0.000 9000000
2 11 0.000 9000000
2 12 0.000 9000000
2 1 0.000 9000000
1 2 0.000 9010000
1 0 0.000 9010000
2 3 0.000 9010000
2 4 0.000 9010000
2 5 0.000 9010000
2 6 0.000 9010000
2 7 0.000 9010000
2 8 0.000 9010000
2 9 0.000 9010000
2 10 0.000 9010000
2 11 0.000 9010000
2 12 0.000 9010000
2 1 0.000 9010000
1 2 0.000 9020000
1 0 0.000 9020000
2 3 0.000 9020000
2 4 0.000 9020000
2 5 0.000 9020000
2 6 0.000 9020000
2 7 0.000 9020000
2 8 0.000 9020000
2 9 0.000 9020000
2 10 0.000 9020000
2 11 0.000 9020000
2 12 0.000 9020000
2 1 0.000 9020000
1 2 0.000 9030000
1 0 0.000 9030000
2 3 0.000 9030000
2 4 0.000 9030000
2 5 0.000 9030000
2 6 0.000 9030000
2 7 0.000 9030000
2 8 0.000 9030000
2 9 0.000 9030000
2 10 0.000 9030000
2 11 0.000 9030000
2 12 0.000 9030000
2 1 0.000 9030000
1 2 0.000 9040000
1 0 0.000 9040000
2 3 0.000 9040000
2 4 0.000 9040000
2 5 0.000 9040000
2 6 0.000 9040000
2 7 0.000 9040000
2 8 0.000 9040000
2 9 0.000 9040000
2 10 0.000 9040000
2 11 0.000 9040000
2 12 0.000 9040000
2 1 0.000 9040000
1 2 0.000 9050000
1 0 0.000 9050000
2 3 0.000 9050000
2 4 0.000 9050000
2 5 0.000 9050000
2 6 0.000 9050000
2 7 0.000 9050000
2 8 0.000 9050000
2 9 0.000 9050000
2 10 0.000 9050000
2 11 0.000 9050000
2 12 0.000 9050000
2 1 0.000 9050000
1 2 0.000 9060000
1 0 0.000 9060000
2 3 0.000 9060000
2 4 0.000 9060000
2 5 0.000 9060000
2 6 0.000 9060000
2 7 0.000 9060000
2 8 0.000 9060000
2 9 0.000 9060000
2 10 0.000 9060000
2 11 0.000 9060000
2 12 0.000 9060000
2 1 0.000 9060000
1 2 0.000 9070000
1 0 0.000 9070000
2 3 0.000 9070000
2 4 0.000 9070000
2 5 0.000 9070000
2 6 0.000 9070000
2 7 0.000 9070000
2 8 0.000 9070000
2 9 0.000 9070000
2 10 0.000 9070000
2 11 0.000 9070000
2 12 0.000 9070000
2 1 0.000 9070000
1 2 0.000 9080000
1 0 0.000 9080000
2 3 0.000 9080000
2 4 0.000 9080000
2 5 0.000 9080000
2 6 0.000 9080000
2 7 0.000 9080000
2 8 0.000 9080000
2 9 0.000 9080000
2 10 0.000 9080000
2 11 0.000 9080000
2 12 0.000 9080000
2 1 0.000 9080000
1 2 0.000 9090000
1 0 0.000 9090000
2 3 0.000 9090000
2 4 0.000 9090000
2 5 0.000 9090000
2 6 0.000 9090000
2 7 0.000 9090000
2 8 0.000 9090000
2 9 0.000 9090000
2 10 0.000 9090000
2 11 0.000 9090000
2 12 0.000 9090000
2 1 0.000 9090000
1 2 0.000 9100000
1 0 0.000 9100000
2 3 0.000 9100000
2 4 0.000 9100000
2 5 0.000 9100000
2 6 0.000 9100000
2 7 0.000 9100000
2 8 0.000 9100000
2 9 0.000 9100000
2 10 0.000 9100000
2 11 0.000 9100000
2 12 0.000 9100000
2 1 0.000 9100000
1 2 0.000 9110000
1 0 0.000 9110000
2 3 0.000 9110000
2 4 0.000 9110000
2 5 0.000 9110000
2 6 0.000 9110000
2 7 0.000 9110000
2 8 0.000 9110000
2 9 0.000 9110000
2 10 0.000 9110000
2 11 0.000 9110000
2 12 0.000 9110000
2 1 0.000 9110000
1 2 0.000 9120000
1 0 0.000 9120000
2 3 0.000 9120000
2 4 0.000 9120000
2 5 0.000 9120000
2 6 0.000 9120000
2 7 0.000 9120000
2 8 0.000 9120000
2 9 0.000 9120000
2 10 0.000 9120000
2 11 0.000 9120000
2 12 0.000 9120000
2 1 0.000 9120000
1 2 0.000 9130000
1 0 0.000 9130000
2 3 0.000 9130000
2 4 0.000 9130000
2 5 0.000 9130000
2 6 0.000 9130000
2 7 0.000 9130000
2 8 0.000 9130000
2 9 0.000 9130000
2 10 0.000 9130000
2 11 0.000 9130000
2 12 0.000 9130000
2 1 0.000 9130000
1 2 0.000 9140000
1 0 0.000 9140000
2 3 0.000 9140000
2 4 0.000 9140000
2 5 0.000 9140000
2 6 0.000 9140000
2 7 0.000 9140000
2 8 0.000 9140000
2 9 0.000 9140000
2 10 0.000 9140000
2 11 0.000 9140000
2 12 0.000 9140000
2 1 0.000 9140000
1 2 0.000 9150000
1 0 0.000 9150000
2 3 0.000 9150000
2 4 0.000 9150000
2 5 0.000 9150000
2 6 0.000 9150000
2 7 0.000 9150000
2 8 0.000 9150000
2 9 0.000 9150000
2 10 0.000 9150000
2 11 0.000 9150000
2 12 0.000 9150000
2 1 0.000 9150000
1 2 0.000 9160000
1 0 0.000 9160000
2 3 0.000 9160000
2 4 0.000 9160000
2 5 0.000 9160000
2 6 0.000 9160000
2 7 0.000 9160000
2 8 0.000 9160000
2 9 0.000 9160000
2 10 0.000 9160000
2 11 0.000 9160000
2 12 0.000 9160000
2 1 0.000 9160000
1 2 0.000 9170000
1 0 0.000 9170000
2 3 0.000 9170000
2 4 0.000 9170000
2 5 0.000 9170000
2 6 0.000 9170000
2 7 0.000 9170000
2 8 0.000 9170000
2 9 0.000 9170000
2 10 0.000 9170000
2 11 0.000 9170000
2 12 0.000 9170000
2 1 0.000 9170000
1 2 0.000 9180000
1 0 0.000 9180000
2 3 0.000 9180000
2 4 0.000 9180000
2 5 0.000 9180000
2 6 0.000 9180000
2 7 0.000 9180000
2 8 0.000 9180000
2 9 0.000 9180000
2 10 0.000 9180000
2 11 0.000 9180000
2 12 0.000 9180000
2 1 0.000 9180000
1 2 0.000 9190000
1 0 0.000 9190000
2 3 0.000 9190000
2 4 0.000 9190000
2 5 0.000 9190000
2 6 0.000 9190000
2 7 0.000 9190000
2 8 0.000 9190000
2 9 0.000 9190000
2 10 0.000 9190000
2 11 0.000 9190000
2 12 0.000 9190000
2 1 0.000 9190000
1 2 0.000 9200000
1 0 0.000 9200000
2 3 0.000 9200000
2 4 0.000 9200000
2 5 0.000 9200000
2 6 0.000 9200000
2 7 0.000 9200000
2 8 0.000 9200000
2 9 0.000 9200000
2 10 0.000 9200000
2 11 0.000 9200000
2 12 0.000 9200000
2 1 0.000 9200000
1 2 0.000 9210000
1 0 0.000 9210000
2 3 0.000 9210000
2 4 0.000 9210000
2 5 0.000 9210000
2 6 0.000 9210000
2 7 0.000 9210000
2 8 0.000 9210000
2 9 0.000 9210000
2 10 0.000 9210000
2 11 0.000 9210000
2 12 0.000 9210000
2 1 0.000 9210000
1 2 0.000 9220000
1 0 0.000 9220000
2 3 0.000 9220000
2 4 0.000 9220000
2 5 0.000 9220000
2 6 0.000 9220000
2 7 0.000 9220000
2 8 0.000 9220000
2 9 0.000 9220000
2 10 0.000 9220000
2 11 0.000 9220000
2 12 0.000 9220000
2 1 0.000 9220000
1 2 0.000 9230000
1 0 0.000 9230000
2 3 0.000 9230000
2 4 0.000 9230000
2 5 0.000 9230000
2 6 0.000 9230000
2 7 0.000 9230000
2 8 0.000 9230000
2 9 0.000 9230000
2 10 0.000 9230000
2 11 0.000 9230000
2 12 0.000 9230000
2 1 0.000 9230000
1 2 0.000 9240000
1 0 0.000 9240000
2 3 0.000 9240000
2 4 0.000 9240000
2 5 0.000 9240000
2 6 0.000 9240000
2 7 0.000 9240000
2 8 0.000 9240000
2 9 0.000 9240000
2 10 0.000 9240000
2 11 0.000 9240000
2 12 0.000 9240000
2 1 0.000 9240000
1 2 0.000 9250000
1 0 0.000 9250000
2 3 0.000 9250000
2 4 0.000 9250000
2 5 0.000 9250000
2 6 0.000 9250000
2 7 0.000 9250000
2 8 0.000 9250000
2 9 0.000 9250000
2 10 0.000 9250000
2 11 0.000 9250000
2 12 0.000 9250000
2 1 0.000 9250000
1 2 0.000 9260000
1 0 0.000 9260000
2 3 0.000 9260000
2 4 0.000 9260000
2 5 0.000 9260000
2 6 0.000 9260000
2 7 0.000 9260000
2 8 0.000 9260000
2 9 0.000 9260000
2 10 0.000 9260000
2 11 0.000 9260000
2 12 0.000 9260000
2 1 0.000 9260000
1 2 0.000 9270000
1 0 0.000 9270000
2 3 0.000 9270000
2 4 0.000 9270000
2 5 0.000 9270000
2 6 0.000 9270000
2 7 0.000 9270000
2 8 0.000 9270000
2 9 0.000 9270000
2 10 0.000 9270000
2 11 0.000 9270000
2 12 0.000 9270000
2 1 0.000 9270000
1 2 0.000 9280000
1 0 0.000 9280000
2 3 0.000 9280000
2 4 0.000 9280000
2 5 0.000 9280000
2 6 0.000 9280000
2 7 0.000 9280000
2 8 0.000 9280000
2 9 0.000 9280000
2 10 0.000 9280000
2 11 0.000 9280000
2 12 0.000 9280000
2 1 0.000 9280000
1 2 0.000 9290000
1 0 0.000 9290000
2 3 0.000 9290000
2 4 0.000 9290000
2 5 0.000 9290000
2 6 0.000 9290000
2 7 0.000 9290000
2 8 0.000 9290000
2 9 0.000 9290000
2 10 0.000 9290000
2 11 0.000 9290000
2 12 0.000 9290000
2 1 0.000 9290000
1 2 0.000 9300000
1 0 0.000 9300000
2 3 0.000 9300000
2 4 0.000 9300000
2 5 0.000 9300000
2 6 0.000 9300000
2 7 0.000 9300000
2 8 0.000 9300000
2 9 0.000 9300000
2 10 0.000 9300000
2 11 0.000 9300000
2 12 0.000 9300000
2 1 0.000 9300000
1 2 0.000 9310000
1 0 0.000 9310000
2 3 0.000 9310000
2 4 0.000 9310000
2 5 0.000 9310000
2 6 0.000 9310000
2 7 0.000 9310000
2 8 0.000 9310000
2 9 0.000 9310000
2 10 0.000 9310000
2 11 0.000 9310000
2 12 0.000 9310000
2 1 0.000 9310000
1 2 0.000 9320000
1 0 0.000 9320000
2 3 0.000 9320000
2 4 0.000 9320000
2 5 0.000 9320000
2 6 0.000 9320000
2 7 0.000 9320000
2 8 0.000 9320000
2 9 0.000 9320000
2 10 0.000 9320000
2 11 0.000 9320000
2 12 0.000 9320000
2 1 0.000 9320000
1 2 0.000 9330000
1 0 0.000 9330000
2 3 0.000 9330000
2 4 0.000 9330000
2 5 0.000 9330000
2 6 0.000 9330000
2 7 0.000 9330000
2 8 0.000 9330000
2 9 0.000 9330000
2 10 0.000 9330000
2 11 0.000 9330000
2 12 0.000 9330000
2 1 0.000 9330000
1 2 0.000 9340000
1 0 0.000 9340000
2 3 0.000 9340000
2 4 0.000 9340000
2 5 0.000 9340000
2 6 0.000 9340000
2 7 0.000 9340000
2 8 0.000 9340000
2 9 0.000 9340000
2 10 0.000 9340000
2 11 0.000 9340000
2 12 0.000 9340000
2 1 0.000 9340000
1 2 0.000 9350000
1 0 0.000 9350000
2 3 0.000 9350000
2 4 0.000 9350000
2 5 0.000 9350000
2 6 0.000 9350000
2 7 0.000 9350000
2 8 0.000 9350000
2 9 0.000 9350000
2 10 0.000 9350000
2 11 0.000 9350000
2 12 0.000 9350000
2 1 0.000 9350000
1 2 0.000 9360000
1 0 0.000 9360000
2 3 0.000 9360000
2 4 0.000 9360000
2 5 0.000 9360000
2 6 0.000 9360000
2 7 0.000 9360000
2 8 0.000 9360000
2 9 0.000 9360000
2 10 0.000 9360000
2 11 0.000 9360000
2 12 0.000 9360000
2 1 0.000 9360000
1 2 0.000 9370000
1 0 0.000 9370000
2 3 0.000 9370000
2 4 0.000 9370000
2 5 0.000 9370000
2 6 0.000 9370000
2 7 0.000 9370000
2 8 0.000 9370000
2 9 0.000 9370000
2 10 0.000 9370000
2 11 0.000 9370000
2 12 0.000 9370000
2 1 0.000 9370000
1 2 0.000 9380000
1 0 0.000 9380000
2 3 0.000 9380000
2 4 0.000 9380000
2 5 0.000 9380000
2 6 0.000 9380000
2 7 0.000 9380000
2 8 0.000 9380000
2 9 0.000 9380000
2 10 0.000 9380000
2 11 0.000 9380000
2 12 0.000 9380000
2 1 0.000 9380000
1 2 0.000 9390000
1 0 0.000 9390000
2 3 0.000 9390000
2 4 0.000 9390000
2 5 0.000 9390000
2 6 0.000 9390000
2 7 0.000 9390000
2 8 0.000 9390000
2 9 0.000 9390000
2 10 0.000 9390000
2 11 0.000 9390000
2 12 0.000 9390000
2 1 0.000 9390000
1 2 0.000 9400000
1 0 0.000 9400000
2 3 0.000 9400000
2 4 0.000 9400000
2 5 0.000 9400000
2 6 0.000 9400000
2 7 0.000 9400000
2 8 0.000 9400000
2 9 0.000 9400000
2 10 0.000 9400000
2 11 0.000 9400000
2 12 0.000 9400000
2 1 0.000 9400000
1 2 0.000 9410000
1 0 0.000 9410000
2 3 0.000 9410000
2 4 0.000 9410000
2 5 0.000 9410000
2 6 0.000 9410000
2 7 0.000 9410000
2 8 0.000 9410000
2 9 0.000 9410000
2 10 0.000 9410000
2 11 0.000 9410000
2 12 0.000 9410000
2 1 0.000 9410000
1 2 0.000 9420000
1 0 0.000 9420000
2 3 0.000 9420000
2 4 0.000 9420000
2 5 0.000 9420000
2 6 0.000 9420000
2 7 0.000 9420000
2 8 0.000 9420000
2 9 0.000 9420000
2 10 0.000 9420000
2 11 0.000 9420000
2 12 0.000 9420000
2 1 0.000 9420000
1 2 0.000 9430000
1 0 0.000 9430000
2 3 0.000 9430000
2 4 0.000 9430000
2 5 0.000 9430000
2 6 0.000 9430000
2 7 0.000 9430000
2 8 0.000 9430000
2 9 0.000 9430000
2 10 0.000 9430000
2 11 0.000 9430000
2 12 0.000 9430000
2 1 0.000 9430000
1 2 0.000 9440000
1 0 0.000 9440000
2 3 0.000 9440000
2 4 0.000 9440000
2 5 0.000 9440000
2 6 0.000 9440000
2 7 0.000 9440000
2 8 0.000 9440000
2 9 0.000 9440000
2 10 0.000 9440000
2 11 0.000 9440000
2 12 0.000 9440000
2 1 0.000 9440000
1 2 0.000 9450000
1 0 0.000 9450000
2 3 0.000 9450000
2 4 0.000 9450000
2 5 0.000 9450000
2 6 0.000 9450000
2 7 0.000 9450000
2 8 0.000 9450000
2 9 0.000 9450000
2 10 0.000 9450000
2 11 0.000 9450000
2 12 0.000 9450000
2 1 0.000 9450000
1 2 0.000 9460000
1 0 0.000 9460000
2 3 0.000 9460000
2 4 0.000 9460000
2 5 0.000 9460000
2 6 0.000 9460000
2 7 0.000 9460000
2 8 0.000 9460000
2 9 0.000 9460000
2 10 0.000 9460000
2 11 0.000 9460000
2 12 0.000 9460000
2 1 0.000 9460000
1 2 0.000 9470000
1 0 0.000 9470000
2 3 0.000 9470000
2 4 0.000 9470000
2 5 0.000 9470000
2 6 0.000 9470000
2 7 0.000 9470000
2 8 0.000 9470000
2 9 0.000 9470000
2 10 0.000 9470000
2 11 0.000 9470000
2 12 0.000 9470000
2 1 0.000 9470000
1 2 0.000 9480000
1 0 0.000 9480000
2 3 0.000 9480000
2 4 0.000 9480000
2 5 0.000 9480000
2 6 0.000 9480000
2 7 0.000 9480000
2 8 0.000 9480000
2 9 0.000 9480000
2 10 0.000 9480000
2 11 0.000 9480000
2 12 0.000 9480000
2 1 0.000 9480000
1 2 0.000 9490000
1 0 0.000 9490000
2 3 0.000 9490000
2 4 0.000 9490000
2 5 0.000 9490000
2 6 0.000 9490000
2 7 0.000 9490000
2 8 0.000 9490000
2 9 0.000 9490000
2 10 0.000 9490000
2 11 0.000 9490000
2 12 0.000 9490000
2 1 0.000 9490000
1 2 0.000 9500000
1 0 0.000 9500000
2 3 0.000 9500000
2 4 0.000 9500000
2 5 0.000 9500000
2 6 0.000 9500000
2 7 0.000 9500000
2 8 0.000 9500000
2 9 0.000 9500000
2 10 0.000 9500000
2 11 0.000 9500000
2 12 0.000 9500000
2 1 0.000 9500000
1 2 0.000 9510000
1 0 0.000 9510000
2 3 0.000 9510000
2 4 0.000 9510000
2 5 0.000 9510000
2 6 0.000 9510000
2 7 0.000 9510000
2 8 0.000 9510000
2 9 0.000 9510000
2 10 0.000 9510000
2 11 0.000 9510000
2 12 0.000 9510000
2 1 0.000 9510000
1 2 0.000 9520000
1 0 0.000 9520000
2 3 0.000 9520000
2 4 0.000 9520000
2 5 0.000 9520000
2 6 0.000 9520000
2 7 0.000 9520000
2 8 0.000 9520000
2 9 0.000 9520000
2 10 0.000 9520000
2 11 0.000 9520000
2 12 0.000 9520000
2 1 0.000 9520000
1 2 0.000 9530000
1 0 0.000 9530000
2 3 0.000 9530000
2 4 0.000 9530000
2 5 0.000 9530000
2 6 0.000 9530000
2 7 0.000 9530000
2 8 0.000 9530000
2 9 0.000 9530000
2 10 0.000 9530000
2 11 0.000 9530000
2 12 0.000 9530000
2 1 0.000 9530000
1 2 0.000 9540000
1 0 0.000 9540000
2 3 0.000 9540000
2 4 0.000 9540000
2 5 0.000 9540000
2 6 0.000 9540000
2 7 0.000 9540000
2 8 0.000 9540000
2 9 0.000 9540000
2 10 0.000 9540000
2 11 0.000 9540000
2 12 0.000 9540000
2 1 0.000 9540000
1 2 0.000 9550000
1 0 0.000 9550000
2 3 0.000 9550000
2 4 0.000 9550000
2 5 0.000 9550000
2 6 0.000 9550000
2 7 0.000 9550000
2 8 0.000 9550000
2 9 0.000 9550000
2 10 0.000 9550000
2 11 0.000 9550000
2 12 0.000 9550000
2 1 0.000 9550000
1 2 0.000 9560000
1 0 0.000 9560000
2 3 0.000 9560000
2 4 0.000 9560000
2 5 0.000 9560000
2 6 0.000 9560000
2 7 0.000 9560000
2 8 0.000 9560000
2 9 0.000 9560000
2 10 0.000 9560000
2 11 0.000 9560000
2 12 0.000 9560000
2 1 0.000 9560000
1 2 0.000 9570000
1 0 0.000 9570000
2 3 0.000 9570000
2 4 0.000 9570000
2 5 0.000 9570000
2 6 0.000 9570000
2 7 0.000 9570000
2 8 0.000 9570000
2 9 0.000 9570000
2 10 0.000 9570000
2 11 0.000 9570000
2 12 0.000 9570000
2 1 0.000 9570000
1 2 0.000 9580000
1 0 0.000 9580000
2 3 0.000 9580000
2 4 0.000 9580000
2 5 0.000 9580000
2 6 0.000 9580000
2 7 0.000 9580000
2 8 0.000 9580000
2 9 0.000 9580000
2 10 0.000 9580000
2 11 0.000 9580000
2 12 0.000 9580000
2 1 0.000 9580000
1 2 0.000 9590000
1 0 0.000 9590000
2 3 0.000 9590000
2 4 0.000 9590000
2 5 0.000 9590000
2 6 0.000 9590000
2 7 0.000 9590000
2 8 0.000 9590000
2 9 0.000 9590000
2 10 0.000 9590000
2 11 0.000 9590000
2 12 0.000 9590000
2 1 0.000 9590000
1 2 0.000 9600000
1 0 0.000 9600000
2 3 0.000 9600000
2 4 0.000 9600000
2 5 0.000 9600000
2 6 0.000 9600000
2 7 0.000 9600000
2 8 0.000 9600000
2 9 0.000 9600000
2 10 0.000 9600000
2 11 0.000 9600000
2 12 0.000 9600000
2 1 0.000 9600000
1 2 0.000 9610000
1 0 0.000 9610000
2 3 0.000 9610000
2 4 0.000 9610000
2 5 0.000 9610000
2 6 0.000 9610000
2 7 0.000 9610000
2 8 0.000 9610000
2 9 0.000 9610000
2 10 0.000 9610000
2 11 0.000 9610000
2 12 0.000 9610000
2 1 0.000 9610000
1 2 0.000 9620000
1 0 0.000 9620000
2 3 0.000 9620000
2 4 0.000 9620000
2 5 0.000 9620000
2 6 0.000 9620000
2 7 0.000 9620000
2 8 0.000 9620000
2 9 0.000 9620000
2 10 0.000 9620000
2 11 0.000 9620000
2 12 0.000 9620000
2 1 0.000 9620000
1 2 0.000 9630000
1 0 0.000 9630000
2 3 0.000 9630000
2 4 0.000 9630000
2 5 0.000 9630000
2 6 0.000 9630000
2 7 0.000 9630000
2 8 0.000 9630000
2 9 0.000 9630000
2 10 0.000 9630000
2 11 0.000 9630000
2 12 0.000 9630000
2 1 0.000 9630000
1 2 0.000 9640000
1 0 0.000 9640000
2 3 0.000 9640000
2 4 0.000 9640000
2 5 0.000 9640000
2 6 0.000 9640000
2 7 0.000 9640000
2 8 0.000 9640000
2 9 0.000 9640000
2 10 0.000 9640000
2 11 0.000 9640000
2 12 0.000 9640000
2 1 0.000 9640000
1 2 0.000 9650000
1 0 0.000 9650000
2 3 0.000 9650000
2 4 0.000 9650000
2 5 0.000 9650000
2 6 0.000 9650000
2 7 0.000 9650000
2 8 0.000 9650000
2 9 0.000 9650000
2 10 0.000 9650000
2 11 0.000 9650000
2 12 0.000 9650000
2 1 0.000 9650000
1 2 0.000 9660000
1 0 0.000 9660000
2 3 0.000 9660000
2 4 0.000 9660000
2 5 0.000 9660000
2 6 0.000 9660000
2 7 0.000 9660000
2 8 0.000 9660000
2 9 0.000 9660000
2 10 0.000 9660000
2 11 0.000 9660000
2 12 0.000 9660000
2 1 0.000 9660000
1 2 0.000 9670000
1 0 0.000 9670000
2 3 0.000 9670000
2 4 0.000 9670000
2 5 0.000 9670000
2 6 0.000 9670000
2 7 0.000 9670000
2 8 0.000 9670000
2 9 0.000 9670000
2 10 0.000 9670000
2 11 0.000 9670000
2 12 0.000 9670000
2 1 0.000 9670000
1 2 0.000 9680000
1 0 0.000 9680000
2 3 0.000 9680000
2 4 0.000 9680000
2 5 0.000 9680000
2 6 0.000 9680000
2 7 0.000 9680000
2 8 0.000 9680000
2 9 0.000 9680000
2 10 0.000 9680000
2 11 0.000 9680000
2 12 0.000 9680000
2 1 0.000 9680000
1 2 0.000 9690000
1 0 0.000 9690000
2 3 0.000 9690000
2 4 0.000 9690000
2 5 0.000 9690000
2 6 0.000 9690000
2 7 0.000 9690000
2 8 0.000 9690000
2 9 0.000 9690000
2 10 0.000 9690000
2 11 0.000 9690000
2 12 0.000 9690000
2 1 0.000 9690000
1 2 0.000 9700000
1 0 0.000 9700000
2 3 0.000 9700000
2 4 0.000 9700000
2 5 0.000 9700000
2 6 0.000 9700000
2 7 0.000 9700000
2 8 0.000 9700000
2 9 0.000 9700000
2 10 0.000 9700000
2 11 0.000 9700000
2 12 0.000 9700000
2 1 0.000 9700000
1 2 0.000 9710000
1 0 0.000 9710000
2 3 0.000 9710000
2 4 0.000 9710000
2 5 0.000 9710000
2 6 0.000 9710000
2 7 0.000 9710000
2 8 0.000 9710000
2 9 0.000 9710000
2 10 0.000 9710000
2 11 0.000 9710000
2 12 0.000 9710000
2 1 0.000 9710000
1 2 0.000 9720000
1 0 0.000 9720000
2 3 0.000 9720000
2 4 0.000 9720000
2 5 0.000 9720000
2 6 0.000 9720000
2 7 0.000 9720000
2 8 0.000 9720000
2 9 0.000 9720000
2 10 0.000 9720000
2 11 0.000 9720000
2 12 0.000 9720000
2 1 0.000 9720000
1 2 0.000 9730000
1 0 0.000 9730000
2 3 0.000 9730000
2 4 0.000 9730000
2 5 0.000 9730000
2 6 0.000 9730000
2 7 0.000 9730000
2 8 0.000 9730000
2 9 0.000 9730000
2 10 0.000 9730000
2 11 0.000 9730000
2 12 0.000 9730000
2 1 0.000 9730000
1 2 0.000 9740000
1 0 0.000 9740000
2 3 0.000 9740000
2 4 0.000 9740000
2 5 0.000 9740000
2 6 0.000 9740000
2 7 0.000 9740000
2 8 0.000 9740000
2 9 0.000 9740000
2 10 0.000 9740000
2 11 0.000 9740000
2 12 0.000 9740000
2 1 0.000 9740000
1 2 0.000 9750000
1 0 0.000 9750000
2 3 0.000 9750000
2 4 0.000 9750000
2 5 0.000 9750000
2 6 0.000 9750000
2 7 0.000 9750000
2 8 0.000 9750000
2 9 0.000 9750000
2 10 0.000 9750000
2 11 0.000 9750000
2 12 0.000 9750000
2 1 0.000 9750000
1 2 0.000 9760000
1 0 0.000 9760000
2 3 0.000 9760000
2 4 0.000 9760000
2 5 0.000 9760000
2 6 0.000 9760000
2 7 0.000 9760000
2 8 0.000 9760000
2 9 0.000 9760000
2 10 0.000 9760000
2 11 0.000 9760000
2 12 0.000 9760000
2 1 0.000 9760000
1 2 0.000 9770000
1 0 0.000 9770000
2 3 0.000 9770000
2 4 0.000 9770000
2 5 0.000 9770000
2 6 0.000 9770000
2 7 0.000 9770000
2 8 0.000 9770000
2 9 0.000 9770000
2 10 0.000 9770000
2 11 0.000 9770000
2 12 0.000 9770000
2 1 0.000 9770000
1 2 0.000 9780000
1 0 0.000 9780000
2 3 0.000 9780000
2 4 0.000 9780000
2 5 0.000 9780000
2 6 0.000 9780000
2 7 0.000 9780000
2 8 0.000 9780000
2 9 0.000 9780000
2 10 0.000 9780000
2 11 0.000 9780000
2 12 0.000 9780000
2 1 0.000 9780000
1 2 0.000 9790000
1 0 0.000 9790000
2 3 0.000 9790000
2 4 0.000 9790000
2 5 0.000 9790000
2 6 0.000 9790000
2 7 0.000 9790000
2 8 0.000 9790000
2 9 0.000 9790000
2 10 0.000 9790000
2 11 0.000 9790000
2 12 0.000 9790000
2 1 0.000 9790000
1 2 0.000 9800000
1 0 0.000 9800000
2 3 0.000 9800000
2 4 0.000 9800000
2 5 0.000 9800000
2 6 0.000 9800000
2 7 0.000 9800000
2 8 0.000 9800000
2 9 0.000 9800000
2 10 0.000 9800000
2 11 0.000 9800000
2 12 0.000 9800000
2 1 0.000 9800000
1 2 0.000 9810000
1 0 0.000 9810000
2 3 0.000 9810000
2 4 0.000 9810000
2 5 0.000 9810000
2 6 0.000 9810000
2 7 0.000 9810000
2 8 0.000 9810000
2 9 0.000 9810000
2 10 0.000 9810000
2 11 0.000 9810000
2 12 0.000 9810000
2 1 0.000 9810000
1 2 0.000 9820000
1 0 0.000 9820000
2 3 0.000 9820000
2 4 0.000 9820000
2 5 0.000 9820000
2 6 0.000 9820000
2 7 0.000 9820000
2 8 0.000 9820000
2 9 0.000 9820000
2 10 0.000 9820000
2 11 0.000 9820000
2 12 0.000 9820000
2 1 0.000 9820000
1 2 0.000 9830000
1 0 0.000 9830000
2 3 0.000 9830000
2 4 0.000 9830000
2 5 0.000 9830000
2 6 0.000 9830000
2 7 0.000 9830000
2 8 0.000 9830000
2 9 0.000 9830000
2 10 0.000 9830000
2 11 0.000 9830000
2 12 0.000 9830000
2 1 0.000 9830000
1 2 0.000 9840000
1 0 0.000 9840000
2 3 0.000 9840000
2 4 0.000 9840000
2 5 0.000 9840000
2 6 0.000 9840000
2 7 0.000 9840000
2 8 0.000 9840000
2 9 0.000 9840000
2 10 0.000 9840000
2 11 0.000 9840000
2 12 0.000 9840000
2 1 0.000 9840000
1 2 0.000 9850000
1 0 0.000 9850000
2 3 0.000 9850000
2 4 0.000 9850000
2 5 0.000 9850000
2 6 0.000 9850000
2 7 0.000 9850000
2 8 0.000 9850000
2 9 0.000 9850000
2 10 0.000 9850000
2 11 0.000 9850000
2 12 0.000 9850000
2 1 0.000 9850000
1 2 0.000 9860000
1 0 0.000 9860000
2 3 0.000 9860000
2 4 0.000 9860000
2 5 0.000 9860000
2 6 0.000 9860000
2 7 0.000 9860000
2 8 0.000 9860000
2 9 0.000 9860000
2 10 0.000 9860000
2 11 0.000 9860000
2 12 0.000 9860000
2 1 0.000 9860000
1 2 0.000 9870000
1 0 0.000 9870000
2 3 0.000 9870000
2 4 0.000 9870000
2 5 0.000 9870000
2 6 0.000 9870000
2 7 0.000 9870000
2 8 0.000 9870000
2 9 0.000 9870000
2 10 0.000 9870000
2 11 0.000 9870000
2 12 0.000 9870000
2 1 0.000 9870000
1 2 0.000 9880000
1 0 0.000 9880000
2 3 0.000 9880000
2 4 0.000 9880000
2 5 0.000 9880000
2 6 0.000 9880000
2 7 0.000 9880000
2 8 0.000 9880000
2 9 0.000 9880000
2 10 0.000 9880000
2 11 0.000 9880000
2 12 0.000 9880000
2 1 0.000 9880000
1 2 0.000 9890000
1 0 0.000 9890000
2 3 0.000 9890000
2 4 0.000 9890000
2 5 0.000 9890000
2 6 0.000 9890000
2 7 0.000 9890000
2 8 0.000 9890000
2 9 0.000 9890000
2 10 0.000 9890000
2 11 0.000 9890000
2 12 0.000 9890000
2 1 0.000 9890000
1 2 0.000 9900000
1 0 0.000 9900000
2 3 0.000 9900000
2 4 0.000 9900000
2 5 0.000 9900000
2 6 0.000 9900000
2 7 0.000 9900000
2 8 0.000 9900000
2 9 0.000 9900000
2 10 0.000 9900000
2 11 0.000 9900000
2 12 0.000 9900000
2 1 0.000 9900000
1 2 0.000 9910000
1 0 0.000 9910000
2 3 0.000 9910000
2 4 0.000 9910000
2 5 0.000 9910000
2 6 0.000 9910000
2 7 0.000 9910000
2 8 0.000 9910000
2 9 0.000 9910000
2 10 0.000 9910000
2 11 0.000 9910000
2 12 0.000 9910000
2 1 0.000 9910000
1 2 0.000 9920000
1 0 0.000 9920000
2 3 0.000 9920000
2 4 0.000 9920000
2 5 0.000 9920000
2 6 0.000 9920000
2 7 0.000 9920000
2 8 0.000 9920000
2 9 0.000 9920000
2 10 0.000 9920000
2 11 0.000 9920000
2 12 0.000 9920000
2 1 0.000 9920000
1 2 0.000 9930000
1 0 0.000 9930000
2 3 0.000 9930000
2 4 0.000 9930000
2 5 0.000 9930000
2 6 0.000 9930000
2 7 0.000 9930000
2 8 0.000 9930000
2 9 0.000 9930000
2 10 0.000 9930000
2 11 0.000 9930000
2 12 0.000 9930000
2 1 0.000 9930000
1 2 0.000 9940000
1 0 0.000 9940000
2 3 0.000 9940000
2 4 0.000 9940000
2 5 0.000 9940000
2 6 0.000 9940000
2 7 0.000 9940000
2 8 0.000 9940000
2 9 0.000 9940000
2 10 0.000 9940000
2 11 0.000 9940000
2 12 0.000 9940000
2 1 0.000 9940000
1 2 0.000 9950000
1 0 0.000 9950000
2 3 0.000 9950000
2 4 0.000 9950000
2 5 0.000 9950000
2 6 0.000 9950000
2 7 0.000 9950000
2 8 0.000 9950000
2 9 0.000 9950000
2 10 0.000 9950000
2 11 0.000 9950000
2 12 0.000 9950000
2 1 0.000 9950000
1 2 0.000 9960000
1 0 0.000 9960000
2 3 0.000 9960000
2 4 0.000 9960000
2 5 0.000 9960000
2 6 0.000 9960000
2 7 0.000 9960000
2 8 0.000 9960000
2 9 0.000 9960000
2 10 0.000 9960000
2 11 0.000 9960000
2 12 0.000 9960000
2 1 0.000 9960000
1 2 0.000 9970000
1 0 0.000 9970000
2 3 0.000 9970000
2 4 0.000 9970000
2 5 0.000 9970000
2 6 0.000 9970000
2 7 0.000 9970000
2 8 0.000 9970000
2 9 0.000 9970000
2 10 0.000 9970000
2 11 0.000 9970000
2 12 0.000 9970000
2 1 0.000 9970000
1 2 0.000 9980000
1 0 0.000 9980000
2 3 0.000 9980000
2 4 0.000 9980000
2 5 0.000 9980000
2 6 0.000 9980000
2 7 0.000 9980000
2 8 0.000 9980000
2 9 0.000 9980000
2 10 0.000 9980000
2 11 0.000 9980000
2 12 0.000 9980000
2 1 0.000 9980000
1 2 0.000 9990000
1 0 0.000 9990000
2 3 0.000 9990000
2 4 0.000 9990000
2 5 0.000 9990000
2 6 0.000 9990000
2 7 0.000 9990000
2 8 0.000 9990000
2 9 0.000 9990000
2 10 0.000 9990000
2 11 0.000 9990000
2 12 0.000 9990000
2 1 0.000 9990000
1 2 0.000 10000000
1 0 0.000 10000000
2 3 0.000 10000000
2 4 0.000 10000000
2 5 0.000 10000000
2 6 0.000 10000000
2 7 0.000 10000000
2 8 0.000 10000000
2 9 0.000 10000000
2 10 0.000 10000000
2 11 0.000 10000000
2 12 0.000 10000000
2 1 0.000 10000000
1 2 0.000 10010000
1 0 0.000 10010000
2 3 0.000 10010000
2 4 0.000 10010000
2 5 0.000 10010000
2 6 0.000 10010000
2 7 0.000 10010000
2 8 0.000 10010000
2 9 0.000 10010000
2 10 0.000 10010000
2 11 0.000 10010000
2 12 0.000 10010000
2 1 0.000 10010000
1 2 0.000 10020000
1 0 0.000 10020000
2 3 0.000 10020000
2 4 0.000 10020000
2 5 0.000 10020000
2 6 0.000 10020000
2 7 0.000 10020000
2 8 0.000 10020000
2 9 0.000 10020000
2 10 0.000 10020000
2 11 0.000 10020000
2 12 0.000 10020000
2 1 0.000 10020000
1 2 0.000 10030000
1 0 0.000 10030000
2 3 0.000 10030000
2 4 0.000 10030000
2 5 0.000 10030000
2 6 0.000 10030000
2 7 0.000 10030000
2 8 0.000 10030000
2 9 0.000 10030000
2 10 0.000 10030000
2 11 0.000 10030000
2 12 0.000 10030000
2 1 0.000 10030000
1 2 0.000 10040000
1 0 0.000 10040000
2 3 0.000 10040000
2 4 0.000 10040000
2 5 0.000 10040000
2 6 0.000 10040000
2 7 0.000 10040000
2 8 0.000 10040000
2 9 0.000 10040000
2 10 0.000 10040000
2 11 0.000 10040000
2 12 0.000 10040000
2 1 0.000 10040000
1 2 0.000 10050000
1 0 0.000 10050000
2 3 0.000 10050000
2 4 0.000 10050000
2 5 0.000 10050000
2 6 0.000 10050000
2 7 0.000 10050000
2 8 0.000 10050000
2 9 0.000 10050000
2 10 0.000 10050000
2 11 0.000 10050000
2 12 0.000 10050000
2 1 0.000 10050000
1 2 0.000 10060000
1 0 0.000 10060000
2 3 0.000 10060000
2 4 0.000 10060000
2 5 0.000 10060000
2 6 0.000 10060000
2 7 0.000 10060000
2 8 0.000 10060000
2 9 0.000 10060000
2 10 0.000 10060000
2 11 0.000 10060000
2 12 0.000 10060000
2 1 0.000 10060000
1 2 0.000 10070000
1 0 0.000 10070000
2 3 0.000 10070000
2 4 0.000 10070000
2 5 0.000 10070000
2 6 0.000 10070000
2 7 0.000 10070000
2 8 0.000 10070000
2 9 0.000 10070000
2 10 0.000 10070000
2 11 0.000 10070000
2 12 0.000 10070000
2 1 0.000 10070000
1 2 0.000 10080000
1 0 0.000 10080000
2 3 0.000 10080000
2 4 0.000 10080000
2 5 0.000 10080000
2 6 0.000 10080000
2 7 0.000 10080000
2 8 0.000 10080000
2 9 0.000 10080000
2 10 0.000 10080000
2 11 0.000 10080000
2 12 0.000 10080000
2 1 0.000 10080000
1 2 0.000 10090000
1 0 0.000 10090000
2 3 0.000 10090000
2 4 0.000 10090000
2 5 0.000 10090000
2 6 0.000 10090000
2 7 0.000 10090000
2 8 0.000 10090000
2 9 0.000 10090000
2 10 0.000 10090000
2 11 0.000 10090000
2 12 0.000 10090000
2 1 0.000 10090000
1 2 0.000 10100000
1 0 0.000 10100000
2 3 0.000 10100000
2 4 0.000 10100000
2 5 0.000 10100000
2 6 0.000 10100000
2 7 0.000 10100000
2 8 0.000 10100000
2 9 0.000 10100000
2 10 0.000 10100000
2 11 0.000 10100000
2 12 0.000 10100000
2 1 0.000 10100000
1 2 0.000 10110000
1 0 0.000 10110000
2 3 0.000 10110000
2 4 0.000 10110000
2 5 0.000 10110000
2 6 0.000 10110000
2 7 0.000 10110000
2 8 0.000 10110000
2 9 0.000 10110000
2 10 0.000 10110000
2 11 0.000 10110000
2 12 0.000 10110000
2 1 0.000 10110000
1 2 0.000 10120000
1 0 0.000 10120000
2 3 0.000 10120000
2 4 0.000 10120000
2 5 0.000 10120000
2 6 0.000 10120000
2 7 0.000 10120000
2 8 0.000 10120000
2 9 0.000 10120000
2 10 0.000 10120000
2 11 0.000 10120000
2 12 0.000 10120000
2 1 0.000 10120000
1 2 0.000 10130000
1 0 0.000 10130000
2 3 0.000 10130000
2 4 0.000 10130000
2 5 0.000 10130000
2 6 0.000 10130000
2 7 0.000 10130000
2 8 0.000 10130000
2 9 0.000 10130000
2 10 0.000 10130000
2 11 0.000 10130000
2 12 0.000 10130000
2 1 0.000 10130000
1 2 0.000 10140000
1 0 0.000 10140000
2 3 0.000 10140000
2 4 0.000 10140000
2 5 0.000 10140000
2 6 0.000 10140000
2 7 0.000 10140000
2 8 0.000 10140000
2 9 0.000 10140000
2 10 0.000 10140000
2 11 0.000 10140000
2 12 0.000 10140000
2 1 0.000 10140000
1 2 0.000 10150000
1 0 0.000 10150000
2 3 0.000 10150000
2 4 0.000 10150000
2 5 0.000 10150000
2 6 0.000 10150000
2 7 0.000 10150000
2 8 0.000 10150000
2 9 0.000 10150000
2 10 0.000 10150000
2 11 0.000 10150000
2 12 0.000 10150000
2 1 0.000 10150000
1 2 0.000 10160000
1 0 0.000 10160000
2 3 0.000 10160000
2 4 0.000 10160000
2 5 0.000 10160000
2 6 0.000 10160000
2 7 0.000 10160000
2 8 0.000 10160000
2 9 0.000 10160000
2 10 0.000 10160000
2 11 0.000 10160000
2 12 0.000 10160000
2 1 0.000 10160000
1 2 0.000 10170000
1 0 0.000 10170000
2 3 0.000 10170000
2 4 0.000 10170000
2 5 0.000 10170000
2 6 0.000 10170000
2 7 0.000 10170000
2 8 0.000 10170000
2 9 0.000 10170000
2 10 0.000 10170000
2 11 0.000 10170000
2 12 0.000 10170000
2 1 0.000 10170000
1 2 0.000 10180000
1 0 0.000 10180000
2 3 0.000 10180000
2 4 0.000 10180000
2 5 0.000 10180000
2 6 0.000 10180000
2 7 0.000 10180000
2 8 0.000 10180000
2 9 0.000 10180000
2 10 0.000 10180000
2 11 0.000 10180000
2 12 0.000 10180000
2 1 0.000 10180000
1 2 0.000 10190000
1 0 0.000 10190000
2 3 0.000 10190000
2 4 0.000 10190000
2 5 0.000 10190000
2 6 0.000 10190000
2 7 0.000 10190000
2 8 0.000 10190000
2 9 0.000 10190000
2 10 0.000 10190000
2 11 0.000 10190000
2 12 0.000 10190000
2 1 0.000 10190000
1 2 0.000 10200000
1 0 0.000 10200000
2 3 0.000 10200000
2 4 0.000 10200000
2 5 0.000 10200000
2 6 0.000 10200000
2 7 0.000 10200000
2 8 0.000 10200000
2 9 0.000 10200000
2 10 0.000 10200000
2 11 0.000 10200000
2 12 0.000 10200000
2 1 0.000 10200000
1 2 0.000 10210000
1 0 0.000 10210000
2 3 0.000 10210000
2 4 0.000 10210000
2 5 0.000 10210000
2 6 0.000 10210000
2 7 0.000 10210000
2 8 0.000 10210000
2 9 0.000 10210000
2 10 0.000 10210000
2 11 0.000 10210000
2 12 0.000 10210000
2 1 0.000 10210000
1 2 0.000 10220000
1 0 0.000 10220000
2 3 0.000 10220000
2 4 0.000 10220000
2 5 0.000 10220000
2 6 0.000 10220000
2 7 0.000 10220000
2 8 0.000 10220000
2 9 0.000 10220000
2 10 0.000 10220000
2 11 0.000 10220000
2 12 0.000 10220000
2 1 0.000 10220000
1 2 0.000 10230000
1 0 0.000 10230000
2 3 0.000 10230000
2 4 0.000 10230000
2 5 0.000 10230000
2 6 0.000 10230000
2 7 0.000 10230000
2 8 0.000 10230000
2 9 0.000 10230000
2 10 0.000 10230000
2 11 0.000 10230000
2 12 0.000 10230000
2 1 0.000 10230000
1 2 0.000 10240000
1 0 0.000 10240000
2 3 0.000 10240000
2 4 0.000 10240000
2 5 0.000 10240000
2 6 0.000 10240000
2 7 0.000 10240000
2 8 0.000 10240000
2 9 0.000 10240000
2 10 0.000 10240000
2 11 0.000 10240000
2 12 0.000 10240000
2 1 0.000 10240000
1 2 0.000 10250000
1 0 0.000 10250000
2 3 0.000 10250000
2 4 0.000 10250000
2 5 0.000 10250000
2 6 0.000 10250000
2 7 0.000 10250000
2 8 0.000 10250000
2 9 0.000 10250000
2 10 0.000 10250000
2 11 0.000 10250000
2 12 0.000 10250000
2 1 0.000 10250000
1 2 0.000 10260000
1 0 0.000 10260000
2 3 0.000 10260000
2 4 0.000 10260000
2 5 0.000 10260000
2 6 0.000 10260000
2 7 0.000 10260000
2 8 0.000 10260000
2 9 0.000 10260000
2 10 0.000 10260000
2 11 0.000 10260000
2 12 0.000 10260000
2 1 0.000 10260000
1 2 0.000 10270000
1 0 0.000 10270000
2 3 0.000 10270000
2 4 0.000 10270000
2 5 0.000 10270000
2 6 0.000 10270000
2 7 0.000 10270000
2 8 0.000 10270000
2 9 0.000 10270000
2 10 0.000 10270000
2 11 0.000 10270000
2 12 0.000 10270000
2 1 0.000 10270000
1 2 0.000 10280000
1 0 0.000 10280000
2 3 0.000 10280000
2 4 0.000 10280000
2 5 0.000 10280000
2 6 0.000 10280000
2 7 0.000 10280000
2 8 0.000 10280000
2 9 0.000 10280000
2 10 0.000 10280000
2 11 0.000 10280000
2 12 0.000 10280000
2 1 0.000 10280000
1 2 0.000 10290000
1 0 0.000 10290000
2 3 0.000 10290000
2 4 0.000 10290000
2 5 0.000 10290000
2 6 0.000 10290000
2 7 0.000 10290000
2 8 0.000 10290000
2 9 0.000 10290000
2 10 0.000 10290000
2 11 0.000 10290000
2 12 0.000 10290000
2 1 0.000 10290000
1 2 0.000 10300000
1 0 0.000 10300000
2 3 0.000 10300000
2 4 0.000 10300000
2 5 0.000 10300000
2 6 0.000 10300000
2 7 0.000 10300000
2 8 0.000 10300000
2 9 0.000 10300000
2 10 0.000 10300000
2 11 0.000 10300000
2 12 0.000 10300000
2 1 0.000 10300000
1 2 0.000 10310000
1 0 0.000 10310000
2 3 0.000 10310000
2 4 0.000 10310000
2 5 0.000 10310000
2 6 0.000 10310000
2 7 0.000 10310000
2 8 0.000 10310000
2 9 0.000 10310000
2 10 0.000 10310000
2 11 0.000 10310000
2 12 0.000 10310000
2 1 0.000 10310000
1 2 0.000 10320000
1 0 0.000 10320000
2 3 0.000 10320000
2 4 0.000 10320000
2 5 0.000 10320000
2 6 0.000 10320000
2 7 0.000 10320000
2 8 0.000 10320000
2 9 0.000 10320000
2 10 0.000 10320000
2 11 0.000 10320000
2 12 0.000 10320000
2 1 0.000 10320000
1 2 0.000 10330000
1 0 0.000 10330000
2 3 0.000 10330000
2 4 0.000 10330000
2 5 0.000 10330000
2 6 0.000 10330000
2 7 0.000 10330000
2 8 0.000 10330000
2 9 0.000 10330000
2 10 0.000 10330000
2 11 0.000 10330000
2 12 0.000 10330000
2 1 0.000 10330000
1 2 0.000 10340000
1 0 0.000 10340000
2 3 0.000 10340000
2 4 0.000 10340000
2 5 0.000 10340000
2 6 0.000 10340000
2 7 0.000 10340000
2 8 0.000 10340000
2 9 0.000 10340000
2 10 0.000 10340000
2 11 0.000 10340000
2 12 0.000 10340000
2 1 0.000 10340000
1 2 0.000 10350000
1 0 0.000 10350000
2 3 0.000 10350000
2 4 0.000 10350000
2 5 0.000 10350000
2 6 0.000 10350000
2 7 0.000 10350000
2 8 0.000 10350000
2 9 0.000 10350000
2 10 0.000 10350000
2 11 0.000 10350000
2 12 0.000 10350000
2 1 0.000 10350000
1 2 0.000 10360000
1 0 0.000 10360000
2 3 0.000 10360000
2 4 0.000 10360000
2 5 0.000 10360000
2 6 0.000 10360000
2 7 0.000 10360000
2 8 0.000 10360000
2 9 0.000 10360000
2 10 0.000 10360000
2 11 0.000 10360000
2 12 0.000 10360000
2 1 0.000 10360000
1 2 0.000 10370000
1 0 0.000 10370000
2 3 0.000 10370000
2 4 0.000 10370000
2 5 0.000 10370000
2 6 0.000 10370000
2 7 0.000 10370000
2 8 0.000 10370000
2 9 0.000 10370000
2 10 0.000 10370000
2 11 0.000 10370000
2 12 0.000 10370000
2 1 0.000 10370000
1 2 0.000 10380000
1 0 0.000 10380000
2 3 0.000 10380000
2 4 0.000 10380000
2 5 0.000 10380000
2 6 0.000 10380000
2 7 0.000 10380000
2 8 0.000 10380000
2 9 0.000 10380000
2 10 0.000 10380000
2 11 0.000 10380000
2 12 0.000 10380000
2 1 0.000 10380000
1 2 0.000 10390000
1 0 0.000 10390000
2 3 0.000 10390000
2 4 0.000 10390000
2 5 0.000 10390000
2 6 0.000 10390000
2 7 0.000 10390000
2 8 0.000 10390000
2 9 0.000 10390000
2 10 0.000 10390000
2 11 0.000 10390000
2 12 0.000 10390000
2 1 0.000 10390000
1 2 0.000 10400000
1 0 0.000 10400000
2 3 0.000 10400000
2 4 0.000 10400000
2 5 0.000 10400000
2 6 0.000 10400000
2 7 0.000 10400000
2 8 0.000 10400000
2 9 0.000 10400000
2 10 0.000 10400000
2 11 0.000 10400000
2 12 0.000 10400000
2 1 0.000 10400000
1 2 0.000 10410000
1 0 0.000 10410000
2 3 0.000 10410000
2 4 0.000 10410000
2 5 0.000 10410000
2 6 0.000 10410000
2 7 0.000 10410000
2 8 0.000 10410000
2 9 0.000 10410000
2 10 0.000 10410000
2 11 0.000 10410000
2 12 0.000 10410000
2 1 0.000 10410000
1 2 0.000 10420000
1 0 0.000 10420000
2 3 0.000 10420000
2 4 0.000 10420000
2 5 0.000 10420000
2 6 0.000 10420000
2 7 0.000 10420000
2 8 0.000 10420000
2 9 0.000 10420000
2 10 0.000 10420000
2 11 0.000 10420000
2 12 0.000 10420000
2 1 0.000 10420000
1 2 0.000 10430000
1 0 0.000 10430000
2 3 0.000 10430000
2 4 0.000 10430000
2 5 0.000 10430000
2 6 0.000 10430000
2 7 0.000 10430000
2 8 0.000 10430000
2 9 0.000 10430000
2 10 0.000 10430000
2 11 0.000 10430000
2 12 0.000 10430000
2 1 0.000 10430000
1 2 0.000 10440000
1 0 0.000 10440000
2 3 0.000 10440000
2 4 0.000 10440000
2 5 0.000 10440000
2 6 0.000 10440000
2 7 0.000 10440000
2 8 0.000 10440000
2 9 0.000 10440000
2 10 0.000 10440000
2 11 0.000 10440000
2 12 0.000 10440000
2 1 0.000 10440000
1 2 0.000 10450000
1 0 0.000 10450000
2 3 0.000 10450000
2 4 0.000 10450000
2 5 0.000 10450000
2 6 0.000 10450000
2 7 0.000 10450000
2 8 0.000 10450000
2 9 0.000 10450000
2 10 0.000 10450000
2 11 0.000 10450000
2 12 0.000 10450000
2 1 0.000 10450000
1 2 0.000 10460000
1 0 0.000 10460000
2 3 0.000 10460000
2 4 0.000 10460000
2 5 0.000 10460000
2 6 0.000 10460000
2 7 0.000 10460000
2 8 0.000 10460000
2 9 0.000 10460000
2 10 0.000 10460000
2 11 0.000 10460000
2 12 0.000 10460000
2 1 0.000 10460000
1 2 0.000 10470000
1 0 0.000 10470000
2 3 0.000 10470000
2 4 0.000 10470000
2 5 0.000 10470000
2 6 0.000 10470000
2 7 0.000 10470000
2 8 0.000 10470000
2 9 0.000 10470000
2 10 0.000 10470000
2 11 0.000 10470000
2 12 0.000 10470000
2 1 0.000 10470000
1 2 0.000 10480000
1 0 0.000 10480000
2 3 0.000 10480000
2 4 0.000 10480000
2 5 0.000 10480000
2 6 0.000 10480000
2 7 0.000 10480000
2 8 0.000 10480000
2 9 0.000 10480000
2 10 0.000 10480000
2 11 0.000 10480000
2 12 0.000 10480000
2 1 0.000 10480000
1 2 0.000 10490000
1 0 0.000 10490000
2 3 0.000 10490000
2 4 0.000 10490000
2 5 0.000 10490000
2 6 0.000 10490000
2 7 0.000 10490000
2 8 0.000 10490000
2 9 0.000 10490000
2 10 0.000 10490000
2 11 0.000 10490000
2 12 0.000 10490000
2 1 0.000 10490000
1 2 0.000 10500000
1 0 0.000 10500000
2 3 0.000 10500000
2 4 0.000 10500000
2 5 0.000 10500000
2 6 0.000 10500000
2 7 0.000 10500000
2 8 0.000 10500000
2 9 0.000 10500000
2 10 0.000 10500000
2 11 0.000 10500000
2 12 0.000 10500000
2 1 0.000 10500000
1 2 0.000 10510000
1 0 0.000 10510000
2 3 0.000 10510000
2 4 0.000 10510000
2 5 0.000 10510000
2 6 0.000 10510000
2 7 0.000 10510000
2 8 0.000 10510000
2 9 0.000 10510000
2 10 0.000 10510000
2 11 0.000 10510000
2 12 0.000 10510000
2 1 0.000 10510000
1 2 0.000 10520000
1 0 0.000 10520000
2 3 0.000 10520000
2 4 0.000 10520000
2 5 0.000 10520000
2 6 0.000 10520000
2 7 0.000 10520000
2 8 0.000 10520000
2 9 0.000 10520000
2 10 0.000 10520000
2 11 0.000 10520000
2 12 0.000 10520000
2 1 0.000 10520000
1 2 0.000 10530000
1 0 0.000 10530000
2 3 0.000 10530000
2 4 0.000 10530000
2 5 0.000 10530000
2 6 0.000 10530000
2 7 0.000 10530000
2 8 0.000 10530000
2 9 0.000 10530000
2 10 0.000 10530000
2 11 0.000 10530000
2 12 0.000 10530000
2 1 0.000 10530000
1 2 0.000 10540000
1 0 0.000 10540000
2 3 0.000 10540000
2 4 0.000 10540000
2 5 0.000 10540000
2 6 0.000 10540000
2 7 0.000 10540000
2 8 0.000 10540000
2 9 0.000 10540000
2 10 0.000 10540000
2 11 0.000 10540000
2 12 0.000 10540000
2 1 0.000 10540000
1 2 0.000 10550000
1 0 0.000 10550000
2 3 0.000 10550000
2 4 0.000 10550000
2 5 0.000 10550000
2 6 0.000 10550000
2 7 0.000 10550000
2 8 0.000 10550000
2 9 0.000 10550000
2 10 0.000 10550000
2 11 0.000 10550000
2 12 0.000 10550000
2 1 0.000 10550000
1 2 0.000 10560000
1 0 0.000 10560000
2 3 0.000 10560000
2 4 0.000 10560000
2 5 0.000 10560000
2 6 0.000 10560000
2 7 0.000 10560000
2 8 0.000 10560000
2 9 0.000 10560000
2 10 0.000 10560000
2 11 0.000 10560000
2 12 0.000 10560000
2 1 0.000 10560000
1 2 0.000 10570000
1 0 0.000 10570000
2 3 0.000 10570000
2 4 0.000 10570000
2 5 0.000 10570000
2 6 0.000 10570000
2 7 0.000 10570000
2 8 0.000 10570000
2 9 0.000 10570000
2 10 0.000 10570000
2 11 0.000 10570000
2 12 0.000 10570000
2 1 0.000 10570000
1 2 0.000 10580000
1 0 0.000 10580000
2 3 0.000 10580000
2 4 0.000 10580000
2 5 0.000 10580000
2 6 0.000 10580000
2 7 0.000 10580000
2 8 0.000 10580000
2 9 0.000 10580000
2 10 0.000 10580000
2 11 0.000 10580000
2 12 0.000 10580000
2 1 0.000 10580000
1 2 0.000 10590000
1 0 0.000 10590000
2 3 0.000 10590000
2 4 0.000 10590000
2 5 0.000 10590000
2 6 0.000 10590000
2 7 0.000 10590000
2 8 0.000 10590000
2 9 0.000 10590000
2 10 0.000 10590000
2 11 0.000 10590000
2 12 0.000 10590000
2 1 0.000 10590000
1 2 0.000 10600000
1 0 0.000 10600000
2 3 0.000 10600000
2 4 0.000 10600000
2 5 0.000 10600000
2 6 0.000 10600000
2 7 0.000 10600000
2 8 0.000 10600000
2 9 0.000 10600000
2 10 0.000 10600000
2 11 0.000 10600000
2 12 0.000 10600000
2 1 0.000 10600000
1 2 0.000 10610000
1 0 0.000 10610000
2 3 0.000 10610000
2 4 0.000 10610000
2 5 0.000 10610000
2 6 0.000 10610000
2 7 0.000 10610000
2 8 0.000 10610000
2 9 0.000 10610000
2 10 0.000 10610000
2 11 0.000 10610000
2 12 0.000 10610000
2 1 0.000 10610000
1 2 0.000 10620000
1 0 0.000 10620000
2 3 0.000 10620000
2 4 0.000 10620000
2 5 0.000 10620000
2 6 0.000 10620000
2 7 0.000 10620000
2 8 0.000 10620000
2 9 0.000 10620000
2 10 0.000 10620000
2 11 0.000 10620000
2 12 0.000 10620000
2 1 0.000 10620000
1 2 0.000 10630000
1 0 0.000 10630000
2 3 0.000 10630000
2 4 0.000 10630000
2 5 0.000 10630000
2 6 0.000 10630000
2 7 0.000 10630000
2 8 0.000 10630000
2 9 0.000 10630000
2 10 0.000 10630000
2 11 0.000 10630000
2 12 0.000 10630000
2 1 0.000 10630000
1 2 0.000 10640000
1 0 0.000 10640000
2 3 0.000 10640000
2 4 0.000 10640000
2 5 0.000 10640000
2 6 0.000 10640000
2 7 0.000 10640000
2 8 0.000 10640000
2 9 0.000 10640000
2 10 0.000 10640000
2 11 0.000 10640000
2 12 0.000 10640000
2 1 0.000 10640000
1 2 0.000 10650000
1 0 0.000 10650000
2 3 0.000 10650000
2 4 0.000 10650000
2 5 0.000 10650000
2 6 0.000 10650000
2 7 0.000 10650000
2 8 0.000 10650000
2 9 0.000 10650000
2 10 0.000 10650000
2 11 0.000 10650000
2 12 0.000 10650000
2 1 0.000 10650000
1 2 0.000 10660000
1 0 0.000 10660000
2 3 0.000 10660000
2 4 0.000 10660000
2 5 0.000 10660000
2 6 0.000 10660000
2 7 0.000 10660000
2 8 0.000 10660000
2 9 0.000 10660000
2 10 0.000 10660000
2 11 0.000 10660000
2 12 0.000 10660000
2 1 0.000 10660000
1 2 0.000 10670000
1 0 0.000 10670000
2 3 0.000 10670000
2 4 0.000 10670000
2 5 0.000 10670000
2 6 0.000 10670000
2 7 0.000 10670000
2 8 0.000 10670000
2 9 0.000 10670000
2 10 0.000 10670000
2 11 0.000 10670000
2 12 0.000 10670000
2 1 0.000 10670000
1 2 0.000 10680000
1 0 0.000 10680000
2 3 0.000 10680000
2 4 0.000 10680000
2 5 0.000 10680000
2 6 0.000 10680000
2 7 0.000 10680000
2 8 0.000 10680000
2 9 0.000 10680000
2 10 0.000 10680000
2 11 0.000 10680000
2 12 0.000 10680000
2 1 0.000 10680000
1 2 0.000 10690000
1 0 0.000 10690000
2 3 0.000 10690000
2 4 0.000 10690000
2 5 0.000 10690000
2 6 0.000 10690000
2 7 0.000 10690000
2 8 0.000 10690000
2 9 0.000 10690000
2 10 0.000 10690000
2 11 0.000 10690000
2 12 0.000 10690000
2 1 0.000 10690000
1 2 0.000 10700000
1 0 0.000 10700000
2 3 0.000 10700000
2 4 0.000 10700000
2 5 0.000 10700000
2 6 0.000 10700000
2 7 0.000 10700000
2 8 0.000 10700000
2 9 0.000 10700000
2 10 0.000 10700000
2 11 0.000 10700000
2 12 0.000 10700000
2 1 0.000 10700000
1 2 0.000 10710000
1 0 0.000 10710000
2 3 0.000 10710000
2 4 0.000 10710000
2 5 0.000 10710000
2 6 0.000 10710000
2 7 0.000 10710000
2 8 0.000 10710000
2 9 0.000 10710000
2 10 0.000 10710000
2 11 0.000 10710000
2 12 0.000 10710000
2 1 0.000 10710000
1 2 0.000 10720000
1 0 0.000 10720000
2 3 0.000 10720000
2 4 0.000 10720000
2 5 0.000 10720000
2 6 0.000 10720000
2 7 0.000 10720000
2 8 0.000 10720000
2 9 0.000 10720000
2 10 0.000 10720000
2 11 0.000 10720000
2 12 0.000 10720000
2 1 0.000 10720000
1 2 0.000 10730000
1 0 0.000 10730000
2 3 0.000 10730000
2 4 0.000 10730000
2 5 0.000 10730000
2 6 0.000 10730000
2 7 0.000 10730000
2 8 0.000 10730000
2 9 0.000 10730000
2 10 0.000 10730000
2 11 0.000 10730000
2 12 0.000 10730000
2 1 0.000 10730000
1 2 0.000 10740000
1 0 0.000 10740000
2 3 0.000 10740000
2 4 0.000 10740000
2 5 0.000 10740000
2 6 0.000 10740000
2 7 0.000 10740000
2 8 0.000 10740000
2 9 0.000 10740000
2 10 0.000 10740000
2 11 0.000 10740000
2 12 0.000 10740000
2 1 0.000 10740000
1 2 0.000 10750000
1 0 0.000 10750000
2 3 0.000 10750000
2 4 0.000 10750000
2 5 0.000 10750000
2 6 0.000 10750000
2 7 0.000 10750000
2 8 0.000 10750000
2 9 0.000 10750000
2 10 0.000 10750000
2 11 0.000 10750000
2 12 0.000 10750000
2 1 0.000 10750000
1 2 0.000 10760000
1 0 0.000 10760000
2 3 0.000 10760000
2 4 0.000 10760000
2 5 0.000 10760000
2 6 0.000 10760000
2 7 0.000 10760000
2 8 0.000 10760000
2 9 0.000 10760000
2 10 0.000 10760000
2 11 0.000 10760000
2 12 0.000 10760000
2 1 0.000 10760000
1 2 0.000 10770000
1 0 0.000 10770000
2 3 0.000 10770000
2 4 0.000 10770000
2 5 0.000 10770000
2 6 0.000 10770000
2 7 0.000 10770000
2 8 0.000 10770000
2 9 0.000 10770000
2 10 0.000 10770000
2 11 0.000 10770000
2 12 0.000 10770000
2 1 0.000 10770000
1 2 0.000 10780000
1 0 0.000 10780000
2 3 0.000 10780000
2 4 0.000 10780000
2 5 0.000 10780000
2 6 0.000 10780000
2 7 0.000 10780000
2 8 0.000 10780000
2 9 0.000 10780000
2 10 0.000 10780000
2 11 0.000 10780000
2 12 0.000 10780000
2 1 0.000 10780000
1 2 0.000 10790000
1 0 0.000 10790000
2 3 0.000 10790000
2 4 0.000 10790000
2 5 0.000 10790000
2 6 0.000 10790000
2 7 0.000 10790000
2 8 0.000 10790000
2 9 0.000 10790000
2 10 0.000 10790000
2 11 0.000 10790000
2 12 0.000 10790000
2 1 0.000 10790000
1 2 0.000 10800000
1 0 0.000 10800000
2 3 0.000 10800000
2 4 0.000 10800000
2 5 0.000 10800000
2 6 0.000 10800000
2 7 0.000 10800000
2 8 0.000 10800000
2 9 0.000 10800000
2 10 0.000 10800000
2 11 0.000 10800000
2 12 0.000 10800000
2 1 0.000 10800000
1 2 0.000 10810000
1 0 0.000 10810000
2 3 0.000 10810000
2 4 0.000 10810000
2 5 0.000 10810000
2 6 0.000 10810000
2 7 0.000 10810000
2 8 0.000 10810000
2 9 0.000 10810000
2 10 0.000 10810000
2 11 0.000 10810000
2 12 0.000 10810000
2 1 0.000 10810000
1 2 0.000 10820000
1 0 0.000 10820000
2 3 0.000 10820000
2 4 0.000 10820000
2 5 0.000 10820000
2 6 0.000 10820000
2 7 0.000 10820000
2 8 0.000 10820000
2 9 0.000 10820000
2 10 0.000 10820000
2 11 0.000 10820000
2 12 0.000 10820000
2 1 0.000 10820000
1 2 0.000 10830000
1 0 0.000 10830000
2 3 0.000 10830000
2 4 0.000 10830000
2 5 0.000 10830000
2 6 0.000 10830000
2 7 0.000 10830000
2 8 0.000 10830000
2 9 0.000 10830000
2 10 0.000 10830000
2 11 0.000 10830000
2 12 0.000 10830000
2 1 0.000 10830000
1 2 0.000 10840000
1 0 0.000 10840000
2 3 0.000 10840000
2 4 0.000 10840000
2 5 0.000 10840000
2 6 0.000 10840000
2 7 0.000 10840000
2 8 0.000 10840000
2 9 0.000 10840000
2 10 0.000 10840000
2 11 0.000 10840000
2 12 0.000 10840000
2 1 0.000 10840000
1 2 0.000 10850000
1 0 0.000 10850000
2 3 0.000 10850000
2 4 0.000 10850000
2 5 0.000 10850000
2 6 0.000 10850000
2 7 0.000 10850000
2 8 0.000 10850000
2 9 0.000 10850000
2 10 0.000 10850000
2 11 0.000 10850000
2 12 0.000 10850000
2 1 0.000 10850000
1 2 0.000 10860000
1 0 0.000 10860000
2 3 0.000 10860000
2 4 0.000 10860000
2 5 0.000 10860000
2 6 0.000 10860000
2 7 0.000 10860000
2 8 0.000 10860000
2 9 0.000 10860000
2 10 0.000 10860000
2 11 0.000 10860000
2 12 0.000 10860000
2 1 0.000 10860000
1 2 0.000 10870000
1 0 0.000 10870000
2 3 0.000 10870000
2 4 0.000 10870000
2 5 0.000 10870000
2 6 0.000 10870000
2 7 0.000 10870000
2 8 0.000 10870000
2 9 0.000 10870000
2 10 0.000 10870000
2 11 0.000 10870000
2 12 0.000 10870000
2 1 0.000 10870000
1 2 0.000 10880000
1 0 0.000 10880000
2 3 0.000 10880000
2 4 0.000 10880000
2 5 0.000 10880000
2 6 0.000 10880000
2 7 0.000 10880000
2 8 0.000 10880000
2 9 0.000 10880000
2 10 0.000 10880000
2 11 0.000 10880000
2 12 0.000 10880000
2 1 0.000 10880000
1 2 0.000 10890000
1 0 0.000 10890000
2 3 0.000 10890000
2 4 0.000 10890000
2 5 0.000 10890000
2 6 0.000 10890000
2 7 0.000 10890000
2 8 0.000 10890000
2 9 0.000 10890000
2 10 0.000 10890000
2 11 0.000 10890000
2 12 0.000 10890000
2 1 0.000 10890000
1 2 0.000 10900000
1 0 0.000 10900000
2 3 0.000 10900000
2 4 0.000 10900000
2 5 0.000 10900000
2 6 0.000 10900000
2 7 0.000 10900000
2 8 0.000 10900000
2 9 0.000 10900000
2 10 0.000 10900000
2 11 0.000 10900000
2 12 0.000 10900000
2 1 0.000 10900000
1 2 0.000 10910000
1 0 0.000 10910000
2 3 0.000 10910000
2 4 0.000 10910000
2 5 0.000 10910000
2 6 0.000 10910000
2 7 0.000 10910000
2 8 0.000 10910000
2 9 0.000 10910000
2 10 0.000 10910000
2 11 0.000 10910000
2 12 0.000 10910000
2 1 0.000 10910000
1 2 0.000 10920000
1 0 0.000 10920000
2 3 0.000 10920000
2 4 0.000 10920000
2 5 0.000 10920000
2 6 0.000 10920000
2 7 0.000 10920000
2 8 0.000 10920000
2 9 0.000 10920000
2 10 0.000 10920000
2 11 0.000 10920000
2 12 0.000 10920000
2 1 0.000 10920000
1 2 0.000 10930000
1 0 0.000 10930000
2 3 0.000 10930000
2 4 0.000 10930000
2 5 0.000 10930000
2 6 0.000 10930000
2 7 0.000 10930000
2 8 0.000 10930000
2 9 0.000 10930000
2 10 0.000 10930000
2 11 0.000 10930000
2 12 0.000 10930000
2 1 0.000 10930000
1 2 0.000 10940000
1 0 0.000 10940000
2 3 0.000 10940000
2 4 0.000 10940000
2 5 0.000 10940000
2 6 0.000 10940000
2 7 0.000 10940000
2 8 0.000 10940000
2 9 0.000 10940000
2 10 0.000 10940000
2 11 0.000 10940000
2 12 0.000 10940000
2 1 0.000 10940000
1 2 0.000 10950000
1 0 0.000 10950000
2 3 0.000 10950000
2 4 0.000 10950000
2 5 0.000 10950000
2 6 0.000 10950000
2 7 0.000 10950000
2 8 0.000 10950000
2 9 0.000 10950000
2 10 0.000 10950000
2 11 0.000 10950000
2 12 0.000 10950000
2 1 0.000 10950000
1 2 0.000 10960000
1 0 0.000 10960000
2 3 0.000 10960000
2 4 0.000 10960000
2 5 0.000 10960000
2 6 0.000 10960000
2 7 0.000 10960000
2 8 0.000 10960000
2 9 0.000 10960000
2 10 0.000 10960000
2 11 0.000 10960000
2 12 0.000 10960000
2 1 0.000 10960000
1 2 0.000 10970000
1 0 0.000 10970000
2 3 0.000 10970000
2 4 0.000 10970000
2 5 0.000 10970000
2 6 0.000 10970000
2 7 0.000 10970000
2 8 0.000 10970000
2 9 0.000 10970000
2 10 0.000 10970000
2 11 0.000 10970000
2 12 0.000 10970000
2 1 0.000 10970000
1 2 0.000 10980000
1 0 0.000 10980000
2 3 0.000 10980000
2 4 0.000 10980000
2 5 0.000 10980000
2 6 0.000 10980000
2 7 0.000 10980000
2 8 0.000 10980000
2 9 0.000 10980000
2 10 0.000 10980000
2 11 0.000 10980000
2 12 0.000 10980000
2 1 0.000 10980000
1 2 0.000 10990000
1 0 0.000 10990000
2 3 0.000 10990000
2 4 0.000 10990000
2 5 0.000 10990000
2 6 0.000 10990000
2 7 0.000 10990000
2 8 0.000 10990000
2 9 0.000 10990000
2 10 0.000 10990000
2 11 0.000 10990000
2 12 0.000 10990000
2 1 0.000 10990000
1 2 0.000 11000000
1 0 0.000 11000000
2 3 0.000 11000000
2 4 0.000 11000000
2 5 0.000 11000000
2 6 0.000 11000000
2 7 0.000 11000000
2 8 0.000 11000000
2 9 0.000 11000000
2 10 0.000 11000000
2 11 0.000 11000000
2 12 0.000 11000000
2 1 0.000 11000000
1 2 0.000 11010000
1 0 0.000 11010000
2 3 0.000 11010000
2 4 0.000 11010000
2 5 0.000 11010000
2 6 0.000 11010000
2 7 0.000 11010000
2 8 0.000 11010000
2 9 0.000 11010000
2 10 0.000 11010000
2 11 0.000 11010000
2 12 0.000 11010000
2 1 0.000 11010000
1 2 0.000 11020000
1 0 0.000 11020000
2 3 0.000 11020000
2 4 0.000 11020000
2 5 0.000 11020000
2 6 0.000 11020000
2 7 0.000 11020000
2 8 0.000 11020000
2 9 0.000 11020000
2 10 0.000 11020000
2 11 0.000 11020000
2 12 0.000 11020000
2 1 0.000 11020000
1 2 0.000 11030000
1 0 0.000 11030000
2 3 0.000 11030000
2 4 0.000 11030000
2 5 0.000 11030000
2 6 0.000 11030000
2 7 0.000 11030000
2 8 0.000 11030000
2 9 0.000 11030000
2 10 0.000 11030000
2 11 0.000 11030000
2 12 0.000 11030000
2 1 0.000 11030000
1 2 0.000 11040000
1 0 0.000 11040000
2 3 0.000 11040000
2 4 0.000 11040000
2 5 0.000 11040000
2 6 0.000 11040000
2 7 0.000 11040000
2 8 0.000 11040000
2 9 0.000 11040000
2 10 0.000 11040000
2 11 0.000 11040000
2 12 0.000 11040000
2 1 0.000 11040000
1 2 0.000 11050000
1 0 0.000 11050000
2 3 0.000 11050000
2 4 0.000 11050000
2 5 0.000 11050000
2 6 0.000 11050000
2 7 0.000 11050000
2 8 0.000 11050000
2 9 0.000 11050000
2 10 0.000 11050000
2 11 0.000 11050000
2 12 0.000 11050000
2 1 0.000 11050000
1 2 0.000 11060000
1 0 0.000 11060000
2 3 0.000 11060000
2 4 0.000 11060000
2 5 0.000 11060000
2 6 0.000 11060000
2 7 0.000 11060000
2 8 0.000 11060000
2 9 0.000 11060000
2 10 0.000 11060000
2 11 0.000 11060000
2 12 0.000 11060000
2 1 0.000 11060000
1 2 0.000 11070000
1 0 0.000 11070000
2 3 0.000 11070000
2 4 0.000 11070000
2 5 0.000 11070000
2 6 0.000 11070000
2 7 0.000 11070000
2 8 0.000 11070000
2 9 0.000 11070000
2 10 0.000 11070000
2 11 0.000 11070000
2 12 0.000 11070000
2 1 0.000 11070000
1 2 0.000 11080000
1 0 0.000 11080000
2 3 0.000 11080000
2 4 0.000 11080000
2 5 0.000 11080000
2 6 0.000 11080000
2 7 0.000 11080000
2 8 0.000 11080000
2 9 0.000 11080000
2 10 0.000 11080000
2 11 0.000 11080000
2 12 0.000 11080000
2 1 0.000 11080000
1 2 0.000 11090000
1 0 0.000 11090000
2 3 0.000 11090000
2 4 0.000 11090000
2 5 0.000 11090000
2 6 0.000 11090000
2 7 0.000 11090000
2 8 0.000 11090000
2 9 0.000 11090000
2 10 0.000 11090000
2 11 0.000 11090000
2 12 0.000 11090000
2 1 0.000 11090000
1 2 0.000 11100000
1 0 0.000 11100000
2 3 0.000 11100000
2 4 0.000 11100000
2 5 0.000 11100000
2 6 0.000 11100000
2 7 0.000 11100000
2 8 0.000 11100000
2 9 0.000 11100000
2 10 0.000 11100000
2 11 0.000 11100000
2 12 0.000 11100000
2 1 0.000 11100000
1 2 0.000 11110000
1 0 0.000 11110000
2 3 0.000 11110000
2 4 0.000 11110000
2 5 0.000 11110000
2 6 0.000 11110000
2 7 0.000 11110000
2 8 0.000 11110000
2 9 0.000 11110000
2 10 0.000 11110000
2 11 0.000 11110000
2 12 0.000 11110000
2 1 0.000 11110000
1 2 0.000 11120000
1 0 0.000 11120000
2 3 0.000 11120000
2 4 0.000 11120000
2 5 0.000 11120000
2 6 0.000 11120000
2 7 0.000 11120000
2 8 0.000 11120000
2 9 0.000 11120000
2 10 0.000 11120000
2 11 0.000 11120000
2 12 0.000 11120000
2 1 0.000 11120000
1 2 0.000 11130000
1 0 0.000 11130000
2 3 0.000 11130000
2 4 0.000 11130000
2 5 0.000 11130000
2 6 0.000 11130000
2 7 0.000 11130000
2 8 0.000 11130000
2 9 0.000 11130000
2 10 0.000 11130000
2 11 0.000 11130000
2 12 0.000 11130000
2 1 0.000 11130000
1 2 0.000 11140000
1 0 0.000 11140000
2 3 0.000 11140000
2 4 0.000 11140000
2 5 0.000 11140000
2 6 0.000 11140000
2 7 0.000 11140000
2 8 0.000 11140000
2 9 0.000 11140000
2 10 0.000 11140000
2 11 0.000 11140000
2 12 0.000 11140000
2 1 0.000 11140000
1 2 0.000 11150000
1 0 0.000 11150000
2 3 0.000 11150000
2 4 0.000 11150000
2 5 0.000 11150000
2 6 0.000 11150000
2 7 0.000 11150000
2 8 0.000 11150000
2 9 0.000 11150000
2 10 0.000 11150000
2 11 0.000 11150000
2 12 0.000 11150000
2 1 0.000 11150000
1 2 0.000 11160000
1 0 0.000 11160000
2 3 0.000 11160000
2 4 0.000 11160000
2 5 0.000 11160000
2 6 0.000 11160000
2 7 0.000 11160000
2 8 0.000 11160000
2 9 0.000 11160000
2 10 0.000 11160000
2 11 0.000 11160000
2 12 0.000 11160000
2 1 0.000 11160000
1 2 0.000 11170000
1 0 0.000 11170000
2 3 0.000 11170000
2 4 0.000 11170000
2 5 0.000 11170000
2 6 0.000 11170000
2 7 0.000 11170000
2 8 0.000 11170000
2 9 0.000 11170000
2 10 0.000 11170000
2 11 0.000 11170000
2 12 0.000 11170000
2 1 0.000 11170000
1 2 0.000 11180000
1 0 0.000 11180000
2 3 0.000 11180000
2 4 0.000 11180000
2 5 0.000 11180000
2 6 0.000 11180000
2 7 0.000 11180000
2 8 0.000 11180000
2 9 0.000 11180000
2 10 0.000 11180000
2 11 0.000 11180000
2 12 0.000 11180000
2 1 0.000 11180000
1 2 0.000 11190000
1 0 0.000 11190000
2 3 0.000 11190000
2 4 0.000 11190000
2 5 0.000 11190000
2 6 0.000 11190000
2 7 0.000 11190000
2 8 0.000 11190000
2 9 0.000 11190000
2 10 0.000 11190000
2 11 0.000 11190000
2 12 0.000 11190000
2 1 0.000 11190000
1 2 0.000 11200000
1 0 0.000 11200000
2 3 0.000 11200000
2 4 0.000 11200000
2 5 0.000 11200000
2 6 0.000 11200000
2 7 0.000 11200000
2 8 0.000 11200000
2 9 0.000 11200000
2 10 0.000 11200000
2 11 0.000 11200000
2 12 0.000 11200000
2 1 0.000 11200000
1 2 0.000 11210000
1 0 0.000 11210000
2 3 0.000 11210000
2 4 0.000 11210000
2 5 0.000 11210000
2 6 0.000 11210000
2 7 0.000 11210000
2 8 0.000 11210000
2 9 0.000 11210000
2 10 0.000 11210000
2 11 0.000 11210000
2 12 0.000 11210000
2 1 0.000 11210000
1 2 0.000 11220000
1 0 0.000 11220000
2 3 0.000 11220000
2 4 0.000 11220000
2 5 0.000 11220000
2 6 0.000 11220000
2 7 0.000 11220000
2 8 0.000 11220000
2 9 0.000 11220000
2 10 0.000 11220000
2 11 0.000 11220000
2 12 0.000 11220000
2 1 0.000 11220000
1 2 0.000 11230000
1 0 0.000 11230000
2 3 0.000 11230000
2 4 0.000 11230000
2 5 0.000 11230000
2 6 0.000 11230000
2 7 0.000 11230000
2 8 0.000 11230000
2 9 0.000 11230000
2 10 0.000 11230000
2 11 0.000 11230000
2 12 0.000 11230000
2 1 0.000 11230000
1 2 0.000 11240000
1 0 0.000 11240000
2 3 0.000 11240000
2 4 0.000 11240000
2 5 0.000 11240000
2 6 0.000 11240000
2 7 0.000 11240000
2 8 0.000 11240000
2 9 0.000 11240000
2 10 0.000 11240000
2 11 0.000 11240000
2 12 0.000 11240000
2 1 0.000 11240000
1 2 0.000 11250000
1 0 0.000 11250000
2 3 0.000 11250000
2 4 0.000 11250000
2 5 0.000 11250000
2 6 0.000 11250000
2 7 0.000 11250000
2 8 0.000 11250000
2 9 0.000 11250000
2 10 0.000 11250000
2 11 0.000 11250000
2 12 0.000 11250000
2 1 0.000 11250000
1 2 0.000 11260000
1 0 0.000 11260000
2 3 0.000 11260000
2 4 0.000 11260000
2 5 0.000 11260000
2 6 0.000 11260000
2 7 0.000 11260000
2 8 0.000 11260000
2 9 0.000 11260000
2 10 0.000 11260000
2 11 0.000 11260000
2 12 0.000 11260000
2 1 0.000 11260000
1 2 0.000 11270000
1 0 0.000 11270000
2 3 0.000 11270000
2 4 0.000 11270000
2 5 0.000 11270000
2 6 0.000 11270000
2 7 0.000 11270000
2 8 0.000 11270000
2 9 0.000 11270000
2 10 0.000 11270000
2 11 0.000 11270000
2 12 0.000 11270000
2 1 0.000 11270000
1 2 0.000 11280000
1 0 0.000 11280000
2 3 0.000 11280000
2 4 0.000 11280000
2 5 0.000 11280000
2 6 0.000 11280000
2 7 0.000 11280000
2 8 0.000 11280000
2 9 0.000 11280000
2 10 0.000 11280000
2 11 0.000 11280000
2 12 0.000 11280000
2 1 0.000 11280000
1 2 0.000 11290000
1 0 0.000 11290000
2 3 0.000 11290000
2 4 0.000 11290000
2 5 0.000 11290000
2 6 0.000 11290000
2 7 0.000 11290000
2 8 0.000 11290000
2 9 0.000 11290000
2 10 0.000 11290000
2 11 0.000 11290000
2 12 0.000 11290000
2 1 0.000 11290000
1 2 0.000 11300000
1 0 0.000 11300000
2 3 0.000 11300000
2 4 0.000 11300000
2 5 0.000 11300000
2 6 0.000 11300000
2 7 0.000 11300000
2 8 0.000 11300000
2 9 0.000 11300000
2 10 0.000 11300000
2 11 0.000 11300000
2 12 0.000 11300000
2 1 0.000 11300000
1 2 0.000 11310000
1 0 0.000 11310000
2 3 0.000 11310000
2 4 0.000 11310000
2 5 0.000 11310000
2 6 0.000 11310000
2 7 0.000 11310000
2 8 0.000 11310000
2 9 0.000 11310000
2 10 0.000 11310000
2 11 0.000 11310000
2 12 0.000 11310000
2 1 0.000 11310000
1 2 0.000 11320000
1 0 0.000 11320000
2 3 0.000 11320000
2 4 0.000 11320000
2 5 0.000 11320000
2 6 0.000 11320000
2 7 0.000 11320000
2 8 0.000 11320000
2 9 0.000 11320000
2 10 0.000 11320000
2 11 0.000 11320000
2 12 0.000 11320000
2 1 0.000 11320000
1 2 0.000 11330000
1 0 0.000 11330000
2 3 0.000 11330000
2 4 0.000 11330000
2 5 0.000 11330000
2 6 0.000 11330000
2 7 0.000 11330000
2 8 0.000 11330000
2 9 0.000 11330000
2 10 0.000 11330000
2 11 0.000 11330000
2 12 0.000 11330000
2 1 0.000 11330000
1 2 0.000 11340000
1 0 0.000 11340000
2 3 0.000 11340000
2 4 0.000 11340000
2 5 0.000 11340000
2 6 0.000 11340000
2 7 0.000 11340000
2 8 0.000 11340000
2 9 0.000 11340000
2 10 0.000 11340000
2 11 0.000 11340000
2 12 0.000 11340000
2 1 0.000 11340000
1 2 0.000 11350000
1 0 0.000 11350000
2 3 0.000 11350000
2 4 0.000 11350000
2 5 0.000 11350000
2 6 0.000 11350000
2 7 0.000 11350000
2 8 0.000 11350000
2 9 0.000 11350000
2 10 0.000 11350000
2 11 0.000 11350000
2 12 0.000 11350000
2 1 0.000 11350000
1 2 0.000 11360000
1 0 0.000 11360000
2 3 0.000 11360000
2 4 0.000 11360000
2 5 0.000 11360000
2 6 0.000 11360000
2 7 0.000 11360000
2 8 0.000 11360000
2 9 0.000 11360000
2 10 0.000 11360000
2 11 0.000 11360000
2 12 0.000 11360000
2 1 0.000 11360000
1 2 0.000 11370000
1 0 0.000 11370000
2 3 0.000 11370000
2 4 0.000 11370000
2 5 0.000 11370000
2 6 0.000 11370000
2 7 0.000 11370000
2 8 0.000 11370000
2 9 0.000 11370000
2 10 0.000 11370000
2 11 0.000 11370000
2 12 0.000 11370000
2 1 0.000 11370000
1 2 0.000 11380000
1 0 0.000 11380000
2 3 0.000 11380000
2 4 0.000 11380000
2 5 0.000 11380000
2 6 0.000 11380000
2 7 0.000 11380000
2 8 0.000 11380000
2 9 0.000 11380000
2 10 0.000 11380000
2 11 0.000 11380000
2 12 0.000 11380000
2 1 0.000 11380000
1 2 0.000 11390000
1 0 0.000 11390000
2 3 0.000 11390000
2 4 0.000 11390000
2 5 0.000 11390000
2 6 0.000 11390000
2 7 0.000 11390000
2 8 0.000 11390000
2 9 0.000 11390000
2 10 0.000 11390000
2 11 0.000 11390000
2 12 0.000 11390000
2 1 0.000 11390000
1 2 0.000 11400000
1 0 0.000 11400000
2 3 0.000 11400000
2 4 0.000 11400000
2 5 0.000 11400000
2 6 0.000 11400000
2 7 0.000 11400000
2 8 0.000 11400000
2 9 0.000 11400000
2 10 0.000 11400000
2 11 0.000 11400000
2 12 0.000 11400000
2 1 0.000 11400000
1 2 0.000 11410000
1 0 0.000 11410000
2 3 0.000 11410000
2 4 0.000 11410000
2 5 0.000 11410000
2 6 0.000 11410000
2 7 0.000 11410000
2 8 0.000 11410000
2 9 0.000 11410000
2 10 0.000 11410000
2 11 0.000 11410000
2 12 0.000 11410000
2 1 0.000 11410000
1 2 0.000 11420000
1 0 0.000 11420000
2 3 0.000 11420000
2 4 0.000 11420000
2 5 0.000 11420000
2 6 0.000 11420000
2 7 0.000 11420000
2 8 0.000 11420000
2 9 0.000 11420000
2 10 0.000 11420000
2 11 0.000 11420000
2 12 0.000 11420000
2 1 0.000 11420000
1 2 0.000 11430000
1 0 0.000 11430000
2 3 0.000 11430000
2 4 0.000 11430000
2 5 0.000 11430000
2 6 0.000 11430000
2 7 0.000 11430000
2 8 0.000 11430000
2 9 0.000 11430000
2 10 0.000 11430000
2 11 0.000 11430000
2 12 0.000 11430000
2 1 0.000 11430000
1 2 0.000 11440000
1 0 0.000 11440000
2 3 0.000 11440000
2 4 0.000 11440000
2 5 0.000 11440000
2 6 0.000 11440000
2 7 0.000 11440000
2 8 0.000 11440000
2 9 0.000 11440000
2 10 0.000 11440000
2 11 0.000 11440000
2 12 0.000 11440000
2 1 0.000 11440000
1 2 0.000 11450000
1 0 0.000 11450000
2 3 0.000 11450000
2 4 0.000 11450000
2 5 0.000 11450000
2 6 0.000 11450000
2 7 0.000 11450000
2 8 0.000 11450000
2 9 0.000 11450000
2 10 0.000 11450000
2 11 0.000 11450000
2 12 0.000 11450000
2 1 0.000 11450000
1 2 0.000 11460000
1 0 0.000 11460000
2 3 0.000 11460000
2 4 0.000 11460000
2 5 0.000 11460000
2 6 0.000 11460000
2 7 0.000 11460000
2 8 0.000 11460000
2 9 0.000 11460000
2 10 0.000 11460000
2 11 0.000 11460000
2 12 0.000 11460000
2 1 0.000 11460000
1 2 0.000 11470000
1 0 0.000 11470000
2 3 0.000 11470000
2 4 0.000 11470000
2 5 0.000 11470000
2 6 0.000 11470000
2 7 0.000 11470000
2 8 0.000 11470000
2 9 0.000 11470000
2 10 0.000 11470000
2 11 0.000 11470000
2 12 0.000 11470000
2 1 0.000 11470000
1 2 0.000 11480000
1 0 0.000 11480000
2 3 0.000 11480000
2 4 0.000 11480000
2 5 0.000 11480000
2 6 0.000 11480000
2 7 0.000 11480000
2 8 0.000 11480000
2 9 0.000 11480000
2 10 0.000 11480000
2 11 0.000 11480000
2 12 0.000 11480000
2 1 0.000 11480000
1 2 0.000 11490000
1 0 0.000 11490000
2 3 0.000 11490000
2 4 0.000 11490000
2 5 0.000 11490000
2 6 0.000 11490000
2 7 0.000 11490000
2 8 0.000 11490000
2 9 0.000 11490000
2 10 0.000 11490000
2 11 0.000 11490000
2 12 0.000 11490000
2 1 0.000 11490000
1 2 0.000 11500000
1 0 0.000 11500000
2 3 0.000 11500000
2 4 0.000 11500000
2 5 0.000 11500000
2 6 0.000 11500000
2 7 0.000 11500000
2 8 0.000 11500000
2 9 0.000 11500000
2 10 0.000 11500000
2 11 0.000 11500000
2 12 0.000 11500000
2 1 0.000 11500000
1 2 0.000 11510000
1 0 0.000 11510000
2 3 0.000 11510000
2 4 0.000 11510000
2 5 0.000 11510000
2 6 0.000 11510000
2 7 0.000 11510000
2 8 0.000 11510000
2 9 0.000 11510000
2 10 0.000 11510000
2 11 0.000 11510000
2 12 0.000 11510000
2 1 0.000 11510000
1 2 0.000 11520000
1 0 0.000 11520000
2 3 0.000 11520000
2 4 0.000 11520000
2 5 0.000 11520000
2 6 0.000 11520000
2 7 0.000 11520000
2 8 0.000 11520000
2 9 0.000 11520000
2 10 0.000 11520000
2 11 0.000 11520000
2 12 0.000 11520000
2 1 0.000 11520000
1 2 0.000 11530000
1 0 0.000 11530000
2 3 0.000 11530000
2 4 0.000 11530000
2 5 0.000 11530000
2 6 0.000 11530000
2 7 0.000 11530000
2 8 0.000 11530000
2 9 0.000 11530000
2 10 0.000 11530000
2 11 0.000 11530000
2 12 0.000 11530000
2 1 0.000 11530000
1 2 0.000 11540000
1 0 0.000 11540000
2 3 0.000 11540000
2 4 0.000 11540000
2 5 0.000 11540000
2 6 0.000 11540000
2 7 0.000 11540000
2 8 0.000 11540000
2 9 0.000 11540000
2 10 0.000 11540000
2 11 0.000 11540000
2 12 0.000 11540000
2 1 0.000 11540000
1 2 0.000 11550000
1 0 0.000 11550000
2 3 0.000 11550000
2 4 0.000 11550000
2 5 0.000 11550000
2 6 0.000 11550000
2 7 0.000 11550000
2 8 0.000 11550000
2 9 0.000 11550000
2 10 0.000 11550000
2 11 0.000 11550000
2 12 0.000 11550000
2 1 0.000 11550000
1 2 0.000 11560000
1 0 0.000 11560000
2 3 0.000 11560000
2 4 0.000 11560000
2 5 0.000 11560000
2 6 0.000 11560000
2 7 0.000 11560000
2 8 0.000 11560000
2 9 0.000 11560000
2 10 0.000 11560000
2 11 0.000 11560000
2 12 0.000 11560000
2 1 0.000 11560000
1 2 0.000 11570000
1 0 0.000 11570000
2 3 0.000 11570000
2 4 0.000 11570000
2 5 0.000 11570000
2 6 0.000 11570000
2 7 0.000 11570000
2 8 0.000 11570000
2 9 0.000 11570000
2 10 0.000 11570000
2 11 0.000 11570000
2 12 0.000 11570000
2 1 0.000 11570000
1 2 0.000 11580000
1 0 0.000 11580000
2 3 0.000 11580000
2 4 0.000 11580000
2 5 0.000 11580000
2 6 0.000 11580000
2 7 0.000 11580000
2 8 0.000 11580000
2 9 0.000 11580000
2 10 0.000 11580000
2 11 0.000 11580000
2 12 0.000 11580000
2 1 0.000 11580000
1 2 0.000 11590000
1 0 0.000 11590000
2 3 0.000 11590000
2 4 0.000 11590000
2 5 0.000 11590000
2 6 0.000 11590000
2 7 0.000 11590000
2 8 0.000 11590000
2 9 0.000 11590000
2 10 0.000 11590000
2 11 0.000 11590000
2 12 0.000 11590000
2 1 0.000 11590000
1 2 0.000 11600000
1 0 0.000 11600000
2 3 0.000 11600000
2 4 0.000 11600000
2 5 0.000 11600000
2 6 0.000 11600000
2 7 0.000 11600000
2 8 0.000 11600000
2 9 0.000 11600000
2 10 0.000 11600000
2 11 0.000 11600000
2 12 0.000 11600000
2 1 0.000 11600000
1 2 0.000 11610000
1 0 0.000 11610000
2 3 0.000 11610000
2 4 0.000 11610000
2 5 0.000 11610000
2 6 0.000 11610000
2 7 0.000 11610000
2 8 0.000 11610000
2 9 0.000 11610000
2 10 0.000 11610000
2 11 0.000 11610000
2 12 0.000 11610000
2 1 0.000 11610000
1 2 0.000 11620000
1 0 0.000 11620000
2 3 0.000 11620000
2 4 0.000 11620000
2 5 0.000 11620000
2 6 0.000 11620000
2 7 0.000 11620000
2 8 0.000 11620000
2 9 0.000 11620000
2 10 0.000 11620000
2 11 0.000 11620000
2 12 0.000 11620000
2 1 0.000 11620000
1 2 0.000 11630000
1 0 0.000 11630000
2 3 0.000 11630000
2 4 0.000 11630000
2 5 0.000 11630000
2 6 0.000 11630000
2 7 0.000 11630000
2 8 0.000 11630000
2 9 0.000 11630000
2 10 0.000 11630000
2 11 0.000 11630000
2 12 0.000 11630000
2 1 0.000 11630000
1 2 0.000 11640000
1 0 0.000 11640000
2 3 0.000 11640000
2 4 0.000 11640000
2 5 0.000 11640000
2 6 0.000 11640000
2 7 0.000 11640000
2 8 0.000 11640000
2 9 0.000 11640000
2 10 0.000 11640000
2 11 0.000 11640000
2 12 0.000 11640000
2 1 0.000 11640000
1 2 0.000 11650000
1 0 0.000 11650000
2 3 0.000 11650000
2 4 0.000 11650000
2 5 0.000 11650000
2 6 0.000 11650000
2 7 0.000 11650000
2 8 0.000 11650000
2 9 0.000 11650000
2 10 0.000 11650000
2 11 0.000 11650000
2 12 0.000 11650000
2 1 0.000 11650000
1 2 0.000 11660000
1 0 0.000 11660000
2 3 0.000 11660000
2 4 0.000 11660000
2 5 0.000 11660000
2 6 0.000 11660000
2 7 0.000 11660000
2 8 0.000 11660000
2 9 0.000 11660000
2 10 0.000 11660000
2 11 0.000 11660000
2 12 0.000 11660000
2 1 0.000 11660000
1 2 0.000 11670000
1 0 0.000 11670000
2 3 0.000 11670000
2 4 0.000 11670000
2 5 0.000 11670000
2 6 0.000 11670000
2 7 0.000 11670000
2 8 0.000 11670000
2 9 0.000 11670000
2 10 0.000 11670000
2 11 0.000 11670000
2 12 0.000 11670000
2 1 0.000 11670000
1 2 0.000 11680000
1 0 0.000 11680000
2 3 0.000 11680000
2 4 0.000 11680000
2 5 0.000 11680000
2 6 0.000 11680000
2 7 0.000 11680000
2 8 0.000 11680000
2 9 0.000 11680000
2 10 0.000 11680000
2 11 0.000 11680000
2 12 0.000 11680000
2 1 0.000 11680000
1 2 0.000 11690000
1 0 0.000 11690000
2 3 0.000 11690000
2 4 0.000 11690000
2 5 0.000 11690000
2 6 0.000 11690000
2 7 0.000 11690000
2 8 0.000 11690000
2 9 0.000 11690000
2 10 0.000 11690000
2 11 0.000 11690000
2 12 0.000 11690000
2 1 0.000 11690000
1 2 0.000 11700000
1 0 0.000 11700000
2 3 0.000 11700000
2 4 0.000 11700000
2 5 0.000 11700000
2 6 0.000 11700000
2 7 0.000 11700000
2 8 0.000 11700000
2 9 0.000 11700000
2 10 0.000 11700000
2 11 0.000 11700000
2 12 0.000 11700000
2 1 0.000 11700000
1 2 0.000 11710000
1 0 0.000 11710000
2 3 0.000 11710000
2 4 0.000 11710000
2 5 0.000 11710000
2 6 0.000 11710000
2 7 0.000 11710000
2 8 0.000 11710000
2 9 0.000 11710000
2 10 0.000 11710000
2 11 0.000 11710000
2 12 0.000 11710000
2 1 0.000 11710000
1 2 0.000 11720000
1 0 0.000 11720000
2 3 0.000 11720000
2 4 0.000 11720000
2 5 0.000 11720000
2 6 0.000 11720000
2 7 0.000 11720000
2 8 0.000 11720000
2 9 0.000 11720000
2 10 0.000 11720000
2 11 0.000 11720000
2 12 0.000 11720000
2 1 0.000 11720000
1 2 0.000 11730000
1 0 0.000 11730000
2 3 0.000 11730000
2 4 0.000 11730000
2 5 0.000 11730000
2 6 0.000 11730000
2 7 0.000 11730000
2 8 0.000 11730000
2 9 0.000 11730000
2 10 0.000 11730000
2 11 0.000 11730000
2 12 0.000 11730000
2 1 0.000 11730000
1 2 0.000 11740000
1 0 0.000 11740000
2 3 0.000 11740000
2 4 0.000 11740000
2 5 0.000 11740000
2 6 0.000 11740000
2 7 0.000 11740000
2 8 0.000 11740000
2 9 0.000 11740000
2 10 0.000 11740000
2 11 0.000 11740000
2 12 0.000 11740000
2 1 0.000 11740000
1 2 0.000 11750000
1 0 0.000 11750000
2 3 0.000 11750000
2 4 0.000 11750000
2 5 0.000 11750000
2 6 0.000 11750000
2 7 0.000 11750000
2 8 0.000 11750000
2 9 0.000 11750000
2 10 0.000 11750000
2 11 0.000 11750000
2 12 0.000 11750000
2 1 0.000 11750000
1 2 0.000 11760000
1 0 0.000 11760000
2 3 0.000 11760000
2 4 0.000 11760000
2 5 0.000 11760000
2 6 0.000 11760000
2 7 0.000 11760000
2 8 0.000 11760000
2 9 0.000 11760000
2 10 0.000 11760000
2 11 0.000 11760000
2 12 0.000 11760000
2 1 0.000 11760000
1 2 0.000 11770000
1 0 0.000 11770000
2 3 0.000 11770000
2 4 0.000 11770000
2 5 0.000 11770000
2 6 0.000 11770000
2 7 0.000 11770000
2 8 0.000 11770000
2 9 0.000 11770000
2 10 0.000 11770000
2 11 0.000 11770000
2 12 0.000 11770000
2 1 0.000 11770000
1 2 0.000 11780000
1 0 0.000 11780000
2 3 0.000 11780000
2 4 0.000 11780000
2 5 0.000 11780000
2 6 0.000 11780000
2 7 0.000 11780000
2 8 0.000 11780000
2 9 0.000 11780000
2 10 0.000 11780000
2 11 0.000 11780000
2 12 0.000 11780000
2 1 0.000 11780000
1 2 0.000 11790000
1 0 0.000 11790000
2 3 0.000 11790000
2 4 0.000 11790000
2 5 0.000 11790000
2 6 0.000 11790000
2 7 0.000 11790000
2 8 0.000 11790000
2 9 0.000 11790000
2 10 0.000 11790000
2 11 0.000 11790000
2 12 0.000 11790000
2 1 0.000 11790000
1 2 0.000 11800000
1 0 0.000 11800000
2 3 0.000 11800000
2 4 0.000 11800000
2 5 0.000 11800000
2 6 0.000 11800000
2 7 0.000 11800000
2 8 0.000 11800000
2 9 0.000 11800000
2 10 0.000 11800000
2 11 0.000 11800000
2 12 0.000 11800000
2 1 0.000 11800000
1 2 0.000 11810000
1 0 0.000 11810000
2 3 0.000 11810000
2 4 0.000 11810000
2 5 0.000 11810000
2 6 0.000 11810000
2 7 0.000 11810000
2 8 0.000 11810000
2 9 0.000 11810000
2 10 0.000 11810000
2 11 0.000 11810000
2 12 0.000 11810000
2 1 0.000 11810000
1 2 0.000 11820000
1 0 0.000 11820000
2 3 0.000 11820000
2 4 0.000 11820000
2 5 0.000 11820000
2 6 0.000 11820000
2 7 0.000 11820000
2 8 0.000 11820000
2 9 0.000 11820000
2 10 0.000 11820000
2 11 0.000 11820000
2 12 0.000 11820000
2 1 0.000 11820000
1 2 0.000 11830000
1 0 0.000 11830000
2 3 0.000 11830000
2 4 0.000 11830000
2 5 0.000 11830000
2 6 0.000 11830000
2 7 0.000 11830000
2 8 0.000 11830000
2 9 0.000 11830000
2 10 0.000 11830000
2 11 0.000 11830000
2 12 0.000 11830000
2 1 0.000 11830000
1 2 0.000 11840000
1 0 0.000 11840000
2 3 0.000 11840000
2 4 0.000 11840000
2 5 0.000 11840000
2 6 0.000 11840000
2 7 0.000 11840000
2 8 0.000 11840000
2 9 0.000 11840000
2 10 0.000 11840000
2 11 0.000 11840000
2 12 0.000 11840000
2 1 0.000 11840000
1 2 0.000 11850000
1 0 0.000 11850000
2 3 0.000 11850000
2 4 0.000 11850000
2 5 0.000 11850000
2 6 0.000 11850000
2 7 0.000 11850000
2 8 0.000 11850000
2 9 0.000 11850000
2 10 0.000 11850000
2 11 0.000 11850000
2 12 0.000 11850000
2 1 0.000 11850000
1 2 0.000 11860000
1 0 0.000 11860000
2 3 0.000 11860000
2 4 0.000 11860000
2 5 0.000 11860000
2 6 0.000 11860000
2 7 0.000 11860000
2 8 0.000 11860000
2 9 0.000 11860000
2 10 0.000 11860000
2 11 0.000 11860000
2 12 0.000 11860000
2 1 0.000 11860000
1 2 0.000 11870000
1 0 0.000 11870000
2 3 0.000 11870000
2 4 0.000 11870000
2 5 0.000 11870000
2 6 0.000 11870000
2 7 0.000 11870000
2 8 0.000 11870000
2 9 0.000 11870000
2 10 0.000 11870000
2 11 0.000 11870000
2 12 0.000 11870000
2 1 0.000 11870000
1 2 0.000 11880000
1 0 0.000 11880000
2 3 0.000 11880000
2 4 0.000 11880000
2 5 0.000 11880000
2 6 0.000 11880000
2 7 0.000 11880000
2 8 0.000 11880000
2 9 0.000 11880000
2 10 0.000 11880000
2 11 0.000 11880000
2 12 0.000 11880000
2 1 0.000 11880000
1 2 0.000 11890000
1 0 0.000 11890000
2 3 0.000 11890000
2 4 0.000 11890000
2 5 0.000 11890000
2 6 0.000 11890000
2 7 0.000 11890000
2 8 0.000 11890000
2 9 0.000 11890000
2 10 0.000 11890000
2 11 0.000 11890000
2 12 0.000 11890000
2 1 0.000 11890000
1 2 0.000 11900000
1 0 0.000 11900000
2 3 0.000 11900000
2 4 0.000 11900000
2 5 0.000 11900000
2 6 0.000 11900000
2 7 0.000 11900000
2 8 0.000 11900000
2 9 0.000 11900000
2 10 0.000 11900000
2 11 0.000 11900000
2 12 0.000 11900000
2 1 0.000 11900000
1 2 0.000 11910000
1 0 0.000 11910000
2 3 0.000 11910000
2 4 0.000 11910000
2 5 0.000 11910000
2 6 0.000 11910000
2 7 0.000 11910000
2 8 0.000 11910000
2 9 0.000 11910000
2 10 0.000 11910000
2 11 0.000 11910000
2 12 0.000 11910000
2 1 0.000 11910000
1 2 0.000 11920000
1 0 0.000 11920000
2 3 0.000 11920000
2 4 0.000 11920000
2 5 0.000 11920000
2 6 0.000 11920000
2 7 0.000 11920000
2 8 0.000 11920000
2 9 0.000 11920000
2 10 0.000 11920000
2 11 0.000 11920000
2 12 0.000 11920000
2 1 0.000 11920000
1 2 0.000 11930000
1 0 0.000 11930000
2 3 0.000 11930000
2 4 0.000 11930000
2 5 0.000 11930000
2 6 0.000 11930000
2 7 0.000 11930000
2 8 0.000 11930000
2 9 0.000 11930000
2 10 0.000 11930000
2 11 0.000 11930000
2 12 0.000 11930000
2 1 0.000 11930000
1 2 0.000 11940000
1 0 0.000 11940000
2 3 0.000 11940000
2 4 0.000 11940000
2 5 0.000 11940000
2 6 0.000 11940000
2 7 0.000 11940000
2 8 0.000 11940000
2 9 0.000 11940000
2 10 0.000 11940000
2 11 0.000 11940000
2 12 0.000 11940000
2 1 0.000 11940000
1 2 0.000 11950000
1 0 0.000 11950000
2 3 0.000 11950000
2 4 0.000 11950000
2 5 0.000 11950000
2 6 0.000 11950000
2 7 0.000 11950000
2 8 0.000 11950000
2 9 0.000 11950000
2 10 0.000 11950000
2 11 0.000 11950000
2 12 0.000 11950000
2 1 0.000 11950000
1 2 0.000 11960000
1 0 0.000 11960000
2 3 0.000 11960000
2 4 0.000 11960000
2 5 0.000 11960000
2 6 0.000 11960000
2 7 0.000 11960000
2 8 0.000 11960000
2 9 0.000 11960000
2 10 0.000 11960000
2 11 0.000 11960000
2 12 0.000 11960000
2 1 0.000 11960000
1 2 0.000 11970000
1 0 0.000 11970000
2 3 0.000 11970000
2 4 0.000 11970000
2 5 0.000 11970000
2 6 0.000 11970000
2 7 0.000 11970000
2 8 0.000 11970000
2 9 0.000 11970000
2 10 0.000 11970000
2 11 0.000 11970000
2 12 0.000 11970000
2 1 0.000 11970000
1 2 0.000 11980000
1 0 0.000 11980000
2 3 0.000 11980000
2 4 0.000 11980000
2 5 0.000 11980000
2 6 0.000 11980000
2 7 0.000 11980000
2 8 0.000 11980000
2 9 0.000 11980000
2 10 0.000 11980000
2 11 0.000 11980000
2 12 0.000 11980000
2 1 0.000 11980000
1 2 0.000 11990000
1 0 0.000 11990000
2 3 0.000 11990000
2 4 0.000 11990000
2 5 0.000 11990000
2 6 0.000 11990000
2 7 0.000 11990000
2 8 0.000 11990000
2 9 0.000 11990000
2 10 0.000 11990000
2 11 0.000 11990000
2 12 0.000 11990000
2 1 0.000 11990000
1 2 0.000 12000000
1 0 0.000 12000000
2 3 0.000 12000000
2 4 0.000 12000000
2 5 0.000 12000000
2 6 0.000 12000000
2 7 0.000 12000000
2 8 0.000 12000000
2 9 0.000 12000000
2 10 0.000 12000000
2 11 0.000 12000000
2 12 0.000 12000000
2 1 0.000 12000000
1 2 0.000 12010000
1 0 0.000 12010000
2 3 0.000 12010000
2 4 0.000 12010000
2 5 0.000 12010000
2 6 0.000 12010000
2 7 0.000 12010000
2 8 0.000 12010000
2 9 0.000 12010000
2 10 0.000 12010000
2 11 0.000 12010000
2 12 0.000 12010000
2 1 0.000 12010000
1 2 0.000 12020000
1 0 0.000 12020000
2 3 0.000 12020000
2 4 0.000 12020000
2 5 0.000 12020000
2 6 0.000 12020000
2 7 0.000 12020000
2 8 0.000 12020000
2 9 0.000 12020000
2 10 0.000 12020000
2 11 0.000 12020000
2 12 0.000 12020000
2 1 0.000 12020000
1 2 0.000 12030000
1 0 0.000 12030000
2 3 0.000 12030000
2 4 0.000 12030000
2 5 0.000 12030000
2 6 0.000 12030000
2 7 0.000 12030000
2 8 0.000 12030000
2 9 0.000 12030000
2 10 0.000 12030000
2 11 0.000 12030000
2 12 0.000 12030000
2 1 0.000 12030000
1 2 0.000 12040000
1 0 0.000 12040000
2 3 0.000 12040000
2 4 0.000 12040000
2 5 0.000 12040000
2 6 0.000 12040000
2 7 0.000 12040000
2 8 0.000 12040000
2 9 0.000 12040000
2 10 0.000 12040000
2 11 0.000 12040000
2 12 0.000 12040000
2 1 0.000 12040000
1 2 0.000 12050000
1 0 0.000 12050000
2 3 0.000 12050000
2 4 0.000 12050000
2 5 0.000 12050000
2 6 0.000 12050000
2 7 0.000 12050000
2 8 0.000 12050000
2 9 0.000 12050000
2 10 0.000 12050000
2 11 0.000 12050000
2 12 0.000 12050000
2 1 0.000 12050000
1 2 0.000 12060000
1 0 0.000 12060000
2 3 0.000 12060000
2 4 0.000 12060000
2 5 0.000 12060000
2 6 0.000 12060000
2 7 0.000 12060000
2 8 0.000 12060000
2 9 0.000 12060000
2 10 0.000 12060000
2 11 0.000 12060000
2 12 0.000 12060000
2 1 0.000 12060000
1 2 0.000 12070000
1 0 0.000 12070000
2 3 0.000 12070000
2 4 0.000 12070000
2 5 0.000 12070000
2 6 0.000 12070000
2 7 0.000 12070000
2 8 0.000 12070000
2 9 0.000 12070000
2 10 0.000 12070000
2 11 0.000 12070000
2 12 0.000 12070000
2 1 0.000 12070000
1 2 0.000 12080000
1 0 0.000 12080000
2 3 0.000 12080000
2 4 0.000 12080000
2 5 0.000 12080000
2 6 0.000 12080000
2 7 0.000 12080000
2 8 0.000 12080000
2 9 0.000 12080000
2 10 0.000 12080000
2 11 0.000 12080000
2 12 0.000 12080000
2 1 0.000 12080000
1 2 0.000 12090000
1 0 0.000 12090000
2 3 0.000 12090000
2 4 0.000 12090000
2 5 0.000 12090000
2 6 0.000 12090000
2 7 0.000 12090000
2 8 0.000 12090000
2 9 0.000 12090000
2 10 0.000 12090000
2 11 0.000 12090000
2 12 0.000 12090000
2 1 0.000 12090000
1 2 0.000 12100000
1 0 0.000 12100000
2 3 0.000 12100000
2 4 0.000 12100000
2 5 0.000 12100000
2 6 0.000 12100000
2 7 0.000 12100000
2 8 0.000 12100000
2 9 0.000 12100000
2 10 0.000 12100000
2 11 0.000 12100000
2 12 0.000 12100000
2 1 0.000 12100000
1 2 0.000 12110000
1 0 0.000 12110000
2 3 0.000 12110000
2 4 0.000 12110000
2 5 0.000 12110000
2 6 0.000 12110000
2 7 0.000 12110000
2 8 0.000 12110000
2 9 0.000 12110000
2 10 0.000 12110000
2 11 0.000 12110000
2 12 0.000 12110000
2 1 0.000 12110000
1 2 0.000 12120000
1 0 0.000 12120000
2 3 0.000 12120000
2 4 0.000 12120000
2 5 0.000 12120000
2 6 0.000 12120000
2 7 0.000 12120000
2 8 0.000 12120000
2 9 0.000 12120000
2 10 0.000 12120000
2 11 0.000 12120000
2 12 0.000 12120000
2 1 0.000 12120000
1 2 0.000 12130000
1 0 0.000 12130000
2 3 0.000 12130000
2 4 0.000 12130000
2 5 0.000 12130000
2 6 0.000 12130000
2 7 0.000 12130000
2 8 0.000 12130000
2 9 0.000 12130000
2 10 0.000 12130000
2 11 0.000 12130000
2 12 0.000 12130000
2 1 0.000 12130000
1 2 0.000 12140000
1 0 0.000 12140000
2 3 0.000 12140000
2 4 0.000 12140000
2 5 0.000 12140000
2 6 0.000 12140000
2 7 0.000 12140000
2 8 0.000 12140000
2 9 0.000 12140000
2 10 0.000 12140000
2 11 0.000 12140000
2 12 0.000 12140000
2 1 0.000 12140000
1 2 0.000 12150000
1 0 0.000 12150000
2 3 0.000 12150000
2 4 0.000 12150000
2 5 0.000 12150000
2 6 0.000 12150000
2 7 0.000 12150000
2 8 0.000 12150000
2 9 0.000 12150000
2 10 0.000 12150000
2 11 0.000 12150000
2 12 0.000 12150000
2 1 0.000 12150000
1 2 0.000 12160000
1 0 0.000 12160000
2 3 0.000 12160000
2 4 0.000 12160000
2 5 0.000 12160000
2 6 0.000 12160000
2 7 0.000 12160000
2 8 0.000 12160000
2 9 0.000 12160000
2 10 0.000 12160000
2 11 0.000 12160000
2 12 0.000 12160000
2 1 0.000 12160000
1 2 0.000 12170000
1 0 0.000 12170000
2 3 0.000 12170000
2 4 0.000 12170000
2 5 0.000 12170000
2 6 0.000 12170000
2 7 0.000 12170000
2 8 0.000 12170000
2 9 0.000 12170000
2 10 0.000 12170000
2 11 0.000 12170000
2 12 0.000 12170000
2 1 0.000 12170000
1 2 0.000 12180000
1 0 0.000 12180000
2 3 0.000 12180000
2 4 0.000 12180000
2 5 0.000 12180000
2 6 0.000 12180000
2 7 0.000 12180000
2 8 0.000 12180000
2 9 0.000 12180000
2 10 0.000 12180000
2 11 0.000 12180000
2 12 0.000 12180000
2 1 0.000 12180000
1 2 0.000 12190000
1 0 0.000 12190000
2 3 0.000 12190000
2 4 0.000 12190000
2 5 0.000 12190000
2 6 0.000 12190000
2 7 0.000 12190000
2 8 0.000 12190000
2 9 0.000 12190000
2 10 0.000 12190000
2 11 0.000 12190000
2 12 0.000 12190000
2 1 0.000 12190000
1 2 0.000 12200000
1 0 0.000 12200000
2 3 0.000 12200000
2 4 0.000 12200000
2 5 0.000 12200000
2 6 0.000 12200000
2 7 0.000 12200000
2 8 0.000 12200000
2 9 0.000 12200000
2 10 0.000 12200000
2 11 0.000 12200000
2 12 0.000 12200000
2 1 0.000 12200000
1 2 0.000 12210000
1 0 0.000 12210000
2 3 0.000 12210000
2 4 0.000 12210000
2 5 0.000 12210000
2 6 0.000 12210000
2 7 0.000 12210000
2 8 0.000 12210000
2 9 0.000 12210000
2 10 0.000 12210000
2 11 0.000 12210000
2 12 0.000 12210000
2 1 0.000 12210000
1 2 0.000 12220000
1 0 0.000 12220000
2 3 0.000 12220000
2 4 0.000 12220000
2 5 0.000 12220000
2 6 0.000 12220000
2 7 0.000 12220000
2 8 0.000 12220000
2 9 0.000 12220000
2 10 0.000 12220000
2 11 0.000 12220000
2 12 0.000 12220000
2 1 0.000 12220000
1 2 0.000 12230000
1 0 0.000 12230000
2 3 0.000 12230000
2 4 0.000 12230000
2 5 0.000 12230000
2 6 0.000 12230000
2 7 0.000 12230000
2 8 0.000 12230000
2 9 0.000 12230000
2 10 0.000 12230000
2 11 0.000 12230000
2 12 0.000 12230000
2 1 0.000 12230000
1 2 0.000 12240000
1 0 0.000 12240000
2 3 0.000 12240000
2 4 0.000 12240000
2 5 0.000 12240000
2 6 0.000 12240000
2 7 0.000 12240000
2 8 0.000 12240000
2 9 0.000 12240000
2 10 0.000 12240000
2 11 0.000 12240000
2 12 0.000 12240000
2 1 0.000 12240000
1 2 0.000 12250000
1 0 0.000 12250000
2 3 0.000 12250000
2 4 0.000 12250000
2 5 0.000 12250000
2 6 0.000 12250000
2 7 0.000 12250000
2 8 0.000 12250000
2 9 0.000 12250000
2 10 0.000 12250000
2 11 0.000 12250000
2 12 0.000 12250000
2 1 0.000 12250000
1 2 0.000 12260000
1 0 0.000 12260000
2 3 0.000 12260000
2 4 0.000 12260000
2 5 0.000 12260000
2 6 0.000 12260000
2 7 0.000 12260000
2 8 0.000 12260000
2 9 0.000 12260000
2 10 0.000 12260000
2 11 0.000 12260000
2 12 0.000 12260000
2 1 0.000 12260000
1 2 0.000 12270000
1 0 0.000 12270000
2 3 0.000 12270000
2 4 0.000 12270000
2 5 0.000 12270000
2 6 0.000 12270000
2 7 0.000 12270000
2 8 0.000 12270000
2 9 0.000 12270000
2 10 0.000 12270000
2 11 0.000 12270000
2 12 0.000 12270000
2 1 0.000 12270000
1 2 0.000 12280000
1 0 0.000 12280000
2 3 0.000 12280000
2 4 0.000 12280000
2 5 0.000 12280000
2 6 0.000 12280000
2 7 0.000 12280000
2 8 0.000 12280000
2 9 0.000 12280000
2 10 0.000 12280000
2 11 0.000 12280000
2 12 0.000 12280000
2 1 0.000 12280000
1 2 0.000 12290000
1 0 0.000 12290000
2 3 0.000 12290000
2 4 0.000 12290000
2 5 0.000 12290000
2 6 0.000 12290000
2 7 0.000 12290000
2 8 0.000 12290000
2 9 0.000 12290000
2 10 0.000 12290000
2 11 0.000 12290000
2 12 0.000 12290000
2 1 0.000 12290000
1 2 0.000 12300000
1 0 0.000 12300000
2 3 0.000 12300000
2 4 0.000 12300000
2 5 0.000 12300000
2 6 0.000 12300000
2 7 0.000 12300000
2 8 0.000 12300000
2 9 0.000 12300000
2 10 0.000 12300000
2 11 0.000 12300000
2 12 0.000 12300000
2 1 0.000 12300000
1 2 0.000 12310000
1 0 0.000 12310000
2 3 0.000 12310000
2 4 0.000 12310000
2 5 0.000 12310000
2 6 0.000 12310000
2 7 0.000 12310000
2 8 0.000 12310000
2 9 0.000 12310000
2 10 0.000 12310000
2 11 0.000 12310000
2 12 0.000 12310000
2 1 0.000 12310000
1 2 0.000 12320000
1 0 0.000 12320000
2 3 0.000 12320000
2 4 0.000 12320000
2 5 0.000 12320000
2 6 0.000 12320000
2 7 0.000 12320000
2 8 0.000 12320000
2 9 0.000 12320000
2 10 0.000 12320000
2 11 0.000 12320000
2 12 0.000 12320000
2 1 0.000 12320000
1 2 0.000 12330000
1 0 0.000 12330000
2 3 0.000 12330000
2 4 0.000 12330000
2 5 0.000 12330000
2 6 0.000 12330000
2 7 0.000 12330000
2 8 0.000 12330000
2 9 0.000 12330000
2 10 0.000 12330000
2 11 0.000 12330000
2 12 0.000 12330000
2 1 0.000 12330000
1 2 0.000 12340000
1 0 0.000 12340000
2 3 0.000 12340000
2 4 0.000 12340000
2 5 0.000 12340000
2 6 0.000 12340000
2 7 0.000 12340000
2 8 0.000 12340000
2 9 0.000 12340000
2 10 0.000 12340000
2 11 0.000 12340000
2 12 0.000 12340000
2 1 0.000 12340000
1 2 0.000 12350000
1 0 0.000 12350000
2 3 0.000 12350000
2 4 0.000 12350000
2 5 0.000 12350000
2 6 0.000 12350000
2 7 0.000 12350000
2 8 0.000 12350000
2 9 0.000 12350000
2 10 0.000 12350000
2 11 0.000 12350000
2 12 0.000 12350000
2 1 0.000 12350000
1 2 0.000 12360000
1 0 0.000 12360000
2 3 0.000 12360000
2 4 0.000 12360000
2 5 0.000 12360000
2 6 0.000 12360000
2 7 0.000 12360000
2 8 0.000 12360000
2 9 0.000 12360000
2 10 0.000 12360000
2 11 0.000 12360000
2 12 0.000 12360000
2 1 0.000 12360000
1 2 0.000 12370000
1 0 0.000 12370000
2 3 0.000 12370000
2 4 0.000 12370000
2 5 0.000 12370000
2 6 0.000 12370000
2 7 0.000 12370000
2 8 0.000 12370000
2 9 0.000 12370000
2 10 0.000 12370000
2 11 0.000 12370000
2 12 0.000 12370000
2 1 0.000 12370000
1 2 0.000 12380000
1 0 0.000 12380000
2 3 0.000 12380000
2 4 0.000 12380000
2 5 0.000 12380000
2 6 0.000 12380000
2 7 0.000 12380000
2 8 0.000 12380000
2 9 0.000 12380000
2 10 0.000 12380000
2 11 0.000 12380000
2 12 0.000 12380000
2 1 0.000 12380000
1 2 0.000 12390000
1 0 0.000 12390000
2 3 0.000 12390000
2 4 0.000 12390000
2 5 0.000 12390000
2 6 0.000 12390000
2 7 0.000 12390000
2 8 0.000 12390000
2 9 0.000 12390000
2 10 0.000 12390000
2 11 0.000 12390000
2 12 0.000 12390000
2 1 0.000 12390000
1 2 0.000 12400000
1 0 0.000 12400000
2 3 0.000 12400000
2 4 0.000 12400000
2 5 0.000 12400000
2 6 0.000 12400000
2 7 0.000 12400000
2 8 0.000 12400000
2 9 0.000 12400000
2 10 0.000 12400000
2 11 0.000 12400000
2 12 0.000 12400000
2 1 0.000 12400000
1 2 0.000 12410000
1 0 0.000 12410000
2 3 0.000 12410000
2 4 0.000 12410000
2 5 0.000 12410000
2 6 0.000 12410000
2 7 0.000 12410000
2 8 0.000 12410000
2 9 0.000 12410000
2 10 0.000 12410000
2 11 0.000 12410000
2 12 0.000 12410000
2 1 0.000 12410000
1 2 0.000 12420000
1 0 0.000 12420000
2 3 0.000 12420000
2 4 0.000 12420000
2 5 0.000 12420000
2 6 0.000 12420000
2 7 0.000 12420000
2 8 0.000 12420000
2 9 0.000 12420000
2 10 0.000 12420000
2 11 0.000 12420000
2 12 0.000 12420000
2 1 0.000 12420000
1 2 0.000 12430000
1 0 0.000 12430000
2 3 0.000 12430000
2 4 0.000 12430000
2 5 0.000 12430000
2 6 0.000 12430000
2 7 0.000 12430000
2 8 0.000 12430000
2 9 0.000 12430000
2 10 0.000 12430000
2 11 0.000 12430000
2 12 0.000 12430000
2 1 0.000 12430000
1 2 0.000 12440000
1 0 0.000 12440000
2 3 0.000 12440000
2 4 0.000 12440000
2 5 0.000 12440000
2 6 0.000 12440000
2 7 0.000 12440000
2 8 0.000 12440000
2 9 0.000 12440000
2 10 0.000 12440000
2 11 0.000 12440000
2 12 0.000 12440000
2 1 0.000 12440000
1 2 0.000 12450000
1 0 0.000 12450000
2 3 0.000 12450000
2 4 0.000 12450000
2 5 0.000 12450000
2 6 0.000 12450000
2 7 0.000 12450000
2 8 0.000 12450000
2 9 0.000 12450000
2 10 0.000 12450000
2 11 0.000 12450000
2 12 0.000 12450000
2 1 0.000 12450000
1 2 0.000 12460000
1 0 0.000 12460000
2 3 0.000 12460000
2 4 0.000 12460000
2 5 0.000 12460000
2 6 0.000 12460000
2 7 0.000 12460000
2 8 0.000 12460000
2 9 0.000 12460000
2 10 0.000 12460000
2 11 0.000 12460000
2 12 0.000 12460000
2 1 0.000 12460000
1 2 0.000 12470000
1 0 0.000 12470000
2 3 0.000 12470000
2 4 0.000 12470000
2 5 0.000 12470000
2 6 0.000 12470000
2 7 0.000 12470000
2 8 0.000 12470000
2 9 0.000 12470000
2 10 0.000 12470000
2 11 0.000 12470000
2 12 0.000 12470000
2 1 0.000 12470000
1 2 0.000 12480000
1 0 0.000 12480000
2 3 0.000 12480000
2 4 0.000 12480000
2 5 0.000 12480000
2 6 0.000 12480000
2 7 0.000 12480000
2 8 0.000 12480000
2 9 0.000 12480000
2 10 0.000 12480000
2 11 0.000 12480000
2 12 0.000 12480000
2 1 0.000 12480000
1 2 0.000 12490000
1 0 0.000 12490000
2 3 0.000 12490000
2 4 0.000 12490000
2 5 0.000 12490000
2 6 0.000 12490000
2 7 0.000 12490000
2 8 0.000 12490000
2 9 0.000 12490000
2 10 0.000 12490000
2 11 0.000 12490000
2 12 0.000 12490000
2 1 0.000 12490000
1 2 0.000 12500000
1 0 0.000 12500000
2 3 0.000 12500000
2 4 0.000 12500000
2 5 0.000 12500000
2 6 0.000 12500000
2 7 0.000 12500000
2 8 0.000 12500000
2 9 0.000 12500000
2 10 0.000 12500000
2 11 0.000 12500000
2 12 0.000 12500000
2 1 0.000 12500000
1 2 0.000 12510000
1 0 0.000 12510000
2 3 0.000 12510000
2 4 0.000 12510000
2 5 0.000 12510000
2 6 0.000 12510000
2 7 0.000 12510000
2 8 0.000 12510000
2 9 0.000 12510000
2 10 0.000 12510000
2 11 0.000 12510000
2 12 0.000 12510000
2 1 0.000 12510000
1 2 0.000 12520000
1 0 0.000 12520000
2 3 0.000 12520000
2 4 0.000 12520000
2 5 0.000 12520000
2 6 0.000 12520000
2 7 0.000 12520000
2 8 0.000 12520000
2 9 0.000 12520000
2 10 0.000 12520000
2 11 0.000 12520000
2 12 0.000 12520000
2 1 0.000 12520000
1 2 0.000 12530000
1 0 0.000 12530000
2 3 0.000 12530000
2 4 0.000 12530000
2 5 0.000 12530000
2 6 0.000 12530000
2 7 0.000 12530000
2 8 0.000 12530000
2 9 0.000 12530000
2 10 0.000 12530000
2 11 0.000 12530000
2 12 0.000 12530000
2 1 0.000 12530000
1 2 0.000 12540000
1 0 0.000 12540000
2 3 0.000 12540000
2 4 0.000 12540000
2 5 0.000 12540000
2 6 0.000 12540000
2 7 0.000 12540000
2 8 0.000 12540000
2 9 0.000 12540000
2 10 0.000 12540000
2 11 0.000 12540000
2 12 0.000 12540000
2 1 0.000 12540000
1 2 0.000 12550000
1 0 0.000 12550000
2 3 0.000 12550000
2 4 0.000 12550000
2 5 0.000 12550000
2 6 0.000 12550000
2 7 0.000 12550000
2 8 0.000 12550000
2 9 0.000 12550000
2 10 0.000 12550000
2 11 0.000 12550000
2 12 0.000 12550000
2 1 0.000 12550000
1 2 0.000 12560000
1 0 0.000 12560000
2 3 0.000 12560000
2 4 0.000 12560000
2 5 0.000 12560000
2 6 0.000 12560000
2 7 0.000 12560000
2 8 0.000 12560000
2 9 0.000 12560000
2 10 0.000 12560000
2 11 0.000 12560000
2 12 0.000 12560000
2 1 0.000 12560000
1 2 0.000 12570000
1 0 0.000 12570000
2 3 0.000 12570000
2 4 0.000 12570000
2 5 0.000 12570000
2 6 0.000 12570000
2 7 0.000 12570000
2 8 0.000 12570000
2 9 0.000 12570000
2 10 0.000 12570000
2 11 0.000 12570000
2 12 0.000 12570000
2 1 0.000 12570000
1 2 0.000 12580000
1 0 0.000 12580000
2 3 0.000 12580000
2 4 0.000 12580000
2 5 0.000 12580000
2 6 0.000 12580000
2 7 0.000 12580000
2 8 0.000 12580000
2 9 0.000 12580000
2 10 0.000 12580000
2 11 0.000 12580000
2 12 0.000 12580000
2 1 0.000 12580000
1 2 0.000 12590000
1 0 0.000 12590000
2 3 0.000 12590000
2 4 0.000 12590000
2 5 0.000 12590000
2 6 0.000 12590000
2 7 0.000 12590000
2 8 0.000 12590000
2 9 0.000 12590000
2 10 0.000 12590000
2 11 0.000 12590000
2 12 0.000 12590000
2 1 0.000 12590000
1 2 0.000 12600000
1 0 0.000 12600000
2 3 0.000 12600000
2 4 0.000 12600000
2 5 0.000 12600000
2 6 0.000 12600000
2 7 0.000 12600000
2 8 0.000 12600000
2 9 0.000 12600000
2 10 0.000 12600000
2 11 0.000 12600000
2 12 0.000 12600000
2 1 0.000 12600000
1 2 0.000 12610000
1 0 0.000 12610000
2 3 0.000 12610000
2 4 0.000 12610000
2 5 0.000 12610000
2 6 0.000 12610000
2 7 0.000 12610000
2 8 0.000 12610000
2 9 0.000 12610000
2 10 0.000 12610000
2 11 0.000 12610000
2 12 0.000 12610000
2 1 0.000 12610000
1 2 0.000 12620000
1 0 0.000 12620000
2 3 0.000 12620000
2 4 0.000 12620000
2 5 0.000 12620000
2 6 0.000 12620000
2 7 0.000 12620000
2 8 0.000 12620000
2 9 0.000 12620000
2 10 0.000 12620000
2 11 0.000 12620000
2 12 0.000 12620000
2 1 0.000 12620000
1 2 0.000 12630000
1 0 0.000 12630000
2 3 0.000 12630000
2 4 0.000 12630000
2 5 0.000 12630000
2 6 0.000 12630000
2 7 0.000 12630000
2 8 0.000 12630000
2 9 0.000 12630000
2 10 0.000 12630000
2 11 0.000 12630000
2 12 0.000 12630000
2 1 0.000 12630000
1 2 0.000 12640000
1 0 0.000 12640000
2 3 0.000 12640000
2 4 0.000 12640000
2 5 0.000 12640000
2 6 0.000 12640000
2 7 0.000 12640000
2 8 0.000 12640000
2 9 0.000 12640000
2 10 0.000 12640000
2 11 0.000 12640000
2 12 0.000 12640000
2 1 0.000 12640000
1 2 0.000 12650000
1 0 0.000 12650000
2 3 0.000 12650000
2 4 0.000 12650000
2 5 0.000 12650000
2 6 0.000 12650000
2 7 0.000 12650000
2 8 0.000 12650000
2 9 0.000 12650000
2 10 0.000 12650000
2 11 0.000 12650000
2 12 0.000 12650000
2 1 0.000 12650000
1 2 0.000 12660000
1 0 0.000 12660000
2 3 0.000 12660000
2 4 0.000 12660000
2 5 0.000 12660000
2 6 0.000 12660000
2 7 0.000 12660000
2 8 0.000 12660000
2 9 0.000 12660000
2 10 0.000 12660000
2 11 0.000 12660000
2 12 0.000 12660000
2 1 0.000 12660000
1 2 0.000 12670000
1 0 0.000 12670000
2 3 0.000 12670000
2 4 0.000 12670000
2 5 0.000 12670000
2 6 0.000 12670000
2 7 0.000 12670000
2 8 0.000 12670000
2 9 0.000 12670000
2 10 0.000 12670000
2 11 0.000 12670000
2 12 0.000 12670000
2 1 0.000 12670000
1 2 0.000 12680000
1 0 0.000 12680000
2 3 0.000 12680000
2 4 0.000 12680000
2 5 0.000 12680000
2 6 0.000 12680000
2 7 0.000 12680000
2 8 0.000 12680000
2 9 0.000 12680000
2 10 0.000 12680000
2 11 0.000 12680000
2 12 0.000 12680000
2 1 0.000 12680000
1 2 0.000 12690000
1 0 0.000 12690000
2 3 0.000 12690000
2 4 0.000 12690000
2 5 0.000 12690000
2 6 0.000 12690000
2 7 0.000 12690000
2 8 0.000 12690000
2 9 0.000 12690000
2 10 0.000 12690000
2 11 0.000 12690000
2 12 0.000 12690000
2 1 0.000 12690000
1 2 0.000 12700000
1 0 0.000 12700000
2 3 0.000 12700000
2 4 0.000 12700000
2 5 0.000 12700000
2 6 0.000 12700000
2 7 0.000 12700000
2 8 0.000 12700000
2 9 0.000 12700000
2 10 0.000 12700000
2 11 0.000 12700000
2 12 0.000 12700000
2 1 0.000 12700000
1 2 0.000 12710000
1 0 0.000 12710000
2 3 0.000 12710000
2 4 0.000 12710000
2 5 0.000 12710000
2 6 0.000 12710000
2 7 0.000 12710000
2 8 0.000 12710000
2 9 0.000 12710000
2 10 0.000 12710000
2 11 0.000 12710000
2 12 0.000 12710000
2 1 0.000 12710000
1 2 0.000 12720000
1 0 0.000 12720000
2 3 0.000 12720000
2 4 0.000 12720000
2 5 0.000 12720000
2 6 0.000 12720000
2 7 0.000 12720000
2 8 0.000 12720000
2 9 0.000 12720000
2 10 0.000 12720000
2 11 0.000 12720000
2 12 0.000 12720000
2 1 0.000 12720000
1 2 0.000 12730000
1 0 0.000 12730000
2 3 0.000 12730000
2 4 0.000 12730000
2 5 0.000 12730000
2 6 0.000 12730000
2 7 0.000 12730000
2 8 0.000 12730000
2 9 0.000 12730000
2 10 0.000 12730000
2 11 0.000 12730000
2 12 0.000 12730000
2 1 0.000 12730000
1 2 0.000 12740000
1 0 0.000 12740000
2 3 0.000 12740000
2 4 0.000 12740000
2 5 0.000 12740000
2 6 0.000 12740000
2 7 0.000 12740000
2 8 0.000 12740000
2 9 0.000 12740000
2 10 0.000 12740000
2 11 0.000 12740000
2 12 0.000 12740000
2 1 0.000 12740000
1 2 0.000 12750000
1 0 0.000 12750000
2 3 0.000 12750000
2 4 0.000 12750000
2 5 0.000 12750000
2 6 0.000 12750000
2 7 0.000 12750000
2 8 0.000 12750000
2 9 0.000 12750000
2 10 0.000 12750000
2 11 0.000 12750000
2 12 0.000 12750000
2 1 0.000 12750000
1 2 0.000 12760000
1 0 0.000 12760000
2 3 0.000 12760000
2 4 0.000 12760000
2 5 0.000 12760000
2 6 0.000 12760000
2 7 0.000 12760000
2 8 0.000 12760000
2 9 0.000 12760000
2 10 0.000 12760000
2 11 0.000 12760000
2 12 0.000 12760000
2 1 0.000 12760000
1 2 0.000 12770000
1 0 0.000 12770000
2 3 0.000 12770000
2 4 0.000 12770000
2 5 0.000 12770000
2 6 0.000 12770000
2 7 0.000 12770000
2 8 0.000 12770000
2 9 0.000 12770000
2 10 0.000 12770000
2 11 0.000 12770000
2 12 0.000 12770000
2 1 0.000 12770000
1 2 0.000 12780000
1 0 0.000 12780000
2 3 0.000 12780000
2 4 0.000 12780000
2 5 0.000 12780000
2 6 0.000 12780000
2 7 0.000 12780000
2 8 0.000 12780000
2 9 0.000 12780000
2 10 0.000 12780000
2 11 0.000 12780000
2 12 0.000 12780000
2 1 0.000 12780000
1 2 0.000 12790000
1 0 0.000 12790000
2 3 0.000 12790000
2 4 0.000 12790000
2 5 0.000 12790000
2 6 0.000 12790000
2 7 0.000 12790000
2 8 0.000 12790000
2 9 0.000 12790000
2 10 0.000 12790000
2 11 0.000 12790000
2 12 0.000 12790000
2 1 0.000 12790000
1 2 0.000 12800000
1 0 0.000 12800000
2 3 0.000 12800000
2 4 0.000 12800000
2 5 0.000 12800000
2 6 0.000 12800000
2 7 0.000 12800000
2 8 0.000 12800000
2 9 0.000 12800000
2 10 0.000 12800000
2 11 0.000 12800000
2 12 0.000 12800000
2 1 0.000 12800000
1 2 0.000 12810000
1 0 0.000 12810000
2 3 0.000 12810000
2 4 0.000 12810000
2 5 0.000 12810000
2 6 0.000 12810000
2 7 0.000 12810000
2 8 0.000 12810000
2 9 0.000 12810000
2 10 0.000 12810000
2 11 0.000 12810000
2 12 0.000 12810000
2 1 0.000 12810000
1 2 0.000 12820000
1 0 0.000 12820000
2 3 0.000 12820000
2 4 0.000 12820000
2 5 0.000 12820000
2 6 0.000 12820000
2 7 0.000 12820000
2 8 0.000 12820000
2 9 0.000 12820000
2 10 0.000 12820000
2 11 0.000 12820000
2 12 0.000 12820000
2 1 0.000 12820000
1 2 0.000 12830000
1 0 0.000 12830000
2 3 0.000 12830000
2 4 0.000 12830000
2 5 0.000 12830000
2 6 0.000 12830000
2 7 0.000 12830000
2 8 0.000 12830000
2 9 0.000 12830000
2 10 0.000 12830000
2 11 0.000 12830000
2 12 0.000 12830000
2 1 0.000 12830000
1 2 0.000 12840000
1 0 0.000 12840000
2 3 0.000 12840000
2 4 0.000 12840000
2 5 0.000 12840000
2 6 0.000 12840000
2 7 0.000 12840000
2 8 0.000 12840000
2 9 0.000 12840000
2 10 0.000 12840000
2 11 0.000 12840000
2 12 0.000 12840000
2 1 0.000 12840000
1 2 0.000 12850000
1 0 0.000 12850000
2 3 0.000 12850000
2 4 0.000 12850000
2 5 0.000 12850000
2 6 0.000 12850000
2 7 0.000 12850000
2 8 0.000 12850000
2 9 0.000 12850000
2 10 0.000 12850000
2 11 0.000 12850000
2 12 0.000 12850000
2 1 0.000 12850000
1 2 0.000 12860000
1 0 0.000 12860000
2 3 0.000 12860000
2 4 0.000 12860000
2 5 0.000 12860000
2 6 0.000 12860000
2 7 0.000 12860000
2 8 0.000 12860000
2 9 0.000 12860000
2 10 0.000 12860000
2 11 0.000 12860000
2 12 0.000 12860000
2 1 0.000 12860000
1 2 0.000 12870000
1 0 0.000 12870000
2 3 0.000 12870000
2 4 0.000 12870000
2 5 0.000 12870000
2 6 0.000 12870000
2 7 0.000 12870000
2 8 0.000 12870000
2 9 0.000 12870000
2 10 0.000 12870000
2 11 0.000 12870000
2 12 0.000 12870000
2 1 0.000 12870000
1 2 0.000 12880000
1 0 0.000 12880000
2 3 0.000 12880000
2 4 0.000 12880000
2 5 0.000 12880000
2 6 0.000 12880000
2 7 0.000 12880000
2 8 0.000 12880000
2 9 0.000 12880000
2 10 0.000 12880000
2 11 0.000 12880000
2 12 0.000 12880000
2 1 0.000 12880000
1 2 0.000 12890000
1 0 0.000 12890000
2 3 0.000 12890000
2 4 0.000 12890000
2 5 0.000 12890000
2 6 0.000 12890000
2 7 0.000 12890000
2 8 0.000 12890000
2 9 0.000 12890000
2 10 0.000 12890000
2 11 0.000 12890000
2 12 0.000 12890000
2 1 0.000 12890000
1 2 0.000 12900000
1 0 0.000 12900000
2 3 0.000 12900000
2 4 0.000 12900000
2 5 0.000 12900000
2 6 0.000 12900000
2 7 0.000 12900000
2 8 0.000 12900000
2 9 0.000 12900000
2 10 0.000 12900000
2 11 0.000 12900000
2 12 0.000 12900000
2 1 0.000 12900000
1 2 0.000 12910000
1 0 0.000 12910000
2 3 0.000 12910000
2 4 0.000 12910000
2 5 0.000 12910000
2 6 0.000 12910000
2 7 0.000 12910000
2 8 0.000 12910000
2 9 0.000 12910000
2 10 0.000 12910000
2 11 0.000 12910000
2 12 0.000 12910000
2 1 0.000 12910000
1 2 0.000 12920000
1 0 0.000 12920000
2 3 0.000 12920000
2 4 0.000 12920000
2 5 0.000 12920000
2 6 0.000 12920000
2 7 0.000 12920000
2 8 0.000 12920000
2 9 0.000 12920000
2 10 0.000 12920000
2 11 0.000 12920000
2 12 0.000 12920000
2 1 0.000 12920000
1 2 0.000 12930000
1 0 0.000 12930000
2 3 0.000 12930000
2 4 0.000 12930000
2 5 0.000 12930000
2 6 0.000 12930000
2 7 0.000 12930000
2 8 0.000 12930000
2 9 0.000 12930000
2 10 0.000 12930000
2 11 0.000 12930000
2 12 0.000 12930000
2 1 0.000 12930000
1 2 0.000 12940000
1 0 0.000 12940000
2 3 0.000 12940000
2 4 0.000 12940000
2 5 0.000 12940000
2 6 0.000 12940000
2 7 0.000 12940000
2 8 0.000 12940000
2 9 0.000 12940000
2 10 0.000 12940000
2 11 0.000 12940000
2 12 0.000 12940000
2 1 0.000 12940000
1 2 0.000 12950000
1 0 0.000 12950000
2 3 0.000 12950000
2 4 0.000 12950000
2 5 0.000 12950000
2 6 0.000 12950000
2 7 0.000 12950000
2 8 0.000 12950000
2 9 0.000 12950000
2 10 0.000 12950000
2 11 0.000 12950000
2 12 0.000 12950000
2 1 0.000 12950000
1 2 0.000 12960000
1 0 0.000 12960000
2 3 0.000 12960000
2 4 0.000 12960000
2 5 0.000 12960000
2 6 0.000 12960000
2 7 0.000 12960000
2 8 0.000 12960000
2 9 0.000 12960000
2 10 0.000 12960000
2 11 0.000 12960000
2 12 0.000 12960000
2 1 0.000 12960000
1 2 0.000 12970000
1 0 0.000 12970000
2 3 0.000 12970000
2 4 0.000 12970000
2 5 0.000 12970000
2 6 0.000 12970000
2 7 0.000 12970000
2 8 0.000 12970000
2 9 0.000 12970000
2 10 0.000 12970000
2 11 0.000 12970000
2 12 0.000 12970000
2 1 0.000 12970000
1 2 0.000 12980000
1 0 0.000 12980000
2 3 0.000 12980000
2 4 0.000 12980000
2 5 0.000 12980000
2 6 0.000 12980000
2 7 0.000 12980000
2 8 0.000 12980000
2 9 0.000 12980000
2 10 0.000 12980000
2 11 0.000 12980000
2 12 0.000 12980000
2 1 0.000 12980000
1 2 0.000 12990000
1 0 0.000 12990000
2 3 0.000 12990000
2 4 0.000 12990000
2 5 0.000 12990000
2 6 0.000 12990000
2 7 0.000 12990000
2 8 0.000 12990000
2 9 0.000 12990000
2 10 0.000 12990000
2 11 0.000 12990000
2 12 0.000 12990000
2 1 0.000 12990000
1 2 0.000 13000000
1 0 0.000 13000000
2 3 0.000 13000000
2 4 0.000 13000000
2 5 0.000 13000000
2 6 0.000 13000000
2 7 0.000 13000000
2 8 0.000 13000000
2 9 0.000 13000000
2 10 0.000 13000000
2 11 0.000 13000000
2 12 0.000 13000000
2 1 0.000 13000000
1 2 0.000 13010000
1 0 0.000 13010000
2 3 0.000 13010000
2 4 0.000 13010000
2 5 0.000 13010000
2 6 0.000 13010000
2 7 0.000 13010000
2 8 0.000 13010000
2 9 0.000 13010000
2 10 0.000 13010000
2 11 0.000 13010000
2 12 0.000 13010000
2 1 0.000 13010000
1 2 0.000 13020000
1 0 0.000 13020000
2 3 0.000 13020000
2 4 0.000 13020000
2 5 0.000 13020000
2 6 0.000 13020000
2 7 0.000 13020000
2 8 0.000 13020000
2 9 0.000 13020000
2 10 0.000 13020000
2 11 0.000 13020000
2 12 0.000 13020000
2 1 0.000 13020000
1 2 0.000 13030000
1 0 0.000 13030000
2 3 0.000 13030000
2 4 0.000 13030000
2 5 0.000 13030000
2 6 0.000 13030000
2 7 0.000 13030000
2 8 0.000 13030000
2 9 0.000 13030000
2 10 0.000 13030000
2 11 0.000 13030000
2 12 0.000 13030000
2 1 0.000 13030000
1 2 0.000 13040000
1 0 0.000 13040000
2 3 0.000 13040000
2 4 0.000 13040000
2 5 0.000 13040000
2 6 0.000 13040000
2 7 0.000 13040000
2 8 0.000 13040000
2 9 0.000 13040000
2 10 0.000 13040000
2 11 0.000 13040000
2 12 0.000 13040000
2 1 0.000 13040000
1 2 0.000 13050000
1 0 0.000 13050000
2 3 0.000 13050000
2 4 0.000 13050000
2 5 0.000 13050000
2 6 0.000 13050000
2 7 0.000 13050000
2 8 0.000 13050000
2 9 0.000 13050000
2 10 0.000 13050000
2 11 0.000 13050000
2 12 0.000 13050000
2 1 0.000 13050000
1 2 0.000 13060000
1 0 0.000 13060000
2 3 0.000 13060000
2 4 0.000 13060000
2 5 0.000 13060000
2 6 0.000 13060000
2 7 0.000 13060000
2 8 0.000 13060000
2 9 0.000 13060000
2 10 0.000 13060000
2 11 0.000 13060000
2 12 0.000 13060000
2 1 0.000 13060000
1 2 0.000 13070000
1 0 0.000 13070000
2 3 0.000 13070000
2 4 0.000 13070000
2 5 0.000 13070000
2 6 0.000 13070000
2 7 0.000 13070000
2 8 0.000 13070000
2 9 0.000 13070000
2 10 0.000 13070000
2 11 0.000 13070000
2 12 0.000 13070000
2 1 0.000 13070000
1 2 0.000 13080000
1 0 0.000 13080000
2 3 0.000 13080000
2 4 0.000 13080000
2 5 0.000 13080000
2 6 0.000 13080000
2 7 0.000 13080000
2 8 0.000 13080000
2 9 0.000 13080000
2 10 0.000 13080000
2 11 0.000 13080000
2 12 0.000 13080000
2 1 0.000 13080000
1 2 0.000 13090000
1 0 0.000 13090000
2 3 0.000 13090000
2 4 0.000 13090000
2 5 0.000 13090000
2 6 0.000 13090000
2 7 0.000 13090000
2 8 0.000 13090000
2 9 0.000 13090000
2 10 0.000 13090000
2 11 0.000 13090000
2 12 0.000 13090000
2 1 0.000 13090000
1 2 0.000 13100000
1 0 0.000 13100000
2 3 0.000 13100000
2 4 0.000 13100000
2 5 0.000 13100000
2 6 0.000 13100000
2 7 0.000 13100000
2 8 0.000 13100000
2 9 0.000 13100000
2 10 0.000 13100000
2 11 0.000 13100000
2 12 0.000 13100000
2 1 0.000 13100000
1 2 0.000 13110000
1 0 0.000 13110000
2 3 0.000 13110000
2 4 0.000 13110000
2 5 0.000 13110000
2 6 0.000 13110000
2 7 0.000 13110000
2 8 0.000 13110000
2 9 0.000 13110000
2 10 0.000 13110000
2 11 0.000 13110000
2 12 0.000 13110000
2 1 0.000 13110000
1 2 0.000 13120000
1 0 0.000 13120000
2 3 0.000 13120000
2 4 0.000 13120000
2 5 0.000 13120000
2 6 0.000 13120000
2 7 0.000 13120000
2 8 0.000 13120000
2 9 0.000 13120000
2 10 0.000 13120000
2 11 0.000 13120000
2 12 0.000 13120000
2 1 0.000 13120000
1 2 0.000 13130000
1 0 0.000 13130000
2 3 0.000 13130000
2 4 0.000 13130000
2 5 0.000 13130000
2 6 0.000 13130000
2 7 0.000 13130000
2 8 0.000 13130000
2 9 0.000 13130000
2 10 0.000 13130000
2 11 0.000 13130000
2 12 0.000 13130000
2 1 0.000 13130000
1 2 0.000 13140000
1 0 0.000 13140000
2 3 0.000 13140000
2 4 0.000 13140000
2 5 0.000 13140000
2 6 0.000 13140000
2 7 0.000 13140000
2 8 0.000 13140000
2 9 0.000 13140000
2 10 0.000 13140000
2 11 0.000 13140000
2 12 0.000 13140000
2 1 0.000 13140000
1 2 0.000 13150000
1 0 0.000 13150000
2 3 0.000 13150000
2 4 0.000 13150000
2 5 0.000 13150000
2 6 0.000 13150000
2 7 0.000 13150000
2 8 0.000 13150000
2 9 0.000 13150000
2 10 0.000 13150000
2 11 0.000 13150000
2 12 0.000 13150000
2 1 0.000 13150000
1 2 0.000 13160000
1 0 0.000 13160000
2 3 0.000 13160000
2 4 0.000 13160000
2 5 0.000 13160000
2 6 0.000 13160000
2 7 0.000 13160000
2 8 0.000 13160000
2 9 0.000 13160000
2 10 0.000 13160000
2 11 0.000 13160000
2 12 0.000 13160000
2 1 0.000 13160000
1 2 0.000 13170000
1 0 0.000 13170000
2 3 0.000 13170000
2 4 0.000 13170000
2 5 0.000 13170000
2 6 0.000 13170000
2 7 0.000 13170000
2 8 0.000 13170000
2 9 0.000 13170000
2 10 0.000 13170000
2 11 0.000 13170000
2 12 0.000 13170000
2 1 0.000 13170000
1 2 0.000 13180000
1 0 0.000 13180000
2 3 0.000 13180000
2 4 0.000 13180000
2 5 0.000 13180000
2 6 0.000 13180000
2 7 0.000 13180000
2 8 0.000 13180000
2 9 0.000 13180000
2 10 0.000 13180000
2 11 0.000 13180000
2 12 0.000 13180000
2 1 0.000 13180000
1 2 0.000 13190000
1 0 0.000 13190000
2 3 0.000 13190000
2 4 0.000 13190000
2 5 0.000 13190000
2 6 0.000 13190000
2 7 0.000 13190000
2 8 0.000 13190000
2 9 0.000 13190000
2 10 0.000 13190000
2 11 0.000 13190000
2 12 0.000 13190000
2 1 0.000 13190000
1 2 0.000 13200000
1 0 0.000 13200000
2 3 0.000 13200000
2 4 0.000 13200000
2 5 0.000 13200000
2 6 0.000 13200000
2 7 0.000 13200000
2 8 0.000 13200000
2 9 0.000 13200000
2 10 0.000 13200000
2 11 0.000 13200000
2 12 0.000 13200000
2 1 0.000 13200000
1 2 0.000 13210000
1 0 0.000 13210000
2 3 0.000 13210000
2 4 0.000 13210000
2 5 0.000 13210000
2 6 0.000 13210000
2 7 0.000 13210000
2 8 0.000 13210000
2 9 0.000 13210000
2 10 0.000 13210000
2 11 0.000 13210000
2 12 0.000 13210000
2 1 0.000 13210000
1 2 0.000 13220000
1 0 0.000 13220000
2 3 0.000 13220000
2 4 0.000 13220000
2 5 0.000 13220000
2 6 0.000 13220000
2 7 0.000 13220000
2 8 0.000 13220000
2 9 0.000 13220000
2 10 0.000 13220000
2 11 0.000 13220000
2 12 0.000 13220000
2 1 0.000 13220000
1 2 0.000 13230000
1 0 0.000 13230000
2 3 0.000 13230000
2 4 0.000 13230000
2 5 0.000 13230000
2 6 0.000 13230000
2 7 0.000 13230000
2 8 0.000 13230000
2 9 0.000 13230000
2 10 0.000 13230000
2 11 0.000 13230000
2 12 0.000 13230000
2 1 0.000 13230000
1 2 0.000 13240000
1 0 0.000 13240000
2 3 0.000 13240000
2 4 0.000 13240000
2 5 0.000 13240000
2 6 0.000 13240000
2 7 0.000 13240000
2 8 0.000 13240000
2 9 0.000 13240000
2 10 0.000 13240000
2 11 0.000 13240000
2 12 0.000 13240000
2 1 0.000 13240000
1 2 0.000 13250000
1 0 0.000 13250000
2 3 0.000 13250000
2 4 0.000 13250000
2 5 0.000 13250000
2 6 0.000 13250000
2 7 0.000 13250000
2 8 0.000 13250000
2 9 0.000 13250000
2 10 0.000 13250000
2 11 0.000 13250000
2 12 0.000 13250000
2 1 0.000 13250000
1 2 0.000 13260000
1 0 0.000 13260000
2 3 0.000 13260000
2 4 0.000 13260000
2 5 0.000 13260000
2 6 0.000 13260000
2 7 0.000 13260000
2 8 0.000 13260000
2 9 0.000 13260000
2 10 0.000 13260000
2 11 0.000 13260000
2 12 0.000 13260000
2 1 0.000 13260000
1 2 0.000 13270000
1 0 0.000 13270000
2 3 0.000 13270000
2 4 0.000 13270000
2 5 0.000 13270000
2 6 0.000 13270000
2 7 0.000 13270000
2 8 0.000 13270000
2 9 0.000 13270000
2 10 0.000 13270000
2 11 0.000 13270000
2 12 0.000 13270000
2 1 0.000 13270000
1 2 0.000 13280000
1 0 0.000 13280000
2 3 0.000 13280000
2 4 0.000 13280000
2 5 0.000 13280000
2 6 0.000 13280000
2 7 0.000 13280000
2 8 0.000 13280000
2 9 0.000 13280000
2 10 0.000 13280000
2 11 0.000 13280000
2 12 0.000 13280000
2 1 0.000 13280000
1 2 0.000 13290000
1 0 0.000 13290000
2 3 0.000 13290000
2 4 0.000 13290000
2 5 0.000 13290000
2 6 0.000 13290000
2 7 0.000 13290000
2 8 0.000 13290000
2 9 0.000 13290000
2 10 0.000 13290000
2 11 0.000 13290000
2 12 0.000 13290000
2 1 0.000 13290000
1 2 0.000 13300000
1 0 0.000 13300000
2 3 0.000 13300000
2 4 0.000 13300000
2 5 0.000 13300000
2 6 0.000 13300000
2 7 0.000 13300000
2 8 0.000 13300000
2 9 0.000 13300000
2 10 0.000 13300000
2 11 0.000 13300000
2 12 0.000 13300000
2 1 0.000 13300000
1 2 0.000 13310000
1 0 0.000 13310000
2 3 0.000 13310000
2 4 0.000 13310000
2 5 0.000 13310000
2 6 0.000 13310000
2 7 0.000 13310000
2 8 0.000 13310000
2 9 0.000 13310000
2 10 0.000 13310000
2 11 0.000 13310000
2 12 0.000 13310000
2 1 0.000 13310000
1 2 0.000 13320000
1 0 0.000 13320000
2 3 0.000 13320000
2 4 0.000 13320000
2 5 0.000 13320000
2 6 0.000 13320000
2 7 0.000 13320000
2 8 0.000 13320000
2 9 0.000 13320000
2 10 0.000 13320000
2 11 0.000 13320000
2 12 0.000 13320000
2 1 0.000 13320000
1 2 0.000 13330000
1 0 0.000 13330000
2 3 0.000 13330000
2 4 0.000 13330000
2 5 0.000 13330000
2 6 0.000 13330000
2 7 0.000 13330000
2 8 0.000 13330000
2 9 0.000 13330000
2 10 0.000 13330000
2 11 0.000 13330000
2 12 0.000 13330000
2 1 0.000 13330000
1 2 0.000 13340000
1 0 0.000 13340000
2 3 0.000 13340000
2 4 0.000 13340000
2 5 0.000 13340000
2 6 0.000 13340000
2 7 0.000 13340000
2 8 0.000 13340000
2 9 0.000 13340000
2 10 0.000 13340000
2 11 0.000 13340000
2 12 0.000 13340000
2 1 0.000 13340000
1 2 0.000 13350000
1 0 0.000 13350000
2 3 0.000 13350000
2 4 0.000 13350000
2 5 0.000 13350000
2 6 0.000 13350000
2 7 0.000 13350000
2 8 0.000 13350000
2 9 0.000 13350000
2 10 0.000 13350000
2 11 0.000 13350000
2 12 0.000 13350000
2 1 0.000 13350000
1 2 0.000 13360000
1 0 0.000 13360000
2 3 0.000 13360000
2 4 0.000 13360000
2 5 0.000 13360000
2 6 0.000 13360000
2 7 0.000 13360000
2 8 0.000 13360000
2 9 0.000 13360000
2 10 0.000 13360000
2 11 0.000 13360000
2 12 0.000 13360000
2 1 0.000 13360000
1 2 0.000 13370000
1 0 0.000 13370000
2 3 0.000 13370000
2 4 0.000 13370000
2 5 0.000 13370000
2 6 0.000 13370000
2 7 0.000 13370000
2 8 0.000 13370000
2 9 0.000 13370000
2 10 0.000 13370000
2 11 0.000 13370000
2 12 0.000 13370000
2 1 0.000 13370000
1 2 0.000 13380000
1 0 0.000 13380000
2 3 0.000 13380000
2 4 0.000 13380000
2 5 0.000 13380000
2 6 0.000 13380000
2 7 0.000 13380000
2 8 0.000 13380000
2 9 0.000 13380000
2 10 0.000 13380000
2 11 0.000 13380000
2 12 0.000 13380000
2 1 0.000 13380000
1 2 0.000 13390000
1 0 0.000 13390000
2 3 0.000 13390000
2 4 0.000 13390000
2 5 0.000 13390000
2 6 0.000 13390000
2 7 0.000 13390000
2 8 0.000 13390000
2 9 0.000 13390000
2 10 0.000 13390000
2 11 0.000 13390000
2 12 0.000 13390000
2 1 0.000 13390000
1 2 0.000 13400000
1 0 0.000 13400000
2 3 0.000 13400000
2 4 0.000 13400000
2 5 0.000 13400000
2 6 0.000 13400000
2 7 0.000 13400000
2 8 0.000 13400000
2 9 0.000 13400000
2 10 0.000 13400000
2 11 0.000 13400000
2 12 0.000 13400000
2 1 0.000 13400000
1 2 0.000 13410000
1 0 0.000 13410000
2 3 0.000 13410000
2 4 0.000 13410000
2 5 0.000 13410000
2 6 0.000 13410000
2 7 0.000 13410000
2 8 0.000 13410000
2 9 0.000 13410000
2 10 0.000 13410000
2 11 0.000 13410000
2 12 0.000 13410000
2 1 0.000 13410000
1 2 0.000 13420000
1 0 0.000 13420000
2 3 0.000 13420000
2 4 0.000 13420000
2 5 0.000 13420000
2 6 0.000 13420000
2 7 0.000 13420000
2 8 0.000 13420000
2 9 0.000 13420000
2 10 0.000 13420000
2 11 0.000 13420000
2 12 0.000 13420000
2 1 0.000 13420000
1 2 0.000 13430000
1 0 0.000 13430000
2 3 0.000 13430000
2 4 0.000 13430000
2 5 0.000 13430000
2 6 0.000 13430000
2 7 0.000 13430000
2 8 0.000 13430000
2 9 0.000 13430000
2 10 0.000 13430000
2 11 0.000 13430000
2 12 0.000 13430000
2 1 0.000 13430000
1 2 0.000 13440000
1 0 0.000 13440000
2 3 0.000 13440000
2 4 0.000 13440000
2 5 0.000 13440000
2 6 0.000 13440000
2 7 0.000 13440000
2 8 0.000 13440000
2 9 0.000 13440000
2 10 0.000 13440000
2 11 0.000 13440000
2 12 0.000 13440000
2 1 0.000 13440000
1 2 0.000 13450000
1 0 0.000 13450000
2 3 0.000 13450000
2 4 0.000 13450000
2 5 0.000 13450000
2 6 0.000 13450000
2 7 0.000 13450000
2 8 0.000 13450000
2 9 0.000 13450000
2 10 0.000 13450000
2 11 0.000 13450000
2 12 0.000 13450000
2 1 0.000 13450000
1 2 0.000 13460000
1 0 0.000 13460000
2 3 0.000 13460000
2 4 0.000 13460000
2 5 0.000 13460000
2 6 0.000 13460000
2 7 0.000 13460000
2 8 0.000 13460000
2 9 0.000 13460000
2 10 0.000 13460000
2 11 0.000 13460000
2 12 0.000 13460000
2 1 0.000 13460000
1 2 0.000 13470000
1 0 0.000 13470000
2 3 0.000 13470000
2 4 0.000 13470000
2 5 0.000 13470000
2 6 0.000 13470000
2 7 0.000 13470000
2 8 0.000 13470000
2 9 0.000 13470000
2 10 0.000 13470000
2 11 0.000 13470000
2 12 0.000 13470000
2 1 0.000 13470000
1 2 0.000 13480000
1 0 0.000 13480000
2 3 0.000 13480000
2 4 0.000 13480000
2 5 0.000 13480000
2 6 0.000 13480000
2 7 0.000 13480000
2 8 0.000 13480000
2 9 0.000 13480000
2 10 0.000 13480000
2 11 0.000 13480000
2 12 0.000 13480000
2 1 0.000 13480000
1 2 0.000 13490000
1 0 0.000 13490000
2 3 0.000 13490000
2 4 0.000 13490000
2 5 0.000 13490000
2 6 0.000 13490000
2 7 0.000 13490000
2 8 0.000 13490000
2 9 0.000 13490000
2 10 0.000 13490000
2 11 0.000 13490000
2 12 0.000 13490000
2 1 0.000 13490000
1 2 0.000 13500000
1 0 0.000 13500000
2 3 0.000 13500000
2 4 0.000 13500000
2 5 0.000 13500000
2 6 0.000 13500000
2 7 0.000 13500000
2 8 0.000 13500000
2 9 0.000 13500000
2 10 0.000 13500000
2 11 0.000 13500000
2 12 0.000 13500000
2 1 0.000 13500000
1 2 0.000 13510000
1 0 0.000 13510000
2 3 0.000 13510000
2 4 0.000 13510000
2 5 0.000 13510000
2 6 0.000 13510000
2 7 0.000 13510000
2 8 0.000 13510000
2 9 0.000 13510000
2 10 0.000 13510000
2 11 0.000 13510000
2 12 0.000 13510000
2 1 0.000 13510000
1 2 0.000 13520000
1 0 0.000 13520000
2 3 0.000 13520000
2 4 0.000 13520000
2 5 0.000 13520000
2 6 0.000 13520000
2 7 0.000 13520000
2 8 0.000 13520000
2 9 0.000 13520000
2 10 0.000 13520000
2 11 0.000 13520000
2 12 0.000 13520000
2 1 0.000 13520000
1 2 0.000 13530000
1 0 0.000 13530000
2 3 0.000 13530000
2 4 0.000 13530000
2 5 0.000 13530000
2 6 0.000 13530000
2 7 0.000 13530000
2 8 0.000 13530000
2 9 0.000 13530000
2 10 0.000 13530000
2 11 0.000 13530000
2 12 0.000 13530000
2 1 0.000 13530000
1 2 0.000 13540000
1 0 0.000 13540000
2 3 0.000 13540000
2 4 0.000 13540000
2 5 0.000 13540000
2 6 0.000 13540000
2 7 0.000 13540000
2 8 0.000 13540000
2 9 0.000 13540000
2 10 0.000 13540000
2 11 0.000 13540000
2 12 0.000 13540000
2 1 0.000 13540000
1 2 0.000 13550000
1 0 0.000 13550000
2 3 0.000 13550000
2 4 0.000 13550000
2 5 0.000 13550000
2 6 0.000 13550000
2 7 0.000 13550000
2 8 0.000 13550000
2 9 0.000 13550000
2 10 0.000 13550000
2 11 0.000 13550000
2 12 0.000 13550000
2 1 0.000 13550000
1 2 0.000 13560000
1 0 0.000 13560000
2 3 0.000 13560000
2 4 0.000 13560000
2 5 0.000 13560000
2 6 0.000 13560000
2 7 0.000 13560000
2 8 0.000 13560000
2 9 0.000 13560000
2 10 0.000 13560000
2 11 0.000 13560000
2 12 0.000 13560000
2 1 0.000 13560000
1 2 0.000 13570000
1 0 0.000 13570000
2 3 0.000 13570000
2 4 0.000 13570000
2 5 0.000 13570000
2 6 0.000 13570000
2 7 0.000 13570000
2 8 0.000 13570000
2 9 0.000 13570000
2 10 0.000 13570000
2 11 0.000 13570000
2 12 0.000 13570000
2 1 0.000 13570000
1 2 0.000 13580000
1 0 0.000 13580000
2 3 0.000 13580000
2 4 0.000 13580000
2 5 0.000 13580000
2 6 0.000 13580000
2 7 0.000 13580000
2 8 0.000 13580000
2 9 0.000 13580000
2 10 0.000 13580000
2 11 0.000 13580000
2 12 0.000 13580000
2 1 0.000 13580000
1 2 0.000 13590000
1 0 0.000 13590000
2 3 0.000 13590000
2 4 0.000 13590000
2 5 0.000 13590000
2 6 0.000 13590000
2 7 0.000 13590000
2 8 0.000 13590000
2 9 0.000 13590000
2 10 0.000 13590000
2 11 0.000 13590000
2 12 0.000 13590000
2 1 0.000 13590000
1 2 0.000 13600000
1 0 0.000 13600000
2 3 0.000 13600000
2 4 0.000 13600000
2 5 0.000 13600000
2 6 0.000 13600000
2 7 0.000 13600000
2 8 0.000 13600000
2 9 0.000 13600000
2 10 0.000 13600000
2 11 0.000 13600000
2 12 0.000 13600000
2 1 0.000 13600000
1 2 0.000 13610000
1 0 0.000 13610000
2 3 0.000 13610000
2 4 0.000 13610000
2 5 0.000 13610000
2 6 0.000 13610000
2 7 0.000 13610000
2 8 0.000 13610000
2 9 0.000 13610000
2 10 0.000 13610000
2 11 0.000 13610000
2 12 0.000 13610000
2 1 0.000 13610000
1 2 0.000 13620000
1 0 0.000 13620000
2 3 0.000 13620000
2 4 0.000 13620000
2 5 0.000 13620000
2 6 0.000 13620000
2 7 0.000 13620000
2 8 0.000 13620000
2 9 0.000 13620000
2 10 0.000 13620000
2 11 0.000 13620000
2 12 0.000 13620000
2 1 0.000 13620000
1 2 0.000 13630000
1 0 0.000 13630000
2 3 0.000 13630000
2 4 0.000 13630000
2 5 0.000 13630000
2 6 0.000 13630000
2 7 0.000 13630000
2 8 0.000 13630000
2 9 0.000 13630000
2 10 0.000 13630000
2 11 0.000 13630000
2 12 0.000 13630000
2 1 0.000 13630000
1 2 0.000 13640000
1 0 0.000 13640000
2 3 0.000 13640000
2 4 0.000 13640000
2 5 0.000 13640000
2 6 0.000 13640000
2 7 0.000 13640000
2 8 0.000 13640000
2 9 0.000 13640000
2 10 0.000 13640000
2 11 0.000 13640000
2 12 0.000 13640000
2 1 0.000 13640000
1 2 0.000 13650000
1 0 0.000 13650000
2 3 0.000 13650000
2 4 0.000 13650000
2 5 0.000 13650000
2 6 0.000 13650000
2 7 0.000 13650000
2 8 0.000 13650000
2 9 0.000 13650000
2 10 0.000 13650000
2 11 0.000 13650000
2 12 0.000 13650000
2 1 0.000 13650000
1 2 0.000 13660000
1 0 0.000 13660000
2 3 0.000 13660000
2 4 0.000 13660000
2 5 0.000 13660000
2 6 0.000 13660000
2 7 0.000 13660000
2 8 0.000 13660000
2 9 0.000 13660000
2 10 0.000 13660000
2 11 0.000 13660000
2 12 0.000 13660000
2 1 0.000 13660000
1 2 0.000 13670000
1 0 0.000 13670000
2 3 0.000 13670000
2 4 0.000 13670000
2 5 0.000 13670000
2 6 0.000 13670000
2 7 0.000 13670000
2 8 0.000 13670000
2 9 0.000 13670000
2 10 0.000 13670000
2 11 0.000 13670000
2 12 0.000 13670000
2 1 0.000 13670000
1 2 0.000 13680000
1 0 0.000 13680000
2 3 0.000 13680000
2 4 0.000 13680000
2 5 0.000 13680000
2 6 0.000 13680000
2 7 0.000 13680000
2 8 0.000 13680000
2 9 0.000 13680000
2 10 0.000 13680000
2 11 0.000 13680000
2 12 0.000 13680000
2 1 0.000 13680000
1 2 0.000 13690000
1 0 0.000 13690000
2 3 0.000 13690000
2 4 0.000 13690000
2 5 0.000 13690000
2 6 0.000 13690000
2 7 0.000 13690000
2 8 0.000 13690000
2 9 0.000 13690000
2 10 0.000 13690000
2 11 0.000 13690000
2 12 0.000 13690000
2 1 0.000 13690000
1 2 0.000 13700000
1 0 0.000 13700000
2 3 0.000 13700000
2 4 0.000 13700000
2 5 0.000 13700000
2 6 0.000 13700000
2 7 0.000 13700000
2 8 0.000 13700000
2 9 0.000 13700000
2 10 0.000 13700000
2 11 0.000 13700000
2 12 0.000 13700000
2 1 0.000 13700000
1 2 0.000 13710000
1 0 0.000 13710000
2 3 0.000 13710000
2 4 0.000 13710000
2 5 0.000 13710000
2 6 0.000 13710000
2 7 0.000 13710000
2 8 0.000 13710000
2 9 0.000 13710000
2 10 0.000 13710000
2 11 0.000 13710000
2 12 0.000 13710000
2 1 0.000 13710000
1 2 0.000 13720000
1 0 0.000 13720000
2 3 0.000 13720000
2 4 0.000 13720000
2 5 0.000 13720000
2 6 0.000 13720000
2 7 0.000 13720000
2 8 0.000 13720000
2 9 0.000 13720000
2 10 0.000 13720000
2 11 0.000 13720000
2 12 0.000 13720000
2 1 0.000 13720000
1 2 0.000 13730000
1 0 0.000 13730000
2 3 0.000 13730000
2 4 0.000 13730000
2 5 0.000 13730000
2 6 0.000 13730000
2 7 0.000 13730000
2 8 0.000 13730000
2 9 0.000 13730000
2 10 0.000 13730000
2 11 0.000 13730000
2 12 0.000 13730000
2 1 0.000 13730000
1 2 0.000 13740000
1 0 0.000 13740000
2 3 0.000 13740000
2 4 0.000 13740000
2 5 0.000 13740000
2 6 0.000 13740000
2 7 0.000 13740000
2 8 0.000 13740000
2 9 0.000 13740000
2 10 0.000 13740000
2 11 0.000 13740000
2 12 0.000 13740000
2 1 0.000 13740000
1 2 0.000 13750000
1 0 0.000 13750000
2 3 0.000 13750000
2 4 0.000 13750000
2 5 0.000 13750000
2 6 0.000 13750000
2 7 0.000 13750000
2 8 0.000 13750000
2 9 0.000 13750000
2 10 0.000 13750000
2 11 0.000 13750000
2 12 0.000 13750000
2 1 0.000 13750000
1 2 0.000 13760000
1 0 0.000 13760000
2 3 0.000 13760000
2 4 0.000 13760000
2 5 0.000 13760000
2 6 0.000 13760000
2 7 0.000 13760000
2 8 0.000 13760000
2 9 0.000 13760000
2 10 0.000 13760000
2 11 0.000 13760000
2 12 0.000 13760000
2 1 0.000 13760000
1 2 0.000 13770000
1 0 0.000 13770000
2 3 0.000 13770000
2 4 0.000 13770000
2 5 0.000 13770000
2 6 0.000 13770000
2 7 0.000 13770000
2 8 0.000 13770000
2 9 0.000 13770000
2 10 0.000 13770000
2 11 0.000 13770000
2 12 0.000 13770000
2 1 0.000 13770000
1 2 0.000 13780000
1 0 0.000 13780000
2 3 0.000 13780000
2 4 0.000 13780000
2 5 0.000 13780000
2 6 0.000 13780000
2 7 0.000 13780000
2 8 0.000 13780000
2 9 0.000 13780000
2 10 0.000 13780000
2 11 0.000 13780000
2 12 0.000 13780000
2 1 0.000 13780000
1 2 0.000 13790000
1 0 0.000 13790000
2 3 0.000 13790000
2 4 0.000 13790000
2 5 0.000 13790000
2 6 0.000 13790000
2 7 0.000 13790000
2 8 0.000 13790000
2 9 0.000 13790000
2 10 0.000 13790000
2 11 0.000 13790000
2 12 0.000 13790000
2 1 0.000 13790000
1 2 0.000 13800000
1 0 0.000 13800000
2 3 0.000 13800000
2 4 0.000 13800000
2 5 0.000 13800000
2 6 0.000 13800000
2 7 0.000 13800000
2 8 0.000 13800000
2 9 0.000 13800000
2 10 0.000 13800000
2 11 0.000 13800000
2 12 0.000 13800000
2 1 0.000 13800000
1 2 0.000 13810000
1 0 0.000 13810000
2 3 0.000 13810000
2 4 0.000 13810000
2 5 0.000 13810000
2 6 0.000 13810000
2 7 0.000 13810000
2 8 0.000 13810000
2 9 0.000 13810000
2 10 0.000 13810000
2 11 0.000 13810000
2 12 0.000 13810000
2 1 0.000 13810000
1 2 0.000 13820000
1 0 0.000 13820000
2 3 0.000 13820000
2 4 0.000 13820000
2 5 0.000 13820000
2 6 0.000 13820000
2 7 0.000 13820000
2 8 0.000 13820000
2 9 0.000 13820000
2 10 0.000 13820000
2 11 0.000 13820000
2 12 0.000 13820000
2 1 0.000 13820000
1 2 0.000 13830000
1 0 0.000 13830000
2 3 0.000 13830000
2 4 0.000 13830000
2 5 0.000 13830000
2 6 0.000 13830000
2 7 0.000 13830000
2 8 0.000 13830000
2 9 0.000 13830000
2 10 0.000 13830000
2 11 0.000 13830000
2 12 0.000 13830000
2 1 0.000 13830000
1 2 0.000 13840000
1 0 0.000 13840000
2 3 0.000 13840000
2 4 0.000 13840000
2 5 0.000 13840000
2 6 0.000 13840000
2 7 0.000 13840000
2 8 0.000 13840000
2 9 0.000 13840000
2 10 0.000 13840000
2 11 0.000 13840000
2 12 0.000 13840000
2 1 0.000 13840000
1 2 0.000 13850000
1 0 0.000 13850000
2 3 0.000 13850000
2 4 0.000 13850000
2 5 0.000 13850000
2 6 0.000 13850000
2 7 0.000 13850000
2 8 0.000 13850000
2 9 0.000 13850000
2 10 0.000 13850000
2 11 0.000 13850000
2 12 0.000 13850000
2 1 0.000 13850000
1 2 0.000 13860000
1 0 0.000 13860000
2 3 0.000 13860000
2 4 0.000 13860000
2 5 0.000 13860000
2 6 0.000 13860000
2 7 0.000 13860000
2 8 0.000 13860000
2 9 0.000 13860000
2 10 0.000 13860000
2 11 0.000 13860000
2 12 0.000 13860000
2 1 0.000 13860000
1 2 0.000 13870000
1 0 0.000 13870000
2 3 0.000 13870000
2 4 0.000 13870000
2 5 0.000 13870000
2 6 0.000 13870000
2 7 0.000 13870000
2 8 0.000 13870000
2 9 0.000 13870000
2 10 0.000 13870000
2 11 0.000 13870000
2 12 0.000 13870000
2 1 0.000 13870000
1 2 0.000 13880000
1 0 0.000 13880000
2 3 0.000 13880000
2 4 0.000 13880000
2 5 0.000 13880000
2 6 0.000 13880000
2 7 0.000 13880000
2 8 0.000 13880000
2 9 0.000 13880000
2 10 0.000 13880000
2 11 0.000 13880000
2 12 0.000 13880000
2 1 0.000 13880000
1 2 0.000 13890000
1 0 0.000 13890000
2 3 0.000 13890000
2 4 0.000 13890000
2 5 0.000 13890000
2 6 0.000 13890000
2 7 0.000 13890000
2 8 0.000 13890000
2 9 0.000 13890000
2 10 0.000 13890000
2 11 0.000 13890000
2 12 0.000 13890000
2 1 0.000 13890000
1 2 0.000 13900000
1 0 0.000 13900000
2 3 0.000 13900000
2 4 0.000 13900000
2 5 0.000 13900000
2 6 0.000 13900000
2 7 0.000 13900000
2 8 0.000 13900000
2 9 0.000 13900000
2 10 0.000 13900000
2 11 0.000 13900000
2 12 0.000 13900000
2 1 0.000 13900000
1 2 0.000 13910000
1 0 0.000 13910000
2 3 0.000 13910000
2 4 0.000 13910000
2 5 0.000 13910000
2 6 0.000 13910000
2 7 0.000 13910000
2 8 0.000 13910000
2 9 0.000 13910000
2 10 0.000 13910000
2 11 0.000 13910000
2 12 0.000 13910000
2 1 0.000 13910000
1 2 0.000 13920000
1 0 0.000 13920000
2 3 0.000 13920000
2 4 0.000 13920000
2 5 0.000 13920000
2 6 0.000 13920000
2 7 0.000 13920000
2 8 0.000 13920000
2 9 0.000 13920000
2 10 0.000 13920000
2 11 0.000 13920000
2 12 0.000 13920000
2 1 0.000 13920000
1 2 0.000 13930000
1 0 0.000 13930000
2 3 0.000 13930000
2 4 0.000 13930000
2 5 0.000 13930000
2 6 0.000 13930000
2 7 0.000 13930000
2 8 0.000 13930000
2 9 0.000 13930000
2 10 0.000 13930000
2 11 0.000 13930000
2 12 0.000 13930000
2 1 0.000 13930000
1 2 0.000 13940000
1 0 0.000 13940000
2 3 0.000 13940000
2 4 0.000 13940000
2 5 0.000 13940000
2 6 0.000 13940000
2 7 0.000 13940000
2 8 0.000 13940000
2 9 0.000 13940000
2 10 0.000 13940000
2 11 0.000 13940000
2 12 0.000 13940000
2 1 0.000 13940000
1 2 0.000 13950000
1 0 0.000 13950000
2 3 0.000 13950000
2 4 0.000 13950000
2 5 0.000 13950000
2 6 0.000 13950000
2 7 0.000 13950000
2 8 0.000 13950000
2 9 0.000 13950000
2 10 0.000 13950000
2 11 0.000 13950000
2 12 0.000 13950000
2 1 0.000 13950000
1 2 0.000 13960000
1 0 0.000 13960000
2 3 0.000 13960000
2 4 0.000 13960000
2 5 0.000 13960000
2 6 0.000 13960000
2 7 0.000 13960000
2 8 0.000 13960000
2 9 0.000 13960000
2 10 0.000 13960000
2 11 0.000 13960000
2 12 0.000 13960000
2 1 0.000 13960000
1 2 0.000 13970000
1 0 0.000 13970000
2 3 0.000 13970000
2 4 0.000 13970000
2 5 0.000 13970000
2 6 0.000 13970000
2 7 0.000 13970000
2 8 0.000 13970000
2 9 0.000 13970000
2 10 0.000 13970000
2 11 0.000 13970000
2 12 0.000 13970000
2 1 0.000 13970000
1 2 0.000 13980000
1 0 0.000 13980000
2 3 0.000 13980000
2 4 0.000 13980000
2 5 0.000 13980000
2 6 0.000 13980000
2 7 0.000 13980000
2 8 0.000 13980000
2 9 0.000 13980000
2 10 0.000 13980000
2 11 0.000 13980000
2 12 0.000 13980000
2 1 0.000 13980000
1 2 0.000 13990000
1 0 0.000 13990000
2 3 0.000 13990000
2 4 0.000 13990000
2 5 0.000 13990000
2 6 0.000 13990000
2 7 0.000 13990000
2 8 0.000 13990000
2 9 0.000 13990000
2 10 0.000 13990000
2 11 0.000 13990000
2 12 0.000 13990000
2 1 0.000 13990000
1 2 0.000 14000000
1 0 0.000 14000000
2 3 0.000 14000000
2 4 0.000 14000000
2 5 0.000 14000000
2 6 0.000 14000000
2 7 0.000 14000000
2 8 0.000 14000000
2 9 0.000 14000000
2 10 0.000 14000000
2 11 0.000 14000000
2 12 0.000 14000000
2 1 0.000 14000000
1 2 0.000 14010000
1 0 0.000 14010000
2 3 0.000 14010000
2 4 0.000 14010000
2 5 0.000 14010000
2 6 0.000 14010000
2 7 0.000 14010000
2 8 0.000 14010000
2 9 0.000 14010000
2 10 0.000 14010000
2 11 0.000 14010000
2 12 0.000 14010000
2 1 0.000 14010000
1 2 0.000 14020000
1 0 0.000 14020000
2 3 0.000 14020000
2 4 0.000 14020000
2 5 0.000 14020000
2 6 0.000 14020000
2 7 0.000 14020000
2 8 0.000 14020000
2 9 0.000 14020000
2 10 0.000 14020000
2 11 0.000 14020000
2 12 0.000 14020000
2 1 0.000 14020000
1 2 0.000 14030000
1 0 0.000 14030000
2 3 0.000 14030000
2 4 0.000 14030000
2 5 0.000 14030000
2 6 0.000 14030000
2 7 0.000 14030000
2 8 0.000 14030000
2 9 0.000 14030000
2 10 0.000 14030000
2 11 0.000 14030000
2 12 0.000 14030000
2 1 0.000 14030000
1 2 0.000 14040000
1 0 0.000 14040000
2 3 0.000 14040000
2 4 0.000 14040000
2 5 0.000 14040000
2 6 0.000 14040000
2 7 0.000 14040000
2 8 0.000 14040000
2 9 0.000 14040000
2 10 0.000 14040000
2 11 0.000 14040000
2 12 0.000 14040000
2 1 0.000 14040000
1 2 0.000 14050000
1 0 0.000 14050000
2 3 0.000 14050000
2 4 0.000 14050000
2 5 0.000 14050000
2 6 0.000 14050000
2 7 0.000 14050000
2 8 0.000 14050000
2 9 0.000 14050000
2 10 0.000 14050000
2 11 0.000 14050000
2 12 0.000 14050000
2 1 0.000 14050000
1 2 0.000 14060000
1 0 0.000 14060000
2 3 0.000 14060000
2 4 0.000 14060000
2 5 0.000 14060000
2 6 0.000 14060000
2 7 0.000 14060000
2 8 0.000 14060000
2 9 0.000 14060000
2 10 0.000 14060000
2 11 0.000 14060000
2 12 0.000 14060000
2 1 0.000 14060000
1 2 0.000 14070000
1 0 0.000 14070000
2 3 0.000 14070000
2 4 0.000 14070000
2 5 0.000 14070000
2 6 0.000 14070000
2 7 0.000 14070000
2 8 0.000 14070000
2 9 0.000 14070000
2 10 0.000 14070000
2 11 0.000 14070000
2 12 0.000 14070000
2 1 0.000 14070000
1 2 0.000 14080000
1 0 0.000 14080000
2 3 0.000 14080000
2 4 0.000 14080000
2 5 0.000 14080000
2 6 0.000 14080000
2 7 0.000 14080000
2 8 0.000 14080000
2 9 0.000 14080000
2 10 0.000 14080000
2 11 0.000 14080000
2 12 0.000 14080000
2 1 0.000 14080000
1 2 0.000 14090000
1 0 0.000 14090000
2 3 0.000 14090000
2 4 0.000 14090000
2 5 0.000 14090000
2 6 0.000 14090000
2 7 0.000 14090000
2 8 0.000 14090000
2 9 0.000 14090000
2 10 0.000 14090000
2 11 0.000 14090000
2 12 0.000 14090000
2 1 0.000 14090000
1 2 0.000 14100000
1 0 0.000 14100000
2 3 0.000 14100000
2 4 0.000 14100000
2 5 0.000 14100000
2 6 0.000 14100000
2 7 0.000 14100000
2 8 0.000 14100000
2 9 0.000 14100000
2 10 0.000 14100000
2 11 0.000 14100000
2 12 0.000 14100000
2 1 0.000 14100000
1 2 0.000 14110000
1 0 0.000 14110000
2 3 0.000 14110000
2 4 0.000 14110000
2 5 0.000 14110000
2 6 0.000 14110000
2 7 0.000 14110000
2 8 0.000 14110000
2 9 0.000 14110000
2 10 0.000 14110000
2 11 0.000 14110000
2 12 0.000 14110000
2 1 0.000 14110000
1 2 0.000 14120000
1 0 0.000 14120000
2 3 0.000 14120000
2 4 0.000 14120000
2 5 0.000 14120000
2 6 0.000 14120000
2 7 0.000 14120000
2 8 0.000 14120000
2 9 0.000 14120000
2 10 0.000 14120000
2 11 0.000 14120000
2 12 0.000 14120000
2 1 0.000 14120000
1 2 0.000 14130000
1 0 0.000 14130000
2 3 0.000 14130000
2 4 0.000 14130000
2 5 0.000 14130000
2 6 0.000 14130000
2 7 0.000 14130000
2 8 0.000 14130000
2 9 0.000 14130000
2 10 0.000 14130000
2 11 0.000 14130000
2 12 0.000 14130000
2 1 0.000 14130000
1 2 0.000 14140000
1 0 0.000 14140000
2 3 0.000 14140000
2 4 0.000 14140000
2 5 0.000 14140000
2 6 0.000 14140000
2 7 0.000 14140000
2 8 0.000 14140000
2 9 0.000 14140000
2 10 0.000 14140000
2 11 0.000 14140000
2 12 0.000 14140000
2 1 0.000 14140000
1 2 0.000 14150000
1 0 0.000 14150000
2 3 0.000 14150000
2 4 0.000 14150000
2 5 0.000 14150000
2 6 0.000 14150000
2 7 0.000 14150000
2 8 0.000 14150000
2 9 0.000 14150000
2 10 0.000 14150000
2 11 0.000 14150000
2 12 0.000 14150000
2 1 0.000 14150000
1 2 0.000 14160000
1 0 0.000 14160000
2 3 0.000 14160000
2 4 0.000 14160000
2 5 0.000 14160000
2 6 0.000 14160000
2 7 0.000 14160000
2 8 0.000 14160000
2 9 0.000 14160000
2 10 0.000 14160000
2 11 0.000 14160000
2 12 0.000 14160000
2 1 0.000 14160000
1 2 0.000 14170000
1 0 0.000 14170000
2 3 0.000 14170000
2 4 0.000 14170000
2 5 0.000 14170000
2 6 0.000 14170000
2 7 0.000 14170000
2 8 0.000 14170000
2 9 0.000 14170000
2 10 0.000 14170000
2 11 0.000 14170000
2 12 0.000 14170000
2 1 0.000 14170000
1 2 0.000 14180000
1 0 0.000 14180000
2 3 0.000 14180000
2 4 0.000 14180000
2 5 0.000 14180000
2 6 0.000 14180000
2 7 0.000 14180000
2 8 0.000 14180000
2 9 0.000 14180000
2 10 0.000 14180000
2 11 0.000 14180000
2 12 0.000 14180000
2 1 0.000 14180000
1 2 0.000 14190000
1 0 0.000 14190000
2 3 0.000 14190000
2 4 0.000 14190000
2 5 0.000 14190000
2 6 0.000 14190000
2 7 0.000 14190000
2 8 0.000 14190000
2 9 0.000 14190000
2 10 0.000 14190000
2 11 0.000 14190000
2 12 0.000 14190000
2 1 0.000 14190000
1 2 0.000 14200000
1 0 0.000 14200000
2 3 0.000 14200000
2 4 0.000 14200000
2 5 0.000 14200000
2 6 0.000 14200000
2 7 0.000 14200000
2 8 0.000 14200000
2 9 0.000 14200000
2 10 0.000 14200000
2 11 0.000 14200000
2 12 0.000 14200000
2 1 0.000 14200000
1 2 0.000 14210000
1 0 0.000 14210000
2 3 0.000 14210000
2 4 0.000 14210000
2 5 0.000 14210000
2 6 0.000 14210000
2 7 0.000 14210000
2 8 0.000 14210000
2 9 0.000 14210000
2 10 0.000 14210000
2 11 0.000 14210000
2 12 0.000 14210000
2 1 0.000 14210000
1 2 0.000 14220000
1 0 0.000 14220000
2 3 0.000 14220000
2 4 0.000 14220000
2 5 0.000 14220000
2 6 0.000 14220000
2 7 0.000 14220000
2 8 0.000 14220000
2 9 0.000 14220000
2 10 0.000 14220000
2 11 0.000 14220000
2 12 0.000 14220000
2 1 0.000 14220000
1 2 0.000 14230000
1 0 0.000 14230000
2 3 0.000 14230000
2 4 0.000 14230000
2 5 0.000 14230000
2 6 0.000 14230000
2 7 0.000 14230000
2 8 0.000 14230000
2 9 0.000 14230000
2 10 0.000 14230000
2 11 0.000 14230000
2 12 0.000 14230000
2 1 0.000 14230000
1 2 0.000 14240000
1 0 0.000 14240000
2 3 0.000 14240000
2 4 0.000 14240000
2 5 0.000 14240000
2 6 0.000 14240000
2 7 0.000 14240000
2 8 0.000 14240000
2 9 0.000 14240000
2 10 0.000 14240000
2 11 0.000 14240000
2 12 0.000 14240000
2 1 0.000 14240000
1 2 0.000 14250000
1 0 0.000 14250000
2 3 0.000 14250000
2 4 0.000 14250000
2 5 0.000 14250000
2 6 0.000 14250000
2 7 0.000 14250000
2 8 0.000 14250000
2 9 0.000 14250000
2 10 0.000 14250000
2 11 0.000 14250000
2 12 0.000 14250000
2 1 0.000 14250000
1 2 0.000 14260000
1 0 0.000 14260000
2 3 0.000 14260000
2 4 0.000 14260000
2 5 0.000 14260000
2 6 0.000 14260000
2 7 0.000 14260000
2 8 0.000 14260000
2 9 0.000 14260000
2 10 0.000 14260000
2 11 0.000 14260000
2 12 0.000 14260000
2 1 0.000 14260000
1 2 0.000 14270000
1 0 0.000 14270000
2 3 0.000 14270000
2 4 0.000 14270000
2 5 0.000 14270000
2 6 0.000 14270000
2 7 0.000 14270000
2 8 0.000 14270000
2 9 0.000 14270000
2 10 0.000 14270000
2 11 0.000 14270000
2 12 0.000 14270000
2 1 0.000 14270000
1 2 0.000 14280000
1 0 0.000 14280000
2 3 0.000 14280000
2 4 0.000 14280000
2 5 0.000 14280000
2 6 0.000 14280000
2 7 0.000 14280000
2 8 0.000 14280000
2 9 0.000 14280000
2 10 0.000 14280000
2 11 0.000 14280000
2 12 0.000 14280000
2 1 0.000 14280000
1 2 0.000 14290000
1 0 0.000 14290000
2 3 0.000 14290000
2 4 0.000 14290000
2 5 0.000 14290000
2 6 0.000 14290000
2 7 0.000 14290000
2 8 0.000 14290000
2 9 0.000 14290000
2 10 0.000 14290000
2 11 0.000 14290000
2 12 0.000 14290000
2 1 0.000 14290000
1 2 0.000 14300000
1 0 0.000 14300000
2 3 0.000 14300000
2 4 0.000 14300000
2 5 0.000 14300000
2 6 0.000 14300000
2 7 0.000 14300000
2 8 0.000 14300000
2 9 0.000 14300000
2 10 0.000 14300000
2 11 0.000 14300000
2 12 0.000 14300000
2 1 0.000 14300000
1 2 0.000 14310000
1 0 0.000 14310000
2 3 0.000 14310000
2 4 0.000 14310000
2 5 0.000 14310000
2 6 0.000 14310000
2 7 0.000 14310000
2 8 0.000 14310000
2 9 0.000 14310000
2 10 0.000 14310000
2 11 0.000 14310000
2 12 0.000 14310000
2 1 0.000 14310000
1 2 0.000 14320000
1 0 0.000 14320000
2 3 0.000 14320000
2 4 0.000 14320000
2 5 0.000 14320000
2 6 0.000 14320000
2 7 0.000 14320000
2 8 0.000 14320000
2 9 0.000 14320000
2 10 0.000 14320000
2 11 0.000 14320000
2 12 0.000 14320000
2 1 0.000 14320000
1 2 0.000 14330000
1 0 0.000 14330000
2 3 0.000 14330000
2 4 0.000 14330000
2 5 0.000 14330000
2 6 0.000 14330000
2 7 0.000 14330000
2 8 0.000 14330000
2 9 0.000 14330000
2 10 0.000 14330000
2 11 0.000 14330000
2 12 0.000 14330000
2 1 0.000 14330000
1 2 0.000 14340000
1 0 0.000 14340000
2 3 0.000 14340000
2 4 0.000 14340000
2 5 0.000 14340000
2 6 0.000 14340000
2 7 0.000 14340000
2 8 0.000 14340000
2 9 0.000 14340000
2 10 0.000 14340000
2 11 0.000 14340000
2 12 0.000 14340000
2 1 0.000 14340000
1 2 0.000 14350000
1 0 0.000 14350000
2 3 0.000 14350000
2 4 0.000 14350000
2 5 0.000 14350000
2 6 0.000 14350000
2 7 0.000 14350000
2 8 0.000 14350000
2 9 0.000 14350000
2 10 0.000 14350000
2 11 0.000 14350000
2 12 0.000 14350000
2 1 0.000 14350000
1 2 0.000 14360000
1 0 0.000 14360000
2 3 0.000 14360000
2 4 0.000 14360000
2 5 0.000 14360000
2 6 0.000 14360000
2 7 0.000 14360000
2 8 0.000 14360000
2 9 0.000 14360000
2 10 0.000 14360000
2 11 0.000 14360000
2 12 0.000 14360000
2 1 0.000 14360000
1 2 0.000 14370000
1 0 0.000 14370000
2 3 0.000 14370000
2 4 0.000 14370000
2 5 0.000 14370000
2 6 0.000 14370000
2 7 0.000 14370000
2 8 0.000 14370000
2 9 0.000 14370000
2 10 0.000 14370000
2 11 0.000 14370000
2 12 0.000 14370000
2 1 0.000 14370000
1 2 0.000 14380000
1 0 0.000 14380000
2 3 0.000 14380000
2 4 0.000 14380000
2 5 0.000 14380000
2 6 0.000 14380000
2 7 0.000 14380000
2 8 0.000 14380000
2 9 0.000 14380000
2 10 0.000 14380000
2 11 0.000 14380000
2 12 0.000 14380000
2 1 0.000 14380000
1 2 0.000 14390000
1 0 0.000 14390000
2 3 0.000 14390000
2 4 0.000 14390000
2 5 0.000 14390000
2 6 0.000 14390000
2 7 0.000 14390000
2 8 0.000 14390000
2 9 0.000 14390000
2 10 0.000 14390000
2 11 0.000 14390000
2 12 0.000 14390000
2 1 0.000 14390000
1 2 0.000 14400000
1 0 0.000 14400000
2 3 0.000 14400000
2 4 0.000 14400000
2 5 0.000 14400000
2 6 0.000 14400000
2 7 0.000 14400000
2 8 0.000 14400000
2 9 0.000 14400000
2 10 0.000 14400000
2 11 0.000 14400000
2 12 0.000 14400000
2 1 0.000 14400000
1 2 0.000 14410000
1 0 0.000 14410000
2 3 0.000 14410000
2 4 0.000 14410000
2 5 0.000 14410000
2 6 0.000 14410000
2 7 0.000 14410000
2 8 0.000 14410000
2 9 0.000 14410000
2 10 0.000 14410000
2 11 0.000 14410000
2 12 0.000 14410000
2 1 0.000 14410000
1 2 0.000 14420000
1 0 0.000 14420000
2 3 0.000 14420000
2 4 0.000 14420000
2 5 0.000 14420000
2 6 0.000 14420000
2 7 0.000 14420000
2 8 0.000 14420000
2 9 0.000 14420000
2 10 0.000 14420000
2 11 0.000 14420000
2 12 0.000 14420000
2 1 0.000 14420000
1 2 0.000 14430000
1 0 0.000 14430000
2 3 0.000 14430000
2 4 0.000 14430000
2 5 0.000 14430000
2 6 0.000 14430000
2 7 0.000 14430000
2 8 0.000 14430000
2 9 0.000 14430000
2 10 0.000 14430000
2 11 0.000 14430000
2 12 0.000 14430000
2 1 0.000 14430000
1 2 0.000 14440000
1 0 0.000 14440000
2 3 0.000 14440000
2 4 0.000 14440000
2 5 0.000 14440000
2 6 0.000 14440000
2 7 0.000 14440000
2 8 0.000 14440000
2 9 0.000 14440000
2 10 0.000 14440000
2 11 0.000 14440000
2 12 0.000 14440000
2 1 0.000 14440000
1 2 0.000 14450000
1 0 0.000 14450000
2 3 0.000 14450000
2 4 0.000 14450000
2 5 0.000 14450000
2 6 0.000 14450000
2 7 0.000 14450000
2 8 0.000 14450000
2 9 0.000 14450000
2 10 0.000 14450000
2 11 0.000 14450000
2 12 0.000 14450000
2 1 0.000 14450000
1 2 0.000 14460000
1 0 0.000 14460000
2 3 0.000 14460000
2 4 0.000 14460000
2 5 0.000 14460000
2 6 0.000 14460000
2 7 0.000 14460000
2 8 0.000 14460000
2 9 0.000 14460000
2 10 0.000 14460000
2 11 0.000 14460000
2 12 0.000 14460000
2 1 0.000 14460000
1 2 0.000 14470000
1 0 0.000 14470000
2 3 0.000 14470000
2 4 0.000 14470000
2 5 0.000 14470000
2 6 0.000 14470000
2 7 0.000 14470000
2 8 0.000 14470000
2 9 0.000 14470000
2 10 0.000 14470000
2 11 0.000 14470000
2 12 0.000 14470000
2 1 0.000 14470000
1 2 0.000 14480000
1 0 0.000 14480000
2 3 0.000 14480000
2 4 0.000 14480000
2 5 0.000 14480000
2 6 0.000 14480000
2 7 0.000 14480000
2 8 0.000 14480000
2 9 0.000 14480000
2 10 0.000 14480000
2 11 0.000 14480000
2 12 0.000 14480000
2 1 0.000 14480000
1 2 0.000 14490000
1 0 0.000 14490000
2 3 0.000 14490000
2 4 0.000 14490000
2 5 0.000 14490000
2 6 0.000 14490000
2 7 0.000 14490000
2 8 0.000 14490000
2 9 0.000 14490000
2 10 0.000 14490000
2 11 0.000 14490000
2 12 0.000 14490000
2 1 0.000 14490000
1 2 0.000 14500000
1 0 0.000 14500000
2 3 0.000 14500000
2 4 0.000 14500000
2 5 0.000 14500000
2 6 0.000 14500000
2 7 0.000 14500000
2 8 0.000 14500000
2 9 0.000 14500000
2 10 0.000 14500000
2 11 0.000 14500000
2 12 0.000 14500000
2 1 0.000 14500000
1 2 0.000 14510000
1 0 0.000 14510000
2 3 0.000 14510000
2 4 0.000 14510000
2 5 0.000 14510000
2 6 0.000 14510000
2 7 0.000 14510000
2 8 0.000 14510000
2 9 0.000 14510000
2 10 0.000 14510000
2 11 0.000 14510000
2 12 0.000 14510000
2 1 0.000 14510000
1 2 0.000 14520000
1 0 0.000 14520000
2 3 0.000 14520000
2 4 0.000 14520000
2 5 0.000 14520000
2 6 0.000 14520000
2 7 0.000 14520000
2 8 0.000 14520000
2 9 0.000 14520000
2 10 0.000 14520000
2 11 0.000 14520000
2 12 0.000 14520000
2 1 0.000 14520000
1 2 0.000 14530000
1 0 0.000 14530000
2 3 0.000 14530000
2 4 0.000 14530000
2 5 0.000 14530000
2 6 0.000 14530000
2 7 0.000 14530000
2 8 0.000 14530000
2 9 0.000 14530000
2 10 0.000 14530000
2 11 0.000 14530000
2 12 0.000 14530000
2 1 0.000 14530000
1 2 0.000 14540000
1 0 0.000 14540000
2 3 0.000 14540000
2 4 0.000 14540000
2 5 0.000 14540000
2 6 0.000 14540000
2 7 0.000 14540000
2 8 0.000 14540000
2 9 0.000 14540000
2 10 0.000 14540000
2 11 0.000 14540000
2 12 0.000 14540000
2 1 0.000 14540000
1 2 0.000 14550000
1 0 0.000 14550000
2 3 0.000 14550000
2 4 0.000 14550000
2 5 0.000 14550000
2 6 0.000 14550000
2 7 0.000 14550000
2 8 0.000 14550000
2 9 0.000 14550000
2 10 0.000 14550000
2 11 0.000 14550000
2 12 0.000 14550000
2 1 0.000 14550000
1 2 0.000 14560000
1 0 0.000 14560000
2 3 0.000 14560000
2 4 0.000 14560000
2 5 0.000 14560000
2 6 0.000 14560000
2 7 0.000 14560000
2 8 0.000 14560000
2 9 0.000 14560000
2 10 0.000 14560000
2 11 0.000 14560000
2 12 0.000 14560000
2 1 0.000 14560000
1 2 0.000 14570000
1 0 0.000 14570000
2 3 0.000 14570000
2 4 0.000 14570000
2 5 0.000 14570000
2 6 0.000 14570000
2 7 0.000 14570000
2 8 0.000 14570000
2 9 0.000 14570000
2 10 0.000 14570000
2 11 0.000 14570000
2 12 0.000 14570000
2 1 0.000 14570000
1 2 0.000 14580000
1 0 0.000 14580000
2 3 0.000 14580000
2 4 0.000 14580000
2 5 0.000 14580000
2 6 0.000 14580000
2 7 0.000 14580000
2 8 0.000 14580000
2 9 0.000 14580000
2 10 0.000 14580000
2 11 0.000 14580000
2 12 0.000 14580000
2 1 0.000 14580000
1 2 0.000 14590000
1 0 0.000 14590000
2 3 0.000 14590000
2 4 0.000 14590000
2 5 0.000 14590000
2 6 0.000 14590000
2 7 0.000 14590000
2 8 0.000 14590000
2 9 0.000 14590000
2 10 0.000 14590000
2 11 0.000 14590000
2 12 0.000 14590000
2 1 0.000 14590000
1 2 0.000 14600000
1 0 0.000 14600000
2 3 0.000 14600000
2 4 0.000 14600000
2 5 0.000 14600000
2 6 0.000 14600000
2 7 0.000 14600000
2 8 0.000 14600000
2 9 0.000 14600000
2 10 0.000 14600000
2 11 0.000 14600000
2 12 0.000 14600000
2 1 0.000 14600000
1 2 0.000 14610000
1 0 0.000 14610000
2 3 0.000 14610000
2 4 0.000 14610000
2 5 0.000 14610000
2 6 0.000 14610000
2 7 0.000 14610000
2 8 0.000 14610000
2 9 0.000 14610000
2 10 0.000 14610000
2 11 0.000 14610000
2 12 0.000 14610000
2 1 0.000 14610000
1 2 0.000 14620000
1 0 0.000 14620000
2 3 0.000 14620000
2 4 0.000 14620000
2 5 0.000 14620000
2 6 0.000 14620000
2 7 0.000 14620000
2 8 0.000 14620000
2 9 0.000 14620000
2 10 0.000 14620000
2 11 0.000 14620000
2 12 0.000 14620000
2 1 0.000 14620000
1 2 0.000 14630000
1 0 0.000 14630000
2 3 0.000 14630000
2 4 0.000 14630000
2 5 0.000 14630000
2 6 0.000 14630000
2 7 0.000 14630000
2 8 0.000 14630000
2 9 0.000 14630000
2 10 0.000 14630000
2 11 0.000 14630000
2 12 0.000 14630000
2 1 0.000 14630000
1 2 0.000 14640000
1 0 0.000 14640000
2 3 0.000 14640000
2 4 0.000 14640000
2 5 0.000 14640000
2 6 0.000 14640000
2 7 0.000 14640000
2 8 0.000 14640000
2 9 0.000 14640000
2 10 0.000 14640000
2 11 0.000 14640000
2 12 0.000 14640000
2 1 0.000 14640000
1 2 0.000 14650000
1 0 0.000 14650000
2 3 0.000 14650000
2 4 0.000 14650000
2 5 0.000 14650000
2 6 0.000 14650000
2 7 0.000 14650000
2 8 0.000 14650000
2 9 0.000 14650000
2 10 0.000 14650000
2 11 0.000 14650000
2 12 0.000 14650000
2 1 0.000 14650000
1 2 0.000 14660000
1 0 0.000 14660000
2 3 0.000 14660000
2 4 0.000 14660000
2 5 0.000 14660000
2 6 0.000 14660000
2 7 0.000 14660000
2 8 0.000 14660000
2 9 0.000 14660000
2 10 0.000 14660000
2 11 0.000 14660000
2 12 0.000 14660000
2 1 0.000 14660000
1 2 0.000 14670000
1 0 0.000 14670000
2 3 0.000 14670000
2 4 0.000 14670000
2 5 0.000 14670000
2 6 0.000 14670000
2 7 0.000 14670000
2 8 0.000 14670000
2 9 0.000 14670000
2 10 0.000 14670000
2 11 0.000 14670000
2 12 0.000 14670000
2 1 0.000 14670000
1 2 0.000 14680000
1 0 0.000 14680000
2 3 0.000 14680000
2 4 0.000 14680000
2 5 0.000 14680000
2 6 0.000 14680000
2 7 0.000 14680000
2 8 0.000 14680000
2 9 0.000 14680000
2 10 0.000 14680000
2 11 0.000 14680000
2 12 0.000 14680000
2 1 0.000 14680000
1 2 0.000 14690000
1 0 0.000 14690000
2 3 0.000 14690000
2 4 0.000 14690000
2 5 0.000 14690000
2 6 0.000 14690000
2 7 0.000 14690000
2 8 0.000 14690000
2 9 0.000 14690000
2 10 0.000 14690000
2 11 0.000 14690000
2 12 0.000 14690000
2 1 0.000 14690000
1 2 0.000 14700000
1 0 0.000 14700000
2 3 0.000 14700000
2 4 0.000 14700000
2 5 0.000 14700000
2 6 0.000 14700000
2 7 0.000 14700000
2 8 0.000 14700000
2 9 0.000 14700000
2 10 0.000 14700000
2 11 0.000 14700000
2 12 0.000 14700000
2 1 0.000 14700000
1 2 0.000 14710000
1 0 0.000 14710000
2 3 0.000 14710000
2 4 0.000 14710000
2 5 0.000 14710000
2 6 0.000 14710000
2 7 0.000 14710000
2 8 0.000 14710000
2 9 0.000 14710000
2 10 0.000 14710000
2 11 0.000 14710000
2 12 0.000 14710000
2 1 0.000 14710000
1 2 0.000 14720000
1 0 0.000 14720000
2 3 0.000 14720000
2 4 0.000 14720000
2 5 0.000 14720000
2 6 0.000 14720000
2 7 0.000 14720000
2 8 0.000 14720000
2 9 0.000 14720000
2 10 0.000 14720000
2 11 0.000 14720000
2 12 0.000 14720000
2 1 0.000 14720000
1 2 0.000 14730000
1 0 0.000 14730000
2 3 0.000 14730000
2 4 0.000 14730000
2 5 0.000 14730000
2 6 0.000 14730000
2 7 0.000 14730000
2 8 0.000 14730000
2 9 0.000 14730000
2 10 0.000 14730000
2 11 0.000 14730000
2 12 0.000 14730000
2 1 0.000 14730000
1 2 0.000 14740000
1 0 0.000 14740000
2 3 0.000 14740000
2 4 0.000 14740000
2 5 0.000 14740000
2 6 0.000 14740000
2 7 0.000 14740000
2 8 0.000 14740000
2 9 0.000 14740000
2 10 0.000 14740000
2 11 0.000 14740000
2 12 0.000 14740000
2 1 0.000 14740000
1 2 0.000 14750000
1 0 0.000 14750000
2 3 0.000 14750000
2 4 0.000 14750000
2 5 0.000 14750000
2 6 0.000 14750000
2 7 0.000 14750000
2 8 0.000 14750000
2 9 0.000 14750000
2 10 0.000 14750000
2 11 0.000 14750000
2 12 0.000 14750000
2 1 0.000 14750000
1 2 0.000 14760000
1 0 0.000 14760000
2 3 0.000 14760000
2 4 0.000 14760000
2 5 0.000 14760000
2 6 0.000 14760000
2 7 0.000 14760000
2 8 0.000 14760000
2 9 0.000 14760000
2 10 0.000 14760000
2 11 0.000 14760000
2 12 0.000 14760000
2 1 0.000 14760000
1 2 0.000 14770000
1 0 0.000 14770000
2 3 0.000 14770000
2 4 0.000 14770000
2 5 0.000 14770000
2 6 0.000 14770000
2 7 0.000 14770000
2 8 0.000 14770000
2 9 0.000 14770000
2 10 0.000 14770000
2 11 0.000 14770000
2 12 0.000 14770000
2 1 0.000 14770000
1 2 0.000 14780000
1 0 0.000 14780000
2 3 0.000 14780000
2 4 0.000 14780000
2 5 0.000 14780000
2 6 0.000 14780000
2 7 0.000 14780000
2 8 0.000 14780000
2 9 0.000 14780000
2 10 0.000 14780000
2 11 0.000 14780000
2 12 0.000 14780000
2 1 0.000 14780000
1 2 0.000 14790000
1 0 0.000 14790000
2 3 0.000 14790000
2 4 0.000 14790000
2 5 0.000 14790000
2 6 0.000 14790000
2 7 0.000 14790000
2 8 0.000 14790000
2 9 0.000 14790000
2 10 0.000 14790000
2 11 0.000 14790000
2 12 0.000 14790000
2 1 0.000 14790000
1 2 0.000 14800000
1 0 0.000 14800000
2 3 0.000 14800000
2 4 0.000 14800000
2 5 0.000 14800000
2 6 0.000 14800000
2 7 0.000 14800000
2 8 0.000 14800000
2 9 0.000 14800000
2 10 0.000 14800000
2 11 0.000 14800000
2 12 0.000 14800000
2 1 0.000 14800000
1 2 0.000 14810000
1 0 0.000 14810000
2 3 0.000 14810000
2 4 0.000 14810000
2 5 0.000 14810000
2 6 0.000 14810000
2 7 0.000 14810000
2 8 0.000 14810000
2 9 0.000 14810000
2 10 0.000 14810000
2 11 0.000 14810000
2 12 0.000 14810000
2 1 0.000 14810000
1 2 0.000 14820000
1 0 0.000 14820000
2 3 0.000 14820000
2 4 0.000 14820000
2 5 0.000 14820000
2 6 0.000 14820000
2 7 0.000 14820000
2 8 0.000 14820000
2 9 0.000 14820000
2 10 0.000 14820000
2 11 0.000 14820000
2 12 0.000 14820000
2 1 0.000 14820000
1 2 0.000 14830000
1 0 0.000 14830000
2 3 0.000 14830000
2 4 0.000 14830000
2 5 0.000 14830000
2 6 0.000 14830000
2 7 0.000 14830000
2 8 0.000 14830000
2 9 0.000 14830000
2 10 0.000 14830000
2 11 0.000 14830000
2 12 0.000 14830000
2 1 0.000 14830000
1 2 0.000 14840000
1 0 0.000 14840000
2 3 0.000 14840000
2 4 0.000 14840000
2 5 0.000 14840000
2 6 0.000 14840000
2 7 0.000 14840000
2 8 0.000 14840000
2 9 0.000 14840000
2 10 0.000 14840000
2 11 0.000 14840000
2 12 0.000 14840000
2 1 0.000 14840000
1 2 0.000 14850000
1 0 0.000 14850000
2 3 0.000 14850000
2 4 0.000 14850000
2 5 0.000 14850000
2 6 0.000 14850000
2 7 0.000 14850000
2 8 0.000 14850000
2 9 0.000 14850000
2 10 0.000 14850000
2 11 0.000 14850000
2 12 0.000 14850000
2 1 0.000 14850000
1 2 0.000 14860000
1 0 0.000 14860000
2 3 0.000 14860000
2 4 0.000 14860000
2 5 0.000 14860000
2 6 0.000 14860000
2 7 0.000 14860000
2 8 0.000 14860000
2 9 0.000 14860000
2 10 0.000 14860000
2 11 0.000 14860000
2 12 0.000 14860000
2 1 0.000 14860000
1 2 0.000 14870000
1 0 0.000 14870000
2 3 0.000 14870000
2 4 0.000 14870000
2 5 0.000 14870000
2 6 0.000 14870000
2 7 0.000 14870000
2 8 0.000 14870000
2 9 0.000 14870000
2 10 0.000 14870000
2 11 0.000 14870000
2 12 0.000 14870000
2 1 0.000 14870000
1 2 0.000 14880000
1 0 0.000 14880000
2 3 0.000 14880000
2 4 0.000 14880000
2 5 0.000 14880000
2 6 0.000 14880000
2 7 0.000 14880000
2 8 0.000 14880000
2 9 0.000 14880000
2 10 0.000 14880000
2 11 0.000 14880000
2 12 0.000 14880000
2 1 0.000 14880000
1 2 0.000 14890000
1 0 0.000 14890000
2 3 0.000 14890000
2 4 0.000 14890000
2 5 0.000 14890000
2 6 0.000 14890000
2 7 0.000 14890000
2 8 0.000 14890000
2 9 0.000 14890000
2 10 0.000 14890000
2 11 0.000 14890000
2 12 0.000 14890000
2 1 0.000 14890000
1 2 0.000 14900000
1 0 0.000 14900000
2 3 0.000 14900000
2 4 0.000 14900000
2 5 0.000 14900000
2 6 0.000 14900000
2 7 0.000 14900000
2 8 0.000 14900000
2 9 0.000 14900000
2 10 0.000 14900000
2 11 0.000 14900000
2 12 0.000 14900000
2 1 0.000 14900000
1 2 0.000 14910000
1 0 0.000 14910000
2 3 0.000 14910000
2 4 0.000 14910000
2 5 0.000 14910000
2 6 0.000 14910000
2 7 0.000 14910000
2 8 0.000 14910000
2 9 0.000 14910000
2 10 0.000 14910000
2 11 0.000 14910000
2 12 0.000 14910000
2 1 0.000 14910000
1 2 0.000 14920000
1 0 0.000 14920000
2 3 0.000 14920000
2 4 0.000 14920000
2 5 0.000 14920000
2 6 0.000 14920000
2 7 0.000 14920000
2 8 0.000 14920000
2 9 0.000 14920000
2 10 0.000 14920000
2 11 0.000 14920000
2 12 0.000 14920000
2 1 0.000 14920000
1 2 0.000 14930000
1 0 0.000 14930000
2 3 0.000 14930000
2 4 0.000 14930000
2 5 0.000 14930000
2 6 0.000 14930000
2 7 0.000 14930000
2 8 0.000 14930000
2 9 0.000 14930000
2 10 0.000 14930000
2 11 0.000 14930000
2 12 0.000 14930000
2 1 0.000 14930000
1 2 0.000 14940000
1 0 0.000 14940000
2 3 0.000 14940000
2 4 0.000 14940000
2 5 0.000 14940000
2 6 0.000 14940000
2 7 0.000 14940000
2 8 0.000 14940000
2 9 0.000 14940000
2 10 0.000 14940000
2 11 0.000 14940000
2 12 0.000 14940000
2 1 0.000 14940000
1 2 0.000 14950000
1 0 0.000 14950000
2 3 0.000 14950000
2 4 0.000 14950000
2 5 0.000 14950000
2 6 0.000 14950000
2 7 0.000 14950000
2 8 0.000 14950000
2 9 0.000 14950000
2 10 0.000 14950000
2 11 0.000 14950000
2 12 0.000 14950000
2 1 0.000 14950000
1 2 0.000 14960000
1 0 0.000 14960000
2 3 0.000 14960000
2 4 0.000 14960000
2 5 0.000 14960000
2 6 0.000 14960000
2 7 0.000 14960000
2 8 0.000 14960000
2 9 0.000 14960000
2 10 0.000 14960000
2 11 0.000 14960000
2 12 0.000 14960000
2 1 0.000 14960000
1 2 0.000 14970000
1 0 0.000 14970000
2 3 0.000 14970000
2 4 0.000 14970000
2 5 0.000 14970000
2 6 0.000 14970000
2 7 0.000 14970000
2 8 0.000 14970000
2 9 0.000 14970000
2 10 0.000 14970000
2 11 0.000 14970000
2 12 0.000 14970000
2 1 0.000 14970000
1 2 0.000 14980000
1 0 0.000 14980000
2 3 0.000 14980000
2 4 0.000 14980000
2 5 0.000 14980000
2 6 0.000 14980000
2 7 0.000 14980000
2 8 0.000 14980000
2 9 0.000 14980000
2 10 0.000 14980000
2 11 0.000 14980000
2 12 0.000 14980000
2 1 0.000 14980000
1 2 0.000 14990000
1 0 0.000 14990000
2 3 0.000 14990000
2 4 0.000 14990000
2 5 0.000 14990000
2 6 0.000 14990000
2 7 0.000 14990000
2 8 0.000 14990000
2 9 0.000 14990000
2 10 0.000 14990000
2 11 0.000 14990000
2 12 0.000 14990000
2 1 0.000 14990000
1 2 0.000 15000000
1 0 0.000 15000000
2 3 0.000 15000000
2 4 0.000 15000000
2 5 0.000 15000000
2 6 0.000 15000000
2 7 0.000 15000000
2 8 0.000 15000000
2 9 0.000 15000000
2 10 0.000 15000000
2 11 0.000 15000000
2 12 0.000 15000000
2 1 0.000 15000000
1 2 0.000 15010000
1 0 0.000 15010000
2 3 0.000 15010000
2 4 0.000 15010000
2 5 0.000 15010000
2 6 0.000 15010000
2 7 0.000 15010000
2 8 0.000 15010000
2 9 0.000 15010000
2 10 0.000 15010000
2 11 0.000 15010000
2 12 0.000 15010000
2 1 0.000 15010000
1 2 0.000 15020000
1 0 0.000 15020000
2 3 0.000 15020000
2 4 0.000 15020000
2 5 0.000 15020000
2 6 0.000 15020000
2 7 0.000 15020000
2 8 0.000 15020000
2 9 0.000 15020000
2 10 0.000 15020000
2 11 0.000 15020000
2 12 0.000 15020000
2 1 0.000 15020000
1 2 0.000 15030000
1 0 0.000 15030000
2 3 0.000 15030000
2 4 0.000 15030000
2 5 0.000 15030000
2 6 0.000 15030000
2 7 0.000 15030000
2 8 0.000 15030000
2 9 0.000 15030000
2 10 0.000 15030000
2 11 0.000 15030000
2 12 0.000 15030000
2 1 0.000 15030000
1 2 0.000 15040000
1 0 0.000 15040000
2 3 0.000 15040000
2 4 0.000 15040000
2 5 0.000 15040000
2 6 0.000 15040000
2 7 0.000 15040000
2 8 0.000 15040000
2 9 0.000 15040000
2 10 0.000 15040000
2 11 0.000 15040000
2 12 0.000 15040000
2 1 0.000 15040000
1 2 0.000 15050000
1 0 0.000 15050000
2 3 0.000 15050000
2 4 0.000 15050000
2 5 0.000 15050000
2 6 0.000 15050000
2 7 0.000 15050000
2 8 0.000 15050000
2 9 0.000 15050000
2 10 0.000 15050000
2 11 0.000 15050000
2 12 0.000 15050000
2 1 0.000 15050000
1 2 0.000 15060000
1 0 0.000 15060000
2 3 0.000 15060000
2 4 0.000 15060000
2 5 0.000 15060000
2 6 0.000 15060000
2 7 0.000 15060000
2 8 0.000 15060000
2 9 0.000 15060000
2 10 0.000 15060000
2 11 0.000 15060000
2 12 0.000 15060000
2 1 0.000 15060000
1 2 0.000 15070000
1 0 0.000 15070000
2 3 0.000 15070000
2 4 0.000 15070000
2 5 0.000 15070000
2 6 0.000 15070000
2 7 0.000 15070000
2 8 0.000 15070000
2 9 0.000 15070000
2 10 0.000 15070000
2 11 0.000 15070000
2 12 0.000 15070000
2 1 0.000 15070000
1 2 0.000 15080000
1 0 0.000 15080000
2 3 0.000 15080000
2 4 0.000 15080000
2 5 0.000 15080000
2 6 0.000 15080000
2 7 0.000 15080000
2 8 0.000 15080000
2 9 0.000 15080000
2 10 0.000 15080000
2 11 0.000 15080000
2 12 0.000 15080000
2 1 0.000 15080000
1 2 0.000 15090000
1 0 0.000 15090000
2 3 0.000 15090000
2 4 0.000 15090000
2 5 0.000 15090000
2 6 0.000 15090000
2 7 0.000 15090000
2 8 0.000 15090000
2 9 0.000 15090000
2 10 0.000 15090000
2 11 0.000 15090000
2 12 0.000 15090000
2 1 0.000 15090000
1 2 0.000 15100000
1 0 0.000 15100000
2 3 0.000 15100000
2 4 0.000 15100000
2 5 0.000 15100000
2 6 0.000 15100000
2 7 0.000 15100000
2 8 0.000 15100000
2 9 0.000 15100000
2 10 0.000 15100000
2 11 0.000 15100000
2 12 0.000 15100000
2 1 0.000 15100000
1 2 0.000 15110000
1 0 0.000 15110000
2 3 0.000 15110000
2 4 0.000 15110000
2 5 0.000 15110000
2 6 0.000 15110000
2 7 0.000 15110000
2 8 0.000 15110000
2 9 0.000 15110000
2 10 0.000 15110000
2 11 0.000 15110000
2 12 0.000 15110000
2 1 0.000 15110000
1 2 0.000 15120000
1 0 0.000 15120000
2 3 0.000 15120000
2 4 0.000 15120000
2 5 0.000 15120000
2 6 0.000 15120000
2 7 0.000 15120000
2 8 0.000 15120000
2 9 0.000 15120000
2 10 0.000 15120000
2 11 0.000 15120000
2 12 0.000 15120000
2 1 0.000 15120000
1 2 0.000 15130000
1 0 0.000 15130000
2 3 0.000 15130000
2 4 0.000 15130000
2 5 0.000 15130000
2 6 0.000 15130000
2 7 0.000 15130000
2 8 0.000 15130000
2 9 0.000 15130000
2 10 0.000 15130000
2 11 0.000 15130000
2 12 0.000 15130000
2 1 0.000 15130000
1 2 0.000 15140000
1 0 0.000 15140000
2 3 0.000 15140000
2 4 0.000 15140000
2 5 0.000 15140000
2 6 0.000 15140000
2 7 0.000 15140000
2 8 0.000 15140000
2 9 0.000 15140000
2 10 0.000 15140000
2 11 0.000 15140000
2 12 0.000 15140000
2 1 0.000 15140000
1 2 0.000 15150000
1 0 0.000 15150000
2 3 0.000 15150000
2 4 0.000 15150000
2 5 0.000 15150000
2 6 0.000 15150000
2 7 0.000 15150000
2 8 0.000 15150000
2 9 0.000 15150000
2 10 0.000 15150000
2 11 0.000 15150000
2 12 0.000 15150000
2 1 0.000 15150000
1 2 0.000 15160000
1 0 0.000 15160000
2 3 0.000 15160000
2 4 0.000 15160000
2 5 0.000 15160000
2 6 0.000 15160000
2 7 0.000 15160000
2 8 0.000 15160000
2 9 0.000 15160000
2 10 0.000 15160000
2 11 0.000 15160000
2 12 0.000 15160000
2 1 0.000 15160000
1 2 0.000 15170000
1 0 0.000 15170000
2 3 0.000 15170000
2 4 0.000 15170000
2 5 0.000 15170000
2 6 0.000 15170000
2 7 0.000 15170000
2 8 0.000 15170000
2 9 0.000 15170000
2 10 0.000 15170000
2 11 0.000 15170000
2 12 0.000 15170000
2 1 0.000 15170000
1 2 0.000 15180000
1 0 0.000 15180000
2 3 0.000 15180000
2 4 0.000 15180000
2 5 0.000 15180000
2 6 0.000 15180000
2 7 0.000 15180000
2 8 0.000 15180000
2 9 0.000 15180000
2 10 0.000 15180000
2 11 0.000 15180000
2 12 0.000 15180000
2 1 0.000 15180000
1 2 0.000 15190000
1 0 0.000 15190000
2 3 0.000 15190000
2 4 0.000 15190000
2 5 0.000 15190000
2 6 0.000 15190000
2 7 0.000 15190000
2 8 0.000 15190000
2 9 0.000 15190000
2 10 0.000 15190000
2 11 0.000 15190000
2 12 0.000 15190000
2 1 0.000 15190000
1 2 0.000 15200000
1 0 0.000 15200000
2 3 0.000 15200000
2 4 0.000 15200000
2 5 0.000 15200000
2 6 0.000 15200000
2 7 0.000 15200000
2 8 0.000 15200000
2 9 0.000 15200000
2 10 0.000 15200000
2 11 0.000 15200000
2 12 0.000 15200000
2 1 0.000 15200000
1 2 0.000 15210000
1 0 0.000 15210000
2 3 0.000 15210000
2 4 0.000 15210000
2 5 0.000 15210000
2 6 0.000 15210000
2 7 0.000 15210000
2 8 0.000 15210000
2 9 0.000 15210000
2 10 0.000 15210000
2 11 0.000 15210000
2 12 0.000 15210000
2 1 0.000 15210000
1 2 0.000 15220000
1 0 0.000 15220000
2 3 0.000 15220000
2 4 0.000 15220000
2 5 0.000 15220000
2 6 0.000 15220000
2 7 0.000 15220000
2 8 0.000 15220000
2 9 0.000 15220000
2 10 0.000 15220000
2 11 0.000 15220000
2 12 0.000 15220000
2 1 0.000 15220000
1 2 0.000 15230000
1 0 0.000 15230000
2 3 0.000 15230000
2 4 0.000 15230000
2 5 0.000 15230000
2 6 0.000 15230000
2 7 0.000 15230000
2 8 0.000 15230000
2 9 0.000 15230000
2 10 0.000 15230000
2 11 0.000 15230000
2 12 0.000 15230000
2 1 0.000 15230000
1 2 0.000 15240000
1 0 0.000 15240000
2 3 0.000 15240000
2 4 0.000 15240000
2 5 0.000 15240000
2 6 0.000 15240000
2 7 0.000 15240000
2 8 0.000 15240000
2 9 0.000 15240000
2 10 0.000 15240000
2 11 0.000 15240000
2 12 0.000 15240000
2 1 0.000 15240000
1 2 0.000 15250000
1 0 0.000 15250000
2 3 0.000 15250000
2 4 0.000 15250000
2 5 0.000 15250000
2 6 0.000 15250000
2 7 0.000 15250000
2 8 0.000 15250000
2 9 0.000 15250000
2 10 0.000 15250000
2 11 0.000 15250000
2 12 0.000 15250000
2 1 0.000 15250000
1 2 0.000 15260000
1 0 0.000 15260000
2 3 0.000 15260000
2 4 0.000 15260000
2 5 0.000 15260000
2 6 0.000 15260000
2 7 0.000 15260000
2 8 0.000 15260000
2 9 0.000 15260000
2 10 0.000 15260000
2 11 0.000 15260000
2 12 0.000 15260000
2 1 0.000 15260000
1 2 0.000 15270000
1 0 0.000 15270000
2 3 0.000 15270000
2 4 0.000 15270000
2 5 0.000 15270000
2 6 0.000 15270000
2 7 0.000 15270000
2 8 0.000 15270000
2 9 0.000 15270000
2 10 0.000 15270000
2 11 0.000 15270000
2 12 0.000 15270000
2 1 0.000 15270000
1 2 0.000 15280000
1 0 0.000 15280000
2 3 0.000 15280000
2 4 0.000 15280000
2 5 0.000 15280000
2 6 0.000 15280000
2 7 0.000 15280000
2 8 0.000 15280000
2 9 0.000 15280000
2 10 0.000 15280000
2 11 0.000 15280000
2 12 0.000 15280000
2 1 0.000 15280000
1 2 0.000 15290000
1 0 0.000 15290000
2 3 0.000 15290000
2 4 0.000 15290000
2 5 0.000 15290000
2 6 0.000 15290000
2 7 0.000 15290000
2 8 0.000 15290000
2 9 0.000 15290000
2 10 0.000 15290000
2 11 0.000 15290000
2 12 0.000 15290000
2 1 0.000 15290000
1 2 0.000 15300000
1 0 0.000 15300000
2 3 0.000 15300000
2 4 0.000 15300000
2 5 0.000 15300000
2 6 0.000 15300000
2 7 0.000 15300000
2 8 0.000 15300000
2 9 0.000 15300000
2 10 0.000 15300000
2 11 0.000 15300000
2 12 0.000 15300000
2 1 0.000 15300000
1 2 0.000 15310000
1 0 0.000 15310000
2 3 0.000 15310000
2 4 0.000 15310000
2 5 0.000 15310000
2 6 0.000 15310000
2 7 0.000 15310000
2 8 0.000 15310000
2 9 0.000 15310000
2 10 0.000 15310000
2 11 0.000 15310000
2 12 0.000 15310000
2 1 0.000 15310000
1 2 0.000 15320000
1 0 0.000 15320000
2 3 0.000 15320000
2 4 0.000 15320000
2 5 0.000 15320000
2 6 0.000 15320000
2 7 0.000 15320000
2 8 0.000 15320000
2 9 0.000 15320000
2 10 0.000 15320000
2 11 0.000 15320000
2 12 0.000 15320000
2 1 0.000 15320000
1 2 0.000 15330000
1 0 0.000 15330000
2 3 0.000 15330000
2 4 0.000 15330000
2 5 0.000 15330000
2 6 0.000 15330000
2 7 0.000 15330000
2 8 0.000 15330000
2 9 0.000 15330000
2 10 0.000 15330000
2 11 0.000 15330000
2 12 0.000 15330000
2 1 0.000 15330000
1 2 0.000 15340000
1 0 0.000 15340000
2 3 0.000 15340000
2 4 0.000 15340000
2 5 0.000 15340000
2 6 0.000 15340000
2 7 0.000 15340000
2 8 0.000 15340000
2 9 0.000 15340000
2 10 0.000 15340000
2 11 0.000 15340000
2 12 0.000 15340000
2 1 0.000 15340000
1 2 0.000 15350000
1 0 0.000 15350000
2 3 0.000 15350000
2 4 0.000 15350000
2 5 0.000 15350000
2 6 0.000 15350000
2 7 0.000 15350000
2 8 0.000 15350000
2 9 0.000 15350000
2 10 0.000 15350000
2 11 0.000 15350000
2 12 0.000 15350000
2 1 0.000 15350000
1 2 0.000 15360000
1 0 0.000 15360000
2 3 0.000 15360000
2 4 0.000 15360000
2 5 0.000 15360000
2 6 0.000 15360000
2 7 0.000 15360000
2 8 0.000 15360000
2 9 0.000 15360000
2 10 0.000 15360000
2 11 0.000 15360000
2 12 0.000 15360000
2 1 0.000 15360000
1 2 0.000 15370000
1 0 0.000 15370000
2 3 0.000 15370000
2 4 0.000 15370000
2 5 0.000 15370000
2 6 0.000 15370000
2 7 0.000 15370000
2 8 0.000 15370000
2 9 0.000 15370000
2 10 0.000 15370000
2 11 0.000 15370000
2 12 0.000 15370000
2 1 0.000 15370000
1 2 0.000 15380000
1 0 0.000 15380000
2 3 0.000 15380000
2 4 0.000 15380000
2 5 0.000 15380000
2 6 0.000 15380000
2 7 0.000 15380000
2 8 0.000 15380000
2 9 0.000 15380000
2 10 0.000 15380000
2 11 0.000 15380000
2 12 0.000 15380000
2 1 0.000 15380000
1 2 0.000 15390000
1 0 0.000 15390000
2 3 0.000 15390000
2 4 0.000 15390000
2 5 0.000 15390000
2 6 0.000 15390000
2 7 0.000 15390000
2 8 0.000 15390000
2 9 0.000 15390000
2 10 0.000 15390000
2 11 0.000 15390000
2 12 0.000 15390000
2 1 0.000 15390000
1 2 0.000 15400000
1 0 0.000 15400000
2 3 0.000 15400000
2 4 0.000 15400000
2 5 0.000 15400000
2 6 0.000 15400000
2 7 0.000 15400000
2 8 0.000 15400000
2 9 0.000 15400000
2 10 0.000 15400000
2 11 0.000 15400000
2 12 0.000 15400000
2 1 0.000 15400000
1 2 0.000 15410000
1 0 0.000 15410000
2 3 0.000 15410000
2 4 0.000 15410000
2 5 0.000 15410000
2 6 0.000 15410000
2 7 0.000 15410000
2 8 0.000 15410000
2 9 0.000 15410000
2 10 0.000 15410000
2 11 0.000 15410000
2 12 0.000 15410000
2 1 0.000 15410000
1 2 0.000 15420000
1 0 0.000 15420000
2 3 0.000 15420000
2 4 0.000 15420000
2 5 0.000 15420000
2 6 0.000 15420000
2 7 0.000 15420000
2 8 0.000 15420000
2 9 0.000 15420000
2 10 0.000 15420000
2 11 0.000 15420000
2 12 0.000 15420000
2 1 0.000 15420000
1 2 0.000 15430000
1 0 0.000 15430000
2 3 0.000 15430000
2 4 0.000 15430000
2 5 0.000 15430000
2 6 0.000 15430000
2 7 0.000 15430000
2 8 0.000 15430000
2 9 0.000 15430000
2 10 0.000 15430000
2 11 0.000 15430000
2 12 0.000 15430000
2 1 0.000 15430000
1 2 0.000 15440000
1 0 0.000 15440000
2 3 0.000 15440000
2 4 0.000 15440000
2 5 0.000 15440000
2 6 0.000 15440000
2 7 0.000 15440000
2 8 0.000 15440000
2 9 0.000 15440000
2 10 0.000 15440000
2 11 0.000 15440000
2 12 0.000 15440000
2 1 0.000 15440000
1 2 0.000 15450000
1 0 0.000 15450000
2 3 0.000 15450000
2 4 0.000 15450000
2 5 0.000 15450000
2 6 0.000 15450000
2 7 0.000 15450000
2 8 0.000 15450000
2 9 0.000 15450000
2 10 0.000 15450000
2 11 0.000 15450000
2 12 0.000 15450000
2 1 0.000 15450000
1 2 0.000 15460000
1 0 0.000 15460000
2 3 0.000 15460000
2 4 0.000 15460000
2 5 0.000 15460000
2 6 0.000 15460000
2 7 0.000 15460000
2 8 0.000 15460000
2 9 0.000 15460000
2 10 0.000 15460000
2 11 0.000 15460000
2 12 0.000 15460000
2 1 0.000 15460000
1 2 0.000 15470000
1 0 0.000 15470000
2 3 0.000 15470000
2 4 0.000 15470000
2 5 0.000 15470000
2 6 0.000 15470000
2 7 0.000 15470000
2 8 0.000 15470000
2 9 0.000 15470000
2 10 0.000 15470000
2 11 0.000 15470000
2 12 0.000 15470000
2 1 0.000 15470000
1 2 0.000 15480000
1 0 0.000 15480000
2 3 0.000 15480000
2 4 0.000 15480000
2 5 0.000 15480000
2 6 0.000 15480000
2 7 0.000 15480000
2 8 0.000 15480000
2 9 0.000 15480000
2 10 0.000 15480000
2 11 0.000 15480000
2 12 0.000 15480000
2 1 0.000 15480000
1 2 0.000 15490000
1 0 0.000 15490000
2 3 0.000 15490000
2 4 0.000 15490000
2 5 0.000 15490000
2 6 0.000 15490000
2 7 0.000 15490000
2 8 0.000 15490000
2 9 0.000 15490000
2 10 0.000 15490000
2 11 0.000 15490000
2 12 0.000 15490000
2 1 0.000 15490000
1 2 0.000 15500000
1 0 0.000 15500000
2 3 0.000 15500000
2 4 0.000 15500000
2 5 0.000 15500000
2 6 0.000 15500000
2 7 0.000 15500000
2 8 0.000 15500000
2 9 0.000 15500000
2 10 0.000 15500000
2 11 0.000 15500000
2 12 0.000 15500000
2 1 0.000 15500000
1 2 0.000 15510000
1 0 0.000 15510000
2 3 0.000 15510000
2 4 0.000 15510000
2 5 0.000 15510000
2 6 0.000 15510000
2 7 0.000 15510000
2 8 0.000 15510000
2 9 0.000 15510000
2 10 0.000 15510000
2 11 0.000 15510000
2 12 0.000 15510000
2 1 0.000 15510000
1 2 0.000 15520000
1 0 0.000 15520000
2 3 0.000 15520000
2 4 0.000 15520000
2 5 0.000 15520000
2 6 0.000 15520000
2 7 0.000 15520000
2 8 0.000 15520000
2 9 0.000 15520000
2 10 0.000 15520000
2 11 0.000 15520000
2 12 0.000 15520000
2 1 0.000 15520000
1 2 0.000 15530000
1 0 0.000 15530000
2 3 0.000 15530000
2 4 0.000 15530000
2 5 0.000 15530000
2 6 0.000 15530000
2 7 0.000 15530000
2 8 0.000 15530000
2 9 0.000 15530000
2 10 0.000 15530000
2 11 0.000 15530000
2 12 0.000 15530000
2 1 0.000 15530000
1 2 0.000 15540000
1 0 0.000 15540000
2 3 0.000 15540000
2 4 0.000 15540000
2 5 0.000 15540000
2 6 0.000 15540000
2 7 0.000 15540000
2 8 0.000 15540000
2 9 0.000 15540000
2 10 0.000 15540000
2 11 0.000 15540000
2 12 0.000 15540000
2 1 0.000 15540000
1 2 0.000 15550000
1 0 0.000 15550000
2 3 0.000 15550000
2 4 0.000 15550000
2 5 0.000 15550000
2 6 0.000 15550000
2 7 0.000 15550000
2 8 0.000 15550000
2 9 0.000 15550000
2 10 0.000 15550000
2 11 0.000 15550000
2 12 0.000 15550000
2 1 0.000 15550000
1 2 0.000 15560000
1 0 0.000 15560000
2 3 0.000 15560000
2 4 0.000 15560000
2 5 0.000 15560000
2 6 0.000 15560000
2 7 0.000 15560000
2 8 0.000 15560000
2 9 0.000 15560000
2 10 0.000 15560000
2 11 0.000 15560000
2 12 0.000 15560000
2 1 0.000 15560000
1 2 0.000 15570000
1 0 0.000 15570000
2 3 0.000 15570000
2 4 0.000 15570000
2 5 0.000 15570000
2 6 0.000 15570000
2 7 0.000 15570000
2 8 0.000 15570000
2 9 0.000 15570000
2 10 0.000 15570000
2 11 0.000 15570000
2 12 0.000 15570000
2 1 0.000 15570000
1 2 0.000 15580000
1 0 0.000 15580000
2 3 0.000 15580000
2 4 0.000 15580000
2 5 0.000 15580000
2 6 0.000 15580000
2 7 0.000 15580000
2 8 0.000 15580000
2 9 0.000 15580000
2 10 0.000 15580000
2 11 0.000 15580000
2 12 0.000 15580000
2 1 0.000 15580000
1 2 0.000 15590000
1 0 0.000 15590000
2 3 0.000 15590000
2 4 0.000 15590000
2 5 0.000 15590000
2 6 0.000 15590000
2 7 0.000 15590000
2 8 0.000 15590000
2 9 0.000 15590000
2 10 0.000 15590000
2 11 0.000 15590000
2 12 0.000 15590000
2 1 0.000 15590000
1 2 0.000 15600000
1 0 0.000 15600000
2 3 0.000 15600000
2 4 0.000 15600000
2 5 0.000 15600000
2 6 0.000 15600000
2 7 0.000 15600000
2 8 0.000 15600000
2 9 0.000 15600000
2 10 0.000 15600000
2 11 0.000 15600000
2 12 0.000 15600000
2 1 0.000 15600000
1 2 0.000 15610000
1 0 0.000 15610000
2 3 0.000 15610000
2 4 0.000 15610000
2 5 0.000 15610000
2 6 0.000 15610000
2 7 0.000 15610000
2 8 0.000 15610000
2 9 0.000 15610000
2 10 0.000 15610000
2 11 0.000 15610000
2 12 0.000 15610000
2 1 0.000 15610000
1 2 0.000 15620000
1 0 0.000 15620000
2 3 0.000 15620000
2 4 0.000 15620000
2 5 0.000 15620000
2 6 0.000 15620000
2 7 0.000 15620000
2 8 0.000 15620000
2 9 0.000 15620000
2 10 0.000 15620000
2 11 0.000 15620000
2 12 0.000 15620000
2 1 0.000 15620000
1 2 0.000 15630000
1 0 0.000 15630000
2 3 0.000 15630000
2 4 0.000 15630000
2 5 0.000 15630000
2 6 0.000 15630000
2 7 0.000 15630000
2 8 0.000 15630000
2 9 0.000 15630000
2 10 0.000 15630000
2 11 0.000 15630000
2 12 0.000 15630000
2 1 0.000 15630000
1 2 0.000 15640000
1 0 0.000 15640000
2 3 0.000 15640000
2 4 0.000 15640000
2 5 0.000 15640000
2 6 0.000 15640000
2 7 0.000 15640000
2 8 0.000 15640000
2 9 0.000 15640000
2 10 0.000 15640000
2 11 0.000 15640000
2 12 0.000 15640000
2 1 0.000 15640000
1 2 0.000 15650000
1 0 0.000 15650000
2 3 0.000 15650000
2 4 0.000 15650000
2 5 0.000 15650000
2 6 0.000 15650000
2 7 0.000 15650000
2 8 0.000 15650000
2 9 0.000 15650000
2 10 0.000 15650000
2 11 0.000 15650000
2 12 0.000 15650000
2 1 0.000 15650000
1 2 0.000 15660000
1 0 0.000 15660000
2 3 0.000 15660000
2 4 0.000 15660000
2 5 0.000 15660000
2 6 0.000 15660000
2 7 0.000 15660000
2 8 0.000 15660000
2 9 0.000 15660000
2 10 0.000 15660000
2 11 0.000 15660000
2 12 0.000 15660000
2 1 0.000 15660000
1 2 0.000 15670000
1 0 0.000 15670000
2 3 0.000 15670000
2 4 0.000 15670000
2 5 0.000 15670000
2 6 0.000 15670000
2 7 0.000 15670000
2 8 0.000 15670000
2 9 0.000 15670000
2 10 0.000 15670000
2 11 0.000 15670000
2 12 0.000 15670000
2 1 0.000 15670000
1 2 0.000 15680000
1 0 0.000 15680000
2 3 0.000 15680000
2 4 0.000 15680000
2 5 0.000 15680000
2 6 0.000 15680000
2 7 0.000 15680000
2 8 0.000 15680000
2 9 0.000 15680000
2 10 0.000 15680000
2 11 0.000 15680000
2 12 0.000 15680000
2 1 0.000 15680000
1 2 0.000 15690000
1 0 0.000 15690000
2 3 0.000 15690000
2 4 0.000 15690000
2 5 0.000 15690000
2 6 0.000 15690000
2 7 0.000 15690000
2 8 0.000 15690000
2 9 0.000 15690000
2 10 0.000 15690000
2 11 0.000 15690000
2 12 0.000 15690000
2 1 0.000 15690000
1 2 0.000 15700000
1 0 0.000 15700000
2 3 0.000 15700000
2 4 0.000 15700000
2 5 0.000 15700000
2 6 0.000 15700000
2 7 0.000 15700000
2 8 0.000 15700000
2 9 0.000 15700000
2 10 0.000 15700000
2 11 0.000 15700000
2 12 0.000 15700000
2 1 0.000 15700000
1 2 0.000 15710000
1 0 0.000 15710000
2 3 0.000 15710000
2 4 0.000 15710000
2 5 0.000 15710000
2 6 0.000 15710000
2 7 0.000 15710000
2 8 0.000 15710000
2 9 0.000 15710000
2 10 0.000 15710000
2 11 0.000 15710000
2 12 0.000 15710000
2 1 0.000 15710000
1 2 0.000 15720000
1 0 0.000 15720000
2 3 0.000 15720000
2 4 0.000 15720000
2 5 0.000 15720000
2 6 0.000 15720000
2 7 0.000 15720000
2 8 0.000 15720000
2 9 0.000 15720000
2 10 0.000 15720000
2 11 0.000 15720000
2 12 0.000 15720000
2 1 0.000 15720000
1 2 0.000 15730000
1 0 0.000 15730000
2 3 0.000 15730000
2 4 0.000 15730000
2 5 0.000 15730000
2 6 0.000 15730000
2 7 0.000 15730000
2 8 0.000 15730000
2 9 0.000 15730000
2 10 0.000 15730000
2 11 0.000 15730000
2 12 0.000 15730000
2 1 0.000 15730000
1 2 0.000 15740000
1 0 0.000 15740000
2 3 0.000 15740000
2 4 0.000 15740000
2 5 0.000 15740000
2 6 0.000 15740000
2 7 0.000 15740000
2 8 0.000 15740000
2 9 0.000 15740000
2 10 0.000 15740000
2 11 0.000 15740000
2 12 0.000 15740000
2 1 0.000 15740000
1 2 0.000 15750000
1 0 0.000 15750000
2 3 0.000 15750000
2 4 0.000 15750000
2 5 0.000 15750000
2 6 0.000 15750000
2 7 0.000 15750000
2 8 0.000 15750000
2 9 0.000 15750000
2 10 0.000 15750000
2 11 0.000 15750000
2 12 0.000 15750000
2 1 0.000 15750000
1 2 0.000 15760000
1 0 0.000 15760000
2 3 0.000 15760000
2 4 0.000 15760000
2 5 0.000 15760000
2 6 0.000 15760000
2 7 0.000 15760000
2 8 0.000 15760000
2 9 0.000 15760000
2 10 0.000 15760000
2 11 0.000 15760000
2 12 0.000 15760000
2 1 0.000 15760000
1 2 0.000 15770000
1 0 0.000 15770000
2 3 0.000 15770000
2 4 0.000 15770000
2 5 0.000 15770000
2 6 0.000 15770000
2 7 0.000 15770000
2 8 0.000 15770000
2 9 0.000 15770000
2 10 0.000 15770000
2 11 0.000 15770000
2 12 0.000 15770000
2 1 0.000 15770000
1 2 0.000 15780000
1 0 0.000 15780000
2 3 0.000 15780000
2 4 0.000 15780000
2 5 0.000 15780000
2 6 0.000 15780000
2 7 0.000 15780000
2 8 0.000 15780000
2 9 0.000 15780000
2 10 0.000 15780000
2 11 0.000 15780000
2 12 0.000 15780000
2 1 0.000 15780000
1 2 0.000 15790000
1 0 0.000 15790000
2 3 0.000 15790000
2 4 0.000 15790000
2 5 0.000 15790000
2 6 0.000 15790000
2 7 0.000 15790000
2 8 0.000 15790000
2 9 0.000 15790000
2 10 0.000 15790000
2 11 0.000 15790000
2 12 0.000 15790000
2 1 0.000 15790000
1 2 0.000 15800000
1 0 0.000 15800000
2 3 0.000 15800000
2 4 0.000 15800000
2 5 0.000 15800000
2 6 0.000 15800000
2 7 0.000 15800000
2 8 0.000 15800000
2 9 0.000 15800000
2 10 0.000 15800000
2 11 0.000 15800000
2 12 0.000 15800000
2 1 0.000 15800000
1 2 0.000 15810000
1 0 0.000 15810000
2 3 0.000 15810000
2 4 0.000 15810000
2 5 0.000 15810000
2 6 0.000 15810000
2 7 0.000 15810000
2 8 0.000 15810000
2 9 0.000 15810000
2 10 0.000 15810000
2 11 0.000 15810000
2 12 0.000 15810000
2 1 0.000 15810000
1 2 0.000 15820000
1 0 0.000 15820000
2 3 0.000 15820000
2 4 0.000 15820000
2 5 0.000 15820000
2 6 0.000 15820000
2 7 0.000 15820000
2 8 0.000 15820000
2 9 0.000 15820000
2 10 0.000 15820000
2 11 0.000 15820000
2 12 0.000 15820000
2 1 0.000 15820000
1 2 0.000 15830000
1 0 0.000 15830000
2 3 0.000 15830000
2 4 0.000 15830000
2 5 0.000 15830000
2 6 0.000 15830000
2 7 0.000 15830000
2 8 0.000 15830000
2 9 0.000 15830000
2 10 0.000 15830000
2 11 0.000 15830000
2 12 0.000 15830000
2 1 0.000 15830000
1 2 0.000 15840000
1 0 0.000 15840000
2 3 0.000 15840000
2 4 0.000 15840000
2 5 0.000 15840000
2 6 0.000 15840000
2 7 0.000 15840000
2 8 0.000 15840000
2 9 0.000 15840000
2 10 0.000 15840000
2 11 0.000 15840000
2 12 0.000 15840000
2 1 0.000 15840000
1 2 0.000 15850000
1 0 0.000 15850000
2 3 0.000 15850000
2 4 0.000 15850000
2 5 0.000 15850000
2 6 0.000 15850000
2 7 0.000 15850000
2 8 0.000 15850000
2 9 0.000 15850000
2 10 0.000 15850000
2 11 0.000 15850000
2 12 0.000 15850000
2 1 0.000 15850000
1 2 0.000 15860000
1 0 0.000 15860000
2 3 0.000 15860000
2 4 0.000 15860000
2 5 0.000 15860000
2 6 0.000 15860000
2 7 0.000 15860000
2 8 0.000 15860000
2 9 0.000 15860000
2 10 0.000 15860000
2 11 0.000 15860000
2 12 0.000 15860000
2 1 0.000 15860000
1 2 0.000 15870000
1 0 0.000 15870000
2 3 0.000 15870000
2 4 0.000 15870000
2 5 0.000 15870000
2 6 0.000 15870000
2 7 0.000 15870000
2 8 0.000 15870000
2 9 0.000 15870000
2 10 0.000 15870000
2 11 0.000 15870000
2 12 0.000 15870000
2 1 0.000 15870000
1 2 0.000 15880000
1 0 0.000 15880000
2 3 0.000 15880000
2 4 0.000 15880000
2 5 0.000 15880000
2 6 0.000 15880000
2 7 0.000 15880000
2 8 0.000 15880000
2 9 0.000 15880000
2 10 0.000 15880000
2 11 0.000 15880000
2 12 0.000 15880000
2 1 0.000 15880000
1 2 0.000 15890000
1 0 0.000 15890000
2 3 0.000 15890000
2 4 0.000 15890000
2 5 0.000 15890000
2 6 0.000 15890000
2 7 0.000 15890000
2 8 0.000 15890000
2 9 0.000 15890000
2 10 0.000 15890000
2 11 0.000 15890000
2 12 0.000 15890000
2 1 0.000 15890000
1 2 0.000 15900000
1 0 0.000 15900000
2 3 0.000 15900000
2 4 0.000 15900000
2 5 0.000 15900000
2 6 0.000 15900000
2 7 0.000 15900000
2 8 0.000 15900000
2 9 0.000 15900000
2 10 0.000 15900000
2 11 0.000 15900000
2 12 0.000 15900000
2 1 0.000 15900000
1 2 0.000 15910000
1 0 0.000 15910000
2 3 0.000 15910000
2 4 0.000 15910000
2 5 0.000 15910000
2 6 0.000 15910000
2 7 0.000 15910000
2 8 0.000 15910000
2 9 0.000 15910000
2 10 0.000 15910000
2 11 0.000 15910000
2 12 0.000 15910000
2 1 0.000 15910000
1 2 0.000 15920000
1 0 0.000 15920000
2 3 0.000 15920000
2 4 0.000 15920000
2 5 0.000 15920000
2 6 0.000 15920000
2 7 0.000 15920000
2 8 0.000 15920000
2 9 0.000 15920000
2 10 0.000 15920000
2 11 0.000 15920000
2 12 0.000 15920000
2 1 0.000 15920000
1 2 0.000 15930000
1 0 0.000 15930000
2 3 0.000 15930000
2 4 0.000 15930000
2 5 0.000 15930000
2 6 0.000 15930000
2 7 0.000 15930000
2 8 0.000 15930000
2 9 0.000 15930000
2 10 0.000 15930000
2 11 0.000 15930000
2 12 0.000 15930000
2 1 0.000 15930000
1 2 0.000 15940000
1 0 0.000 15940000
2 3 0.000 15940000
2 4 0.000 15940000
2 5 0.000 15940000
2 6 0.000 15940000
2 7 0.000 15940000
2 8 0.000 15940000
2 9 0.000 15940000
2 10 0.000 15940000
2 11 0.000 15940000
2 12 0.000 15940000
2 1 0.000 15940000
1 2 0.000 15950000
1 0 0.000 15950000
2 3 0.000 15950000
2 4 0.000 15950000
2 5 0.000 15950000
2 6 0.000 15950000
2 7 0.000 15950000
2 8 0.000 15950000
2 9 0.000 15950000
2 10 0.000 15950000
2 11 0.000 15950000
2 12 0.000 15950000
2 1 0.000 15950000
1 2 0.000 15960000
1 0 0.000 15960000
2 3 0.000 15960000
2 4 0.000 15960000
2 5 0.000 15960000
2 6 0.000 15960000
2 7 0.000 15960000
2 8 0.000 15960000
2 9 0.000 15960000
2 10 0.000 15960000
2 11 0.000 15960000
2 12 0.000 15960000
2 1 0.000 15960000
1 2 0.000 15970000
1 0 0.000 15970000
2 3 0.000 15970000
2 4 0.000 15970000
2 5 0.000 15970000
2 6 0.000 15970000
2 7 0.000 15970000
2 8 0.000 15970000
2 9 0.000 15970000
2 10 0.000 15970000
2 11 0.000 15970000
2 12 0.000 15970000
2 1 0.000 15970000
1 2 0.000 15980000
1 0 0.000 15980000
2 3 0.000 15980000
2 4 0.000 15980000
2 5 0.000 15980000
2 6 0.000 15980000
2 7 0.000 15980000
2 8 0.000 15980000
2 9 0.000 15980000
2 10 0.000 15980000
2 11 0.000 15980000
2 12 0.000 15980000
2 1 0.000 15980000
1 2 0.000 15990000
1 0 0.000 15990000
2 3 0.000 15990000
2 4 0.000 15990000
2 5 0.000 15990000
2 6 0.000 15990000
2 7 0.000 15990000
2 8 0.000 15990000
2 9 0.000 15990000
2 10 0.000 15990000
2 11 0.000 15990000
2 12 0.000 15990000
2 1 0.000 15990000
1 2 0.000 16000000
1 0 0.000 16000000
2 3 0.000 16000000
2 4 0.000 16000000
2 5 0.000 16000000
2 6 0.000 16000000
2 7 0.000 16000000
2 8 0.000 16000000
2 9 0.000 16000000
2 10 0.000 16000000
2 11 0.000 16000000
2 12 0.000 16000000
2 1 0.000 16000000
1 2 0.000 16010000
1 0 0.000 16010000
2 3 0.000 16010000
2 4 0.000 16010000
2 5 0.000 16010000
2 6 0.000 16010000
2 7 0.000 16010000
2 8 0.000 16010000
2 9 0.000 16010000
2 10 0.000 16010000
2 11 0.000 16010000
2 12 0.000 16010000
2 1 0.000 16010000
1 2 0.000 16020000
1 0 0.000 16020000
2 3 0.000 16020000
2 4 0.000 16020000
2 5 0.000 16020000
2 6 0.000 16020000
2 7 0.000 16020000
2 8 0.000 16020000
2 9 0.000 16020000
2 10 0.000 16020000
2 11 0.000 16020000
2 12 0.000 16020000
2 1 0.000 16020000
1 2 0.000 16030000
1 0 0.000 16030000
2 3 0.000 16030000
2 4 0.000 16030000
2 5 0.000 16030000
2 6 0.000 16030000
2 7 0.000 16030000
2 8 0.000 16030000
2 9 0.000 16030000
2 10 0.000 16030000
2 11 0.000 16030000
2 12 0.000 16030000
2 1 0.000 16030000
1 2 0.000 16040000
1 0 0.000 16040000
2 3 0.000 16040000
2 4 0.000 16040000
2 5 0.000 16040000
2 6 0.000 16040000
2 7 0.000 16040000
2 8 0.000 16040000
2 9 0.000 16040000
2 10 0.000 16040000
2 11 0.000 16040000
2 12 0.000 16040000
2 1 0.000 16040000
1 2 0.000 16050000
1 0 0.000 16050000
2 3 0.000 16050000
2 4 0.000 16050000
2 5 0.000 16050000
2 6 0.000 16050000
2 7 0.000 16050000
2 8 0.000 16050000
2 9 0.000 16050000
2 10 0.000 16050000
2 11 0.000 16050000
2 12 0.000 16050000
2 1 0.000 16050000
1 2 0.000 16060000
1 0 0.000 16060000
2 3 0.000 16060000
2 4 0.000 16060000
2 5 0.000 16060000
2 6 0.000 16060000
2 7 0.000 16060000
2 8 0.000 16060000
2 9 0.000 16060000
2 10 0.000 16060000
2 11 0.000 16060000
2 12 0.000 16060000
2 1 0.000 16060000
1 2 0.000 16070000
1 0 0.000 16070000
2 3 0.000 16070000
2 4 0.000 16070000
2 5 0.000 16070000
2 6 0.000 16070000
2 7 0.000 16070000
2 8 0.000 16070000
2 9 0.000 16070000
2 10 0.000 16070000
2 11 0.000 16070000
2 12 0.000 16070000
2 1 0.000 16070000
1 2 0.000 16080000
1 0 0.000 16080000
2 3 0.000 16080000
2 4 0.000 16080000
2 5 0.000 16080000
2 6 0.000 16080000
2 7 0.000 16080000
2 8 0.000 16080000
2 9 0.000 16080000
2 10 0.000 16080000
2 11 0.000 16080000
2 12 0.000 16080000
2 1 0.000 16080000
1 2 0.000 16090000
1 0 0.000 16090000
2 3 0.000 16090000
2 4 0.000 16090000
2 5 0.000 16090000
2 6 0.000 16090000
2 7 0.000 16090000
2 8 0.000 16090000
2 9 0.000 16090000
2 10 0.000 16090000
2 11 0.000 16090000
2 12 0.000 16090000
2 1 0.000 16090000
1 2 0.000 16100000
1 0 0.000 16100000
2 3 0.000 16100000
2 4 0.000 16100000
2 5 0.000 16100000
2 6 0.000 16100000
2 7 0.000 16100000
2 8 0.000 16100000
2 9 0.000 16100000
2 10 0.000 16100000
2 11 0.000 16100000
2 12 0.000 16100000
2 1 0.000 16100000
1 2 0.000 16110000
1 0 0.000 16110000
2 3 0.000 16110000
2 4 0.000 16110000
2 5 0.000 16110000
2 6 0.000 16110000
2 7 0.000 16110000
2 8 0.000 16110000
2 9 0.000 16110000
2 10 0.000 16110000
2 11 0.000 16110000
2 12 0.000 16110000
2 1 0.000 16110000
1 2 0.000 16120000
1 0 0.000 16120000
2 3 0.000 16120000
2 4 0.000 16120000
2 5 0.000 16120000
2 6 0.000 16120000
2 7 0.000 16120000
2 8 0.000 16120000
2 9 0.000 16120000
2 10 0.000 16120000
2 11 0.000 16120000
2 12 0.000 16120000
2 1 0.000 16120000
1 2 0.000 16130000
1 0 0.000 16130000
2 3 0.000 16130000
2 4 0.000 16130000
2 5 0.000 16130000
2 6 0.000 16130000
2 7 0.000 16130000
2 8 0.000 16130000
2 9 0.000 16130000
2 10 0.000 16130000
2 11 0.000 16130000
2 12 0.000 16130000
2 1 0.000 16130000
1 2 0.000 16140000
1 0 0.000 16140000
2 3 0.000 16140000
2 4 0.000 16140000
2 5 0.000 16140000
2 6 0.000 16140000
2 7 0.000 16140000
2 8 0.000 16140000
2 9 0.000 16140000
2 10 0.000 16140000
2 11 0.000 16140000
2 12 0.000 16140000
2 1 0.000 16140000
1 2 0.000 16150000
1 0 0.000 16150000
2 3 0.000 16150000
2 4 0.000 16150000
2 5 0.000 16150000
2 6 0.000 16150000
2 7 0.000 16150000
2 8 0.000 16150000
2 9 0.000 16150000
2 10 0.000 16150000
2 11 0.000 16150000
2 12 0.000 16150000
2 1 0.000 16150000
1 2 0.000 16160000
1 0 0.000 16160000
2 3 0.000 16160000
2 4 0.000 16160000
2 5 0.000 16160000
2 6 0.000 16160000
2 7 0.000 16160000
2 8 0.000 16160000
2 9 0.000 16160000
2 10 0.000 16160000
2 11 0.000 16160000
2 12 0.000 16160000
2 1 0.000 16160000
1 2 0.000 16170000
1 0 0.000 16170000
2 3 0.000 16170000
2 4 0.000 16170000
2 5 0.000 16170000
2 6 0.000 16170000
2 7 0.000 16170000
2 8 0.000 16170000
2 9 0.000 16170000
2 10 0.000 16170000
2 11 0.000 16170000
2 12 0.000 16170000
2 1 0.000 16170000
1 2 0.000 16180000
1 0 0.000 16180000
2 3 0.000 16180000
2 4 0.000 16180000
2 5 0.000 16180000
2 6 0.000 16180000
2 7 0.000 16180000
2 8 0.000 16180000
2 9 0.000 16180000
2 10 0.000 16180000
2 11 0.000 16180000
2 12 0.000 16180000
2 1 0.000 16180000
1 2 0.000 16190000
1 0 0.000 16190000
2 3 0.000 16190000
2 4 0.000 16190000
2 5 0.000 16190000
2 6 0.000 16190000
2 7 0.000 16190000
2 8 0.000 16190000
2 9 0.000 16190000
2 10 0.000 16190000
2 11 0.000 16190000
2 12 0.000 16190000
2 1 0.000 16190000
1 2 0.000 16200000
1 0 0.000 16200000
2 3 0.000 16200000
2 4 0.000 16200000
2 5 0.000 16200000
2 6 0.000 16200000
2 7 0.000 16200000
2 8 0.000 16200000
2 9 0.000 16200000
2 10 0.000 16200000
2 11 0.000 16200000
2 12 0.000 16200000
2 1 0.000 16200000
1 2 0.000 16210000
1 0 0.000 16210000
2 3 0.000 16210000
2 4 0.000 16210000
2 5 0.000 16210000
2 6 0.000 16210000
2 7 0.000 16210000
2 8 0.000 16210000
2 9 0.000 16210000
2 10 0.000 16210000
2 11 0.000 16210000
2 12 0.000 16210000
2 1 0.000 16210000
1 2 0.000 16220000
1 0 0.000 16220000
2 3 0.000 16220000
2 4 0.000 16220000
2 5 0.000 16220000
2 6 0.000 16220000
2 7 0.000 16220000
2 8 0.000 16220000
2 9 0.000 16220000
2 10 0.000 16220000
2 11 0.000 16220000
2 12 0.000 16220000
2 1 0.000 16220000
1 2 0.000 16230000
1 0 0.000 16230000
2 3 0.000 16230000
2 4 0.000 16230000
2 5 0.000 16230000
2 6 0.000 16230000
2 7 0.000 16230000
2 8 0.000 16230000
2 9 0.000 16230000
2 10 0.000 16230000
2 11 0.000 16230000
2 12 0.000 16230000
2 1 0.000 16230000
1 2 0.000 16240000
1 0 0.000 16240000
2 3 0.000 16240000
2 4 0.000 16240000
2 5 0.000 16240000
2 6 0.000 16240000
2 7 0.000 16240000
2 8 0.000 16240000
2 9 0.000 16240000
2 10 0.000 16240000
2 11 0.000 16240000
2 12 0.000 16240000
2 1 0.000 16240000
1 2 0.000 16250000
1 0 0.000 16250000
2 3 0.000 16250000
2 4 0.000 16250000
2 5 0.000 16250000
2 6 0.000 16250000
2 7 0.000 16250000
2 8 0.000 16250000
2 9 0.000 16250000
2 10 0.000 16250000
2 11 0.000 16250000
2 12 0.000 16250000
2 1 0.000 16250000
1 2 0.000 16260000
1 0 0.000 16260000
2 3 0.000 16260000
2 4 0.000 16260000
2 5 0.000 16260000
2 6 0.000 16260000
2 7 0.000 16260000
2 8 0.000 16260000
2 9 0.000 16260000
2 10 0.000 16260000
2 11 0.000 16260000
2 12 0.000 16260000
2 1 0.000 16260000
1 2 0.000 16270000
1 0 0.000 16270000
2 3 0.000 16270000
2 4 0.000 16270000
2 5 0.000 16270000
2 6 0.000 16270000
2 7 0.000 16270000
2 8 0.000 16270000
2 9 0.000 16270000
2 10 0.000 16270000
2 11 0.000 16270000
2 12 0.000 16270000
2 1 0.000 16270000
1 2 0.000 16280000
1 0 0.000 16280000
2 3 0.000 16280000
2 4 0.000 16280000
2 5 0.000 16280000
2 6 0.000 16280000
2 7 0.000 16280000
2 8 0.000 16280000
2 9 0.000 16280000
2 10 0.000 16280000
2 11 0.000 16280000
2 12 0.000 16280000
2 1 0.000 16280000
1 2 0.000 16290000
1 0 0.000 16290000
2 3 0.000 16290000
2 4 0.000 16290000
2 5 0.000 16290000
2 6 0.000 16290000
2 7 0.000 16290000
2 8 0.000 16290000
2 9 0.000 16290000
2 10 0.000 16290000
2 11 0.000 16290000
2 12 0.000 16290000
2 1 0.000 16290000
1 2 0.000 16300000
1 0 0.000 16300000
2 3 0.000 16300000
2 4 0.000 16300000
2 5 0.000 16300000
2 6 0.000 16300000
2 7 0.000 16300000
2 8 0.000 16300000
2 9 0.000 16300000
2 10 0.000 16300000
2 11 0.000 16300000
2 12 0.000 16300000
2 1 0.000 16300000
1 2 0.000 16310000
1 0 0.000 16310000
2 3 0.000 16310000
2 4 0.000 16310000
2 5 0.000 16310000
2 6 0.000 16310000
2 7 0.000 16310000
2 8 0.000 16310000
2 9 0.000 16310000
2 10 0.000 16310000
2 11 0.000 16310000
2 12 0.000 16310000
2 1 0.000 16310000
1 2 0.000 16320000
1 0 0.000 16320000
2 3 0.000 16320000
2 4 0.000 16320000
2 5 0.000 16320000
2 6 0.000 16320000
2 7 0.000 16320000
2 8 0.000 16320000
2 9 0.000 16320000
2 10 0.000 16320000
2 11 0.000 16320000
2 12 0.000 16320000
2 1 0.000 16320000
1 2 0.000 16330000
1 0 0.000 16330000
2 3 0.000 16330000
2 4 0.000 16330000
2 5 0.000 16330000
2 6 0.000 16330000
2 7 0.000 16330000
2 8 0.000 16330000
2 9 0.000 16330000
2 10 0.000 16330000
2 11 0.000 16330000
2 12 0.000 16330000
2 1 0.000 16330000
1 2 0.000 16340000
1 0 0.000 16340000
2 3 0.000 16340000
2 4 0.000 16340000
2 5 0.000 16340000
2 6 0.000 16340000
2 7 0.000 16340000
2 8 0.000 16340000
2 9 0.000 16340000
2 10 0.000 16340000
2 11 0.000 16340000
2 12 0.000 16340000
2 1 0.000 16340000
1 2 0.000 16350000
1 0 0.000 16350000
2 3 0.000 16350000
2 4 0.000 16350000
2 5 0.000 16350000
2 6 0.000 16350000
2 7 0.000 16350000
2 8 0.000 16350000
2 9 0.000 16350000
2 10 0.000 16350000
2 11 0.000 16350000
2 12 0.000 16350000
2 1 0.000 16350000
1 2 0.000 16360000
1 0 0.000 16360000
2 3 0.000 16360000
2 4 0.000 16360000
2 5 0.000 16360000
2 6 0.000 16360000
2 7 0.000 16360000
2 8 0.000 16360000
2 9 0.000 16360000
2 10 0.000 16360000
2 11 0.000 16360000
2 12 0.000 16360000
2 1 0.000 16360000
1 2 0.000 16370000
1 0 0.000 16370000
2 3 0.000 16370000
2 4 0.000 16370000
2 5 0.000 16370000
2 6 0.000 16370000
2 7 0.000 16370000
2 8 0.000 16370000
2 9 0.000 16370000
2 10 0.000 16370000
2 11 0.000 16370000
2 12 0.000 16370000
2 1 0.000 16370000
1 2 0.000 16380000
1 0 0.000 16380000
2 3 0.000 16380000
2 4 0.000 16380000
2 5 0.000 16380000
2 6 0.000 16380000
2 7 0.000 16380000
2 8 0.000 16380000
2 9 0.000 16380000
2 10 0.000 16380000
2 11 0.000 16380000
2 12 0.000 16380000
2 1 0.000 16380000
1 2 0.000 16390000
1 0 0.000 16390000
2 3 0.000 16390000
2 4 0.000 16390000
2 5 0.000 16390000
2 6 0.000 16390000
2 7 0.000 16390000
2 8 0.000 16390000
2 9 0.000 16390000
2 10 0.000 16390000
2 11 0.000 16390000
2 12 0.000 16390000
2 1 0.000 16390000
1 2 0.000 16400000
1 0 0.000 16400000
2 3 0.000 16400000
2 4 0.000 16400000
2 5 0.000 16400000
2 6 0.000 16400000
2 7 0.000 16400000
2 8 0.000 16400000
2 9 0.000 16400000
2 10 0.000 16400000
2 11 0.000 16400000
2 12 0.000 16400000
2 1 0.000 16400000
1 2 0.000 16410000
1 0 0.000 16410000
2 3 0.000 16410000
2 4 0.000 16410000
2 5 0.000 16410000
2 6 0.000 16410000
2 7 0.000 16410000
2 8 0.000 16410000
2 9 0.000 16410000
2 10 0.000 16410000
2 11 0.000 16410000
2 12 0.000 16410000
2 1 0.000 16410000
1 2 0.000 16420000
1 0 0.000 16420000
2 3 0.000 16420000
2 4 0.000 16420000
2 5 0.000 16420000
2 6 0.000 16420000
2 7 0.000 16420000
2 8 0.000 16420000
2 9 0.000 16420000
2 10 0.000 16420000
2 11 0.000 16420000
2 12 0.000 16420000
2 1 0.000 16420000
1 2 0.000 16430000
1 0 0.000 16430000
2 3 0.000 16430000
2 4 0.000 16430000
2 5 0.000 16430000
2 6 0.000 16430000
2 7 0.000 16430000
2 8 0.000 16430000
2 9 0.000 16430000
2 10 0.000 16430000
2 11 0.000 16430000
2 12 0.000 16430000
2 1 0.000 16430000
1 2 0.000 16440000
1 0 0.000 16440000
2 3 0.000 16440000
2 4 0.000 16440000
2 5 0.000 16440000
2 6 0.000 16440000
2 7 0.000 16440000
2 8 0.000 16440000
2 9 0.000 16440000
2 10 0.000 16440000
2 11 0.000 16440000
2 12 0.000 16440000
2 1 0.000 16440000
1 2 0.000 16450000
1 0 0.000 16450000
2 3 0.000 16450000
2 4 0.000 16450000
2 5 0.000 16450000
2 6 0.000 16450000
2 7 0.000 16450000
2 8 0.000 16450000
2 9 0.000 16450000
2 10 0.000 16450000
2 11 0.000 16450000
2 12 0.000 16450000
2 1 0.000 16450000
1 2 0.000 16460000
1 0 0.000 16460000
2 3 0.000 16460000
2 4 0.000 16460000
2 5 0.000 16460000
2 6 0.000 16460000
2 7 0.000 16460000
2 8 0.000 16460000
2 9 0.000 16460000
2 10 0.000 16460000
2 11 0.000 16460000
2 12 0.000 16460000
2 1 0.000 16460000
1 2 0.000 16470000
1 0 0.000 16470000
2 3 0.000 16470000
2 4 0.000 16470000
2 5 0.000 16470000
2 6 0.000 16470000
2 7 0.000 16470000
2 8 0.000 16470000
2 9 0.000 16470000
2 10 0.000 16470000
2 11 0.000 16470000
2 12 0.000 16470000
2 1 0.000 16470000
1 2 0.000 16480000
1 0 0.000 16480000
2 3 0.000 16480000
2 4 0.000 16480000
2 5 0.000 16480000
2 6 0.000 16480000
2 7 0.000 16480000
2 8 0.000 16480000
2 9 0.000 16480000
2 10 0.000 16480000
2 11 0.000 16480000
2 12 0.000 16480000
2 1 0.000 16480000
1 2 0.000 16490000
1 0 0.000 16490000
2 3 0.000 16490000
2 4 0.000 16490000
2 5 0.000 16490000
2 6 0.000 16490000
2 7 0.000 16490000
2 8 0.000 16490000
2 9 0.000 16490000
2 10 0.000 16490000
2 11 0.000 16490000
2 12 0.000 16490000
2 1 0.000 16490000
1 2 0.000 16500000
1 0 0.000 16500000
2 3 0.000 16500000
2 4 0.000 16500000
2 5 0.000 16500000
2 6 0.000 16500000
2 7 0.000 16500000
2 8 0.000 16500000
2 9 0.000 16500000
2 10 0.000 16500000
2 11 0.000 16500000
2 12 0.000 16500000
2 1 0.000 16500000
1 2 0.000 16510000
1 0 0.000 16510000
2 3 0.000 16510000
2 4 0.000 16510000
2 5 0.000 16510000
2 6 0.000 16510000
2 7 0.000 16510000
2 8 0.000 16510000
2 9 0.000 16510000
2 10 0.000 16510000
2 11 0.000 16510000
2 12 0.000 16510000
2 1 0.000 16510000
1 2 0.000 16520000
1 0 0.000 16520000
2 3 0.000 16520000
2 4 0.000 16520000
2 5 0.000 16520000
2 6 0.000 16520000
2 7 0.000 16520000
2 8 0.000 16520000
2 9 0.000 16520000
2 10 0.000 16520000
2 11 0.000 16520000
2 12 0.000 16520000
2 1 0.000 16520000
1 2 0.000 16530000
1 0 0.000 16530000
2 3 0.000 16530000
2 4 0.000 16530000
2 5 0.000 16530000
2 6 0.000 16530000
2 7 0.000 16530000
2 8 0.000 16530000
2 9 0.000 16530000
2 10 0.000 16530000
2 11 0.000 16530000
2 12 0.000 16530000
2 1 0.000 16530000
1 2 0.000 16540000
1 0 0.000 16540000
2 3 0.000 16540000
2 4 0.000 16540000
2 5 0.000 16540000
2 6 0.000 16540000
2 7 0.000 16540000
2 8 0.000 16540000
2 9 0.000 16540000
2 10 0.000 16540000
2 11 0.000 16540000
2 12 0.000 16540000
2 1 0.000 16540000
1 2 0.000 16550000
1 0 0.000 16550000
2 3 0.000 16550000
2 4 0.000 16550000
2 5 0.000 16550000
2 6 0.000 16550000
2 7 0.000 16550000
2 8 0.000 16550000
2 9 0.000 16550000
2 10 0.000 16550000
2 11 0.000 16550000
2 12 0.000 16550000
2 1 0.000 16550000
1 2 0.000 16560000
1 0 0.000 16560000
2 3 0.000 16560000
2 4 0.000 16560000
2 5 0.000 16560000
2 6 0.000 16560000
2 7 0.000 16560000
2 8 0.000 16560000
2 9 0.000 16560000
2 10 0.000 16560000
2 11 0.000 16560000
2 12 0.000 16560000
2 1 0.000 16560000
1 2 0.000 16570000
1 0 0.000 16570000
2 3 0.000 16570000
2 4 0.000 16570000
2 5 0.000 16570000
2 6 0.000 16570000
2 7 0.000 16570000
2 8 0.000 16570000
2 9 0.000 16570000
2 10 0.000 16570000
2 11 0.000 16570000
2 12 0.000 16570000
2 1 0.000 16570000
1 2 0.000 16580000
1 0 0.000 16580000
2 3 0.000 16580000
2 4 0.000 16580000
2 5 0.000 16580000
2 6 0.000 16580000
2 7 0.000 16580000
2 8 0.000 16580000
2 9 0.000 16580000
2 10 0.000 16580000
2 11 0.000 16580000
2 12 0.000 16580000
2 1 0.000 16580000
1 2 0.000 16590000
1 0 0.000 16590000
2 3 0.000 16590000
2 4 0.000 16590000
2 5 0.000 16590000
2 6 0.000 16590000
2 7 0.000 16590000
2 8 0.000 16590000
2 9 0.000 16590000
2 10 0.000 16590000
2 11 0.000 16590000
2 12 0.000 16590000
2 1 0.000 16590000
1 2 0.000 16600000
1 0 0.000 16600000
2 3 0.000 16600000
2 4 0.000 16600000
2 5 0.000 16600000
2 6 0.000 16600000
2 7 0.000 16600000
2 8 0.000 16600000
2 9 0.000 16600000
2 10 0.000 16600000
2 11 0.000 16600000
2 12 0.000 16600000
2 1 0.000 16600000
1 2 0.000 16610000
1 0 0.000 16610000
2 3 0.000 16610000
2 4 0.000 16610000
2 5 0.000 16610000
2 6 0.000 16610000
2 7 0.000 16610000
2 8 0.000 16610000
2 9 0.000 16610000
2 10 0.000 16610000
2 11 0.000 16610000
2 12 0.000 16610000
2 1 0.000 16610000
1 2 0.000 16620000
1 0 0.000 16620000
2 3 0.000 16620000
2 4 0.000 16620000
2 5 0.000 16620000
2 6 0.000 16620000
2 7 0.000 16620000
2 8 0.000 16620000
2 9 0.000 16620000
2 10 0.000 16620000
2 11 0.000 16620000
2 12 0.000 16620000
2 1 0.000 16620000
1 2 0.000 16630000
1 0 0.000 16630000
2 3 0.000 16630000
2 4 0.000 16630000
2 5 0.000 16630000
2 6 0.000 16630000
2 7 0.000 16630000
2 8 0.000 16630000
2 9 0.000 16630000
2 10 0.000 16630000
2 11 0.000 16630000
2 12 0.000 16630000
2 1 0.000 16630000
1 2 0.000 16640000
1 0 0.000 16640000
2 3 0.000 16640000
2 4 0.000 16640000
2 5 0.000 16640000
2 6 0.000 16640000
2 7 0.000 16640000
2 8 0.000 16640000
2 9 0.000 16640000
2 10 0.000 16640000
2 11 0.000 16640000
2 12 0.000 16640000
2 1 0.000 16640000
1 2 0.000 16650000
1 0 0.000 16650000
2 3 0.000 16650000
2 4 0.000 16650000
2 5 0.000 16650000
2 6 0.000 16650000
2 7 0.000 16650000
2 8 0.000 16650000
2 9 0.000 16650000
2 10 0.000 16650000
2 11 0.000 16650000
2 12 0.000 16650000
2 1 0.000 16650000
1 2 0.000 16660000
1 0 0.000 16660000
2 3 0.000 16660000
2 4 0.000 16660000
2 5 0.000 16660000
2 6 0.000 16660000
2 7 0.000 16660000
2 8 0.000 16660000
2 9 0.000 16660000
2 10 0.000 16660000
2 11 0.000 16660000
2 12 0.000 16660000
2 1 0.000 16660000
1 2 0.000 16670000
1 0 0.000 16670000
2 3 0.000 16670000
2 4 0.000 16670000
2 5 0.000 16670000
2 6 0.000 16670000
2 7 0.000 16670000
2 8 0.000 16670000
2 9 0.000 16670000
2 10 0.000 16670000
2 11 0.000 16670000
2 12 0.000 16670000
2 1 0.000 16670000
1 2 0.000 16680000
1 0 0.000 16680000
2 3 0.000 16680000
2 4 0.000 16680000
2 5 0.000 16680000
2 6 0.000 16680000
2 7 0.000 16680000
2 8 0.000 16680000
2 9 0.000 16680000
2 10 0.000 16680000
2 11 0.000 16680000
2 12 0.000 16680000
2 1 0.000 16680000
1 2 0.000 16690000
1 0 0.000 16690000
2 3 0.000 16690000
2 4 0.000 16690000
2 5 0.000 16690000
2 6 0.000 16690000
2 7 0.000 16690000
2 8 0.000 16690000
2 9 0.000 16690000
2 10 0.000 16690000
2 11 0.000 16690000
2 12 0.000 16690000
2 1 0.000 16690000
1 2 0.000 16700000
1 0 0.000 16700000
2 3 0.000 16700000
2 4 0.000 16700000
2 5 0.000 16700000
2 6 0.000 16700000
2 7 0.000 16700000
2 8 0.000 16700000
2 9 0.000 16700000
2 10 0.000 16700000
2 11 0.000 16700000
2 12 0.000 16700000
2 1 0.000 16700000
1 2 0.000 16710000
1 0 0.000 16710000
2 3 0.000 16710000
2 4 0.000 16710000
2 5 0.000 16710000
2 6 0.000 16710000
2 7 0.000 16710000
2 8 0.000 16710000
2 9 0.000 16710000
2 10 0.000 16710000
2 11 0.000 16710000
2 12 0.000 16710000
2 1 0.000 16710000
1 2 0.000 16720000
1 0 0.000 16720000
2 3 0.000 16720000
2 4 0.000 16720000
2 5 0.000 16720000
2 6 0.000 16720000
2 7 0.000 16720000
2 8 0.000 16720000
2 9 0.000 16720000
2 10 0.000 16720000
2 11 0.000 16720000
2 12 0.000 16720000
2 1 0.000 16720000
1 2 0.000 16730000
1 0 0.000 16730000
2 3 0.000 16730000
2 4 0.000 16730000
2 5 0.000 16730000
2 6 0.000 16730000
2 7 0.000 16730000
2 8 0.000 16730000
2 9 0.000 16730000
2 10 0.000 16730000
2 11 0.000 16730000
2 12 0.000 16730000
2 1 0.000 16730000
1 2 0.000 16740000
1 0 0.000 16740000
2 3 0.000 16740000
2 4 0.000 16740000
2 5 0.000 16740000
2 6 0.000 16740000
2 7 0.000 16740000
2 8 0.000 16740000
2 9 0.000 16740000
2 10 0.000 16740000
2 11 0.000 16740000
2 12 0.000 16740000
2 1 0.000 16740000
1 2 0.000 16750000
1 0 0.000 16750000
2 3 0.000 16750000
2 4 0.000 16750000
2 5 0.000 16750000
2 6 0.000 16750000
2 7 0.000 16750000
2 8 0.000 16750000
2 9 0.000 16750000
2 10 0.000 16750000
2 11 0.000 16750000
2 12 0.000 16750000
2 1 0.000 16750000
1 2 0.000 16760000
1 0 0.000 16760000
2 3 0.000 16760000
2 4 0.000 16760000
2 5 0.000 16760000
2 6 0.000 16760000
2 7 0.000 16760000
2 8 0.000 16760000
2 9 0.000 16760000
2 10 0.000 16760000
2 11 0.000 16760000
2 12 0.000 16760000
2 1 0.000 16760000
1 2 0.000 16770000
1 0 0.000 16770000
2 3 0.000 16770000
2 4 0.000 16770000
2 5 0.000 16770000
2 6 0.000 16770000
2 7 0.000 16770000
2 8 0.000 16770000
2 9 0.000 16770000
2 10 0.000 16770000
2 11 0.000 16770000
2 12 0.000 16770000
2 1 0.000 16770000
1 2 0.000 16780000
1 0 0.000 16780000
2 3 0.000 16780000
2 4 0.000 16780000
2 5 0.000 16780000
2 6 0.000 16780000
2 7 0.000 16780000
2 8 0.000 16780000
2 9 0.000 16780000
2 10 0.000 16780000
2 11 0.000 16780000
2 12 0.000 16780000
2 1 0.000 16780000
1 2 0.000 16790000
1 0 0.000 16790000
2 3 0.000 16790000
2 4 0.000 16790000
2 5 0.000 16790000
2 6 0.000 16790000
2 7 0.000 16790000
2 8 0.000 16790000
2 9 0.000 16790000
2 10 0.000 16790000
2 11 0.000 16790000
2 12 0.000 16790000
2 1 0.000 16790000
1 2 0.000 16800000
1 0 0.000 16800000
2 3 0.000 16800000
2 4 0.000 16800000
2 5 0.000 16800000
2 6 0.000 16800000
2 7 0.000 16800000
2 8 0.000 16800000
2 9 0.000 16800000
2 10 0.000 16800000
2 11 0.000 16800000
2 12 0.000 16800000
2 1 0.000 16800000
1 2 0.000 16810000
1 0 0.000 16810000
2 3 0.000 16810000
2 4 0.000 16810000
2 5 0.000 16810000
2 6 0.000 16810000
2 7 0.000 16810000
2 8 0.000 16810000
2 9 0.000 16810000
2 10 0.000 16810000
2 11 0.000 16810000
2 12 0.000 16810000
2 1 0.000 16810000
1 2 0.000 16820000
1 0 0.000 16820000
2 3 0.000 16820000
2 4 0.000 16820000
2 5 0.000 16820000
2 6 0.000 16820000
2 7 0.000 16820000
2 8 0.000 16820000
2 9 0.000 16820000
2 10 0.000 16820000
2 11 0.000 16820000
2 12 0.000 16820000
2 1 0.000 16820000
1 2 0.000 16830000
1 0 0.000 16830000
2 3 0.000 16830000
2 4 0.000 16830000
2 5 0.000 16830000
2 6 0.000 16830000
2 7 0.000 16830000
2 8 0.000 16830000
2 9 0.000 16830000
2 10 0.000 16830000
2 11 0.000 16830000
2 12 0.000 16830000
2 1 0.000 16830000
1 2 0.000 16840000
1 0 0.000 16840000
2 3 0.000 16840000
2 4 0.000 16840000
2 5 0.000 16840000
2 6 0.000 16840000
2 7 0.000 16840000
2 8 0.000 16840000
2 9 0.000 16840000
2 10 0.000 16840000
2 11 0.000 16840000
2 12 0.000 16840000
2 1 0.000 16840000
1 2 0.000 16850000
1 0 0.000 16850000
2 3 0.000 16850000
2 4 0.000 16850000
2 5 0.000 16850000
2 6 0.000 16850000
2 7 0.000 16850000
2 8 0.000 16850000
2 9 0.000 16850000
2 10 0.000 16850000
2 11 0.000 16850000
2 12 0.000 16850000
2 1 0.000 16850000
1 2 0.000 16860000
1 0 0.000 16860000
2 3 0.000 16860000
2 4 0.000 16860000
2 5 0.000 16860000
2 6 0.000 16860000
2 7 0.000 16860000
2 8 0.000 16860000
2 9 0.000 16860000
2 10 0.000 16860000
2 11 0.000 16860000
2 12 0.000 16860000
2 1 0.000 16860000
1 2 0.000 16870000
1 0 0.000 16870000
2 3 0.000 16870000
2 4 0.000 16870000
2 5 0.000 16870000
2 6 0.000 16870000
2 7 0.000 16870000
2 8 0.000 16870000
2 9 0.000 16870000
2 10 0.000 16870000
2 11 0.000 16870000
2 12 0.000 16870000
2 1 0.000 16870000
1 2 0.000 16880000
1 0 0.000 16880000
2 3 0.000 16880000
2 4 0.000 16880000
2 5 0.000 16880000
2 6 0.000 16880000
2 7 0.000 16880000
2 8 0.000 16880000
2 9 0.000 16880000
2 10 0.000 16880000
2 11 0.000 16880000
2 12 0.000 16880000
2 1 0.000 16880000
1 2 0.000 16890000
1 0 0.000 16890000
2 3 0.000 16890000
2 4 0.000 16890000
2 5 0.000 16890000
2 6 0.000 16890000
2 7 0.000 16890000
2 8 0.000 16890000
2 9 0.000 16890000
2 10 0.000 16890000
2 11 0.000 16890000
2 12 0.000 16890000
2 1 0.000 16890000
1 2 0.000 16900000
1 0 0.000 16900000
2 3 0.000 16900000
2 4 0.000 16900000
2 5 0.000 16900000
2 6 0.000 16900000
2 7 0.000 16900000
2 8 0.000 16900000
2 9 0.000 16900000
2 10 0.000 16900000
2 11 0.000 16900000
2 12 0.000 16900000
2 1 0.000 16900000
1 2 0.000 16910000
1 0 0.000 16910000
2 3 0.000 16910000
2 4 0.000 16910000
2 5 0.000 16910000
2 6 0.000 16910000
2 7 0.000 16910000
2 8 0.000 16910000
2 9 0.000 16910000
2 10 0.000 16910000
2 11 0.000 16910000
2 12 0.000 16910000
2 1 0.000 16910000
1 2 0.000 16920000
1 0 0.000 16920000
2 3 0.000 16920000
2 4 0.000 16920000
2 5 0.000 16920000
2 6 0.000 16920000
2 7 0.000 16920000
2 8 0.000 16920000
2 9 0.000 16920000
2 10 0.000 16920000
2 11 0.000 16920000
2 12 0.000 16920000
2 1 0.000 16920000
1 2 0.000 16930000
1 0 0.000 16930000
2 3 0.000 16930000
2 4 0.000 16930000
2 5 0.000 16930000
2 6 0.000 16930000
2 7 0.000 16930000
2 8 0.000 16930000
2 9 0.000 16930000
2 10 0.000 16930000
2 11 0.000 16930000
2 12 0.000 16930000
2 1 0.000 16930000
1 2 0.000 16940000
1 0 0.000 16940000
2 3 0.000 16940000
2 4 0.000 16940000
2 5 0.000 16940000
2 6 0.000 16940000
2 7 0.000 16940000
2 8 0.000 16940000
2 9 0.000 16940000
2 10 0.000 16940000
2 11 0.000 16940000
2 12 0.000 16940000
2 1 0.000 16940000
1 2 0.000 16950000
1 0 0.000 16950000
2 3 0.000 16950000
2 4 0.000 16950000
2 5 0.000 16950000
2 6 0.000 16950000
2 7 0.000 16950000
2 8 0.000 16950000
2 9 0.000 16950000
2 10 0.000 16950000
2 11 0.000 16950000
2 12 0.000 16950000
2 1 0.000 16950000
1 2 0.000 16960000
1 0 0.000 16960000
2 3 0.000 16960000
2 4 0.000 16960000
2 5 0.000 16960000
2 6 0.000 16960000
2 7 0.000 16960000
2 8 0.000 16960000
2 9 0.000 16960000
2 10 0.000 16960000
2 11 0.000 16960000
2 12 0.000 16960000
2 1 0.000 16960000
1 2 0.000 16970000
1 0 0.000 16970000
2 3 0.000 16970000
2 4 0.000 16970000
2 5 0.000 16970000
2 6 0.000 16970000
2 7 0.000 16970000
2 8 0.000 16970000
2 9 0.000 16970000
2 10 0.000 16970000
2 11 0.000 16970000
2 12 0.000 16970000
2 1 0.000 16970000
1 2 0.000 16980000
1 0 0.000 16980000
2 3 0.000 16980000
2 4 0.000 16980000
2 5 0.000 16980000
2 6 0.000 16980000
2 7 0.000 16980000
2 8 0.000 16980000
2 9 0.000 16980000
2 10 0.000 16980000
2 11 0.000 16980000
2 12 0.000 16980000
2 1 0.000 16980000
1 2 0.000 16990000
1 0 0.000 16990000
2 3 0.000 16990000
2 4 0.000 16990000
2 5 0.000 16990000
2 6 0.000 16990000
2 7 0.000 16990000
2 8 0.000 16990000
2 9 0.000 16990000
2 10 0.000 16990000
2 11 0.000 16990000
2 12 0.000 16990000
2 1 0.000 16990000
1 2 0.000 17000000
1 0 0.000 17000000
2 3 0.000 17000000
2 4 0.000 17000000
2 5 0.000 17000000
2 6 0.000 17000000
2 7 0.000 17000000
2 8 0.000 17000000
2 9 0.000 17000000
2 10 0.000 17000000
2 11 0.000 17000000
2 12 0.000 17000000
2 1 0.000 17000000
1 2 0.000 17010000
1 0 0.000 17010000
2 3 0.000 17010000
2 4 0.000 17010000
2 5 0.000 17010000
2 6 0.000 17010000
2 7 0.000 17010000
2 8 0.000 17010000
2 9 0.000 17010000
2 10 0.000 17010000
2 11 0.000 17010000
2 12 0.000 17010000
2 1 0.000 17010000
1 2 0.000 17020000
1 0 0.000 17020000
2 3 0.000 17020000
2 4 0.000 17020000
2 5 0.000 17020000
2 6 0.000 17020000
2 7 0.000 17020000
2 8 0.000 17020000
2 9 0.000 17020000
2 10 0.000 17020000
2 11 0.000 17020000
2 12 0.000 17020000
2 1 0.000 17020000
1 2 0.000 17030000
1 0 0.000 17030000
2 3 0.000 17030000
2 4 0.000 17030000
2 5 0.000 17030000
2 6 0.000 17030000
2 7 0.000 17030000
2 8 0.000 17030000
2 9 0.000 17030000
2 10 0.000 17030000
2 11 0.000 17030000
2 12 0.000 17030000
2 1 0.000 17030000
1 2 0.000 17040000
1 0 0.000 17040000
2 3 0.000 17040000
2 4 0.000 17040000
2 5 0.000 17040000
2 6 0.000 17040000
2 7 0.000 17040000
2 8 0.000 17040000
2 9 0.000 17040000
2 10 0.000 17040000
2 11 0.000 17040000
2 12 0.000 17040000
2 1 0.000 17040000
1 2 0.000 17050000
1 0 0.000 17050000
2 3 0.000 17050000
2 4 0.000 17050000
2 5 0.000 17050000
2 6 0.000 17050000
2 7 0.000 17050000
2 8 0.000 17050000
2 9 0.000 17050000
2 10 0.000 17050000
2 11 0.000 17050000
2 12 0.000 17050000
2 1 0.000 17050000
1 2 0.000 17060000
1 0 0.000 17060000
2 3 0.000 17060000
2 4 0.000 17060000
2 5 0.000 17060000
2 6 0.000 17060000
2 7 0.000 17060000
2 8 0.000 17060000
2 9 0.000 17060000
2 10 0.000 17060000
2 11 0.000 17060000
2 12 0.000 17060000
2 1 0.000 17060000
1 2 0.000 17070000
1 0 0.000 17070000
2 3 0.000 17070000
2 4 0.000 17070000
2 5 0.000 17070000
2 6 0.000 17070000
2 7 0.000 17070000
2 8 0.000 17070000
2 9 0.000 17070000
2 10 0.000 17070000
2 11 0.000 17070000
2 12 0.000 17070000
2 1 0.000 17070000
1 2 0.000 17080000
1 0 0.000 17080000
2 3 0.000 17080000
2 4 0.000 17080000
2 5 0.000 17080000
2 6 0.000 17080000
2 7 0.000 17080000
2 8 0.000 17080000
2 9 0.000 17080000
2 10 0.000 17080000
2 11 0.000 17080000
2 12 0.000 17080000
2 1 0.000 17080000
1 2 0.000 17090000
1 0 0.000 17090000
2 3 0.000 17090000
2 4 0.000 17090000
2 5 0.000 17090000
2 6 0.000 17090000
2 7 0.000 17090000
2 8 0.000 17090000
2 9 0.000 17090000
2 10 0.000 17090000
2 11 0.000 17090000
2 12 0.000 17090000
2 1 0.000 17090000
1 2 0.000 17100000
1 0 0.000 17100000
2 3 0.000 17100000
2 4 0.000 17100000
2 5 0.000 17100000
2 6 0.000 17100000
2 7 0.000 17100000
2 8 0.000 17100000
2 9 0.000 17100000
2 10 0.000 17100000
2 11 0.000 17100000
2 12 0.000 17100000
2 1 0.000 17100000
1 2 0.000 17110000
1 0 0.000 17110000
2 3 0.000 17110000
2 4 0.000 17110000
2 5 0.000 17110000
2 6 0.000 17110000
2 7 0.000 17110000
2 8 0.000 17110000
2 9 0.000 17110000
2 10 0.000 17110000
2 11 0.000 17110000
2 12 0.000 17110000
2 1 0.000 17110000
1 2 0.000 17120000
1 0 0.000 17120000
2 3 0.000 17120000
2 4 0.000 17120000
2 5 0.000 17120000
2 6 0.000 17120000
2 7 0.000 17120000
2 8 0.000 17120000
2 9 0.000 17120000
2 10 0.000 17120000
2 11 0.000 17120000
2 12 0.000 17120000
2 1 0.000 17120000
1 2 0.000 17130000
1 0 0.000 17130000
2 3 0.000 17130000
2 4 0.000 17130000
2 5 0.000 17130000
2 6 0.000 17130000
2 7 0.000 17130000
2 8 0.000 17130000
2 9 0.000 17130000
2 10 0.000 17130000
2 11 0.000 17130000
2 12 0.000 17130000
2 1 0.000 17130000
1 2 0.000 17140000
1 0 0.000 17140000
2 3 0.000 17140000
2 4 0.000 17140000
2 5 0.000 17140000
2 6 0.000 17140000
2 7 0.000 17140000
2 8 0.000 17140000
2 9 0.000 17140000
2 10 0.000 17140000
2 11 0.000 17140000
2 12 0.000 17140000
2 1 0.000 17140000
1 2 0.000 17150000
1 0 0.000 17150000
2 3 0.000 17150000
2 4 0.000 17150000
2 5 0.000 17150000
2 6 0.000 17150000
2 7 0.000 17150000
2 8 0.000 17150000
2 9 0.000 17150000
2 10 0.000 17150000
2 11 0.000 17150000
2 12 0.000 17150000
2 1 0.000 17150000
1 2 0.000 17160000
1 0 0.000 17160000
2 3 0.000 17160000
2 4 0.000 17160000
2 5 0.000 17160000
2 6 0.000 17160000
2 7 0.000 17160000
2 8 0.000 17160000
2 9 0.000 17160000
2 10 0.000 17160000
2 11 0.000 17160000
2 12 0.000 17160000
2 1 0.000 17160000
1 2 0.000 17170000
1 0 0.000 17170000
2 3 0.000 17170000
2 4 0.000 17170000
2 5 0.000 17170000
2 6 0.000 17170000
2 7 0.000 17170000
2 8 0.000 17170000
2 9 0.000 17170000
2 10 0.000 17170000
2 11 0.000 17170000
2 12 0.000 17170000
2 1 0.000 17170000
1 2 0.000 17180000
1 0 0.000 17180000
2 3 0.000 17180000
2 4 0.000 17180000
2 5 0.000 17180000
2 6 0.000 17180000
2 7 0.000 17180000
2 8 0.000 17180000
2 9 0.000 17180000
2 10 0.000 17180000
2 11 0.000 17180000
2 12 0.000 17180000
2 1 0.000 17180000
1 2 0.000 17190000
1 0 0.000 17190000
2 3 0.000 17190000
2 4 0.000 17190000
2 5 0.000 17190000
2 6 0.000 17190000
2 7 0.000 17190000
2 8 0.000 17190000
2 9 0.000 17190000
2 10 0.000 17190000
2 11 0.000 17190000
2 12 0.000 17190000
2 1 0.000 17190000
1 2 0.000 17200000
1 0 0.000 17200000
2 3 0.000 17200000
2 4 0.000 17200000
2 5 0.000 17200000
2 6 0.000 17200000
2 7 0.000 17200000
2 8 0.000 17200000
2 9 0.000 17200000
2 10 0.000 17200000
2 11 0.000 17200000
2 12 0.000 17200000
2 1 0.000 17200000
1 2 0.000 17210000
1 0 0.000 17210000
2 3 0.000 17210000
2 4 0.000 17210000
2 5 0.000 17210000
2 6 0.000 17210000
2 7 0.000 17210000
2 8 0.000 17210000
2 9 0.000 17210000
2 10 0.000 17210000
2 11 0.000 17210000
2 12 0.000 17210000
2 1 0.000 17210000
1 2 0.000 17220000
1 0 0.000 17220000
2 3 0.000 17220000
2 4 0.000 17220000
2 5 0.000 17220000
2 6 0.000 17220000
2 7 0.000 17220000
2 8 0.000 17220000
2 9 0.000 17220000
2 10 0.000 17220000
2 11 0.000 17220000
2 12 0.000 17220000
2 1 0.000 17220000
1 2 0.000 17230000
1 0 0.000 17230000
2 3 0.000 17230000
2 4 0.000 17230000
2 5 0.000 17230000
2 6 0.000 17230000
2 7 0.000 17230000
2 8 0.000 17230000
2 9 0.000 17230000
2 10 0.000 17230000
2 11 0.000 17230000
2 12 0.000 17230000
2 1 0.000 17230000
1 2 0.000 17240000
1 0 0.000 17240000
2 3 0.000 17240000
2 4 0.000 17240000
2 5 0.000 17240000
2 6 0.000 17240000
2 7 0.000 17240000
2 8 0.000 17240000
2 9 0.000 17240000
2 10 0.000 17240000
2 11 0.000 17240000
2 12 0.000 17240000
2 1 0.000 17240000
1 2 0.000 17250000
1 0 0.000 17250000
2 3 0.000 17250000
2 4 0.000 17250000
2 5 0.000 17250000
2 6 0.000 17250000
2 7 0.000 17250000
2 8 0.000 17250000
2 9 0.000 17250000
2 10 0.000 17250000
2 11 0.000 17250000
2 12 0.000 17250000
2 1 0.000 17250000
1 2 0.000 17260000
1 0 0.000 17260000
2 3 0.000 17260000
2 4 0.000 17260000
2 5 0.000 17260000
2 6 0.000 17260000
2 7 0.000 17260000
2 8 0.000 17260000
2 9 0.000 17260000
2 10 0.000 17260000
2 11 0.000 17260000
2 12 0.000 17260000
2 1 0.000 17260000
1 2 0.000 17270000
1 0 0.000 17270000
2 3 0.000 17270000
2 4 0.000 17270000
2 5 0.000 17270000
2 6 0.000 17270000
2 7 0.000 17270000
2 8 0.000 17270000
2 9 0.000 17270000
2 10 0.000 17270000
2 11 0.000 17270000
2 12 0.000 17270000
2 1 0.000 17270000
1 2 0.000 17280000
1 0 0.000 17280000
2 3 0.000 17280000
2 4 0.000 17280000
2 5 0.000 17280000
2 6 0.000 17280000
2 7 0.000 17280000
2 8 0.000 17280000
2 9 0.000 17280000
2 10 0.000 17280000
2 11 0.000 17280000
2 12 0.000 17280000
2 1 0.000 17280000
1 2 0.000 17290000
1 0 0.000 17290000
2 3 0.000 17290000
2 4 0.000 17290000
2 5 0.000 17290000
2 6 0.000 17290000
2 7 0.000 17290000
2 8 0.000 17290000
2 9 0.000 17290000
2 10 0.000 17290000
2 11 0.000 17290000
2 12 0.000 17290000
2 1 0.000 17290000
1 2 0.000 17300000
1 0 0.000 17300000
2 3 0.000 17300000
2 4 0.000 17300000
2 5 0.000 17300000
2 6 0.000 17300000
2 7 0.000 17300000
2 8 0.000 17300000
2 9 0.000 17300000
2 10 0.000 17300000
2 11 0.000 17300000
2 12 0.000 17300000
2 1 0.000 17300000
1 2 0.000 17310000
1 0 0.000 17310000
2 3 0.000 17310000
2 4 0.000 17310000
2 5 0.000 17310000
2 6 0.000 17310000
2 7 0.000 17310000
2 8 0.000 17310000
2 9 0.000 17310000
2 10 0.000 17310000
2 11 0.000 17310000
2 12 0.000 17310000
2 1 0.000 17310000
1 2 0.000 17320000
1 0 0.000 17320000
2 3 0.000 17320000
2 4 0.000 17320000
2 5 0.000 17320000
2 6 0.000 17320000
2 7 0.000 17320000
2 8 0.000 17320000
2 9 0.000 17320000
2 10 0.000 17320000
2 11 0.000 17320000
2 12 0.000 17320000
2 1 0.000 17320000
1 2 0.000 17330000
1 0 0.000 17330000
2 3 0.000 17330000
2 4 0.000 17330000
2 5 0.000 17330000
2 6 0.000 17330000
2 7 0.000 17330000
2 8 0.000 17330000
2 9 0.000 17330000
2 10 0.000 17330000
2 11 0.000 17330000
2 12 0.000 17330000
2 1 0.000 17330000
1 2 0.000 17340000
1 0 0.000 17340000
2 3 0.000 17340000
2 4 0.000 17340000
2 5 0.000 17340000
2 6 0.000 17340000
2 7 0.000 17340000
2 8 0.000 17340000
2 9 0.000 17340000
2 10 0.000 17340000
2 11 0.000 17340000
2 12 0.000 17340000
2 1 0.000 17340000
1 2 0.000 17350000
1 0 0.000 17350000
2 3 0.000 17350000
2 4 0.000 17350000
2 5 0.000 17350000
2 6 0.000 17350000
2 7 0.000 17350000
2 8 0.000 17350000
2 9 0.000 17350000
2 10 0.000 17350000
2 11 0.000 17350000
2 12 0.000 17350000
2 1 0.000 17350000
1 2 0.000 17360000
1 0 0.000 17360000
2 3 0.000 17360000
2 4 0.000 17360000
2 5 0.000 17360000
2 6 0.000 17360000
2 7 0.000 17360000
2 8 0.000 17360000
2 9 0.000 17360000
2 10 0.000 17360000
2 11 0.000 17360000
2 12 0.000 17360000
2 1 0.000 17360000
1 2 0.000 17370000
1 0 0.000 17370000
2 3 0.000 17370000
2 4 0.000 17370000
2 5 0.000 17370000
2 6 0.000 17370000
2 7 0.000 17370000
2 8 0.000 17370000
2 9 0.000 17370000
2 10 0.000 17370000
2 11 0.000 17370000
2 12 0.000 17370000
2 1 0.000 17370000
1 2 0.000 17380000
1 0 0.000 17380000
2 3 0.000 17380000
2 4 0.000 17380000
2 5 0.000 17380000
2 6 0.000 17380000
2 7 0.000 17380000
2 8 0.000 17380000
2 9 0.000 17380000
2 10 0.000 17380000
2 11 0.000 17380000
2 12 0.000 17380000
2 1 0.000 17380000
1 2 0.000 17390000
1 0 0.000 17390000
2 3 0.000 17390000
2 4 0.000 17390000
2 5 0.000 17390000
2 6 0.000 17390000
2 7 0.000 17390000
2 8 0.000 17390000
2 9 0.000 17390000
2 10 0.000 17390000
2 11 0.000 17390000
2 12 0.000 17390000
2 1 0.000 17390000
1 2 0.000 17400000
1 0 0.000 17400000
2 3 0.000 17400000
2 4 0.000 17400000
2 5 0.000 17400000
2 6 0.000 17400000
2 7 0.000 17400000
2 8 0.000 17400000
2 9 0.000 17400000
2 10 0.000 17400000
2 11 0.000 17400000
2 12 0.000 17400000
2 1 0.000 17400000
1 2 0.000 17410000
1 0 0.000 17410000
2 3 0.000 17410000
2 4 0.000 17410000
2 5 0.000 17410000
2 6 0.000 17410000
2 7 0.000 17410000
2 8 0.000 17410000
2 9 0.000 17410000
2 10 0.000 17410000
2 11 0.000 17410000
2 12 0.000 17410000
2 1 0.000 17410000
1 2 0.000 17420000
1 0 0.000 17420000
2 3 0.000 17420000
2 4 0.000 17420000
2 5 0.000 17420000
2 6 0.000 17420000
2 7 0.000 17420000
2 8 0.000 17420000
2 9 0.000 17420000
2 10 0.000 17420000
2 11 0.000 17420000
2 12 0.000 17420000
2 1 0.000 17420000
1 2 0.000 17430000
1 0 0.000 17430000
2 3 0.000 17430000
2 4 0.000 17430000
2 5 0.000 17430000
2 6 0.000 17430000
2 7 0.000 17430000
2 8 0.000 17430000
2 9 0.000 17430000
2 10 0.000 17430000
2 11 0.000 17430000
2 12 0.000 17430000
2 1 0.000 17430000
1 2 0.000 17440000
1 0 0.000 17440000
2 3 0.000 17440000
2 4 0.000 17440000
2 5 0.000 17440000
2 6 0.000 17440000
2 7 0.000 17440000
2 8 0.000 17440000
2 9 0.000 17440000
2 10 0.000 17440000
2 11 0.000 17440000
2 12 0.000 17440000
2 1 0.000 17440000
1 2 0.000 17450000
1 0 0.000 17450000
2 3 0.000 17450000
2 4 0.000 17450000
2 5 0.000 17450000
2 6 0.000 17450000
2 7 0.000 17450000
2 8 0.000 17450000
2 9 0.000 17450000
2 10 0.000 17450000
2 11 0.000 17450000
2 12 0.000 17450000
2 1 0.000 17450000
1 2 0.000 17460000
1 0 0.000 17460000
2 3 0.000 17460000
2 4 0.000 17460000
2 5 0.000 17460000
2 6 0.000 17460000
2 7 0.000 17460000
2 8 0.000 17460000
2 9 0.000 17460000
2 10 0.000 17460000
2 11 0.000 17460000
2 12 0.000 17460000
2 1 0.000 17460000
1 2 0.000 17470000
1 0 0.000 17470000
2 3 0.000 17470000
2 4 0.000 17470000
2 5 0.000 17470000
2 6 0.000 17470000
2 7 0.000 17470000
2 8 0.000 17470000
2 9 0.000 17470000
2 10 0.000 17470000
2 11 0.000 17470000
2 12 0.000 17470000
2 1 0.000 17470000
1 2 0.000 17480000
1 0 0.000 17480000
2 3 0.000 17480000
2 4 0.000 17480000
2 5 0.000 17480000
2 6 0.000 17480000
2 7 0.000 17480000
2 8 0.000 17480000
2 9 0.000 17480000
2 10 0.000 17480000
2 11 0.000 17480000
2 12 0.000 17480000
2 1 0.000 17480000
1 2 0.000 17490000
1 0 0.000 17490000
2 3 0.000 17490000
2 4 0.000 17490000
2 5 0.000 17490000
2 6 0.000 17490000
2 7 0.000 17490000
2 8 0.000 17490000
2 9 0.000 17490000
2 10 0.000 17490000
2 11 0.000 17490000
2 12 0.000 17490000
2 1 0.000 17490000
1 2 0.000 17500000
1 0 0.000 17500000
2 3 0.000 17500000
2 4 0.000 17500000
2 5 0.000 17500000
2 6 0.000 17500000
2 7 0.000 17500000
2 8 0.000 17500000
2 9 0.000 17500000
2 10 0.000 17500000
2 11 0.000 17500000
2 12 0.000 17500000
2 1 0.000 17500000
1 2 0.000 17510000
1 0 0.000 17510000
2 3 0.000 17510000
2 4 0.000 17510000
2 5 0.000 17510000
2 6 0.000 17510000
2 7 0.000 17510000
2 8 0.000 17510000
2 9 0.000 17510000
2 10 0.000 17510000
2 11 0.000 17510000
2 12 0.000 17510000
2 1 0.000 17510000
1 2 0.000 17520000
1 0 0.000 17520000
2 3 0.000 17520000
2 4 0.000 17520000
2 5 0.000 17520000
2 6 0.000 17520000
2 7 0.000 17520000
2 8 0.000 17520000
2 9 0.000 17520000
2 10 0.000 17520000
2 11 0.000 17520000
2 12 0.000 17520000
2 1 0.000 17520000
1 2 0.000 17530000
1 0 0.000 17530000
2 3 0.000 17530000
2 4 0.000 17530000
2 5 0.000 17530000
2 6 0.000 17530000
2 7 0.000 17530000
2 8 0.000 17530000
2 9 0.000 17530000
2 10 0.000 17530000
2 11 0.000 17530000
2 12 0.000 17530000
2 1 0.000 17530000
1 2 0.000 17540000
1 0 0.000 17540000
2 3 0.000 17540000
2 4 0.000 17540000
2 5 0.000 17540000
2 6 0.000 17540000
2 7 0.000 17540000
2 8 0.000 17540000
2 9 0.000 17540000
2 10 0.000 17540000
2 11 0.000 17540000
2 12 0.000 17540000
2 1 0.000 17540000
1 2 0.000 17550000
1 0 0.000 17550000
2 3 0.000 17550000
2 4 0.000 17550000
2 5 0.000 17550000
2 6 0.000 17550000
2 7 0.000 17550000
2 8 0.000 17550000
2 9 0.000 17550000
2 10 0.000 17550000
2 11 0.000 17550000
2 12 0.000 17550000
2 1 0.000 17550000
1 2 0.000 17560000
1 0 0.000 17560000
2 3 0.000 17560000
2 4 0.000 17560000
2 5 0.000 17560000
2 6 0.000 17560000
2 7 0.000 17560000
2 8 0.000 17560000
2 9 0.000 17560000
2 10 0.000 17560000
2 11 0.000 17560000
2 12 0.000 17560000
2 1 0.000 17560000
1 2 0.000 17570000
1 0 0.000 17570000
2 3 0.000 17570000
2 4 0.000 17570000
2 5 0.000 17570000
2 6 0.000 17570000
2 7 0.000 17570000
2 8 0.000 17570000
2 9 0.000 17570000
2 10 0.000 17570000
2 11 0.000 17570000
2 12 0.000 17570000
2 1 0.000 17570000
1 2 0.000 17580000
1 0 0.000 17580000
2 3 0.000 17580000
2 4 0.000 17580000
2 5 0.000 17580000
2 6 0.000 17580000
2 7 0.000 17580000
2 8 0.000 17580000
2 9 0.000 17580000
2 10 0.000 17580000
2 11 0.000 17580000
2 12 0.000 17580000
2 1 0.000 17580000
1 2 0.000 17590000
1 0 0.000 17590000
2 3 0.000 17590000
2 4 0.000 17590000
2 5 0.000 17590000
2 6 0.000 17590000
2 7 0.000 17590000
2 8 0.000 17590000
2 9 0.000 17590000
2 10 0.000 17590000
2 11 0.000 17590000
2 12 0.000 17590000
2 1 0.000 17590000
1 2 0.000 17600000
1 0 0.000 17600000
2 3 0.000 17600000
2 4 0.000 17600000
2 5 0.000 17600000
2 6 0.000 17600000
2 7 0.000 17600000
2 8 0.000 17600000
2 9 0.000 17600000
2 10 0.000 17600000
2 11 0.000 17600000
2 12 0.000 17600000
2 1 0.000 17600000
1 2 0.000 17610000
1 0 0.000 17610000
2 3 0.000 17610000
2 4 0.000 17610000
2 5 0.000 17610000
2 6 0.000 17610000
2 7 0.000 17610000
2 8 0.000 17610000
2 9 0.000 17610000
2 10 0.000 17610000
2 11 0.000 17610000
2 12 0.000 17610000
2 1 0.000 17610000
1 2 0.000 17620000
1 0 0.000 17620000
2 3 0.000 17620000
2 4 0.000 17620000
2 5 0.000 17620000
2 6 0.000 17620000
2 7 0.000 17620000
2 8 0.000 17620000
2 9 0.000 17620000
2 10 0.000 17620000
2 11 0.000 17620000
2 12 0.000 17620000
2 1 0.000 17620000
1 2 0.000 17630000
1 0 0.000 17630000
2 3 0.000 17630000
2 4 0.000 17630000
2 5 0.000 17630000
2 6 0.000 17630000
2 7 0.000 17630000
2 8 0.000 17630000
2 9 0.000 17630000
2 10 0.000 17630000
2 11 0.000 17630000
2 12 0.000 17630000
2 1 0.000 17630000
1 2 0.000 17640000
1 0 0.000 17640000
2 3 0.000 17640000
2 4 0.000 17640000
2 5 0.000 17640000
2 6 0.000 17640000
2 7 0.000 17640000
2 8 0.000 17640000
2 9 0.000 17640000
2 10 0.000 17640000
2 11 0.000 17640000
2 12 0.000 17640000
2 1 0.000 17640000
1 2 0.000 17650000
1 0 0.000 17650000
2 3 0.000 17650000
2 4 0.000 17650000
2 5 0.000 17650000
2 6 0.000 17650000
2 7 0.000 17650000
2 8 0.000 17650000
2 9 0.000 17650000
2 10 0.000 17650000
2 11 0.000 17650000
2 12 0.000 17650000
2 1 0.000 17650000
1 2 0.000 17660000
1 0 0.000 17660000
2 3 0.000 17660000
2 4 0.000 17660000
2 5 0.000 17660000
2 6 0.000 17660000
2 7 0.000 17660000
2 8 0.000 17660000
2 9 0.000 17660000
2 10 0.000 17660000
2 11 0.000 17660000
2 12 0.000 17660000
2 1 0.000 17660000
1 2 0.000 17670000
1 0 0.000 17670000
2 3 0.000 17670000
2 4 0.000 17670000
2 5 0.000 17670000
2 6 0.000 17670000
2 7 0.000 17670000
2 8 0.000 17670000
2 9 0.000 17670000
2 10 0.000 17670000
2 11 0.000 17670000
2 12 0.000 17670000
2 1 0.000 17670000
1 2 0.000 17680000
1 0 0.000 17680000
2 3 0.000 17680000
2 4 0.000 17680000
2 5 0.000 17680000
2 6 0.000 17680000
2 7 0.000 17680000
2 8 0.000 17680000
2 9 0.000 17680000
2 10 0.000 17680000
2 11 0.000 17680000
2 12 0.000 17680000
2 1 0.000 17680000
1 2 0.000 17690000
1 0 0.000 17690000
2 3 0.000 17690000
2 4 0.000 17690000
2 5 0.000 17690000
2 6 0.000 17690000
2 7 0.000 17690000
2 8 0.000 17690000
2 9 0.000 17690000
2 10 0.000 17690000
2 11 0.000 17690000
2 12 0.000 17690000
2 1 0.000 17690000
1 2 0.000 17700000
1 0 0.000 17700000
2 3 0.000 17700000
2 4 0.000 17700000
2 5 0.000 17700000
2 6 0.000 17700000
2 7 0.000 17700000
2 8 0.000 17700000
2 9 0.000 17700000
2 10 0.000 17700000
2 11 0.000 17700000
2 12 0.000 17700000
2 1 0.000 17700000
1 2 0.000 17710000
1 0 0.000 17710000
2 3 0.000 17710000
2 4 0.000 17710000
2 5 0.000 17710000
2 6 0.000 17710000
2 7 0.000 17710000
2 8 0.000 17710000
2 9 0.000 17710000
2 10 0.000 17710000
2 11 0.000 17710000
2 12 0.000 17710000
2 1 0.000 17710000
1 2 0.000 17720000
1 0 0.000 17720000
2 3 0.000 17720000
2 4 0.000 17720000
2 5 0.000 17720000
2 6 0.000 17720000
2 7 0.000 17720000
2 8 0.000 17720000
2 9 0.000 17720000
2 10 0.000 17720000
2 11 0.000 17720000
2 12 0.000 17720000
2 1 0.000 17720000
1 2 0.000 17730000
1 0 0.000 17730000
2 3 0.000 17730000
2 4 0.000 17730000
2 5 0.000 17730000
2 6 0.000 17730000
2 7 0.000 17730000
2 8 0.000 17730000
2 9 0.000 17730000
2 10 0.000 17730000
2 11 0.000 17730000
2 12 0.000 17730000
2 1 0.000 17730000
1 2 0.000 17740000
1 0 0.000 17740000
2 3 0.000 17740000
2 4 0.000 17740000
2 5 0.000 17740000
2 6 0.000 17740000
2 7 0.000 17740000
2 8 0.000 17740000
2 9 0.000 17740000
2 10 0.000 17740000
2 11 0.000 17740000
2 12 0.000 17740000
2 1 0.000 17740000
1 2 0.000 17750000
1 0 0.000 17750000
2 3 0.000 17750000
2 4 0.000 17750000
2 5 0.000 17750000
2 6 0.000 17750000
2 7 0.000 17750000
2 8 0.000 17750000
2 9 0.000 17750000
2 10 0.000 17750000
2 11 0.000 17750000
2 12 0.000 17750000
2 1 0.000 17750000
1 2 0.000 17760000
1 0 0.000 17760000
2 3 0.000 17760000
2 4 0.000 17760000
2 5 0.000 17760000
2 6 0.000 17760000
2 7 0.000 17760000
2 8 0.000 17760000
2 9 0.000 17760000
2 10 0.000 17760000
2 11 0.000 17760000
2 12 0.000 17760000
2 1 0.000 17760000
1 2 0.000 17770000
1 0 0.000 17770000
2 3 0.000 17770000
2 4 0.000 17770000
2 5 0.000 17770000
2 6 0.000 17770000
2 7 0.000 17770000
2 8 0.000 17770000
2 9 0.000 17770000
2 10 0.000 17770000
2 11 0.000 17770000
2 12 0.000 17770000
2 1 0.000 17770000
1 2 0.000 17780000
1 0 0.000 17780000
2 3 0.000 17780000
2 4 0.000 17780000
2 5 0.000 17780000
2 6 0.000 17780000
2 7 0.000 17780000
2 8 0.000 17780000
2 9 0.000 17780000
2 10 0.000 17780000
2 11 0.000 17780000
2 12 0.000 17780000
2 1 0.000 17780000
1 2 0.000 17790000
1 0 0.000 17790000
2 3 0.000 17790000
2 4 0.000 17790000
2 5 0.000 17790000
2 6 0.000 17790000
2 7 0.000 17790000
2 8 0.000 17790000
2 9 0.000 17790000
2 10 0.000 17790000
2 11 0.000 17790000
2 12 0.000 17790000
2 1 0.000 17790000
1 2 0.000 17800000
1 0 0.000 17800000
2 3 0.000 17800000
2 4 0.000 17800000
2 5 0.000 17800000
2 6 0.000 17800000
2 7 0.000 17800000
2 8 0.000 17800000
2 9 0.000 17800000
2 10 0.000 17800000
2 11 0.000 17800000
2 12 0.000 17800000
2 1 0.000 17800000
1 2 0.000 17810000
1 0 0.000 17810000
2 3 0.000 17810000
2 4 0.000 17810000
2 5 0.000 17810000
2 6 0.000 17810000
2 7 0.000 17810000
2 8 0.000 17810000
2 9 0.000 17810000
2 10 0.000 17810000
2 11 0.000 17810000
2 12 0.000 17810000
2 1 0.000 17810000
1 2 0.000 17820000
1 0 0.000 17820000
2 3 0.000 17820000
2 4 0.000 17820000
2 5 0.000 17820000
2 6 0.000 17820000
2 7 0.000 17820000
2 8 0.000 17820000
2 9 0.000 17820000
2 10 0.000 17820000
2 11 0.000 17820000
2 12 0.000 17820000
2 1 0.000 17820000
1 2 0.000 17830000
1 0 0.000 17830000
2 3 0.000 17830000
2 4 0.000 17830000
2 5 0.000 17830000
2 6 0.000 17830000
2 7 0.000 17830000
2 8 0.000 17830000
2 9 0.000 17830000
2 10 0.000 17830000
2 11 0.000 17830000
2 12 0.000 17830000
2 1 0.000 17830000
1 2 0.000 17840000
1 0 0.000 17840000
2 3 0.000 17840000
2 4 0.000 17840000
2 5 0.000 17840000
2 6 0.000 17840000
2 7 0.000 17840000
2 8 0.000 17840000
2 9 0.000 17840000
2 10 0.000 17840000
2 11 0.000 17840000
2 12 0.000 17840000
2 1 0.000 17840000
1 2 0.000 17850000
1 0 0.000 17850000
2 3 0.000 17850000
2 4 0.000 17850000
2 5 0.000 17850000
2 6 0.000 17850000
2 7 0.000 17850000
2 8 0.000 17850000
2 9 0.000 17850000
2 10 0.000 17850000
2 11 0.000 17850000
2 12 0.000 17850000
2 1 0.000 17850000
1 2 0.000 17860000
1 0 0.000 17860000
2 3 0.000 17860000
2 4 0.000 17860000
2 5 0.000 17860000
2 6 0.000 17860000
2 7 0.000 17860000
2 8 0.000 17860000
2 9 0.000 17860000
2 10 0.000 17860000
2 11 0.000 17860000
2 12 0.000 17860000
2 1 0.000 17860000
1 2 0.000 17870000
1 0 0.000 17870000
2 3 0.000 17870000
2 4 0.000 17870000
2 5 0.000 17870000
2 6 0.000 17870000
2 7 0.000 17870000
2 8 0.000 17870000
2 9 0.000 17870000
2 10 0.000 17870000
2 11 0.000 17870000
2 12 0.000 17870000
2 1 0.000 17870000
1 2 0.000 17880000
1 0 0.000 17880000
2 3 0.000 17880000
2 4 0.000 17880000
2 5 0.000 17880000
2 6 0.000 17880000
2 7 0.000 17880000
2 8 0.000 17880000
2 9 0.000 17880000
2 10 0.000 17880000
2 11 0.000 17880000
2 12 0.000 17880000
2 1 0.000 17880000
1 2 0.000 17890000
1 0 0.000 17890000
2 3 0.000 17890000
2 4 0.000 17890000
2 5 0.000 17890000
2 6 0.000 17890000
2 7 0.000 17890000
2 8 0.000 17890000
2 9 0.000 17890000
2 10 0.000 17890000
2 11 0.000 17890000
2 12 0.000 17890000
2 1 0.000 17890000
1 2 0.000 17900000
1 0 0.000 17900000
2 3 0.000 17900000
2 4 0.000 17900000
2 5 0.000 17900000
2 6 0.000 17900000
2 7 0.000 17900000
2 8 0.000 17900000
2 9 0.000 17900000
2 10 0.000 17900000
2 11 0.000 17900000
2 12 0.000 17900000
2 1 0.000 17900000
1 2 0.000 17910000
1 0 0.000 17910000
2 3 0.000 17910000
2 4 0.000 17910000
2 5 0.000 17910000
2 6 0.000 17910000
2 7 0.000 17910000
2 8 0.000 17910000
2 9 0.000 17910000
2 10 0.000 17910000
2 11 0.000 17910000
2 12 0.000 17910000
2 1 0.000 17910000
1 2 0.000 17920000
1 0 0.000 17920000
2 3 0.000 17920000
2 4 0.000 17920000
2 5 0.000 17920000
2 6 0.000 17920000
2 7 0.000 17920000
2 8 0.000 17920000
2 9 0.000 17920000
2 10 0.000 17920000
2 11 0.000 17920000
2 12 0.000 17920000
2 1 0.000 17920000
1 2 0.000 17930000
1 0 0.000 17930000
2 3 0.000 17930000
2 4 0.000 17930000
2 5 0.000 17930000
2 6 0.000 17930000
2 7 0.000 17930000
2 8 0.000 17930000
2 9 0.000 17930000
2 10 0.000 17930000
2 11 0.000 17930000
2 12 0.000 17930000
2 1 0.000 17930000
1 2 0.000 17940000
1 0 0.000 17940000
2 3 0.000 17940000
2 4 0.000 17940000
2 5 0.000 17940000
2 6 0.000 17940000
2 7 0.000 17940000
2 8 0.000 17940000
2 9 0.000 17940000
2 10 0.000 17940000
2 11 0.000 17940000
2 12 0.000 17940000
2 1 0.000 17940000
1 2 0.000 17950000
1 0 0.000 17950000
2 3 0.000 17950000
2 4 0.000 17950000
2 5 0.000 17950000
2 6 0.000 17950000
2 7 0.000 17950000
2 8 0.000 17950000
2 9 0.000 17950000
2 10 0.000 17950000
2 11 0.000 17950000
2 12 0.000 17950000
2 1 0.000 17950000
1 2 0.000 17960000
1 0 0.000 17960000
2 3 0.000 17960000
2 4 0.000 17960000
2 5 0.000 17960000
2 6 0.000 17960000
2 7 0.000 17960000
2 8 0.000 17960000
2 9 0.000 17960000
2 10 0.000 17960000
2 11 0.000 17960000
2 12 0.000 17960000
2 1 0.000 17960000
1 2 0.000 17970000
1 0 0.000 17970000
2 3 0.000 17970000
2 4 0.000 17970000
2 5 0.000 17970000
2 6 0.000 17970000
2 7 0.000 17970000
2 8 0.000 17970000
2 9 0.000 17970000
2 10 0.000 17970000
2 11 0.000 17970000
2 12 0.000 17970000
2 1 0.000 17970000
1 2 0.000 17980000
1 0 0.000 17980000
2 3 0.000 17980000
2 4 0.000 17980000
2 5 0.000 17980000
2 6 0.000 17980000
2 7 0.000 17980000
2 8 0.000 17980000
2 9 0.000 17980000
2 10 0.000 17980000
2 11 0.000 17980000
2 12 0.000 17980000
2 1 0.000 17980000
1 2 0.000 17990000
1 0 0.000 17990000
2 3 0.000 17990000
2 4 0.000 17990000
2 5 0.000 17990000
2 6 0.000 17990000
2 7 0.000 17990000
2 8 0.000 17990000
2 9 0.000 17990000
2 10 0.000 17990000
2 11 0.000 17990000
2 12 0.000 17990000
2 1 0.000 17990000
1 2 0.000 18000000
1 0 0.000 18000000
2 3 0.000 18000000
2 4 0.000 18000000
2 5 0.000 18000000
2 6 0.000 18000000
2 7 0.000 18000000
2 8 0.000 18000000
2 9 0.000 18000000
2 10 0.000 18000000
2 11 0.000 18000000
2 12 0.000 18000000
2 1 0.000 18000000
1 2 0.000 18010000
1 0 0.000 18010000
2 3 0.000 18010000
2 4 0.000 18010000
2 5 0.000 18010000
2 6 0.000 18010000
2 7 0.000 18010000
2 8 0.000 18010000
2 9 0.000 18010000
2 10 0.000 18010000
2 11 0.000 18010000
2 12 0.000 18010000
2 1 0.000 18010000
1 2 0.000 18020000
1 0 0.000 18020000
2 3 0.000 18020000
2 4 0.000 18020000
2 5 0.000 18020000
2 6 0.000 18020000
2 7 0.000 18020000
2 8 0.000 18020000
2 9 0.000 18020000
2 10 0.000 18020000
2 11 0.000 18020000
2 12 0.000 18020000
2 1 0.000 18020000
1 2 0.000 18030000
1 0 0.000 18030000
2 3 0.000 18030000
2 4 0.000 18030000
2 5 0.000 18030000
2 6 0.000 18030000
2 7 0.000 18030000
2 8 0.000 18030000
2 9 0.000 18030000
2 10 0.000 18030000
2 11 0.000 18030000
2 12 0.000 18030000
2 1 0.000 18030000
1 2 0.000 18040000
1 0 0.000 18040000
2 3 0.000 18040000
2 4 0.000 18040000
2 5 0.000 18040000
2 6 0.000 18040000
2 7 0.000 18040000
2 8 0.000 18040000
2 9 0.000 18040000
2 10 0.000 18040000
2 11 0.000 18040000
2 12 0.000 18040000
2 1 0.000 18040000
1 2 0.000 18050000
1 0 0.000 18050000
2 3 0.000 18050000
2 4 0.000 18050000
2 5 0.000 18050000
2 6 0.000 18050000
2 7 0.000 18050000
2 8 0.000 18050000
2 9 0.000 18050000
2 10 0.000 18050000
2 11 0.000 18050000
2 12 0.000 18050000
2 1 0.000 18050000
1 2 0.000 18060000
1 0 0.000 18060000
2 3 0.000 18060000
2 4 0.000 18060000
2 5 0.000 18060000
2 6 0.000 18060000
2 7 0.000 18060000
2 8 0.000 18060000
2 9 0.000 18060000
2 10 0.000 18060000
2 11 0.000 18060000
2 12 0.000 18060000
2 1 0.000 18060000
1 2 0.000 18070000
1 0 0.000 18070000
2 3 0.000 18070000
2 4 0.000 18070000
2 5 0.000 18070000
2 6 0.000 18070000
2 7 0.000 18070000
2 8 0.000 18070000
2 9 0.000 18070000
2 10 0.000 18070000
2 11 0.000 18070000
2 12 0.000 18070000
2 1 0.000 18070000
1 2 0.000 18080000
1 0 0.000 18080000
2 3 0.000 18080000
2 4 0.000 18080000
2 5 0.000 18080000
2 6 0.000 18080000
2 7 0.000 18080000
2 8 0.000 18080000
2 9 0.000 18080000
2 10 0.000 18080000
2 11 0.000 18080000
2 12 0.000 18080000
2 1 0.000 18080000
1 2 0.000 18090000
1 0 0.000 18090000
2 3 0.000 18090000
2 4 0.000 18090000
2 5 0.000 18090000
2 6 0.000 18090000
2 7 0.000 18090000
2 8 0.000 18090000
2 9 0.000 18090000
2 10 0.000 18090000
2 11 0.000 18090000
2 12 0.000 18090000
2 1 0.000 18090000
1 2 0.000 18100000
1 0 0.000 18100000
2 3 0.000 18100000
2 4 0.000 18100000
2 5 0.000 18100000
2 6 0.000 18100000
2 7 0.000 18100000
2 8 0.000 18100000
2 9 0.000 18100000
2 10 0.000 18100000
2 11 0.000 18100000
2 12 0.000 18100000
2 1 0.000 18100000
1 2 0.000 18110000
1 0 0.000 18110000
2 3 0.000 18110000
2 4 0.000 18110000
2 5 0.000 18110000
2 6 0.000 18110000
2 7 0.000 18110000
2 8 0.000 18110000
2 9 0.000 18110000
2 10 0.000 18110000
2 11 0.000 18110000
2 12 0.000 18110000
2 1 0.000 18110000
1 2 0.000 18120000
1 0 0.000 18120000
2 3 0.000 18120000
2 4 0.000 18120000
2 5 0.000 18120000
2 6 0.000 18120000
2 7 0.000 18120000
2 8 0.000 18120000
2 9 0.000 18120000
2 10 0.000 18120000
2 11 0.000 18120000
2 12 0.000 18120000
2 1 0.000 18120000
1 2 0.000 18130000
1 0 0.000 18130000
2 3 0.000 18130000
2 4 0.000 18130000
2 5 0.000 18130000
2 6 0.000 18130000
2 7 0.000 18130000
2 8 0.000 18130000
2 9 0.000 18130000
2 10 0.000 18130000
2 11 0.000 18130000
2 12 0.000 18130000
2 1 0.000 18130000
1 2 0.000 18140000
1 0 0.000 18140000
2 3 0.000 18140000
2 4 0.000 18140000
2 5 0.000 18140000
2 6 0.000 18140000
2 7 0.000 18140000
2 8 0.000 18140000
2 9 0.000 18140000
2 10 0.000 18140000
2 11 0.000 18140000
2 12 0.000 18140000
2 1 0.000 18140000
1 2 0.000 18150000
1 0 0.000 18150000
2 3 0.000 18150000
2 4 0.000 18150000
2 5 0.000 18150000
2 6 0.000 18150000
2 7 0.000 18150000
2 8 0.000 18150000
2 9 0.000 18150000
2 10 0.000 18150000
2 11 0.000 18150000
2 12 0.000 18150000
2 1 0.000 18150000
1 2 0.000 18160000
1 0 0.000 18160000
2 3 0.000 18160000
2 4 0.000 18160000
2 5 0.000 18160000
2 6 0.000 18160000
2 7 0.000 18160000
2 8 0.000 18160000
2 9 0.000 18160000
2 10 0.000 18160000
2 11 0.000 18160000
2 12 0.000 18160000
2 1 0.000 18160000
1 2 0.000 18170000
1 0 0.000 18170000
2 3 0.000 18170000
2 4 0.000 18170000
2 5 0.000 18170000
2 6 0.000 18170000
2 7 0.000 18170000
2 8 0.000 18170000
2 9 0.000 18170000
2 10 0.000 18170000
2 11 0.000 18170000
2 12 0.000 18170000
2 1 0.000 18170000
1 2 0.000 18180000
1 0 0.000 18180000
2 3 0.000 18180000
2 4 0.000 18180000
2 5 0.000 18180000
2 6 0.000 18180000
2 7 0.000 18180000
2 8 0.000 18180000
2 9 0.000 18180000
2 10 0.000 18180000
2 11 0.000 18180000
2 12 0.000 18180000
2 1 0.000 18180000
1 2 0.000 18190000
1 0 0.000 18190000
2 3 0.000 18190000
2 4 0.000 18190000
2 5 0.000 18190000
2 6 0.000 18190000
2 7 0.000 18190000
2 8 0.000 18190000
2 9 0.000 18190000
2 10 0.000 18190000
2 11 0.000 18190000
2 12 0.000 18190000
2 1 0.000 18190000
1 2 0.000 18200000
1 0 0.000 18200000
2 3 0.000 18200000
2 4 0.000 18200000
2 5 0.000 18200000
2 6 0.000 18200000
2 7 0.000 18200000
2 8 0.000 18200000
2 9 0.000 18200000
2 10 0.000 18200000
2 11 0.000 18200000
2 12 0.000 18200000
2 1 0.000 18200000
1 2 0.000 18210000
1 0 0.000 18210000
2 3 0.000 18210000
2 4 0.000 18210000
2 5 0.000 18210000
2 6 0.000 18210000
2 7 0.000 18210000
2 8 0.000 18210000
2 9 0.000 18210000
2 10 0.000 18210000
2 11 0.000 18210000
2 12 0.000 18210000
2 1 0.000 18210000
1 2 0.000 18220000
1 0 0.000 18220000
2 3 0.000 18220000
2 4 0.000 18220000
2 5 0.000 18220000
2 6 0.000 18220000
2 7 0.000 18220000
2 8 0.000 18220000
2 9 0.000 18220000
2 10 0.000 18220000
2 11 0.000 18220000
2 12 0.000 18220000
2 1 0.000 18220000
1 2 0.000 18230000
1 0 0.000 18230000
2 3 0.000 18230000
2 4 0.000 18230000
2 5 0.000 18230000
2 6 0.000 18230000
2 7 0.000 18230000
2 8 0.000 18230000
2 9 0.000 18230000
2 10 0.000 18230000
2 11 0.000 18230000
2 12 0.000 18230000
2 1 0.000 18230000
1 2 0.000 18240000
1 0 0.000 18240000
2 3 0.000 18240000
2 4 0.000 18240000
2 5 0.000 18240000
2 6 0.000 18240000
2 7 0.000 18240000
2 8 0.000 18240000
2 9 0.000 18240000
2 10 0.000 18240000
2 11 0.000 18240000
2 12 0.000 18240000
2 1 0.000 18240000
1 2 0.000 18250000
1 0 0.000 18250000
2 3 0.000 18250000
2 4 0.000 18250000
2 5 0.000 18250000
2 6 0.000 18250000
2 7 0.000 18250000
2 8 0.000 18250000
2 9 0.000 18250000
2 10 0.000 18250000
2 11 0.000 18250000
2 12 0.000 18250000
2 1 0.000 18250000
1 2 0.000 18260000
1 0 0.000 18260000
2 3 0.000 18260000
2 4 0.000 18260000
2 5 0.000 18260000
2 6 0.000 18260000
2 7 0.000 18260000
2 8 0.000 18260000
2 9 0.000 18260000
2 10 0.000 18260000
2 11 0.000 18260000
2 12 0.000 18260000
2 1 0.000 18260000
1 2 0.000 18270000
1 0 0.000 18270000
2 3 0.000 18270000
2 4 0.000 18270000
2 5 0.000 18270000
2 6 0.000 18270000
2 7 0.000 18270000
2 8 0.000 18270000
2 9 0.000 18270000
2 10 0.000 18270000
2 11 0.000 18270000
2 12 0.000 18270000
2 1 0.000 18270000
1 2 0.000 18280000
1 0 0.000 18280000
2 3 0.000 18280000
2 4 0.000 18280000
2 5 0.000 18280000
2 6 0.000 18280000
2 7 0.000 18280000
2 8 0.000 18280000
2 9 0.000 18280000
2 10 0.000 18280000
2 11 0.000 18280000
2 12 0.000 18280000
2 1 0.000 18280000
1 2 0.000 18290000
1 0 0.000 18290000
2 3 0.000 18290000
2 4 0.000 18290000
2 5 0.000 18290000
2 6 0.000 18290000
2 7 0.000 18290000
2 8 0.000 18290000
2 9 0.000 18290000
2 10 0.000 18290000
2 11 0.000 18290000
2 12 0.000 18290000
2 1 0.000 18290000
1 2 0.000 18300000
1 0 0.000 18300000
2 3 0.000 18300000
2 4 0.000 18300000
2 5 0.000 18300000
2 6 0.000 18300000
2 7 0.000 18300000
2 8 0.000 18300000
2 9 0.000 18300000
2 10 0.000 18300000
2 11 0.000 18300000
2 12 0.000 18300000
2 1 0.000 18300000
1 2 0.000 18310000
1 0 0.000 18310000
2 3 0.000 18310000
2 4 0.000 18310000
2 5 0.000 18310000
2 6 0.000 18310000
2 7 0.000 18310000
2 8 0.000 18310000
2 9 0.000 18310000
2 10 0.000 18310000
2 11 0.000 18310000
2 12 0.000 18310000
2 1 0.000 18310000
1 2 0.000 18320000
1 0 0.000 18320000
2 3 0.000 18320000
2 4 0.000 18320000
2 5 0.000 18320000
2 6 0.000 18320000
2 7 0.000 18320000
2 8 0.000 18320000
2 9 0.000 18320000
2 10 0.000 18320000
2 11 0.000 18320000
2 12 0.000 18320000
2 1 0.000 18320000
1 2 0.000 18330000
1 0 0.000 18330000
2 3 0.000 18330000
2 4 0.000 18330000
2 5 0.000 18330000
2 6 0.000 18330000
2 7 0.000 18330000
2 8 0.000 18330000
2 9 0.000 18330000
2 10 0.000 18330000
2 11 0.000 18330000
2 12 0.000 18330000
2 1 0.000 18330000
1 2 0.000 18340000
1 0 0.000 18340000
2 3 0.000 18340000
2 4 0.000 18340000
2 5 0.000 18340000
2 6 0.000 18340000
2 7 0.000 18340000
2 8 0.000 18340000
2 9 0.000 18340000
2 10 0.000 18340000
2 11 0.000 18340000
2 12 0.000 18340000
2 1 0.000 18340000
1 2 0.000 18350000
1 0 0.000 18350000
2 3 0.000 18350000
2 4 0.000 18350000
2 5 0.000 18350000
2 6 0.000 18350000
2 7 0.000 18350000
2 8 0.000 18350000
2 9 0.000 18350000
2 10 0.000 18350000
2 11 0.000 18350000
2 12 0.000 18350000
2 1 0.000 18350000
1 2 0.000 18360000
1 0 0.000 18360000
2 3 0.000 18360000
2 4 0.000 18360000
2 5 0.000 18360000
2 6 0.000 18360000
2 7 0.000 18360000
2 8 0.000 18360000
2 9 0.000 18360000
2 10 0.000 18360000
2 11 0.000 18360000
2 12 0.000 18360000
2 1 0.000 18360000
1 2 0.000 18370000
1 0 0.000 18370000
2 3 0.000 18370000
2 4 0.000 18370000
2 5 0.000 18370000
2 6 0.000 18370000
2 7 0.000 18370000
2 8 0.000 18370000
2 9 0.000 18370000
2 10 0.000 18370000
2 11 0.000 18370000
2 12 0.000 18370000
2 1 0.000 18370000
1 2 0.000 18380000
1 0 0.000 18380000
2 3 0.000 18380000
2 4 0.000 18380000
2 5 0.000 18380000
2 6 0.000 18380000
2 7 0.000 18380000
2 8 0.000 18380000
2 9 0.000 18380000
2 10 0.000 18380000
2 11 0.000 18380000
2 12 0.000 18380000
2 1 0.000 18380000
1 2 0.000 18390000
1 0 0.000 18390000
2 3 0.000 18390000
2 4 0.000 18390000
2 5 0.000 18390000
2 6 0.000 18390000
2 7 0.000 18390000
2 8 0.000 18390000
2 9 0.000 18390000
2 10 0.000 18390000
2 11 0.000 18390000
2 12 0.000 18390000
2 1 0.000 18390000
1 2 0.000 18400000
1 0 0.000 18400000
2 3 0.000 18400000
2 4 0.000 18400000
2 5 0.000 18400000
2 6 0.000 18400000
2 7 0.000 18400000
2 8 0.000 18400000
2 9 0.000 18400000
2 10 0.000 18400000
2 11 0.000 18400000
2 12 0.000 18400000
2 1 0.000 18400000
1 2 0.000 18410000
1 0 0.000 18410000
2 3 0.000 18410000
2 4 0.000 18410000
2 5 0.000 18410000
2 6 0.000 18410000
2 7 0.000 18410000
2 8 0.000 18410000
2 9 0.000 18410000
2 10 0.000 18410000
2 11 0.000 18410000
2 12 0.000 18410000
2 1 0.000 18410000
1 2 0.000 18420000
1 0 0.000 18420000
2 3 0.000 18420000
2 4 0.000 18420000
2 5 0.000 18420000
2 6 0.000 18420000
2 7 0.000 18420000
2 8 0.000 18420000
2 9 0.000 18420000
2 10 0.000 18420000
2 11 0.000 18420000
2 12 0.000 18420000
2 1 0.000 18420000
1 2 0.000 18430000
1 0 0.000 18430000
2 3 0.000 18430000
2 4 0.000 18430000
2 5 0.000 18430000
2 6 0.000 18430000
2 7 0.000 18430000
2 8 0.000 18430000
2 9 0.000 18430000
2 10 0.000 18430000
2 11 0.000 18430000
2 12 0.000 18430000
2 1 0.000 18430000
1 2 0.000 18440000
1 0 0.000 18440000
2 3 0.000 18440000
2 4 0.000 18440000
2 5 0.000 18440000
2 6 0.000 18440000
2 7 0.000 18440000
2 8 0.000 18440000
2 9 0.000 18440000
2 10 0.000 18440000
2 11 0.000 18440000
2 12 0.000 18440000
2 1 0.000 18440000
1 2 0.000 18450000
1 0 0.000 18450000
2 3 0.000 18450000
2 4 0.000 18450000
2 5 0.000 18450000
2 6 0.000 18450000
2 7 0.000 18450000
2 8 0.000 18450000
2 9 0.000 18450000
2 10 0.000 18450000
2 11 0.000 18450000
2 12 0.000 18450000
2 1 0.000 18450000
1 2 0.000 18460000
1 0 0.000 18460000
2 3 0.000 18460000
2 4 0.000 18460000
2 5 0.000 18460000
2 6 0.000 18460000
2 7 0.000 18460000
2 8 0.000 18460000
2 9 0.000 18460000
2 10 0.000 18460000
2 11 0.000 18460000
2 12 0.000 18460000
2 1 0.000 18460000
1 2 0.000 18470000
1 0 0.000 18470000
2 3 0.000 18470000
2 4 0.000 18470000
2 5 0.000 18470000
2 6 0.000 18470000
2 7 0.000 18470000
2 8 0.000 18470000
2 9 0.000 18470000
2 10 0.000 18470000
2 11 0.000 18470000
2 12 0.000 18470000
2 1 0.000 18470000
1 2 0.000 18480000
1 0 0.000 18480000
2 3 0.000 18480000
2 4 0.000 18480000
2 5 0.000 18480000
2 6 0.000 18480000
2 7 0.000 18480000
2 8 0.000 18480000
2 9 0.000 18480000
2 10 0.000 18480000
2 11 0.000 18480000
2 12 0.000 18480000
2 1 0.000 18480000
1 2 0.000 18490000
1 0 0.000 18490000
2 3 0.000 18490000
2 4 0.000 18490000
2 5 0.000 18490000
2 6 0.000 18490000
2 7 0.000 18490000
2 8 0.000 18490000
2 9 0.000 18490000
2 10 0.000 18490000
2 11 0.000 18490000
2 12 0.000 18490000
2 1 0.000 18490000
1 2 0.000 18500000
1 0 0.000 18500000
2 3 0.000 18500000
2 4 0.000 18500000
2 5 0.000 18500000
2 6 0.000 18500000
2 7 0.000 18500000
2 8 0.000 18500000
2 9 0.000 18500000
2 10 0.000 18500000
2 11 0.000 18500000
2 12 0.000 18500000
2 1 0.000 18500000
1 2 0.000 18510000
1 0 0.000 18510000
2 3 0.000 18510000
2 4 0.000 18510000
2 5 0.000 18510000
2 6 0.000 18510000
2 7 0.000 18510000
2 8 0.000 18510000
2 9 0.000 18510000
2 10 0.000 18510000
2 11 0.000 18510000
2 12 0.000 18510000
2 1 0.000 18510000
1 2 0.000 18520000
1 0 0.000 18520000
2 3 0.000 18520000
2 4 0.000 18520000
2 5 0.000 18520000
2 6 0.000 18520000
2 7 0.000 18520000
2 8 0.000 18520000
2 9 0.000 18520000
2 10 0.000 18520000
2 11 0.000 18520000
2 12 0.000 18520000
2 1 0.000 18520000
1 2 0.000 18530000
1 0 0.000 18530000
2 3 0.000 18530000
2 4 0.000 18530000
2 5 0.000 18530000
2 6 0.000 18530000
2 7 0.000 18530000
2 8 0.000 18530000
2 9 0.000 18530000
2 10 0.000 18530000
2 11 0.000 18530000
2 12 0.000 18530000
2 1 0.000 18530000
1 2 0.000 18540000
1 0 0.000 18540000
2 3 0.000 18540000
2 4 0.000 18540000
2 5 0.000 18540000
2 6 0.000 18540000
2 7 0.000 18540000
2 8 0.000 18540000
2 9 0.000 18540000
2 10 0.000 18540000
2 11 0.000 18540000
2 12 0.000 18540000
2 1 0.000 18540000
1 2 0.000 18550000
1 0 0.000 18550000
2 3 0.000 18550000
2 4 0.000 18550000
2 5 0.000 18550000
2 6 0.000 18550000
2 7 0.000 18550000
2 8 0.000 18550000
2 9 0.000 18550000
2 10 0.000 18550000
2 11 0.000 18550000
2 12 0.000 18550000
2 1 0.000 18550000
1 2 0.000 18560000
1 0 0.000 18560000
2 3 0.000 18560000
2 4 0.000 18560000
2 5 0.000 18560000
2 6 0.000 18560000
2 7 0.000 18560000
2 8 0.000 18560000
2 9 0.000 18560000
2 10 0.000 18560000
2 11 0.000 18560000
2 12 0.000 18560000
2 1 0.000 18560000
1 2 0.000 18570000
1 0 0.000 18570000
2 3 0.000 18570000
2 4 0.000 18570000
2 5 0.000 18570000
2 6 0.000 18570000
2 7 0.000 18570000
2 8 0.000 18570000
2 9 0.000 18570000
2 10 0.000 18570000
2 11 0.000 18570000
2 12 0.000 18570000
2 1 0.000 18570000
1 2 0.000 18580000
1 0 0.000 18580000
2 3 0.000 18580000
2 4 0.000 18580000
2 5 0.000 18580000
2 6 0.000 18580000
2 7 0.000 18580000
2 8 0.000 18580000
2 9 0.000 18580000
2 10 0.000 18580000
2 11 0.000 18580000
2 12 0.000 18580000
2 1 0.000 18580000
1 2 0.000 18590000
1 0 0.000 18590000
2 3 0.000 18590000
2 4 0.000 18590000
2 5 0.000 18590000
2 6 0.000 18590000
2 7 0.000 18590000
2 8 0.000 18590000
2 9 0.000 18590000
2 10 0.000 18590000
2 11 0.000 18590000
2 12 0.000 18590000
2 1 0.000 18590000
1 2 0.000 18600000
1 0 0.000 18600000
2 3 0.000 18600000
2 4 0.000 18600000
2 5 0.000 18600000
2 6 0.000 18600000
2 7 0.000 18600000
2 8 0.000 18600000
2 9 0.000 18600000
2 10 0.000 18600000
2 11 0.000 18600000
2 12 0.000 18600000
2 1 0.000 18600000
1 2 0.000 18610000
1 0 0.000 18610000
2 3 0.000 18610000
2 4 0.000 18610000
2 5 0.000 18610000
2 6 0.000 18610000
2 7 0.000 18610000
2 8 0.000 18610000
2 9 0.000 18610000
2 10 0.000 18610000
2 11 0.000 18610000
2 12 0.000 18610000
2 1 0.000 18610000
1 2 0.000 18620000
1 0 0.000 18620000
2 3 0.000 18620000
2 4 0.000 18620000
2 5 0.000 18620000
2 6 0.000 18620000
2 7 0.000 18620000
2 8 0.000 18620000
2 9 0.000 18620000
2 10 0.000 18620000
2 11 0.000 18620000
2 12 0.000 18620000
2 1 0.000 18620000
1 2 0.000 18630000
1 0 0.000 18630000
2 3 0.000 18630000
2 4 0.000 18630000
2 5 0.000 18630000
2 6 0.000 18630000
2 7 0.000 18630000
2 8 0.000 18630000
2 9 0.000 18630000
2 10 0.000 18630000
2 11 0.000 18630000
2 12 0.000 18630000
2 1 0.000 18630000
1 2 0.000 18640000
1 0 0.000 18640000
2 3 0.000 18640000
2 4 0.000 18640000
2 5 0.000 18640000
2 6 0.000 18640000
2 7 0.000 18640000
2 8 0.000 18640000
2 9 0.000 18640000
2 10 0.000 18640000
2 11 0.000 18640000
2 12 0.000 18640000
2 1 0.000 18640000
1 2 0.000 18650000
1 0 0.000 18650000
2 3 0.000 18650000
2 4 0.000 18650000
2 5 0.000 18650000
2 6 0.000 18650000
2 7 0.000 18650000
2 8 0.000 18650000
2 9 0.000 18650000
2 10 0.000 18650000
2 11 0.000 18650000
2 12 0.000 18650000
2 1 0.000 18650000
1 2 0.000 18660000
1 0 0.000 18660000
2 3 0.000 18660000
2 4 0.000 18660000
2 5 0.000 18660000
2 6 0.000 18660000
2 7 0.000 18660000
2 8 0.000 18660000
2 9 0.000 18660000
2 10 0.000 18660000
2 11 0.000 18660000
2 12 0.000 18660000
2 1 0.000 18660000
1 2 0.000 18670000
1 0 0.000 18670000
2 3 0.000 18670000
2 4 0.000 18670000
2 5 0.000 18670000
2 6 0.000 18670000
2 7 0.000 18670000
2 8 0.000 18670000
2 9 0.000 18670000
2 10 0.000 18670000
2 11 0.000 18670000
2 12 0.000 18670000
2 1 0.000 18670000
1 2 0.000 18680000
1 0 0.000 18680000
2 3 0.000 18680000
2 4 0.000 18680000
2 5 0.000 18680000
2 6 0.000 18680000
2 7 0.000 18680000
2 8 0.000 18680000
2 9 0.000 18680000
2 10 0.000 18680000
2 11 0.000 18680000
2 12 0.000 18680000
2 1 0.000 18680000
1 2 0.000 18690000
1 0 0.000 18690000
2 3 0.000 18690000
2 4 0.000 18690000
2 5 0.000 18690000
2 6 0.000 18690000
2 7 0.000 18690000
2 8 0.000 18690000
2 9 0.000 18690000
2 10 0.000 18690000
2 11 0.000 18690000
2 12 0.000 18690000
2 1 0.000 18690000
1 2 0.000 18700000
1 0 0.000 18700000
2 3 0.000 18700000
2 4 0.000 18700000
2 5 0.000 18700000
2 6 0.000 18700000
2 7 0.000 18700000
2 8 0.000 18700000
2 9 0.000 18700000
2 10 0.000 18700000
2 11 0.000 18700000
2 12 0.000 18700000
2 1 0.000 18700000
1 2 0.000 18710000
1 0 0.000 18710000
2 3 0.000 18710000
2 4 0.000 18710000
2 5 0.000 18710000
2 6 0.000 18710000
2 7 0.000 18710000
2 8 0.000 18710000
2 9 0.000 18710000
2 10 0.000 18710000
2 11 0.000 18710000
2 12 0.000 18710000
2 1 0.000 18710000
1 2 0.000 18720000
1 0 0.000 18720000
2 3 0.000 18720000
2 4 0.000 18720000
2 5 0.000 18720000
2 6 0.000 18720000
2 7 0.000 18720000
2 8 0.000 18720000
2 9 0.000 18720000
2 10 0.000 18720000
2 11 0.000 18720000
2 12 0.000 18720000
2 1 0.000 18720000
1 2 0.000 18730000
1 0 0.000 18730000
2 3 0.000 18730000
2 4 0.000 18730000
2 5 0.000 18730000
2 6 0.000 18730000
2 7 0.000 18730000
2 8 0.000 18730000
2 9 0.000 18730000
2 10 0.000 18730000
2 11 0.000 18730000
2 12 0.000 18730000
2 1 0.000 18730000
1 2 0.000 18740000
1 0 0.000 18740000
2 3 0.000 18740000
2 4 0.000 18740000
2 5 0.000 18740000
2 6 0.000 18740000
2 7 0.000 18740000
2 8 0.000 18740000
2 9 0.000 18740000
2 10 0.000 18740000
2 11 0.000 18740000
2 12 0.000 18740000
2 1 0.000 18740000
1 2 0.000 18750000
1 0 0.000 18750000
2 3 0.000 18750000
2 4 0.000 18750000
2 5 0.000 18750000
2 6 0.000 18750000
2 7 0.000 18750000
2 8 0.000 18750000
2 9 0.000 18750000
2 10 0.000 18750000
2 11 0.000 18750000
2 12 0.000 18750000
2 1 0.000 18750000
1 2 0.000 18760000
1 0 0.000 18760000
2 3 0.000 18760000
2 4 0.000 18760000
2 5 0.000 18760000
2 6 0.000 18760000
2 7 0.000 18760000
2 8 0.000 18760000
2 9 0.000 18760000
2 10 0.000 18760000
2 11 0.000 18760000
2 12 0.000 18760000
2 1 0.000 18760000
1 2 0.000 18770000
1 0 0.000 18770000
2 3 0.000 18770000
2 4 0.000 18770000
2 5 0.000 18770000
2 6 0.000 18770000
2 7 0.000 18770000
2 8 0.000 18770000
2 9 0.000 18770000
2 10 0.000 18770000
2 11 0.000 18770000
2 12 0.000 18770000
2 1 0.000 18770000
1 2 0.000 18780000
1 0 0.000 18780000
2 3 0.000 18780000
2 4 0.000 18780000
2 5 0.000 18780000
2 6 0.000 18780000
2 7 0.000 18780000
2 8 0.000 18780000
2 9 0.000 18780000
2 10 0.000 18780000
2 11 0.000 18780000
2 12 0.000 18780000
2 1 0.000 18780000
1 2 0.000 18790000
1 0 0.000 18790000
2 3 0.000 18790000
2 4 0.000 18790000
2 5 0.000 18790000
2 6 0.000 18790000
2 7 0.000 18790000
2 8 0.000 18790000
2 9 0.000 18790000
2 10 0.000 18790000
2 11 0.000 18790000
2 12 0.000 18790000
2 1 0.000 18790000
1 2 0.000 18800000
1 0 0.000 18800000
2 3 0.000 18800000
2 4 0.000 18800000
2 5 0.000 18800000
2 6 0.000 18800000
2 7 0.000 18800000
2 8 0.000 18800000
2 9 0.000 18800000
2 10 0.000 18800000
2 11 0.000 18800000
2 12 0.000 18800000
2 1 0.000 18800000
1 2 0.000 18810000
1 0 0.000 18810000
2 3 0.000 18810000
2 4 0.000 18810000
2 5 0.000 18810000
2 6 0.000 18810000
2 7 0.000 18810000
2 8 0.000 18810000
2 9 0.000 18810000
2 10 0.000 18810000
2 11 0.000 18810000
2 12 0.000 18810000
2 1 0.000 18810000
1 2 0.000 18820000
1 0 0.000 18820000
2 3 0.000 18820000
2 4 0.000 18820000
2 5 0.000 18820000
2 6 0.000 18820000
2 7 0.000 18820000
2 8 0.000 18820000
2 9 0.000 18820000
2 10 0.000 18820000
2 11 0.000 18820000
2 12 0.000 18820000
2 1 0.000 18820000
1 2 0.000 18830000
1 0 0.000 18830000
2 3 0.000 18830000
2 4 0.000 18830000
2 5 0.000 18830000
2 6 0.000 18830000
2 7 0.000 18830000
2 8 0.000 18830000
2 9 0.000 18830000
2 10 0.000 18830000
2 11 0.000 18830000
2 12 0.000 18830000
2 1 0.000 18830000
1 2 0.000 18840000
1 0 0.000 18840000
2 3 0.000 18840000
2 4 0.000 18840000
2 5 0.000 18840000
2 6 0.000 18840000
2 7 0.000 18840000
2 8 0.000 18840000
2 9 0.000 18840000
2 10 0.000 18840000
2 11 0.000 18840000
2 12 0.000 18840000
2 1 0.000 18840000
1 2 0.000 18850000
1 0 0.000 18850000
2 3 0.000 18850000
2 4 0.000 18850000
2 5 0.000 18850000
2 6 0.000 18850000
2 7 0.000 18850000
2 8 0.000 18850000
2 9 0.000 18850000
2 10 0.000 18850000
2 11 0.000 18850000
2 12 0.000 18850000
2 1 0.000 18850000
1 2 0.000 18860000
1 0 0.000 18860000
2 3 0.000 18860000
2 4 0.000 18860000
2 5 0.000 18860000
2 6 0.000 18860000
2 7 0.000 18860000
2 8 0.000 18860000
2 9 0.000 18860000
2 10 0.000 18860000
2 11 0.000 18860000
2 12 0.000 18860000
2 1 0.000 18860000
1 2 0.000 18870000
1 0 0.000 18870000
2 3 0.000 18870000
2 4 0.000 18870000
2 5 0.000 18870000
2 6 0.000 18870000
2 7 0.000 18870000
2 8 0.000 18870000
2 9 0.000 18870000
2 10 0.000 18870000
2 11 0.000 18870000
2 12 0.000 18870000
2 1 0.000 18870000
1 2 0.000 18880000
1 0 0.000 18880000
2 3 0.000 18880000
2 4 0.000 18880000
2 5 0.000 18880000
2 6 0.000 18880000
2 7 0.000 18880000
2 8 0.000 18880000
2 9 0.000 18880000
2 10 0.000 18880000
2 11 0.000 18880000
2 12 0.000 18880000
2 1 0.000 18880000
1 2 0.000 18890000
1 0 0.000 18890000
2 3 0.000 18890000
2 4 0.000 18890000
2 5 0.000 18890000
2 6 0.000 18890000
2 7 0.000 18890000
2 8 0.000 18890000
2 9 0.000 18890000
2 10 0.000 18890000
2 11 0.000 18890000
2 12 0.000 18890000
2 1 0.000 18890000
1 2 0.000 18900000
1 0 0.000 18900000
2 3 0.000 18900000
2 4 0.000 18900000
2 5 0.000 18900000
2 6 0.000 18900000
2 7 0.000 18900000
2 8 0.000 18900000
2 9 0.000 18900000
2 10 0.000 18900000
2 11 0.000 18900000
2 12 0.000 18900000
2 1 0.000 18900000
1 2 0.000 18910000
1 0 0.000 18910000
2 3 0.000 18910000
2 4 0.000 18910000
2 5 0.000 18910000
2 6 0.000 18910000
2 7 0.000 18910000
2 8 0.000 18910000
2 9 0.000 18910000
2 10 0.000 18910000
2 11 0.000 18910000
2 12 0.000 18910000
2 1 0.000 18910000
1 2 0.000 18920000
1 0 0.000 18920000
2 3 0.000 18920000
2 4 0.000 18920000
2 5 0.000 18920000
2 6 0.000 18920000
2 7 0.000 18920000
2 8 0.000 18920000
2 9 0.000 18920000
2 10 0.000 18920000
2 11 0.000 18920000
2 12 0.000 18920000
2 1 0.000 18920000
1 2 0.000 18930000
1 0 0.000 18930000
2 3 0.000 18930000
2 4 0.000 18930000
2 5 0.000 18930000
2 6 0.000 18930000
2 7 0.000 18930000
2 8 0.000 18930000
2 9 0.000 18930000
2 10 0.000 18930000
2 11 0.000 18930000
2 12 0.000 18930000
2 1 0.000 18930000
1 2 0.000 18940000
1 0 0.000 18940000
2 3 0.000 18940000
2 4 0.000 18940000
2 5 0.000 18940000
2 6 0.000 18940000
2 7 0.000 18940000
2 8 0.000 18940000
2 9 0.000 18940000
2 10 0.000 18940000
2 11 0.000 18940000
2 12 0.000 18940000
2 1 0.000 18940000
1 2 0.000 18950000
1 0 0.000 18950000
2 3 0.000 18950000
2 4 0.000 18950000
2 5 0.000 18950000
2 6 0.000 18950000
2 7 0.000 18950000
2 8 0.000 18950000
2 9 0.000 18950000
2 10 0.000 18950000
2 11 0.000 18950000
2 12 0.000 18950000
2 1 0.000 18950000
1 2 0.000 18960000
1 0 0.000 18960000
2 3 0.000 18960000
2 4 0.000 18960000
2 5 0.000 18960000
2 6 0.000 18960000
2 7 0.000 18960000
2 8 0.000 18960000
2 9 0.000 18960000
2 10 0.000 18960000
2 11 0.000 18960000
2 12 0.000 18960000
2 1 0.000 18960000
1 2 0.000 18970000
1 0 0.000 18970000
2 3 0.000 18970000
2 4 0.000 18970000
2 5 0.000 18970000
2 6 0.000 18970000
2 7 0.000 18970000
2 8 0.000 18970000
2 9 0.000 18970000
2 10 0.000 18970000
2 11 0.000 18970000
2 12 0.000 18970000
2 1 0.000 18970000
1 2 0.000 18980000
1 0 0.000 18980000
2 3 0.000 18980000
2 4 0.000 18980000
2 5 0.000 18980000
2 6 0.000 18980000
2 7 0.000 18980000
2 8 0.000 18980000
2 9 0.000 18980000
2 10 0.000 18980000
2 11 0.000 18980000
2 12 0.000 18980000
2 1 0.000 18980000
1 2 0.000 18990000
1 0 0.000 18990000
2 3 0.000 18990000
2 4 0.000 18990000
2 5 0.000 18990000
2 6 0.000 18990000
2 7 0.000 18990000
2 8 0.000 18990000
2 9 0.000 18990000
2 10 0.000 18990000
2 11 0.000 18990000
2 12 0.000 18990000
2 1 0.000 18990000
1 2 0.000 19000000
1 0 0.000 19000000
2 3 0.000 19000000
2 4 0.000 19000000
2 5 0.000 19000000
2 6 0.000 19000000
2 7 0.000 19000000
2 8 0.000 19000000
2 9 0.000 19000000
2 10 0.000 19000000
2 11 0.000 19000000
2 12 0.000 19000000
2 1 0.000 19000000
1 2 0.000 19010000
1 0 0.000 19010000
2 3 0.000 19010000
2 4 0.000 19010000
2 5 0.000 19010000
2 6 0.000 19010000
2 7 0.000 19010000
2 8 0.000 19010000
2 9 0.000 19010000
2 10 0.000 19010000
2 11 0.000 19010000
2 12 0.000 19010000
2 1 0.000 19010000
1 2 0.000 19020000
1 0 0.000 19020000
2 3 0.000 19020000
2 4 0.000 19020000
2 5 0.000 19020000
2 6 0.000 19020000
2 7 0.000 19020000
2 8 0.000 19020000
2 9 0.000 19020000
2 10 0.000 19020000
2 11 0.000 19020000
2 12 0.000 19020000
2 1 0.000 19020000
1 2 0.000 19030000
1 0 0.000 19030000
2 3 0.000 19030000
2 4 0.000 19030000
2 5 0.000 19030000
2 6 0.000 19030000
2 7 0.000 19030000
2 8 0.000 19030000
2 9 0.000 19030000
2 10 0.000 19030000
2 11 0.000 19030000
2 12 0.000 19030000
2 1 0.000 19030000
1 2 0.000 19040000
1 0 0.000 19040000
2 3 0.000 19040000
2 4 0.000 19040000
2 5 0.000 19040000
2 6 0.000 19040000
2 7 0.000 19040000
2 8 0.000 19040000
2 9 0.000 19040000
2 10 0.000 19040000
2 11 0.000 19040000
2 12 0.000 19040000
2 1 0.000 19040000
1 2 0.000 19050000
1 0 0.000 19050000
2 3 0.000 19050000
2 4 0.000 19050000
2 5 0.000 19050000
2 6 0.000 19050000
2 7 0.000 19050000
2 8 0.000 19050000
2 9 0.000 19050000
2 10 0.000 19050000
2 11 0.000 19050000
2 12 0.000 19050000
2 1 0.000 19050000
1 2 0.000 19060000
1 0 0.000 19060000
2 3 0.000 19060000
2 4 0.000 19060000
2 5 0.000 19060000
2 6 0.000 19060000
2 7 0.000 19060000
2 8 0.000 19060000
2 9 0.000 19060000
2 10 0.000 19060000
2 11 0.000 19060000
2 12 0.000 19060000
2 1 0.000 19060000
1 2 0.000 19070000
1 0 0.000 19070000
2 3 0.000 19070000
2 4 0.000 19070000
2 5 0.000 19070000
2 6 0.000 19070000
2 7 0.000 19070000
2 8 0.000 19070000
2 9 0.000 19070000
2 10 0.000 19070000
2 11 0.000 19070000
2 12 0.000 19070000
2 1 0.000 19070000
1 2 0.000 19080000
1 0 0.000 19080000
2 3 0.000 19080000
2 4 0.000 19080000
2 5 0.000 19080000
2 6 0.000 19080000
2 7 0.000 19080000
2 8 0.000 19080000
2 9 0.000 19080000
2 10 0.000 19080000
2 11 0.000 19080000
2 12 0.000 19080000
2 1 0.000 19080000
1 2 0.000 19090000
1 0 0.000 19090000
2 3 0.000 19090000
2 4 0.000 19090000
2 5 0.000 19090000
2 6 0.000 19090000
2 7 0.000 19090000
2 8 0.000 19090000
2 9 0.000 19090000
2 10 0.000 19090000
2 11 0.000 19090000
2 12 0.000 19090000
2 1 0.000 19090000
1 2 0.000 19100000
1 0 0.000 19100000
2 3 0.000 19100000
2 4 0.000 19100000
2 5 0.000 19100000
2 6 0.000 19100000
2 7 0.000 19100000
2 8 0.000 19100000
2 9 0.000 19100000
2 10 0.000 19100000
2 11 0.000 19100000
2 12 0.000 19100000
2 1 0.000 19100000
1 2 0.000 19110000
1 0 0.000 19110000
2 3 0.000 19110000
2 4 0.000 19110000
2 5 0.000 19110000
2 6 0.000 19110000
2 7 0.000 19110000
2 8 0.000 19110000
2 9 0.000 19110000
2 10 0.000 19110000
2 11 0.000 19110000
2 12 0.000 19110000
2 1 0.000 19110000
1 2 0.000 19120000
1 0 0.000 19120000
2 3 0.000 19120000
2 4 0.000 19120000
2 5 0.000 19120000
2 6 0.000 19120000
2 7 0.000 19120000
2 8 0.000 19120000
2 9 0.000 19120000
2 10 0.000 19120000
2 11 0.000 19120000
2 12 0.000 19120000
2 1 0.000 19120000
1 2 0.000 19130000
1 0 0.000 19130000
2 3 0.000 19130000
2 4 0.000 19130000
2 5 0.000 19130000
2 6 0.000 19130000
2 7 0.000 19130000
2 8 0.000 19130000
2 9 0.000 19130000
2 10 0.000 19130000
2 11 0.000 19130000
2 12 0.000 19130000
2 1 0.000 19130000
1 2 0.000 19140000
1 0 0.000 19140000
2 3 0.000 19140000
2 4 0.000 19140000
2 5 0.000 19140000
2 6 0.000 19140000
2 7 0.000 19140000
2 8 0.000 19140000
2 9 0.000 19140000
2 10 0.000 19140000
2 11 0.000 19140000
2 12 0.000 19140000
2 1 0.000 19140000
1 2 0.000 19150000
1 0 0.000 19150000
2 3 0.000 19150000
2 4 0.000 19150000
2 5 0.000 19150000
2 6 0.000 19150000
2 7 0.000 19150000
2 8 0.000 19150000
2 9 0.000 19150000
2 10 0.000 19150000
2 11 0.000 19150000
2 12 0.000 19150000
2 1 0.000 19150000
1 2 0.000 19160000
1 0 0.000 19160000
2 3 0.000 19160000
2 4 0.000 19160000
2 5 0.000 19160000
2 6 0.000 19160000
2 7 0.000 19160000
2 8 0.000 19160000
2 9 0.000 19160000
2 10 0.000 19160000
2 11 0.000 19160000
2 12 0.000 19160000
2 1 0.000 19160000
1 2 0.000 19170000
1 0 0.000 19170000
2 3 0.000 19170000
2 4 0.000 19170000
2 5 0.000 19170000
2 6 0.000 19170000
2 7 0.000 19170000
2 8 0.000 19170000
2 9 0.000 19170000
2 10 0.000 19170000
2 11 0.000 19170000
2 12 0.000 19170000
2 1 0.000 19170000
1 2 0.000 19180000
1 0 0.000 19180000
2 3 0.000 19180000
2 4 0.000 19180000
2 5 0.000 19180000
2 6 0.000 19180000
2 7 0.000 19180000
2 8 0.000 19180000
2 9 0.000 19180000
2 10 0.000 19180000
2 11 0.000 19180000
2 12 0.000 19180000
2 1 0.000 19180000
1 2 0.000 19190000
1 0 0.000 19190000
2 3 0.000 19190000
2 4 0.000 19190000
2 5 0.000 19190000
2 6 0.000 19190000
2 7 0.000 19190000
2 8 0.000 19190000
2 9 0.000 19190000
2 10 0.000 19190000
2 11 0.000 19190000
2 12 0.000 19190000
2 1 0.000 19190000
1 2 0.000 19200000
1 0 0.000 19200000
2 3 0.000 19200000
2 4 0.000 19200000
2 5 0.000 19200000
2 6 0.000 19200000
2 7 0.000 19200000
2 8 0.000 19200000
2 9 0.000 19200000
2 10 0.000 19200000
2 11 0.000 19200000
2 12 0.000 19200000
2 1 0.000 19200000
1 2 0.000 19210000
1 0 0.000 19210000
2 3 0.000 19210000
2 4 0.000 19210000
2 5 0.000 19210000
2 6 0.000 19210000
2 7 0.000 19210000
2 8 0.000 19210000
2 9 0.000 19210000
2 10 0.000 19210000
2 11 0.000 19210000
2 12 0.000 19210000
2 1 0.000 19210000
1 2 0.000 19220000
1 0 0.000 19220000
2 3 0.000 19220000
2 4 0.000 19220000
2 5 0.000 19220000
2 6 0.000 19220000
2 7 0.000 19220000
2 8 0.000 19220000
2 9 0.000 19220000
2 10 0.000 19220000
2 11 0.000 19220000
2 12 0.000 19220000
2 1 0.000 19220000
1 2 0.000 19230000
1 0 0.000 19230000
2 3 0.000 19230000
2 4 0.000 19230000
2 5 0.000 19230000
2 6 0.000 19230000
2 7 0.000 19230000
2 8 0.000 19230000
2 9 0.000 19230000
2 10 0.000 19230000
2 11 0.000 19230000
2 12 0.000 19230000
2 1 0.000 19230000
1 2 0.000 19240000
1 0 0.000 19240000
2 3 0.000 19240000
2 4 0.000 19240000
2 5 0.000 19240000
2 6 0.000 19240000
2 7 0.000 19240000
2 8 0.000 19240000
2 9 0.000 19240000
2 10 0.000 19240000
2 11 0.000 19240000
2 12 0.000 19240000
2 1 0.000 19240000
1 2 0.000 19250000
1 0 0.000 19250000
2 3 0.000 19250000
2 4 0.000 19250000
2 5 0.000 19250000
2 6 0.000 19250000
2 7 0.000 19250000
2 8 0.000 19250000
2 9 0.000 19250000
2 10 0.000 19250000
2 11 0.000 19250000
2 12 0.000 19250000
2 1 0.000 19250000
1 2 0.000 19260000
1 0 0.000 19260000
2 3 0.000 19260000
2 4 0.000 19260000
2 5 0.000 19260000
2 6 0.000 19260000
2 7 0.000 19260000
2 8 0.000 19260000
2 9 0.000 19260000
2 10 0.000 19260000
2 11 0.000 19260000
2 12 0.000 19260000
2 1 0.000 19260000
1 2 0.000 19270000
1 0 0.000 19270000
2 3 0.000 19270000
2 4 0.000 19270000
2 5 0.000 19270000
2 6 0.000 19270000
2 7 0.000 19270000
2 8 0.000 19270000
2 9 0.000 19270000
2 10 0.000 19270000
2 11 0.000 19270000
2 12 0.000 19270000
2 1 0.000 19270000
1 2 0.000 19280000
1 0 0.000 19280000
2 3 0.000 19280000
2 4 0.000 19280000
2 5 0.000 19280000
2 6 0.000 19280000
2 7 0.000 19280000
2 8 0.000 19280000
2 9 0.000 19280000
2 10 0.000 19280000
2 11 0.000 19280000
2 12 0.000 19280000
2 1 0.000 19280000
1 2 0.000 19290000
1 0 0.000 19290000
2 3 0.000 19290000
2 4 0.000 19290000
2 5 0.000 19290000
2 6 0.000 19290000
2 7 0.000 19290000
2 8 0.000 19290000
2 9 0.000 19290000
2 10 0.000 19290000
2 11 0.000 19290000
2 12 0.000 19290000
2 1 0.000 19290000
1 2 0.000 19300000
1 0 0.000 19300000
2 3 0.000 19300000
2 4 0.000 19300000
2 5 0.000 19300000
2 6 0.000 19300000
2 7 0.000 19300000
2 8 0.000 19300000
2 9 0.000 19300000
2 10 0.000 19300000
2 11 0.000 19300000
2 12 0.000 19300000
2 1 0.000 19300000
1 2 0.000 19310000
1 0 0.000 19310000
2 3 0.000 19310000
2 4 0.000 19310000
2 5 0.000 19310000
2 6 0.000 19310000
2 7 0.000 19310000
2 8 0.000 19310000
2 9 0.000 19310000
2 10 0.000 19310000
2 11 0.000 19310000
2 12 0.000 19310000
2 1 0.000 19310000
1 2 0.000 19320000
1 0 0.000 19320000
2 3 0.000 19320000
2 4 0.000 19320000
2 5 0.000 19320000
2 6 0.000 19320000
2 7 0.000 19320000
2 8 0.000 19320000
2 9 0.000 19320000
2 10 0.000 19320000
2 11 0.000 19320000
2 12 0.000 19320000
2 1 0.000 19320000
1 2 0.000 19330000
1 0 0.000 19330000
2 3 0.000 19330000
2 4 0.000 19330000
2 5 0.000 19330000
2 6 0.000 19330000
2 7 0.000 19330000
2 8 0.000 19330000
2 9 0.000 19330000
2 10 0.000 19330000
2 11 0.000 19330000
2 12 0.000 19330000
2 1 0.000 19330000
1 2 0.000 19340000
1 0 0.000 19340000
2 3 0.000 19340000
2 4 0.000 19340000
2 5 0.000 19340000
2 6 0.000 19340000
2 7 0.000 19340000
2 8 0.000 19340000
2 9 0.000 19340000
2 10 0.000 19340000
2 11 0.000 19340000
2 12 0.000 19340000
2 1 0.000 19340000
1 2 0.000 19350000
1 0 0.000 19350000
2 3 0.000 19350000
2 4 0.000 19350000
2 5 0.000 19350000
2 6 0.000 19350000
2 7 0.000 19350000
2 8 0.000 19350000
2 9 0.000 19350000
2 10 0.000 19350000
2 11 0.000 19350000
2 12 0.000 19350000
2 1 0.000 19350000
1 2 0.000 19360000
1 0 0.000 19360000
2 3 0.000 19360000
2 4 0.000 19360000
2 5 0.000 19360000
2 6 0.000 19360000
2 7 0.000 19360000
2 8 0.000 19360000
2 9 0.000 19360000
2 10 0.000 19360000
2 11 0.000 19360000
2 12 0.000 19360000
2 1 0.000 19360000
1 2 0.000 19370000
1 0 0.000 19370000
2 3 0.000 19370000
2 4 0.000 19370000
2 5 0.000 19370000
2 6 0.000 19370000
2 7 0.000 19370000
2 8 0.000 19370000
2 9 0.000 19370000
2 10 0.000 19370000
2 11 0.000 19370000
2 12 0.000 19370000
2 1 0.000 19370000
1 2 0.000 19380000
1 0 0.000 19380000
2 3 0.000 19380000
2 4 0.000 19380000
2 5 0.000 19380000
2 6 0.000 19380000
2 7 0.000 19380000
2 8 0.000 19380000
2 9 0.000 19380000
2 10 0.000 19380000
2 11 0.000 19380000
2 12 0.000 19380000
2 1 0.000 19380000
1 2 0.000 19390000
1 0 0.000 19390000
2 3 0.000 19390000
2 4 0.000 19390000
2 5 0.000 19390000
2 6 0.000 19390000
2 7 0.000 19390000
2 8 0.000 19390000
2 9 0.000 19390000
2 10 0.000 19390000
2 11 0.000 19390000
2 12 0.000 19390000
2 1 0.000 19390000
1 2 0.000 19400000
1 0 0.000 19400000
2 3 0.000 19400000
2 4 0.000 19400000
2 5 0.000 19400000
2 6 0.000 19400000
2 7 0.000 19400000
2 8 0.000 19400000
2 9 0.000 19400000
2 10 0.000 19400000
2 11 0.000 19400000
2 12 0.000 19400000
2 1 0.000 19400000
1 2 0.000 19410000
1 0 0.000 19410000
2 3 0.000 19410000
2 4 0.000 19410000
2 5 0.000 19410000
2 6 0.000 19410000
2 7 0.000 19410000
2 8 0.000 19410000
2 9 0.000 19410000
2 10 0.000 19410000
2 11 0.000 19410000
2 12 0.000 19410000
2 1 0.000 19410000
1 2 0.000 19420000
1 0 0.000 19420000
2 3 0.000 19420000
2 4 0.000 19420000
2 5 0.000 19420000
2 6 0.000 19420000
2 7 0.000 19420000
2 8 0.000 19420000
2 9 0.000 19420000
2 10 0.000 19420000
2 11 0.000 19420000
2 12 0.000 19420000
2 1 0.000 19420000
1 2 0.000 19430000
1 0 0.000 19430000
2 3 0.000 19430000
2 4 0.000 19430000
2 5 0.000 19430000
2 6 0.000 19430000
2 7 0.000 19430000
2 8 0.000 19430000
2 9 0.000 19430000
2 10 0.000 19430000
2 11 0.000 19430000
2 12 0.000 19430000
2 1 0.000 19430000
1 2 0.000 19440000
1 0 0.000 19440000
2 3 0.000 19440000
2 4 0.000 19440000
2 5 0.000 19440000
2 6 0.000 19440000
2 7 0.000 19440000
2 8 0.000 19440000
2 9 0.000 19440000
2 10 0.000 19440000
2 11 0.000 19440000
2 12 0.000 19440000
2 1 0.000 19440000
1 2 0.000 19450000
1 0 0.000 19450000
2 3 0.000 19450000
2 4 0.000 19450000
2 5 0.000 19450000
2 6 0.000 19450000
2 7 0.000 19450000
2 8 0.000 19450000
2 9 0.000 19450000
2 10 0.000 19450000
2 11 0.000 19450000
2 12 0.000 19450000
2 1 0.000 19450000
1 2 0.000 19460000
1 0 0.000 19460000
2 3 0.000 19460000
2 4 0.000 19460000
2 5 0.000 19460000
2 6 0.000 19460000
2 7 0.000 19460000
2 8 0.000 19460000
2 9 0.000 19460000
2 10 0.000 19460000
2 11 0.000 19460000
2 12 0.000 19460000
2 1 0.000 19460000
1 2 0.000 19470000
1 0 0.000 19470000
2 3 0.000 19470000
2 4 0.000 19470000
2 5 0.000 19470000
2 6 0.000 19470000
2 7 0.000 19470000
2 8 0.000 19470000
2 9 0.000 19470000
2 10 0.000 19470000
2 11 0.000 19470000
2 12 0.000 19470000
2 1 0.000 19470000
1 2 0.000 19480000
1 0 0.000 19480000
2 3 0.000 19480000
2 4 0.000 19480000
2 5 0.000 19480000
2 6 0.000 19480000
2 7 0.000 19480000
2 8 0.000 19480000
2 9 0.000 19480000
2 10 0.000 19480000
2 11 0.000 19480000
2 12 0.000 19480000
2 1 0.000 19480000
1 2 0.000 19490000
1 0 0.000 19490000
2 3 0.000 19490000
2 4 0.000 19490000
2 5 0.000 19490000
2 6 0.000 19490000
2 7 0.000 19490000
2 8 0.000 19490000
2 9 0.000 19490000
2 10 0.000 19490000
2 11 0.000 19490000
2 12 0.000 19490000
2 1 0.000 19490000
1 2 0.000 19500000
1 0 0.000 19500000
2 3 0.000 19500000
2 4 0.000 19500000
2 5 0.000 19500000
2 6 0.000 19500000
2 7 0.000 19500000
2 8 0.000 19500000
2 9 0.000 19500000
2 10 0.000 19500000
2 11 0.000 19500000
2 12 0.000 19500000
2 1 0.000 19500000
1 2 0.000 19510000
1 0 0.000 19510000
2 3 0.000 19510000
2 4 0.000 19510000
2 5 0.000 19510000
2 6 0.000 19510000
2 7 0.000 19510000
2 8 0.000 19510000
2 9 0.000 19510000
2 10 0.000 19510000
2 11 0.000 19510000
2 12 0.000 19510000
2 1 0.000 19510000
1 2 0.000 19520000
1 0 0.000 19520000
2 3 0.000 19520000
2 4 0.000 19520000
2 5 0.000 19520000
2 6 0.000 19520000
2 7 0.000 19520000
2 8 0.000 19520000
2 9 0.000 19520000
2 10 0.000 19520000
2 11 0.000 19520000
2 12 0.000 19520000
2 1 0.000 19520000
1 2 0.000 19530000
1 0 0.000 19530000
2 3 0.000 19530000
2 4 0.000 19530000
2 5 0.000 19530000
2 6 0.000 19530000
2 7 0.000 19530000
2 8 0.000 19530000
2 9 0.000 19530000
2 10 0.000 19530000
2 11 0.000 19530000
2 12 0.000 19530000
2 1 0.000 19530000
1 2 0.000 19540000
1 0 0.000 19540000
2 3 0.000 19540000
2 4 0.000 19540000
2 5 0.000 19540000
2 6 0.000 19540000
2 7 0.000 19540000
2 8 0.000 19540000
2 9 0.000 19540000
2 10 0.000 19540000
2 11 0.000 19540000
2 12 0.000 19540000
2 1 0.000 19540000
1 2 0.000 19550000
1 0 0.000 19550000
2 3 0.000 19550000
2 4 0.000 19550000
2 5 0.000 19550000
2 6 0.000 19550000
2 7 0.000 19550000
2 8 0.000 19550000
2 9 0.000 19550000
2 10 0.000 19550000
2 11 0.000 19550000
2 12 0.000 19550000
2 1 0.000 19550000
1 2 0.000 19560000
1 0 0.000 19560000
2 3 0.000 19560000
2 4 0.000 19560000
2 5 0.000 19560000
2 6 0.000 19560000
2 7 0.000 19560000
2 8 0.000 19560000
2 9 0.000 19560000
2 10 0.000 19560000
2 11 0.000 19560000
2 12 0.000 19560000
2 1 0.000 19560000
1 2 0.000 19570000
1 0 0.000 19570000
2 3 0.000 19570000
2 4 0.000 19570000
2 5 0.000 19570000
2 6 0.000 19570000
2 7 0.000 19570000
2 8 0.000 19570000
2 9 0.000 19570000
2 10 0.000 19570000
2 11 0.000 19570000
2 12 0.000 19570000
2 1 0.000 19570000
1 2 0.000 19580000
1 0 0.000 19580000
2 3 0.000 19580000
2 4 0.000 19580000
2 5 0.000 19580000
2 6 0.000 19580000
2 7 0.000 19580000
2 8 0.000 19580000
2 9 0.000 19580000
2 10 0.000 19580000
2 11 0.000 19580000
2 12 0.000 19580000
2 1 0.000 19580000
1 2 0.000 19590000
1 0 0.000 19590000
2 3 0.000 19590000
2 4 0.000 19590000
2 5 0.000 19590000
2 6 0.000 19590000
2 7 0.000 19590000
2 8 0.000 19590000
2 9 0.000 19590000
2 10 0.000 19590000
2 11 0.000 19590000
2 12 0.000 19590000
2 1 0.000 19590000
1 2 0.000 19600000
1 0 0.000 19600000
2 3 0.000 19600000
2 4 0.000 19600000
2 5 0.000 19600000
2 6 0.000 19600000
2 7 0.000 19600000
2 8 0.000 19600000
2 9 0.000 19600000
2 10 0.000 19600000
2 11 0.000 19600000
2 12 0.000 19600000
2 1 0.000 19600000
1 2 0.000 19610000
1 0 0.000 19610000
2 3 0.000 19610000
2 4 0.000 19610000
2 5 0.000 19610000
2 6 0.000 19610000
2 7 0.000 19610000
2 8 0.000 19610000
2 9 0.000 19610000
2 10 0.000 19610000
2 11 0.000 19610000
2 12 0.000 19610000
2 1 0.000 19610000
1 2 0.000 19620000
1 0 0.000 19620000
2 3 0.000 19620000
2 4 0.000 19620000
2 5 0.000 19620000
2 6 0.000 19620000
2 7 0.000 19620000
2 8 0.000 19620000
2 9 0.000 19620000
2 10 0.000 19620000
2 11 0.000 19620000
2 12 0.000 19620000
2 1 0.000 19620000
1 2 0.000 19630000
1 0 0.000 19630000
2 3 0.000 19630000
2 4 0.000 19630000
2 5 0.000 19630000
2 6 0.000 19630000
2 7 0.000 19630000
2 8 0.000 19630000
2 9 0.000 19630000
2 10 0.000 19630000
2 11 0.000 19630000
2 12 0.000 19630000
2 1 0.000 19630000
1 2 0.000 19640000
1 0 0.000 19640000
2 3 0.000 19640000
2 4 0.000 19640000
2 5 0.000 19640000
2 6 0.000 19640000
2 7 0.000 19640000
2 8 0.000 19640000
2 9 0.000 19640000
2 10 0.000 19640000
2 11 0.000 19640000
2 12 0.000 19640000
2 1 0.000 19640000
1 2 0.000 19650000
1 0 0.000 19650000
2 3 0.000 19650000
2 4 0.000 19650000
2 5 0.000 19650000
2 6 0.000 19650000
2 7 0.000 19650000
2 8 0.000 19650000
2 9 0.000 19650000
2 10 0.000 19650000
2 11 0.000 19650000
2 12 0.000 19650000
2 1 0.000 19650000
1 2 0.000 19660000
1 0 0.000 19660000
2 3 0.000 19660000
2 4 0.000 19660000
2 5 0.000 19660000
2 6 0.000 19660000
2 7 0.000 19660000
2 8 0.000 19660000
2 9 0.000 19660000
2 10 0.000 19660000
2 11 0.000 19660000
2 12 0.000 19660000
2 1 0.000 19660000
1 2 0.000 19670000
1 0 0.000 19670000
2 3 0.000 19670000
2 4 0.000 19670000
2 5 0.000 19670000
2 6 0.000 19670000
2 7 0.000 19670000
2 8 0.000 19670000
2 9 0.000 19670000
2 10 0.000 19670000
2 11 0.000 19670000
2 12 0.000 19670000
2 1 0.000 19670000
1 2 0.000 19680000
1 0 0.000 19680000
2 3 0.000 19680000
2 4 0.000 19680000
2 5 0.000 19680000
2 6 0.000 19680000
2 7 0.000 19680000
2 8 0.000 19680000
2 9 0.000 19680000
2 10 0.000 19680000
2 11 0.000 19680000
2 12 0.000 19680000
2 1 0.000 19680000
1 2 0.000 19690000
1 0 0.000 19690000
2 3 0.000 19690000
2 4 0.000 19690000
2 5 0.000 19690000
2 6 0.000 19690000
2 7 0.000 19690000
2 8 0.000 19690000
2 9 0.000 19690000
2 10 0.000 19690000
2 11 0.000 19690000
2 12 0.000 19690000
2 1 0.000 19690000
1 2 0.000 19700000
1 0 0.000 19700000
2 3 0.000 19700000
2 4 0.000 19700000
2 5 0.000 19700000
2 6 0.000 19700000
2 7 0.000 19700000
2 8 0.000 19700000
2 9 0.000 19700000
2 10 0.000 19700000
2 11 0.000 19700000
2 12 0.000 19700000
2 1 0.000 19700000
1 2 0.000 19710000
1 0 0.000 19710000
2 3 0.000 19710000
2 4 0.000 19710000
2 5 0.000 19710000
2 6 0.000 19710000
2 7 0.000 19710000
2 8 0.000 19710000
2 9 0.000 19710000
2 10 0.000 19710000
2 11 0.000 19710000
2 12 0.000 19710000
2 1 0.000 19710000
1 2 0.000 19720000
1 0 0.000 19720000
2 3 0.000 19720000
2 4 0.000 19720000
2 5 0.000 19720000
2 6 0.000 19720000
2 7 0.000 19720000
2 8 0.000 19720000
2 9 0.000 19720000
2 10 0.000 19720000
2 11 0.000 19720000
2 12 0.000 19720000
2 1 0.000 19720000
1 2 0.000 19730000
1 0 0.000 19730000
2 3 0.000 19730000
2 4 0.000 19730000
2 5 0.000 19730000
2 6 0.000 19730000
2 7 0.000 19730000
2 8 0.000 19730000
2 9 0.000 19730000
2 10 0.000 19730000
2 11 0.000 19730000
2 12 0.000 19730000
2 1 0.000 19730000
1 2 0.000 19740000
1 0 0.000 19740000
2 3 0.000 19740000
2 4 0.000 19740000
2 5 0.000 19740000
2 6 0.000 19740000
2 7 0.000 19740000
2 8 0.000 19740000
2 9 0.000 19740000
2 10 0.000 19740000
2 11 0.000 19740000
2 12 0.000 19740000
2 1 0.000 19740000
1 2 0.000 19750000
1 0 0.000 19750000
2 3 0.000 19750000
2 4 0.000 19750000
2 5 0.000 19750000
2 6 0.000 19750000
2 7 0.000 19750000
2 8 0.000 19750000
2 9 0.000 19750000
2 10 0.000 19750000
2 11 0.000 19750000
2 12 0.000 19750000
2 1 0.000 19750000
1 2 0.000 19760000
1 0 0.000 19760000
2 3 0.000 19760000
2 4 0.000 19760000
2 5 0.000 19760000
2 6 0.000 19760000
2 7 0.000 19760000
2 8 0.000 19760000
2 9 0.000 19760000
2 10 0.000 19760000
2 11 0.000 19760000
2 12 0.000 19760000
2 1 0.000 19760000
1 2 0.000 19770000
1 0 0.000 19770000
2 3 0.000 19770000
2 4 0.000 19770000
2 5 0.000 19770000
2 6 0.000 19770000
2 7 0.000 19770000
2 8 0.000 19770000
2 9 0.000 19770000
2 10 0.000 19770000
2 11 0.000 19770000
2 12 0.000 19770000
2 1 0.000 19770000
1 2 0.000 19780000
1 0 0.000 19780000
2 3 0.000 19780000
2 4 0.000 19780000
2 5 0.000 19780000
2 6 0.000 19780000
2 7 0.000 19780000
2 8 0.000 19780000
2 9 0.000 19780000
2 10 0.000 19780000
2 11 0.000 19780000
2 12 0.000 19780000
2 1 0.000 19780000
1 2 0.000 19790000
1 0 0.000 19790000
2 3 0.000 19790000
2 4 0.000 19790000
2 5 0.000 19790000
2 6 0.000 19790000
2 7 0.000 19790000
2 8 0.000 19790000
2 9 0.000 19790000
2 10 0.000 19790000
2 11 0.000 19790000
2 12 0.000 19790000
2 1 0.000 19790000
1 2 0.000 19800000
1 0 0.000 19800000
2 3 0.000 19800000
2 4 0.000 19800000
2 5 0.000 19800000
2 6 0.000 19800000
2 7 0.000 19800000
2 8 0.000 19800000
2 9 0.000 19800000
2 10 0.000 19800000
2 11 0.000 19800000
2 12 0.000 19800000
2 1 0.000 19800000
1 2 0.000 19810000
1 0 0.000 19810000
2 3 0.000 19810000
2 4 0.000 19810000
2 5 0.000 19810000
2 6 0.000 19810000
2 7 0.000 19810000
2 8 0.000 19810000
2 9 0.000 19810000
2 10 0.000 19810000
2 11 0.000 19810000
2 12 0.000 19810000
2 1 0.000 19810000
1 2 0.000 19820000
1 0 0.000 19820000
2 3 0.000 19820000
2 4 0.000 19820000
2 5 0.000 19820000
2 6 0.000 19820000
2 7 0.000 19820000
2 8 0.000 19820000
2 9 0.000 19820000
2 10 0.000 19820000
2 11 0.000 19820000
2 12 0.000 19820000
2 1 0.000 19820000
1 2 0.000 19830000
1 0 0.000 19830000
2 3 0.000 19830000
2 4 0.000 19830000
2 5 0.000 19830000
2 6 0.000 19830000
2 7 0.000 19830000
2 8 0.000 19830000
2 9 0.000 19830000
2 10 0.000 19830000
2 11 0.000 19830000
2 12 0.000 19830000
2 1 0.000 19830000
1 2 0.000 19840000
1 0 0.000 19840000
2 3 0.000 19840000
2 4 0.000 19840000
2 5 0.000 19840000
2 6 0.000 19840000
2 7 0.000 19840000
2 8 0.000 19840000
2 9 0.000 19840000
2 10 0.000 19840000
2 11 0.000 19840000
2 12 0.000 19840000
2 1 0.000 19840000
1 2 0.000 19850000
1 0 0.000 19850000
2 3 0.000 19850000
2 4 0.000 19850000
2 5 0.000 19850000
2 6 0.000 19850000
2 7 0.000 19850000
2 8 0.000 19850000
2 9 0.000 19850000
2 10 0.000 19850000
2 11 0.000 19850000
2 12 0.000 19850000
2 1 0.000 19850000
1 2 0.000 19860000
1 0 0.000 19860000
2 3 0.000 19860000
2 4 0.000 19860000
2 5 0.000 19860000
2 6 0.000 19860000
2 7 0.000 19860000
2 8 0.000 19860000
2 9 0.000 19860000
2 10 0.000 19860000
2 11 0.000 19860000
2 12 0.000 19860000
2 1 0.000 19860000
1 2 0.000 19870000
1 0 0.000 19870000
2 3 0.000 19870000
2 4 0.000 19870000
2 5 0.000 19870000
2 6 0.000 19870000
2 7 0.000 19870000
2 8 0.000 19870000
2 9 0.000 19870000
2 10 0.000 19870000
2 11 0.000 19870000
2 12 0.000 19870000
2 1 0.000 19870000
1 2 0.000 19880000
1 0 0.000 19880000
2 3 0.000 19880000
2 4 0.000 19880000
2 5 0.000 19880000
2 6 0.000 19880000
2 7 0.000 19880000
2 8 0.000 19880000
2 9 0.000 19880000
2 10 0.000 19880000
2 11 0.000 19880000
2 12 0.000 19880000
2 1 0.000 19880000
1 2 0.000 19890000
1 0 0.000 19890000
2 3 0.000 19890000
2 4 0.000 19890000
2 5 0.000 19890000
2 6 0.000 19890000
2 7 0.000 19890000
2 8 0.000 19890000
2 9 0.000 19890000
2 10 0.000 19890000
2 11 0.000 19890000
2 12 0.000 19890000
2 1 0.000 19890000
1 2 0.000 19900000
1 0 0.000 19900000
2 3 0.000 19900000
2 4 0.000 19900000
2 5 0.000 19900000
2 6 0.000 19900000
2 7 0.000 19900000
2 8 0.000 19900000
2 9 0.000 19900000
2 10 0.000 19900000
2 11 0.000 19900000
2 12 0.000 19900000
2 1 0.000 19900000
1 2 0.000 19910000
1 0 0.000 19910000
2 3 0.000 19910000
2 4 0.000 19910000
2 5 0.000 19910000
2 6 0.000 19910000
2 7 0.000 19910000
2 8 0.000 19910000
2 9 0.000 19910000
2 10 0.000 19910000
2 11 0.000 19910000
2 12 0.000 19910000
2 1 0.000 19910000
1 2 0.000 19920000
1 0 0.000 19920000
2 3 0.000 19920000
2 4 0.000 19920000
2 5 0.000 19920000
2 6 0.000 19920000
2 7 0.000 19920000
2 8 0.000 19920000
2 9 0.000 19920000
2 10 0.000 19920000
2 11 0.000 19920000
2 12 0.000 19920000
2 1 0.000 19920000
1 2 0.000 19930000
1 0 0.000 19930000
2 3 0.000 19930000
2 4 0.000 19930000
2 5 0.000 19930000
2 6 0.000 19930000
2 7 0.000 19930000
2 8 0.000 19930000
2 9 0.000 19930000
2 10 0.000 19930000
2 11 0.000 19930000
2 12 0.000 19930000
2 1 0.000 19930000
1 2 0.000 19940000
1 0 0.000 19940000
2 3 0.000 19940000
2 4 0.000 19940000
2 5 0.000 19940000
2 6 0.000 19940000
2 7 0.000 19940000
2 8 0.000 19940000
2 9 0.000 19940000
2 10 0.000 19940000
2 11 0.000 19940000
2 12 0.000 19940000
2 1 0.000 19940000
1 2 0.000 19950000
1 0 0.000 19950000
2 3 0.000 19950000
2 4 0.000 19950000
2 5 0.000 19950000
2 6 0.000 19950000
2 7 0.000 19950000
2 8 0.000 19950000
2 9 0.000 19950000
2 10 0.000 19950000
2 11 0.000 19950000
2 12 0.000 19950000
2 1 0.000 19950000
1 2 0.000 19960000
1 0 0.000 19960000
2 3 0.000 19960000
2 4 0.000 19960000
2 5 0.000 19960000
2 6 0.000 19960000
2 7 0.000 19960000
2 8 0.000 19960000
2 9 0.000 19960000
2 10 0.000 19960000
2 11 0.000 19960000
2 12 0.000 19960000
2 1 0.000 19960000
1 2 0.000 19970000
1 0 0.000 19970000
2 3 0.000 19970000
2 4 0.000 19970000
2 5 0.000 19970000
2 6 0.000 19970000
2 7 0.000 19970000
2 8 0.000 19970000
2 9 0.000 19970000
2 10 0.000 19970000
2 11 0.000 19970000
2 12 0.000 19970000
2 1 0.000 19970000
1 2 0.000 19980000
1 0 0.000 19980000
2 3 0.000 19980000
2 4 0.000 19980000
2 5 0.000 19980000
2 6 0.000 19980000
2 7 0.000 19980000
2 8 0.000 19980000
2 9 0.000 19980000
2 10 0.000 19980000
2 11 0.000 19980000
2 12 0.000 19980000
2 1 0.000 19980000
1 2 0.000 19990000
1 0 0.000 19990000
2 3 0.000 19990000
2 4 0.000 19990000
2 5 0.000 19990000
2 6 0.000 19990000
2 7 0.000 19990000
2 8 0.000 19990000
2 9 0.000 19990000
2 10 0.000 19990000
2 11 0.000 19990000
2 12 0.000 19990000
2 1 0.000 19990000
1 2 0.000 20000000
1 0 0.000 20000000
2 3 0.000 20000000
2 4 0.000 20000000
2 5 0.000 20000000
2 6 0.000 20000000
2 7 0.000 20000000
2 8 0.000 20000000
2 9 0.000 20000000
2 10 0.000 20000000
2 11 0.000 20000000
2 12 0.000 20000000
2 1 0.000 20000000
