1 1 1
1 2 1
2 1 1
2 2 1
2 3 1
2 4 1
2 5 1
2 6 1
2 7 1
2 8 1
2 9 1
2 10 1
2 11 1
1 1 51
1 2 51
2 1 51
2 2 51
2 3 51
2 4 51
2 5 51
2 6 51
2 7 51
2 8 51
2 9 51
2 10 51
2 11 36 0 0 0 0 0 0 0 0 0 0 0 0 0 1 0 0 0 0 0 0 0 0 0 0 0 1 0 0 0 0 0 0 0 0 0 0 0 0 1 0 0 0 0 0 0 0 0 0 0 0 1 0 0 0 0 0 0 0 0 0 0 0 0 1 0 0 0 0 0 0 0 0 0 0 0 1 0 0 0 0 0 0 0 0 0 0 0 0 1 0 0 0 0 0 0 0 0 0 0 0 1 0 0 0 0 0 0 0 0 0 0 0 0 1 0 0 0 0 0 0 0 0 0 0 0 0 1 0 0 0 0 0 0 0 0 0 1 0 0 0 0 0 0 0 0 0 0 0 0 1 0 1 2
1 1 101
1 2 101
2 1 101
2 2 101
2 3 101
2 4 101
2 5 101
2 6 101
2 7 101
2 8 101
2 9 101
2 10 101
2 11 36 0 0 0 0 0 0 0 0 0 0 0 0 0 1 0 0 0 0 0 0 0 0 0 0 0 1 0 0 0 0 0 0 0 0 0 0 0 0 1 0 0 0 0 0 0 0 0 0 0 0 1 0 0 0 0 0 0 0 0 0 0 0 0 1 0 0 0 0 0 0 0 0 0 0 0 1 0 0 0 0 0 0 0 0 0 0 0 0 1 0 0 0 0 0 0 0 0 0 0 0 1 0 0 0 0 0 0 0 0 0 0 0 0 1 0 0 0 0 0 0 0 0 0 0 0 0 1 0 0 0 0 0 0 0 0 0 1 0 0 0 0 2 0 4 10 0 9 10 0 9 0 8 2
1 1 151
1 2 151
2 1 151
2 2 151
2 3 151
2 4 151
2 5 151
2 6 151
2 7 151
2 8 151
2 9 151
2 10 151
2 11 36 0 0 0 0 0 0 0 0 0 0 0 0 0 1 0 0 0 0 0 0 0 0 0 0 0 1 0 0 0 0 0 0 0 0 0 0 0 0 1 0 0 0 0 0 0 0 0 0 0 0 1 0 0 0 0 0 0 0 0 0 0 0 0 1 0 0 0 0 0 0 0 0 0 0 0 1 0 0 0 0 0 0 0 0 0 0 0 0 1 0 0 0 0 0 0 0 0 0 0 0 1 0 0 0 0 0 0 0 0 0 0 0 0 1 0 0 0 0 0 0 0 0 0 0 0 0 1 0 0 0 2 0 4 1 0 2 10 0 9 0 9 13 0 7 10 0 9 10 0 9 0 8 2
1 1 201
1 2 201
2 1 201
2 2 201
2 3 201
2 4 201
2 5 201
2 6 201
2 7 201
2 8 201
2 9 201
2 10 201
2 11 36 0 0 0 0 0 0 0 0 0 0 0 0 0 1 0 0 0 0 0 0 0 0 0 0 0 1 0 0 0 0 0 0 0 0 0 0 0 0 1 0 0 0 0 0 0 0 0 0 0 0 1 0 0 0 0 0 0 0 0 0 0 0 0 1 0 0 0 0 0 0 0 0 0 0 0 1 0 0 0 0 0 0 0 0 0 0 0 0 1 0 0 1 0 1 0 0 2 0 0 2 1 0 2 0 1 0 0 1 1 0 1 1 0 2 0 1 0 0 2 2 0 0 0 0 1 0 6 4 0 9 9 0 9 1 0 2 10 0 9 0 9 13 0 7 10 0 9 10 0 9 0 8 2
1 1 251
1 2 251
2 1 251
2 2 251
2 3 251
2 4 251
2 5 251
2 6 251
2 7 251
2 8 251
2 9 251
2 10 251
2 11 36 0 0 1 1 0 1 1 0 1 1 0 0 0 2 0 0 2 1 0 1 0 0 2 0 0 2 0 1 1 0 0 1 0 1 0 1 0 0 3 1 0 0 2 0 1 0 0 1 0 0 2 0 1 1 0 1 0 0 2 0 1 0 0 3 1 0 0 0 0 3 0 0 1 0 0 2 0 2 0 0 2 0 0 2 0 0 1 0 3 0 0 1 0 1 0 0 2 0 0 2 1 0 2 0 1 0 0 1 1 0 1 1 0 2 0 1 0 0 2 2 0 0 0 0 1 0 6 4 0 9 9 0 9 1 0 2 10 0 9 0 9 13 0 7 10 0 9 10 0 9 0 8 2
1 1 301
1 2 301
2 1 301
2 2 301
2 3 301
2 4 301
2 5 301
2 6 301
2 7 301
2 8 301
2 9 301
2 10 301
2 11 36 6 0 7 9 0 4 2 0 1 3 0 0 0 3 0 0 2 2 0 1 0 0 3 0 1 2 0 2 1 0 1 1 0 1 0 2 0 0 3 2 0 0 3 0 1 0 1 1 0 0 3 0 1 1 0 2 0 0 2 0 2 0 0 3 2 0 0 1 0 3 0 0 1 0 1 2 0 2 0 0 2 0 1 2 0 0 2 0 3 0 0 1 0 2 0 0 2 0 0 2 1 0 2 0 2 4 0 1 1 0 1 1 0 2 0 1 0 0 2 2 0 0 0 0 1 0 6 4 0 9 9 0 9 1 0 2 10 0 9 0 9 13 0 7 10 0 9 10 0 9 0 8 2
1 1 351
1 2 351
2 1 351
2 2 351
2 3 351
2 4 351
2 5 351
2 6 351
2 7 351
2 8 351
2 9 351
2 10 351
2 11 36 6 0 7 9 0 4 2 0 1 3 0 0 0 3 0 0 2 2 0 1 0 0 3 0 1 2 0 2 1 0 1 1 0 1 0 2 0 0 3 2 0 0 3 0 1 0 1 1 0 0 3 0 1 1 0 2 0 0 2 0 2 0 0 3 2 0 0 1 0 3 0 0 1 0 1 2 0 2 0 0 2 0 1 2 0 0 2 0 3 0 0 1 0 2 0 0 7 10 0 13 7 0 12 0 9 5 0 1 1 0 1 1 0 2 0 1 0 0 2 2 0 0 0 0 1 0 6 4 0 9 9 0 9 1 0 2 10 0 9 0 9 13 0 7 10 0 9 10 0 9 0 8 2
1 1 401
1 2 401
2 1 401
2 2 401
2 3 401
2 4 401
2 5 401
2 6 401
2 7 401
2 8 401
2 9 401
2 10 401
2 11 36 6 0 7 9 0 4 2 0 1 3 0 0 0 3 0 0 2 2 0 1 0 0 3 0 1 2 0 2 1 0 1 1 0 1 0 2 0 0 3 2 0 0 3 0 1 0 1 1 0 0 3 0 1 1 0 2 0 0 2 0 2 0 0 3 2 0 0 1 0 3 0 0 1 0 1 2 0 2 0 0 2 0 2 6 0 2 8 0 17 0 0 6 0 8 8 0 11 10 0 13 7 0 12 0 9 5 0 1 1 0 1 1 0 2 0 1 0 0 2 2 0 0 0 0 1 0 6 4 0 9 9 0 9 1 0 2 10 0 9 0 9 13 0 7 10 0 9 10 0 9 0 8 2
1 1 451
1 2 451
2 1 451
2 2 451
2 3 451
2 4 451
2 5 451
2 6 451
2 7 451
2 8 451
2 9 451
2 10 451
2 11 36 6 0 7 9 0 4 2 0 1 3 0 0 0 3 0 0 2 2 0 1 0 0 3 0 1 2 0 2 1 0 1 1 0 1 0 2 0 0 3 2 0 0 3 0 1 0 1 2 0 2 4 0 2 2 0 5 0 2 3 0 5 1 0 4 3 0 3 3 0 6 0 2 5 0 4 4 0 9 0 0 6 0 4 6 0 2 8 0 17 0 0 6 0 8 8 0 11 10 0 13 7 0 12 0 9 5 0 1 1 0 1 1 0 2 0 1 0 0 2 2 0 0 0 0 1 0 6 4 0 9 9 0 9 1 0 2 10 0 9 0 9 13 0 7 10 0 9 10 0 9 0 8 2
1 1 501
1 2 501
2 1 501
2 2 501
2 3 501
2 4 501
2 5 501
2 6 501
2 7 501
2 8 501
2 9 501
2 10 501
2 11 36 6 0 7 9 0 4 2 0 1 3 0 0 0 3 0 0 2 2 0 1 0 0 3 0 1 2 0 2 1 0 1 1 0 1 0 2 0 0 3 4 0 7 16 0 6 0 4 5 0 4 4 0 4 2 0 5 0 3 4 0 6 3 0 5 6 0 7 3 0 6 0 2 5 0 4 4 0 9 0 0 6 0 4 6 0 2 8 0 17 0 0 6 0 8 8 0 11 10 0 13 7 0 12 0 9 5 0 1 1 0 1 1 0 2 0 1 0 0 2 2 0 0 0 0 1 0 6 4 0 9 9 0 9 1 0 2 10 0 9 0 9 13 0 7 10 0 9 10 0 9 0 8 2
1 1 551
1 2 551
2 1 551
2 2 551
2 3 551
2 4 551
2 5 551
2 6 551
2 7 551
2 8 551
2 9 551
2 10 551
2 11 36 6 0 7 9 0 4 2 0 1 3 0 0 0 3 0 0 2 2 0 1 0 0 3 0 1 2 0 2 1 0 1 1 0 1 0 2 0 0 3 4 0 7 16 0 6 0 4 5 0 4 4 0 4 2 0 9 0 11 13 0 16 9 0 17 7 0 7 3 0 6 0 2 5 0 4 4 0 9 0 0 6 0 4 6 0 2 8 0 17 0 0 6 0 8 8 0 11 10 0 13 7 0 12 0 9 5 0 1 1 0 1 1 0 2 0 1 0 0 2 2 0 0 0 0 1 0 6 4 0 9 9 0 9 1 0 2 10 0 9 0 9 13 0 7 10 0 9 10 0 9 0 8 2
1 1 601
1 2 601
2 1 601
2 2 601
2 3 601
2 4 601
2 5 601
2 6 601
2 7 601
2 8 601
2 9 601
2 10 601
2 11 36 6 0 7 9 0 4 2 0 1 3 0 0 0 3 0 0 2 2 0 1 0 0 3 0 1 2 0 2 1 0 1 1 0 1 0 2 0 0 3 4 0 7 20 0 9 0 15 11 0 8 10 0 9 9 0 13 0 11 13 0 16 9 0 17 7 0 7 3 0 6 0 2 5 0 4 4 0 9 0 0 6 0 4 6 0 2 8 0 17 0 0 6 0 8 8 0 11 10 0 13 7 0 12 0 9 5 0 1 1 0 1 1 0 2 0 1 0 0 2 2 0 0 0 0 1 0 6 4 0 9 9 0 9 1 0 2 10 0 9 0 9 13 0 7 10 0 9 10 0 9 0 8 2
1 1 651
1 2 651
2 1 651
2 2 651
2 3 651
2 4 651
2 5 651
2 6 651
2 7 651
2 8 651
2 9 651
2 10 651
2 11 36 6 0 7 9 0 4 2 0 1 3 0 0 0 3 0 0 2 8 0 5 5 0 5 0 4 5 0 3 5 0 2 4 0 3 0 4 2 0 6 5 0 11 23 0 10 0 15 11 0 8 10 0 9 9 0 13 0 11 13 0 16 9 0 17 7 0 7 3 0 6 0 2 5 0 4 4 0 9 0 0 6 0 4 6 0 2 8 0 17 0 0 6 0 8 8 0 11 10 0 13 7 0 12 0 9 5 0 1 1 0 1 1 0 2 0 1 0 0 2 2 0 0 0 0 1 0 6 4 0 9 9 0 9 1 0 2 10 0 9 0 9 13 0 7 10 0 9 10 0 9 0 8 2
1 1 701
1 2 701
2 1 701
2 2 701
2 3 701
2 4 701
2 5 701
2 6 701
2 7 701
2 8 701
2 9 701
2 10 701
2 11 36 6 0 7 9 0 4 2 0 1 3 0 0 0 3 1 0 5 13 0 7 6 0 6 0 8 13 0 14 16 0 5 4 0 3 0 4 2 0 6 5 0 11 23 0 10 0 15 11 0 8 10 0 9 9 0 13 0 11 13 0 16 9 0 17 7 0 7 3 0 6 0 2 5 0 4 4 0 9 0 0 6 0 4 6 0 2 8 0 17 0 0 6 0 8 8 0 11 10 0 13 7 0 12 0 9 5 0 1 1 0 1 1 0 2 0 1 0 0 2 2 0 0 0 0 1 0 6 4 0 9 9 0 9 1 0 2 10 0 9 0 9 13 0 7 10 0 9 10 0 9 0 8 2
1 1 751
1 2 751
2 1 751
2 2 751
2 3 751
2 4 751
2 5 751
2 6 751
2 7 751
2 8 751
2 9 751
2 10 751
2 11 36 6 0 7 9 0 4 2 0 1 5 0 2 0 5 4 0 12 18 0 14 11 0 15 0 14 15 0 14 16 0 5 4 0 3 0 4 2 0 6 5 0 11 23 0 10 0 15 11 0 8 10 0 9 9 0 13 0 11 13 0 16 9 0 17 7 0 7 3 0 6 0 2 5 0 4 4 0 9 0 0 6 0 4 6 0 2 8 0 17 0 0 6 0 8 8 0 11 10 0 13 7 0 12 0 9 5 0 1 1 0 1 1 0 2 0 1 0 0 2 2 0 0 0 0 1 0 6 4 0 9 9 0 9 1 0 2 10 0 9 0 9 13 0 7 10 0 9 10 0 9 0 8 2
1 1 801
1 2 801
2 1 801
2 2 801
2 3 801
2 4 801
2 5 801
2 6 801
2 7 801
2 8 801
2 9 801
2 10 801
2 11 62 16 0 11 12 0 5 6 0 1 7 0 2 0 5 4 0 12 18 0 14 11 0 15 0 14 15 0 14 16 0 5 4 0 3 0 4 2 0 6 5 0 11 23 0 10 0 15 11 0 8 10 0 9 9 0 13 0 11 13 0 16 9 0 17 7 0 7 3 0 6 0 2 5 0 4 4 0 9 0 0 6 0 4 6 0 2 8 0 17 0 0 6 0 8 8 0 11 10 0 13 7 0 12 0 9 5 0 1 1 0 1 1 0 2 0 1 0 0 2 2 0 0 0 0 1 0 6 4 0 9 9 0 9 1 0 2 10 0 9 0 9 13 0 7 10 0 9 10 0 9 0 8 2
1 1 851
1 2 851
2 1 851
2 2 851
2 3 851
2 4 851
2 5 851
2 6 851
2 7 851
2 8 851
2 9 851
2 10 851
2 11 64 22 0 15 14 0 6 8 0 3 7 0 3 0 6 5 0 12 19 0 15 12 0 15 0 15 15 0 15 16 0 6 5 0 3 0 4 3 0 11 13 0 18 23 0 10 0 15 11 0 8 10 0 9 9 0 13 0 11 13 0 16 9 0 17 7 0 7 3 0 6 0 2 5 0 4 4 0 9 0 0 6 0 4 6 0 2 8 0 17 0 0 6 0 8 8 0 11 10 0 13 7 0 12 0 9 5 0 1 1 0 1 1 0 2 0 1 0 0 2 2 0 0 0 0 1 0 6 4 0 9 9 0 9 1 0 2 10 0 9 0 9 13 0 7 10 0 9 10 0 9 0 8 2
1 1 901
1 2 901
2 1 901
2 2 901
2 3 901
2 4 901
2 5 901
2 6 901
2 7 901
2 8 901
2 9 901
2 10 901
2 11 64 22 0 15 14 0 6 8 0 3 7 0 3 0 6 5 0 12 19 0 15 12 0 17 0 17 19 0 17 18 0 6 14 0 9 0 14 12 0 15 13 0 18 23 0 10 0 15 11 0 8 10 0 9 9 0 13 0 11 13 0 16 9 0 17 7 0 7 3 0 6 0 2 5 0 4 4 0 9 0 0 6 0 4 6 0 2 8 0 17 0 0 6 0 8 8 0 11 10 0 13 7 0 12 0 9 5 0 1 1 0 1 1 0 2 0 1 0 0 2 2 0 0 0 0 1 0 6 4 0 9 9 0 9 1 0 2 10 0 9 0 9 13 0 7 10 0 9 10 0 9 0 8 2
1 1 951
1 2 951
2 1 951
2 2 951
2 3 951
2 4 951
2 5 951
2 6 951
2 7 951
2 8 951
2 9 951
2 10 951
2 11 78 28 0 16 17 0 7 8 0 4 9 0 4 0 10 6 0 16 24 0 16 15 0 20 0 17 19 0 17 18 0 6 14 0 9 0 14 12 0 15 13 0 18 23 0 10 0 15 11 0 8 10 0 9 9 0 13 0 11 13 0 16 9 0 17 7 0 7 3 0 6 0 2 5 0 4 4 0 9 0 0 6 0 4 6 0 2 8 0 17 0 0 6 0 8 8 0 11 10 0 13 7 0 12 0 9 5 0 1 1 0 1 1 0 2 0 1 0 0 2 2 0 0 0 0 1 0 6 4 0 9 9 0 9 1 0 2 10 0 9 0 9 13 0 7 10 0 9 10 0 9 0 8 2
1 1 1001
1 2 1001
2 1 1001
2 2 1001
2 3 1001
2 4 1001
2 5 1001
2 6 1001
2 7 1001
2 8 1001
2 9 1001
2 10 1001
2 11 92 35 0 22 19 0 8 9 0 5 9 0 6 0 10 7 0 17 25 0 16 16 0 20 0 17 20 0 18 19 0 6 14 0 10 0 14 12 0 16 13 0 18 24 0 11 0 15 11 0 8 12 0 12 9 0 13 0 11 13 0 16 9 0 17 7 0 7 3 0 6 0 2 5 0 4 4 0 9 0 0 6 0 4 6 0 2 8 0 17 0 0 6 0 8 8 0 11 10 0 13 7 0 12 0 9 5 0 1 1 0 1 1 0 2 0 1 0 0 2 2 0 0 0 0 1 0 6 4 0 9 9 0 9 1 0 2 10 0 9 0 9 13 0 7 10 0 9 10 0 9 0 8 2
1 1 1051
1 2 1051
2 1 1051
2 2 1051
2 3 1051
2 4 1051
2 5 1051
2 6 1051
2 7 1051
2 8 1051
2 9 1051
2 10 1051
2 11 92 35 0 22 19 0 8 9 0 5 9 0 6 0 10 7 0 17 25 0 16 16 0 20 0 17 20 0 18 19 0 6 14 0 10 0 14 12 0 16 13 0 18 31 0 20 0 23 19 0 18 18 0 14 9 0 13 0 11 13 0 16 9 0 17 7 0 7 3 0 6 0 2 5 0 4 4 0 9 0 0 6 0 4 6 0 2 8 0 17 0 0 6 0 8 8 0 11 10 0 13 7 0 12 0 9 5 0 1 1 0 1 1 0 2 0 1 0 0 2 2 0 0 0 0 1 0 6 4 0 9 9 0 9 1 0 2 10 0 9 0 9 13 0 7 10 0 9 10 0 9 0 8 2
1 1 1101
1 2 1101
2 1 1101
2 2 1101
2 3 1101
2 4 1101
2 5 1101
2 6 1101
2 7 1101
2 8 1101
2 9 1101
2 10 1101
2 11 92 35 0 22 19 0 8 9 0 5 9 0 6 0 10 7 0 17 25 0 16 16 0 20 0 17 22 0 19 22 0 8 21 0 15 0 20 18 0 19 18 0 27 32 0 20 0 23 19 0 18 18 0 14 9 0 13 0 11 13 0 16 9 0 17 7 0 7 3 0 6 0 2 5 0 4 4 0 9 0 0 6 0 4 6 0 2 8 0 17 0 0 6 0 8 8 0 11 10 0 13 7 0 12 0 9 5 0 1 1 0 1 1 0 2 0 1 0 0 2 2 0 0 0 0 1 0 6 4 0 9 9 0 9 1 0 2 10 0 9 0 9 13 0 7 10 0 9 10 0 9 0 8 2
1 1 1151
1 2 1151
2 1 1151
2 2 1151
2 3 1151
2 4 1151
2 5 1151
2 6 1151
2 7 1151
2 8 1151
2 9 1151
2 10 1151
2 11 109 46 0 25 20 0 10 10 0 6 11 0 6 0 11 9 0 18 27 0 17 17 0 22 0 18 23 0 19 22 0 8 21 0 15 0 20 18 0 19 18 0 27 32 0 20 0 23 19 0 18 18 0 14 9 0 13 0 11 13 0 16 9 0 17 7 0 7 3 0 6 0 2 5 0 4 4 0 9 0 0 6 0 4 6 0 2 8 0 17 0 0 6 0 8 8 0 11 10 0 13 7 0 12 0 9 5 0 1 1 0 1 1 0 2 0 1 0 0 2 2 0 0 0 0 1 0 6 4 0 9 9 0 9 1 0 2 10 0 9 0 9 13 0 7 10 0 9 10 0 9 0 8 2
1 1 1201
1 2 1201
2 1 1201
2 2 1201
2 3 1201
2 4 1201
2 5 1201
2 6 1201
2 7 1201
2 8 1201
2 9 1201
2 10 1201
2 11 109 49 0 27 21 0 13 12 0 7 11 0 7 0 11 10 0 19 28 0 17 19 0 23 0 18 24 0 19 22 0 8 22 0 17 0 28 28 0 27 19 0 27 32 0 20 0 23 19 0 18 18 0 14 9 0 13 0 11 13 0 16 9 0 17 7 0 7 3 0 6 0 2 5 0 4 4 0 9 0 0 6 0 4 6 0 2 8 0 17 0 0 6 0 8 8 0 11 10 0 13 7 0 12 0 9 5 0 1 1 0 1 1 0 2 0 1 0 0 2 2 0 0 0 0 1 0 6 4 0 9 9 0 9 1 0 2 10 0 9 0 9 13 0 7 10 0 9 10 0 9 0 8 2
1 1 1251
1 2 1251
2 1 1251
2 2 1251
2 3 1251
2 4 1251
2 5 1251
2 6 1251
2 7 1251
2 8 1251
2 9 1251
2 10 1251
2 11 109 49 0 27 21 0 13 12 0 7 11 0 7 0 11 10 0 19 28 0 17 19 0 28 0 20 32 0 25 28 0 16 30 0 24 0 28 28 0 27 19 0 27 32 0 20 0 23 19 0 18 18 0 14 9 0 13 0 11 13 0 16 9 0 17 7 0 7 3 0 6 0 2 5 0 4 4 0 9 0 0 6 0 4 6 0 2 8 0 17 0 0 6 0 8 8 0 11 10 0 13 7 0 12 0 9 5 0 1 1 0 1 1 0 2 0 1 0 0 2 2 0 0 0 0 1 0 6 4 0 9 9 0 9 1 0 2 10 0 9 0 9 13 0 7 10 0 9 10 0 9 0 8 2
1 1 1301
1 2 1301
2 1 1301
2 2 1301
2 3 1301
2 4 1301
2 5 1301
2 6 1301
2 7 1301
2 8 1301
2 9 1301
2 10 1301
2 11 125 57 0 33 22 0 14 13 0 9 11 0 9 0 13 10 0 21 31 0 19 22 0 29 0 20 32 0 25 28 0 16 30 0 24 0 28 28 0 27 19 0 27 32 0 20 0 23 19 0 18 18 0 14 9 0 13 0 11 13 0 16 9 0 17 7 0 7 3 0 6 0 2 5 0 4 4 0 9 0 0 6 0 4 6 0 2 8 0 17 0 0 6 0 8 8 0 11 10 0 13 7 0 12 0 9 5 0 1 1 0 1 1 0 2 0 1 0 0 2 2 0 0 0 0 1 0 6 4 0 9 9 0 9 1 0 2 10 0 9 0 9 13 0 7 10 0 9 10 0 9 0 8 2
1 1 1351
1 2 1321 30
2 1 1351
2 2 1351
2 3 1351
2 4 1351
2 5 1351
2 6 1351
2 7 1351
2 8 1351
2 9 1351
2 10 1351
2 11 134 61 0 38 24 0 16 16 0 10 12 0 10 0 14 11 0 21 32 0 19 23 0 29 0 21 32 0 26 29 0 16 30 0 25 0 28 28 0 28 19 0 27 33 0 20 0 24 19 0 18 19 0 15 9 0 15 0 16 15 0 16 9 0 17 7 0 7 3 0 6 0 2 5 0 4 4 0 9 0 0 6 0 4 6 0 2 8 0 17 0 0 6 0 8 8 0 11 10 0 13 7 0 12 0 9 5 0 1 1 0 1 1 0 2 0 1 0 0 2 2 0 0 0 0 1 0 6 4 0 9 9 0 9 1 0 2 10 0 9 0 9 13 0 7 10 0 9 10 0 9 0 8 2
1 1 1401
1 2 1321 80
2 1 1401
2 2 1401
2 3 1401
2 4 1401
2 5 1401
2 6 1401
2 7 1401
2 8 1401
2 9 1401
2 10 1401
2 11 134 61 0 38 24 0 16 16 0 10 12 0 10 0 14 11 0 21 32 0 19 23 0 29 0 21 32 0 26 29 0 16 30 0 25 0 28 28 0 28 19 0 27 33 0 20 0 24 25 0 24 29 0 24 18 0 23 0 18 15 0 16 9 0 17 7 0 7 3 0 6 0 2 5 0 4 4 0 9 0 0 6 0 4 6 0 2 8 0 17 0 0 6 0 8 8 0 11 10 0 13 7 0 12 0 9 5 0 1 1 0 1 1 0 2 0 1 0 0 2 2 0 0 0 0 1 0 6 4 0 9 9 0 9 1 0 2 10 0 9 0 9 13 0 7 10 0 9 10 0 9 0 8 2
1 1 1451
1 2 1321 130
2 1 1451
2 2 1451
2 3 1451
2 4 1451
2 5 1451
2 6 1451
2 7 1451
2 8 1451
2 9 1451
2 10 1451
2 11 134 61 0 38 24 0 16 16 0 10 12 0 10 0 14 11 0 21 32 0 19 23 0 29 0 22 33 0 27 30 0 18 30 0 29 0 30 31 0 31 27 0 35 39 0 25 0 28 26 0 24 29 0 24 18 0 23 0 18 15 0 16 9 0 17 7 0 7 3 0 6 0 2 5 0 4 4 0 9 0 0 6 0 4 6 0 2 8 0 17 0 0 6 0 8 8 0 11 10 0 13 7 0 12 0 9 5 0 1 1 0 1 1 0 2 0 1 0 0 2 2 0 0 0 0 1 0 6 4 0 9 9 0 9 1 0 2 10 0 9 0 9 13 0 7 10 0 9 10 0 9 0 8 2
1 1 1501
1 2 1344 157
2 1 1501
2 2 1501
2 3 1501
2 4 1501
2 5 1501
2 6 1501
2 7 1501
2 8 1501
2 9 1501
2 10 1501
2 11 141 67 0 43 32 0 20 19 0 12 14 0 11 0 15 14 0 21 34 0 20 25 0 31 0 22 34 0 27 30 0 18 30 0 29 0 30 31 0 31 27 0 35 39 0 25 0 28 26 0 24 29 0 24 18 0 23 0 18 15 0 16 9 0 17 7 0 7 3 0 6 0 2 5 0 4 4 0 9 0 0 6 0 4 6 0 2 8 0 17 0 0 6 0 8 8 0 11 10 0 13 7 0 12 0 9 5 0 1 1 0 1 1 0 2 0 1 0 0 2 2 0 0 0 0 1 0 6 4 0 9 9 0 9 1 0 2 10 0 9 0 9 13 0 7 10 0 9 10 0 9 0 8 2
1 1 1551
1 2 1394 157
2 1 1551
2 2 1551
2 3 1551
2 4 1551
2 5 1551
2 6 1551
2 7 1551
2 8 1551
2 9 1551
2 10 1551
2 11 141 67 0 43 32 0 20 19 0 12 16 0 12 0 16 15 0 21 34 0 21 25 0 32 0 24 42 0 36 40 0 26 36 0 29 0 30 31 0 31 27 0 35 39 0 25 0 28 26 0 24 29 0 24 18 0 23 0 18 15 0 16 9 0 17 7 0 7 3 0 6 0 2 5 0 4 4 0 9 0 0 6 0 4 6 0 2 8 0 17 0 0 6 0 8 8 0 11 10 0 13 7 0 12 0 9 5 0 1 1 0 1 1 0 2 0 1 0 0 2 2 0 0 0 0 1 0 6 4 0 9 9 0 9 1 0 2 10 0 9 0 9 13 0 7 10 0 9 10 0 9 0 8 2
1 1 1601
1 2 1444 157
2 1 1601
2 2 1601
2 3 1601
2 4 1601
2 5 1601
2 6 1601
2 7 1601
2 8 1601
2 9 1601
2 10 1601
2 11 141 67 0 43 32 0 20 19 0 14 20 0 15 0 21 19 0 26 39 0 25 30 0 38 0 31 42 0 36 40 0 26 36 0 29 0 30 31 0 31 27 0 35 39 0 25 0 28 26 0 24 29 0 24 18 0 23 0 18 15 0 16 9 0 17 7 0 7 3 0 6 0 2 5 0 4 4 0 9 0 0 6 0 4 6 0 2 8 0 17 0 0 6 0 8 8 0 11 10 0 13 7 0 12 0 9 5 0 1 1 0 1 1 0 2 0 1 0 0 2 2 0 0 0 0 1 0 6 4 0 9 9 0 9 1 0 2 10 0 9 0 9 13 0 7 10 0 9 10 0 9 0 8 2
1 1 1651
1 2 1494 157
2 1 1651
2 2 1651
2 3 1651
2 4 1651
2 5 1651
2 6 1651
2 7 1651
2 8 1651
2 9 1651
2 10 1651
2 11 156 79 0 50 35 0 23 21 0 15 21 0 17 0 22 20 0 27 40 0 25 30 0 38 0 31 42 0 36 40 0 26 36 0 29 0 30 31 0 31 27 0 35 39 0 25 0 28 26 0 24 29 0 24 18 0 23 0 18 15 0 16 9 0 17 7 0 7 3 0 6 0 2 5 0 4 4 0 9 0 0 6 0 4 6 0 2 8 0 17 0 0 6 0 8 8 0 11 10 0 13 7 0 12 0 9 5 0 1 1 0 1 1 0 2 0 1 0 0 2 2 0 0 0 0 1 0 6 4 0 9 9 0 9 1 0 2 10 0 9 0 9 13 0 7 10 0 9 10 0 9 0 8 2
1 1 1701
1 2 1544 157
2 1 1701
2 2 1701
2 3 1701
2 4 1701
2 5 1701
2 6 1701
2 7 1701
2 8 1701
2 9 1701
2 10 1701
2 11 156 79 0 50 35 0 23 21 0 15 21 0 17 0 22 23 0 36 50 0 32 40 0 47 0 33 42 0 36 40 0 26 36 0 29 0 30 31 0 31 27 0 35 39 0 25 0 28 26 0 24 29 0 24 18 0 23 0 18 15 0 16 9 0 17 7 0 7 3 0 6 0 2 5 0 4 4 0 9 0 0 6 0 4 6 0 2 8 0 17 0 0 6 0 8 8 0 11 10 0 13 7 0 12 0 9 5 0 1 1 0 1 1 0 2 0 1 0 0 2 2 0 0 0 0 1 0 6 4 0 9 9 0 9 1 0 2 10 0 9 0 9 13 0 7 10 0 9 10 0 9 0 8 2
1 1 1751
1 2 1594 157
2 1 1751
2 2 1751
2 3 1751
2 4 1751
2 5 1751
2 6 1751
2 7 1751
2 8 1751
2 9 1751
2 10 1751
2 11 157 81 0 54 39 0 31 24 0 21 30 0 22 0 26 27 0 36 50 0 32 40 0 47 0 33 42 0 36 40 0 26 36 0 29 0 30 31 0 31 27 0 35 39 0 25 0 28 26 0 24 29 0 24 18 0 23 0 18 15 0 16 9 0 17 7 0 7 3 0 6 0 2 5 0 4 4 0 9 0 0 6 0 4 6 0 2 8 0 17 0 0 6 0 8 8 0 11 10 0 13 7 0 12 0 9 5 0 1 1 0 1 1 0 2 0 1 0 0 2 2 0 0 0 0 1 0 6 4 0 9 9 0 9 1 0 2 10 0 9 0 9 13 0 7 10 0 9 10 0 9 0 8 2
1 1 1801
1 2 1642 159
2 1 1801
2 2 1801
2 3 1801
2 4 1801
2 5 1801
2 6 1801
2 7 1801
2 8 1801
2 9 1801
2 10 1801
2 11 162 103 0 63 45 0 38 25 0 21 30 0 22 0 26 27 0 36 50 0 32 40 0 47 0 33 42 0 36 40 0 26 36 0 29 0 30 31 0 31 27 0 35 39 0 25 0 28 26 0 24 29 0 24 18 0 23 0 18 15 0 16 9 0 17 7 0 7 3 0 6 0 2 5 0 4 4 0 9 0 0 6 0 4 6 0 2 8 0 17 0 0 6 0 8 8 0 11 10 0 13 7 0 12 0 9 5 0 1 1 0 1 1 0 2 0 1 0 0 2 2 0 0 0 0 1 0 6 4 0 9 9 0 9 1 0 2 10 0 9 0 9 13 0 7 10 0 9 10 0 9 0 8 2
1 1 1851
1 2 1692 159
2 1 1851
2 2 1851
2 3 1851
2 4 1851
2 5 1851
2 6 1851
2 7 1851
2 8 1851
2 9 1851
2 10 1851
2 11 173 125 0 79 46 0 38 25 0 21 30 0 22 0 26 27 0 36 50 0 32 40 0 47 0 33 42 0 36 40 0 26 36 0 29 0 30 31 0 31 27 0 35 39 0 25 0 28 26 0 24 29 0 24 18 0 23 0 18 15 0 16 9 0 17 7 0 7 3 0 6 0 2 5 0 4 4 0 9 0 0 6 0 4 6 0 2 8 0 17 0 0 6 0 8 8 0 11 10 0 13 7 0 12 0 9 5 0 1 1 0 1 1 0 2 0 1 0 0 2 2 0 0 0 0 1 0 6 4 0 9 9 0 9 1 0 2 10 0 9 0 9 13 0 7 10 0 9 10 0 9 0 8 2
1 1 1901
1 2 1741 160
2 1 1901
2 2 1901
2 3 1901
2 4 1901
2 5 1901
2 6 1901
2 7 1901
2 8 1901
2 9 1901
2 10 1901
2 11 200 139 0 88 46 0 38 25 0 21 30 0 22 0 26 27 0 36 50 0 32 40 0 47 0 33 42 0 36 40 0 26 36 0 29 0 30 31 0 31 27 0 35 39 0 25 0 28 26 0 24 29 0 24 18 0 23 0 18 15 0 16 9 0 17 7 0 7 3 0 6 0 2 5 0 4 4 0 9 0 0 6 0 4 6 0 2 8 0 17 0 0 6 0 8 8 0 11 10 0 13 7 0 12 0 9 5 0 1 1 0 1 1 0 2 0 1 0 0 2 2 0 0 0 0 1 0 6 4 0 9 9 0 9 1 0 2 10 0 9 0 9 13 0 7 10 0 9 10 0 9 0 8 2
1 1 1951
1 2 1791 160
2 1 1951
2 2 1951
2 3 1951
2 4 1951
2 5 1951
2 6 1951
2 7 1951
2 8 1951
2 9 1951
2 10 1951
2 11 205 144 0 92 48 0 41 25 0 22 31 0 22 0 27 28 0 37 51 0 32 41 0 47 0 33 43 0 38 40 0 26 37 0 39 0 38 33 0 31 27 0 35 39 0 25 0 28 26 0 24 29 0 24 18 0 23 0 18 15 0 16 9 0 17 7 0 7 3 0 6 0 2 5 0 4 4 0 9 0 0 6 0 4 6 0 2 8 0 17 0 0 6 0 8 8 0 11 10 0 13 7 0 12 0 9 5 0 1 1 0 1 1 0 2 0 1 0 0 2 2 0 0 0 0 1 0 6 4 0 9 9 0 9 1 0 2 10 0 9 0 9 13 0 7 10 0 9 10 0 9 0 8 2
1 1 2001
1 2 1841 160
2 1 2001
2 2 2001
2 3 2001
2 4 2001
2 5 2001
2 6 2001
2 7 2001
2 8 2001
2 9 2001
2 10 2001
2 11 205 144 0 92 48 0 41 25 0 22 31 0 22 0 27 28 0 37 51 0 33 43 0 51 0 38 50 0 45 47 0 36 43 0 40 0 38 33 0 31 27 0 35 39 0 25 0 28 26 0 24 29 0 24 18 0 23 0 18 15 0 16 9 0 17 7 0 7 3 0 6 0 2 5 0 4 4 0 9 0 0 6 0 4 6 0 2 8 0 17 0 0 6 0 8 8 0 11 10 0 13 7 0 12 0 9 5 0 1 1 0 1 1 0 2 0 1 0 0 2 2 0 0 0 0 1 0 6 4 0 9 9 0 9 1 0 2 10 0 9 0 9 13 0 7 10 0 9 10 0 9 0 8 2
1 1 2051
1 2 1891 160
2 1 2051
2 2 2051
2 3 2051
2 4 2051
2 5 2051
2 6 2051
2 7 2051
2 8 2051
2 9 2051
2 10 2051
2 11 211 150 0 96 52 0 43 28 0 23 34 0 26 0 27 30 0 42 55 0 39 43 0 51 0 38 50 0 45 47 0 36 43 0 40 0 38 33 0 31 27 0 35 39 0 25 0 28 26 0 24 29 0 24 18 0 23 0 18 15 0 16 9 0 17 7 0 7 3 0 6 0 2 5 0 4 4 0 9 0 0 6 0 4 6 0 2 8 0 17 0 0 6 0 8 8 0 11 10 0 13 7 0 12 0 9 5 0 1 1 0 1 1 0 2 0 1 0 0 2 2 0 0 0 0 1 0 6 4 0 9 9 0 9 1 0 2 10 0 9 0 9 13 0 7 10 0 9 10 0 9 0 8 2
1 1 2101
1 2 1941 160
2 1 2101
2 2 2101
2 3 2101
2 4 2101
2 5 2101
2 6 2101
2 7 2101
2 8 2101
2 9 2101
2 10 2101
2 11 215 159 0 97 55 0 45 29 0 24 36 0 27 0 27 37 0 47 65 0 43 43 0 51 0 38 50 0 45 47 0 36 43 0 40 0 38 33 0 31 27 0 35 39 0 25 0 28 26 0 24 29 0 24 18 0 23 0 18 15 0 16 9 0 17 7 0 7 3 0 6 0 2 5 0 4 4 0 9 0 0 6 0 4 6 0 2 8 0 17 0 0 6 0 8 8 0 11 10 0 13 7 0 12 0 9 5 0 1 1 0 1 1 0 2 0 1 0 0 2 2 0 0 0 0 1 0 6 4 0 9 9 0 9 1 0 2 10 0 9 0 9 13 0 7 10 0 9 10 0 9 0 8 2
1 1 2151
1 2 1991 160
2 1 2151
2 2 2151
2 3 2151
2 4 2151
2 5 2151
2 6 2151
2 7 2151
2 8 2151
2 9 2151
2 10 2151
2 11 215 160 0 99 61 0 45 34 0 30 44 0 35 0 34 44 0 47 65 0 43 43 0 51 0 38 50 0 45 47 0 36 43 0 40 0 38 33 0 31 27 0 35 39 0 25 0 28 26 0 24 29 0 24 18 0 23 0 18 15 0 16 9 0 17 7 0 7 3 0 6 0 2 5 0 4 4 0 9 0 0 6 0 4 6 0 2 8 0 17 0 0 6 0 8 8 0 11 10 0 13 7 0 12 0 9 5 0 1 1 0 1 1 0 2 0 1 0 0 2 2 0 0 0 0 1 0 6 4 0 9 9 0 9 1 0 2 10 0 9 0 9 13 0 7 10 0 9 10 0 9 0 8 2
1 1 2201
1 2 2041 160
2 1 2201
2 2 2201
2 3 2201
2 4 2201
2 5 2201
2 6 2201
2 7 2201
2 8 2201
2 9 2201
2 10 2201
2 11 250 172 0 101 62 0 45 34 0 30 44 0 35 0 34 44 0 47 65 0 43 43 0 51 0 38 50 0 45 47 0 36 43 0 40 0 38 33 0 31 27 0 35 39 0 25 0 28 26 0 24 29 0 24 18 0 23 0 18 15 0 16 9 0 17 7 0 7 3 0 6 0 2 5 0 4 4 0 9 0 0 6 0 4 6 0 2 8 0 17 0 0 6 0 8 8 0 11 10 0 13 7 0 12 0 9 5 0 1 1 0 1 1 0 2 0 1 0 0 2 2 0 0 0 0 1 0 6 4 0 9 9 0 9 1 0 2 10 0 9 0 9 13 0 7 10 0 9 10 0 9 0 8 2
1 1 2251
1 2 2091 160
2 1 2251
2 2 2251
2 3 2251
2 4 2251
2 5 2251
2 6 2251
2 7 2251
2 8 2251
2 9 2251
2 10 2251
2 11 257 179 0 104 62 0 46 37 0 31 45 0 35 0 35 45 0 47 66 0 43 44 0 51 0 39 50 0 46 47 0 37 43 0 41 0 38 33 0 31 28 0 35 40 0 25 0 29 26 0 24 30 0 24 18 0 24 0 18 16 0 16 9 0 17 7 0 7 4 0 6 0 9 9 0 5 4 0 9 0 0 6 0 4 6 0 2 8 0 17 0 0 6 0 8 8 0 11 10 0 13 7 0 12 0 9 5 0 1 1 0 1 1 0 2 0 1 0 0 2 2 0 0 0 0 1 0 6 4 0 9 9 0 9 1 0 2 10 0 9 0 9 13 0 7 10 0 9 10 0 9 0 8 2
1 1 2301
1 2 2141 160
2 1 2301
2 2 2301
2 3 2301
2 4 2301
2 5 2301
2 6 2301
2 7 2301
2 8 2301
2 9 2301
2 10 2301
2 11 257 179 0 104 62 0 46 37 0 31 45 0 35 0 35 45 0 47 66 0 43 44 0 51 0 39 50 0 46 47 0 37 43 0 41 0 38 33 0 31 28 0 35 40 0 25 0 29 26 0 24 30 0 24 18 0 24 0 18 16 0 16 12 0 25 17 0 15 12 0 16 0 12 9 0 5 4 0 9 0 0 6 0 4 6 0 2 8 0 17 0 0 6 0 8 8 0 11 10 0 13 7 0 12 0 9 5 0 1 1 0 1 1 0 2 0 1 0 0 2 2 0 0 0 0 1 0 6 4 0 9 9 0 9 1 0 2 10 0 9 0 9 13 0 7 10 0 9 10 0 9 0 8 2
1 1 2351
1 2 2191 160
2 1 2351
2 2 2351
2 3 2351
2 4 2351
2 5 2351
2 6 2351
2 7 2351
2 8 2351
2 9 2351
2 10 2351
2 11 257 179 0 104 62 0 46 37 0 31 45 0 35 0 35 45 0 47 66 0 43 44 0 51 0 39 50 0 46 47 0 37 43 0 41 0 38 33 0 31 28 0 35 40 0 28 0 32 30 0 27 35 0 28 21 0 29 0 23 18 0 24 17 0 25 17 0 15 12 0 16 0 12 9 0 5 4 0 9 0 0 6 0 4 6 0 2 8 0 17 0 0 6 0 8 8 0 11 10 0 13 7 0 12 0 9 5 0 1 1 0 1 1 0 2 0 1 0 0 2 2 0 0 0 0 1 0 6 4 0 9 9 0 9 1 0 2 10 0 9 0 9 13 0 7 10 0 9 10 0 9 0 8 2
1 1 2401
1 2 2241 160
2 1 2401
2 2 2401
2 3 2401
2 4 2401
2 5 2401
2 6 2401
2 7 2401
2 8 2401
2 9 2401
2 10 2401
2 11 270 185 0 109 63 0 47 38 0 31 46 0 37 0 35 46 0 48 67 0 44 45 0 53 0 39 50 0 48 48 0 38 44 0 42 0 40 33 0 33 29 0 36 41 0 28 0 32 30 0 27 35 0 28 21 0 29 0 23 18 0 24 17 0 25 17 0 15 12 0 16 0 12 9 0 5 4 0 9 0 0 6 0 4 6 0 2 8 0 17 0 0 6 0 8 8 0 11 10 0 13 7 0 12 0 9 5 0 1 1 0 1 1 0 2 0 1 0 0 2 2 0 0 0 0 1 0 6 4 0 9 9 0 9 1 0 2 10 0 9 0 9 13 0 7 10 0 9 10 0 9 0 8 2
1 1 2451
1 2 2291 160
2 1 2451
2 2 2451
2 3 2451
2 4 2451
2 5 2451
2 6 2451
2 7 2451
2 8 2451
2 9 2451
2 10 2451
2 11 273 190 0 109 66 0 49 39 0 32 47 0 38 0 36 47 0 48 68 0 46 45 0 53 0 40 50 0 48 50 0 38 45 0 42 0 40 34 0 33 30 0 36 41 0 29 0 32 30 0 28 35 0 28 22 0 29 0 23 20 0 31 26 0 26 17 0 15 12 0 16 0 12 9 0 5 4 0 9 0 0 6 0 4 6 0 2 8 0 17 0 0 6 0 8 8 0 11 10 0 13 7 0 12 0 9 5 0 1 1 0 1 1 0 2 0 1 0 0 2 2 0 0 0 0 1 0 6 4 0 9 9 0 9 1 0 2 10 0 9 0 9 13 0 7 10 0 9 10 0 9 0 8 2
1 1 2501
1 2 2341 160
2 1 2501
2 2 2501
2 3 2501
2 4 2501
2 5 2501
2 6 2501
2 7 2501
2 8 2501
2 9 2501
2 10 2501
2 11 273 190 0 109 66 0 49 39 0 32 47 0 38 0 36 47 0 48 68 0 46 45 0 53 0 40 50 0 48 50 0 38 45 0 42 0 40 34 0 33 30 0 36 41 0 29 0 32 30 0 31 40 0 36 29 0 38 0 31 30 0 31 26 0 26 17 0 15 12 0 16 0 12 9 0 5 4 0 9 0 0 6 0 4 6 0 2 8 0 17 0 0 6 0 8 8 0 11 10 0 13 7 0 12 0 9 5 0 1 1 0 1 1 0 2 0 1 0 0 2 2 0 0 0 0 1 0 6 4 0 9 9 0 9 1 0 2 10 0 9 0 9 13 0 7 10 0 9 10 0 9 0 8 2
1 1 2551
1 2 2391 160
2 1 2551
2 2 2551
2 3 2551
2 4 2551
2 5 2551
2 6 2551
2 7 2551
2 8 2551
2 9 2551
2 10 2551
2 11 273 190 0 109 66 0 49 39 0 32 47 0 38 0 36 47 0 48 68 0 46 45 0 53 0 41 52 0 49 52 0 41 45 0 44 0 43 35 0 34 34 0 40 45 0 36 0 36 40 0 32 40 0 36 29 0 38 0 31 30 0 31 26 0 26 17 0 15 12 0 16 0 12 9 0 5 4 0 9 0 0 6 0 4 6 0 2 8 0 17 0 0 6 0 8 8 0 11 10 0 13 7 0 12 0 9 5 0 1 1 0 1 1 0 2 0 1 0 0 2 2 0 0 0 0 1 0 6 4 0 9 9 0 9 1 0 2 10 0 9 0 9 13 0 7 10 0 9 10 0 9 0 8 2
1 1 2601
1 2 2441 160
2 1 2601
2 2 2601
2 3 2601
2 4 2601
2 5 2601
2 6 2601
2 7 2601
2 8 2601
2 9 2601
2 10 2601
2 11 273 190 0 109 67 0 52 49 0 38 50 0 42 0 40 51 0 50 70 0 51 47 0 55 0 42 53 0 49 52 0 41 45 0 44 0 43 35 0 34 34 0 40 45 0 36 0 36 40 0 32 40 0 36 29 0 38 0 31 30 0 31 26 0 26 17 0 15 12 0 16 0 12 9 0 5 4 0 9 0 0 6 0 4 6 0 2 8 0 17 0 0 6 0 8 8 0 11 10 0 13 7 0 12 0 9 5 0 1 1 0 1 1 0 2 0 1 0 0 2 2 0 0 0 0 1 0 6 4 0 9 9 0 9 1 0 2 10 0 9 0 9 13 0 7 10 0 9 10 0 9 0 8 2
1 1 2651
1 2 2491 160
2 1 2651
2 2 2651
2 3 2651
2 4 2651
2 5 2651
2 6 2651
2 7 2651
2 8 2651
2 9 2651
2 10 2651
2 11 273 190 0 109 67 0 52 49 0 38 50 0 42 0 40 51 0 50 70 0 54 57 0 64 0 52 59 0 59 54 0 41 45 0 44 0 43 35 0 34 34 0 40 45 0 36 0 36 40 0 32 40 0 36 29 0 38 0 31 30 0 31 26 0 26 17 0 15 12 0 16 0 12 9 0 5 4 0 9 0 0 6 0 4 6 0 2 8 0 17 0 0 6 0 8 8 0 11 10 0 13 7 0 12 0 9 5 0 1 1 0 1 1 0 2 0 1 0 0 2 2 0 0 0 0 1 0 6 4 0 9 9 0 9 1 0 2 10 0 9 0 9 13 0 7 10 0 9 10 0 9 0 8 2
1 1 2701
1 2 2541 160
2 1 2701
2 2 2701
2 3 2701
2 4 2701
2 5 2701
2 6 2701
2 7 2701
2 8 2701
2 9 2701
2 10 2701
2 11 276 195 0 110 69 0 54 54 0 42 54 0 45 0 43 55 0 55 75 0 58 57 0 64 0 52 59 0 59 54 0 41 45 0 44 0 43 35 0 34 34 0 40 45 0 36 0 36 40 0 32 40 0 36 29 0 38 0 31 30 0 31 26 0 26 17 0 15 12 0 16 0 12 9 0 5 4 0 9 0 0 6 0 4 6 0 2 8 0 17 0 0 6 0 8 8 0 11 10 0 13 7 0 12 0 9 5 0 1 1 0 1 1 0 2 0 1 0 0 2 2 0 0 0 0 1 0 6 4 0 9 9 0 9 1 0 2 10 0 9 0 9 13 0 7 10 0 9 10 0 9 0 8 2
1 1 2751
1 2 2591 160
2 1 2751
2 2 2751
2 3 2751
2 4 2751
2 5 2751
2 6 2751
2 7 2751
2 8 2751
2 9 2751
2 10 2751
2 11 285 213 0 118 74 0 54 57 0 42 55 0 47 0 43 56 0 56 76 0 58 58 0 64 0 52 59 0 59 54 0 41 45 0 44 0 43 35 0 34 34 0 40 45 0 36 0 36 40 0 32 40 0 36 29 0 38 0 31 30 0 31 26 0 26 17 0 15 12 0 16 0 12 9 0 5 4 0 9 0 0 6 0 4 6 0 2 8 0 17 0 0 6 0 8 8 0 11 10 0 13 7 0 12 0 9 5 0 1 1 0 1 1 0 2 0 1 0 0 2 2 0 0 0 0 1 0 6 4 0 9 9 0 9 1 0 2 10 0 9 0 9 13 0 7 10 0 9 10 0 9 0 8 2
1 1 2801
1 2 2641 160
2 1 2801
2 2 2801
2 3 2801
2 4 2801
2 5 2801
2 6 2801
2 7 2801
2 8 2801
2 9 2801
2 10 2801
2 11 285 213 0 118 74 0 54 57 0 42 55 0 47 0 44 62 0 65 83 0 70 63 0 73 0 53 59 0 59 54 0 41 45 0 44 0 43 35 0 34 34 0 40 45 0 36 0 36 40 0 32 40 0 36 29 0 38 0 31 30 0 31 26 0 26 17 0 15 12 0 16 0 12 9 0 5 4 0 9 0 0 6 0 4 6 0 2 8 0 17 0 0 6 0 8 8 0 11 10 0 13 7 0 12 0 9 5 0 1 1 0 1 1 0 2 0 1 0 0 2 2 0 0 0 0 1 0 6 4 0 9 9 0 9 1 0 2 10 0 9 0 9 13 0 7 10 0 9 10 0 9 0 8 2
1 1 2851
1 2 2691 160
2 1 2851
2 2 2851
2 3 2851
2 4 2851
2 5 2851
2 6 2851
2 7 2851
2 8 2851
2 9 2851
2 10 2851
2 11 294 219 0 124 75 0 58 60 0 48 57 0 53 0 49 64 0 65 83 0 70 63 0 73 0 53 59 0 59 54 0 41 45 0 44 0 43 35 0 34 34 0 40 45 0 36 0 36 40 0 32 40 0 36 29 0 38 0 31 30 0 31 26 0 26 17 0 15 12 0 16 0 12 9 0 5 4 0 9 0 0 6 0 4 6 0 2 8 0 17 0 0 6 0 8 8 0 11 10 0 13 7 0 12 0 9 5 0 1 1 0 1 1 0 2 0 1 0 0 2 2 0 0 0 0 1 0 6 4 0 9 9 0 9 1 0 2 10 0 9 0 9 13 0 7 10 0 9 10 0 9 0 8 2
1 1 2901
1 2 2741 160
2 1 2901
2 2 2901
2 3 2901
2 4 2901
2 5 2901
2 6 2901
2 7 2901
2 8 2901
2 9 2901
2 10 2901
2 11 311 232 0 132 77 0 59 60 0 48 59 0 54 0 49 65 0 65 85 0 71 64 0 73 0 53 60 0 59 54 0 41 45 0 44 0 43 35 0 34 34 0 40 45 0 36 0 36 40 0 32 40 0 36 29 0 38 0 31 30 0 31 26 0 26 17 0 15 12 0 16 0 12 9 0 5 4 0 9 0 0 6 0 4 6 0 2 8 0 17 0 0 6 0 8 8 0 11 10 0 13 7 0 12 0 9 5 0 1 1 0 1 1 0 2 0 1 0 0 2 2 0 0 0 0 1 0 6 4 0 9 9 0 9 1 0 2 10 0 9 0 9 13 0 7 10 0 9 10 0 9 0 8 2
1 1 2951
1 2 2791 160
2 1 2951
2 2 2951
2 3 2951
2 4 2951
2 5 2951
2 6 2951
2 7 2951
2 8 2951
2 9 2951
2 10 2951
2 11 311 232 0 132 77 0 59 60 0 48 59 0 54 0 49 65 0 67 92 0 80 72 0 80 0 65 64 0 60 54 0 41 45 0 44 0 43 35 0 34 34 0 40 45 0 36 0 36 40 0 32 40 0 36 29 0 38 0 31 30 0 31 26 0 26 17 0 15 12 0 16 0 12 9 0 5 4 0 9 0 0 6 0 4 6 0 2 8 0 17 0 0 6 0 8 8 0 11 10 0 13 7 0 12 0 9 5 0 1 1 0 1 1 0 2 0 1 0 0 2 2 0 0 0 0 1 0 6 4 0 9 9 0 9 1 0 2 10 0 9 0 9 13 0 7 10 0 9 10 0 9 0 8 2
1 1 3001
1 2 2841 160
2 1 3001
2 2 3001
2 3 3001
2 4 3001
2 5 3001
2 6 3001
2 7 3001
2 8 3001
2 9 3001
2 10 3001
2 11 317 239 0 132 81 0 62 62 0 54 64 0 62 0 51 66 0 72 93 0 80 72 0 80 0 65 64 0 60 54 0 41 45 0 44 0 43 35 0 34 34 0 40 45 0 36 0 36 40 0 32 40 0 36 29 0 38 0 31 30 0 31 26 0 26 17 0 15 12 0 16 0 12 9 0 5 4 0 9 0 0 6 0 4 6 0 2 8 0 17 0 0 6 0 8 8 0 11 10 0 13 7 0 12 0 9 5 0 1 1 0 1 1 0 2 0 1 0 0 2 2 0 0 0 0 1 0 6 4 0 9 9 0 9 1 0 2 10 0 9 0 9 13 0 7 10 0 9 10 0 9 0 8 2
1 1 3051
1 2 2891 160
2 1 3051
2 2 3051
2 3 3051
2 4 3051
2 5 3051
2 6 3051
2 7 3051
2 8 3051
2 9 3051
2 10 3051
2 11 335 247 0 139 84 0 64 63 0 54 65 0 63 0 51 69 0 72 94 0 81 72 0 81 0 65 65 0 61 54 0 42 45 0 44 0 43 35 0 34 34 0 40 45 0 36 0 36 40 0 32 40 0 36 29 0 38 0 31 30 0 31 26 0 26 17 0 15 12 0 16 0 12 9 0 5 4 0 9 0 0 6 0 4 6 0 2 8 0 17 0 0 6 0 8 8 0 11 10 0 13 7 0 12 0 9 5 0 1 1 0 1 1 0 2 0 1 0 0 2 2 0 0 0 0 1 0 6 4 0 9 9 0 9 1 0 2 10 0 9 0 9 13 0 7 10 0 9 10 0 9 0 8 2
1 1 3101
1 2 2941 160
2 1 3101
2 2 3101
2 3 3101
2 4 3101
2 5 3101
2 6 3101
2 7 3101
2 8 3101
2 9 3101
2 10 3101
2 11 335 247 0 139 84 0 64 63 0 54 65 0 63 0 51 69 0 72 94 0 81 72 0 81 0 66 77 0 69 63 0 51 52 0 48 0 43 35 0 34 34 0 40 45 0 36 0 36 40 0 32 40 0 36 29 0 38 0 31 30 0 31 26 0 26 17 0 15 12 0 16 0 12 9 0 5 4 0 9 0 0 6 0 4 6 0 2 8 0 17 0 0 6 0 8 8 0 11 10 0 13 7 0 12 0 9 5 0 1 1 0 1 1 0 2 0 1 0 0 2 2 0 0 0 0 1 0 6 4 0 9 9 0 9 1 0 2 10 0 9 0 9 13 0 7 10 0 9 10 0 9 0 8 2
1 1 3151
1 2 2991 160
2 1 3151
2 2 3151
2 3 3151
2 4 3151
2 5 3151
2 6 3151
2 7 3151
2 8 3151
2 9 3151
2 10 3151
2 11 335 247 0 139 84 0 64 63 0 54 67 0 67 0 58 77 0 72 99 0 89 77 0 87 0 71 77 0 69 63 0 51 52 0 48 0 43 35 0 34 34 0 40 45 0 36 0 36 40 0 32 40 0 36 29 0 38 0 31 30 0 31 26 0 26 17 0 15 12 0 16 0 12 9 0 5 4 0 9 0 0 6 0 4 6 0 2 8 0 17 0 0 6 0 8 8 0 11 10 0 13 7 0 12 0 9 5 0 1 1 0 1 1 0 2 0 1 0 0 2 2 0 0 0 0 1 0 6 4 0 9 9 0 9 1 0 2 10 0 9 0 9 13 0 7 10 0 9 10 0 9 0 8 2
1 1 3201
1 2 3041 160
2 1 3201
2 2 3201
2 3 3201
2 4 3201
2 5 3201
2 6 3201
2 7 3201
2 8 3201
2 9 3201
2 10 3201
2 11 340 262 0 150 89 0 67 65 0 56 70 0 68 0 58 79 0 72 100 0 89 77 0 87 0 71 77 0 69 63 0 51 52 0 48 0 43 35 0 34 34 0 40 45 0 36 0 36 40 0 32 40 0 36 29 0 38 0 31 30 0 31 26 0 26 17 0 15 12 0 16 0 12 9 0 5 4 0 9 0 0 6 0 4 6 0 2 8 0 17 0 0 6 0 8 8 0 11 10 0 13 7 0 12 0 9 5 0 1 1 0 1 1 0 2 0 1 0 0 2 2 0 0 0 0 1 0 6 4 0 9 9 0 9 1 0 2 10 0 9 0 9 13 0 7 10 0 9 10 0 9 0 8 2
1 1 3251
1 2 3091 160
2 1 3251
2 2 3251
2 3 3251
2 4 3251
2 5 3251
2 6 3251
2 7 3251
2 8 3251
2 9 3251
2 10 3251
2 11 340 262 0 150 89 0 67 65 0 56 75 0 78 0 65 87 0 87 102 0 92 77 0 87 0 71 77 0 69 63 0 51 52 0 48 0 43 35 0 34 34 0 40 45 0 36 0 36 40 0 32 40 0 36 29 0 38 0 31 30 0 31 26 0 26 17 0 15 12 0 16 0 12 9 0 5 4 0 9 0 0 6 0 4 6 0 2 8 0 17 0 0 6 0 8 8 0 11 10 0 13 7 0 12 0 9 5 0 1 1 0 1 1 0 2 0 1 0 0 2 2 0 0 0 0 1 0 6 4 0 9 9 0 9 1 0 2 10 0 9 0 9 13 0 7 10 0 9 10 0 9 0 8 2
1 1 3301
1 2 3141 160
2 1 3301
2 2 3301
2 3 3301
2 4 3301
2 5 3301
2 6 3301
2 7 3301
2 8 3301
2 9 3301
2 10 3301
2 11 354 272 0 156 91 0 71 68 0 63 79 0 78 0 65 87 0 87 102 0 92 77 0 87 0 71 77 0 69 63 0 51 52 0 48 0 43 35 0 34 34 0 40 45 0 36 0 36 40 0 32 40 0 36 29 0 38 0 31 30 0 31 26 0 26 17 0 15 12 0 16 0 12 9 0 5 4 0 9 0 0 6 0 4 6 0 2 8 0 17 0 0 6 0 8 8 0 11 10 0 13 7 0 12 0 9 5 0 1 1 0 1 1 0 2 0 1 0 0 2 2 0 0 0 0 1 0 6 4 0 9 9 0 9 1 0 2 10 0 9 0 9 13 0 7 10 0 9 10 0 9 0 8 2
1 1 3351
1 2 3191 160
2 1 3351
2 2 3351
2 3 3351
2 4 3351
2 5 3351
2 6 3351
2 7 3351
2 8 3351
2 9 3351
2 10 3351
2 11 374 281 0 166 95 0 72 70 0 64 80 0 78 0 66 87 0 88 102 0 92 77 0 87 0 71 77 0 69 63 0 51 52 0 48 0 43 35 0 34 34 0 40 45 0 36 0 36 40 0 32 40 0 36 29 0 38 0 31 30 0 31 26 0 26 17 0 15 12 0 16 0 12 9 0 5 4 0 9 0 0 6 0 4 6 0 2 8 0 17 0 0 6 0 8 8 0 11 10 0 13 7 0 12 0 9 5 0 1 1 0 1 1 0 2 0 1 0 0 2 2 0 0 0 0 1 0 6 4 0 9 9 0 9 1 0 2 10 0 9 0 9 13 0 7 10 0 9 10 0 9 0 8 2
1 1 3401
1 2 3241 160
2 1 3401
2 2 3401
2 3 3401
2 4 3401
2 5 3401
2 6 3401
2 7 3401
2 8 3401
2 9 3401
2 10 3401
2 11 374 281 0 166 95 0 72 70 0 64 80 0 78 0 66 87 0 88 103 0 93 77 0 87 0 71 79 0 69 64 0 51 52 0 48 0 45 44 0 44 39 0 51 53 0 36 0 36 40 0 32 40 0 36 29 0 38 0 31 30 0 31 26 0 26 17 0 15 12 0 16 0 12 9 0 5 4 0 9 0 0 6 0 4 6 0 2 8 0 17 0 0 6 0 8 8 0 11 10 0 13 7 0 12 0 9 5 0 1 1 0 1 1 0 2 0 1 0 0 2 2 0 0 0 0 1 0 6 4 0 9 9 0 9 1 0 2 10 0 9 0 9 13 0 7 10 0 9 10 0 9 0 8 2
1 1 3451
1 2 3291 160
2 1 3451
2 2 3451
2 3 3451
2 4 3451
2 5 3451
2 6 3451
2 7 3451
2 8 3451
2 9 3451
2 10 3451
2 11 374 281 0 166 95 0 72 70 0 64 80 0 78 0 66 87 0 88 103 0 93 78 0 89 0 75 86 0 74 71 0 54 58 0 53 0 54 45 0 44 39 0 51 53 0 36 0 36 40 0 32 40 0 36 29 0 38 0 31 30 0 31 26 0 26 17 0 15 12 0 16 0 12 9 0 5 4 0 9 0 0 6 0 4 6 0 2 8 0 17 0 0 6 0 8 8 0 11 10 0 13 7 0 12 0 9 5 0 1 1 0 1 1 0 2 0 1 0 0 2 2 0 0 0 0 1 0 6 4 0 9 9 0 9 1 0 2 10 0 9 0 9 13 0 7 10 0 9 10 0 9 0 8 2
1 1 3501
1 2 3341 160
2 1 3501
2 2 3501
2 3 3501
2 4 3501
2 5 3501
2 6 3501
2 7 3501
2 8 3501
2 9 3501
2 10 3501
2 11 394 293 0 170 96 0 74 70 0 67 80 0 80 0 67 88 0 90 104 0 94 78 0 89 0 75 86 0 74 71 0 54 58 0 53 0 54 45 0 44 39 0 51 53 0 36 0 36 40 0 32 40 0 36 29 0 38 0 31 30 0 31 26 0 26 17 0 15 12 0 16 0 12 9 0 5 4 0 9 0 0 6 0 4 6 0 2 8 0 17 0 0 6 0 8 8 0 11 10 0 13 7 0 12 0 9 5 0 1 1 0 1 1 0 2 0 1 0 0 2 2 0 0 0 0 1 0 6 4 0 9 9 0 9 1 0 2 10 0 9 0 9 13 0 7 10 0 9 10 0 9 0 8 2
1 1 3551
1 2 3391 160
2 1 3551
2 2 3551
2 3 3551
2 4 3551
2 5 3551
2 6 3551
2 7 3551
2 8 3551
2 9 3551
2 10 3551
2 11 394 295 0 174 97 0 76 71 0 68 80 0 82 0 68 88 0 90 105 0 95 79 0 89 0 75 87 0 75 71 0 55 58 0 54 0 57 52 0 56 45 0 52 53 0 36 0 36 40 0 32 40 0 36 29 0 38 0 31 30 0 31 26 0 26 17 0 15 12 0 16 0 12 9 0 5 4 0 9 0 0 6 0 4 6 0 2 8 0 17 0 0 6 0 8 8 0 11 10 0 13 7 0 12 0 9 5 0 1 1 0 1 1 0 2 0 1 0 0 2 2 0 0 0 0 1 0 6 4 0 9 9 0 9 1 0 2 10 0 9 0 9 13 0 7 10 0 9 10 0 9 0 8 2
1 1 3601
1 2 3441 160
2 1 3601
2 2 3601
2 3 3601
2 4 3601
2 5 3601
2 6 3601
2 7 3601
2 8 3601
2 9 3601
2 10 3601
2 11 394 295 0 174 97 0 76 71 0 68 80 0 82 0 68 88 0 90 105 0 95 80 0 91 0 78 92 0 78 79 0 61 66 0 63 0 62 52 0 56 45 0 52 53 0 36 0 36 40 0 32 40 0 36 29 0 38 0 31 30 0 31 26 0 26 17 0 15 12 0 16 0 12 9 0 5 4 0 9 0 0 6 0 4 6 0 2 8 0 17 0 0 6 0 8 8 0 11 10 0 13 7 0 12 0 9 5 0 1 1 0 1 1 0 2 0 1 0 0 2 2 0 0 0 0 1 0 6 4 0 9 9 0 9 1 0 2 10 0 9 0 9 13 0 7 10 0 9 10 0 9 0 8 2
1 1 3651
1 2 3491 160
2 1 3651
2 2 3651
2 3 3651
2 4 3651
2 5 3651
2 6 3651
2 7 3651
2 8 3651
2 9 3651
2 10 3651
2 11 405 300 0 175 99 0 77 74 0 70 81 0 84 0 70 89 0 93 106 0 97 86 0 95 0 80 93 0 78 79 0 61 66 0 63 0 62 52 0 56 45 0 52 53 0 36 0 36 40 0 32 40 0 36 29 0 38 0 31 30 0 31 26 0 26 17 0 15 12 0 16 0 12 9 0 5 4 0 9 0 0 6 0 4 6 0 2 8 0 17 0 0 6 0 8 8 0 11 10 0 13 7 0 12 0 9 5 0 1 1 0 1 1 0 2 0 1 0 0 2 2 0 0 0 0 1 0 6 4 0 9 9 0 9 1 0 2 10 0 9 0 9 13 0 7 10 0 9 10 0 9 0 8 2
1 1 3701
1 2 3540 161
2 1 3701
2 2 3701
2 3 3701
2 4 3701
2 5 3701
2 6 3701
2 7 3701
2 8 3701
2 9 3701
2 10 3701
2 11 416 312 0 179 100 0 79 74 0 71 82 0 85 0 71 90 0 94 107 0 97 87 0 96 0 81 94 0 78 79 0 62 67 0 63 0 62 53 0 62 45 0 52 53 0 36 0 36 40 0 32 40 0 36 29 0 38 0 31 30 0 31 26 0 26 17 0 15 12 0 16 0 12 9 0 5 4 0 9 0 0 6 0 4 6 0 2 8 0 17 0 0 6 0 8 8 0 11 10 0 13 7 0 12 0 9 5 0 1 1 0 1 1 0 2 0 1 0 0 2 2 0 0 0 0 1 0 6 4 0 9 9 0 9 1 0 2 10 0 9 0 9 13 0 7 10 0 9 10 0 9 0 8 2
1 1 3751
1 2 3590 161
2 1 3751
2 2 3751
2 3 3751
2 4 3751
2 5 3751
2 6 3751
2 7 3751
2 8 3751
2 9 3751
2 10 3751
2 11 416 312 0 179 100 0 79 74 0 71 82 0 85 0 71 90 0 94 107 0 97 87 0 96 0 81 94 0 80 84 0 70 77 0 69 0 73 60 0 63 45 0 52 53 0 36 0 36 40 0 32 40 0 36 29 0 38 0 31 30 0 31 26 0 26 17 0 15 12 0 16 0 12 9 0 5 4 0 9 0 0 6 0 4 6 0 2 8 0 17 0 0 6 0 8 8 0 11 10 0 13 7 0 12 0 9 5 0 1 1 0 1 1 0 2 0 1 0 0 2 2 0 0 0 0 1 0 6 4 0 9 9 0 9 1 0 2 10 0 9 0 9 13 0 7 10 0 9 10 0 9 0 8 2
1 1 3801
1 2 3640 161
2 1 3801
2 2 3801
2 3 3801
2 4 3801
2 5 3801
2 6 3801
2 7 3801
2 8 3801
2 9 3801
2 10 3801
2 11 417 315 0 179 102 0 80 75 0 73 83 0 86 0 74 91 0 97 108 0 98 92 0 105 0 87 99 0 83 85 0 70 77 0 69 0 73 60 0 63 45 0 52 53 0 36 0 36 40 0 32 40 0 36 29 0 38 0 31 30 0 31 26 0 26 17 0 15 12 0 16 0 12 9 0 5 4 0 9 0 0 6 0 4 6 0 2 8 0 17 0 0 6 0 8 8 0 11 10 0 13 7 0 12 0 9 5 0 1 1 0 1 1 0 2 0 1 0 0 2 2 0 0 0 0 1 0 6 4 0 9 9 0 9 1 0 2 10 0 9 0 9 13 0 7 10 0 9 10 0 9 0 8 2
1 1 3851
1 2 3689 162
2 1 3851
2 2 3851
2 3 3851
2 4 3851
2 5 3851
2 6 3851
2 7 3851
2 8 3851
2 9 3851
2 10 3851
2 11 432 330 0 183 103 0 82 76 0 73 85 0 86 0 75 91 0 98 109 0 98 93 0 107 0 87 99 0 84 86 0 70 78 0 69 0 73 61 0 63 45 0 52 53 0 36 0 36 40 0 32 40 0 36 29 0 38 0 31 30 0 31 26 0 26 17 0 15 12 0 16 0 12 9 0 5 4 0 9 0 0 6 0 4 6 0 2 8 0 17 0 0 6 0 8 8 0 11 10 0 13 7 0 12 0 9 5 0 1 1 0 1 1 0 2 0 1 0 0 2 2 0 0 0 0 1 0 6 4 0 9 9 0 9 1 0 2 10 0 9 0 9 13 0 7 10 0 9 10 0 9 0 8 2
1 1 3901
1 2 3739 162
2 1 3901
2 2 3901
2 3 3901
2 4 3901
2 5 3901
2 6 3901
2 7 3901
2 8 3901
2 9 3901
2 10 3901
2 11 432 330 0 183 103 0 82 76 0 73 85 0 86 0 75 91 0 98 109 0 98 93 0 107 0 87 100 0 92 92 0 81 86 0 78 0 80 61 0 63 45 0 52 53 0 36 0 36 40 0 32 40 0 36 29 0 38 0 31 30 0 31 26 0 26 17 0 15 12 0 16 0 12 9 0 5 4 0 9 0 0 6 0 4 6 0 2 8 0 17 0 0 6 0 8 8 0 11 10 0 13 7 0 12 0 9 5 0 1 1 0 1 1 0 2 0 1 0 0 2 2 0 0 0 0 1 0 6 4 0 9 9 0 9 1 0 2 10 0 9 0 9 13 0 7 10 0 9 10 0 9 0 8 2
1 1 3951
1 2 3789 162
2 1 3951
2 2 3951
2 3 3951
2 4 3951
2 5 3951
2 6 3951
2 7 3951
2 8 3951
2 9 3951
2 10 3951
2 11 432 330 0 183 104 0 83 78 0 76 86 0 86 0 79 91 0 101 116 0 105 99 0 110 0 93 104 0 94 92 0 81 86 0 78 0 80 61 0 63 45 0 52 53 0 36 0 36 40 0 32 40 0 36 29 0 38 0 31 30 0 31 26 0 26 17 0 15 12 0 16 0 12 9 0 5 4 0 9 0 0 6 0 4 6 0 2 8 0 17 0 0 6 0 8 8 0 11 10 0 13 7 0 12 0 9 5 0 1 1 0 1 1 0 2 0 1 0 0 2 2 0 0 0 0 1 0 6 4 0 9 9 0 9 1 0 2 10 0 9 0 9 13 0 7 10 0 9 10 0 9 0 8 2
1 1 4001
1 2 3839 162
2 1 4001
2 2 4001
2 3 4001
2 4 4001
2 5 4001
2 6 4001
2 7 4001
2 8 4001
2 9 4001
2 10 4001
2 11 450 345 0 190 107 0 86 78 0 78 86 0 88 0 79 91 0 101 116 0 105 99 0 110 0 93 104 0 94 92 0 81 86 0 78 0 80 61 0 63 45 0 52 53 0 36 0 36 40 0 32 40 0 36 29 0 38 0 31 30 0 31 26 0 26 17 0 15 12 0 16 0 12 9 0 5 4 0 9 0 0 6 0 4 6 0 2 8 0 17 0 0 6 0 8 8 0 11 10 0 13 7 0 12 0 9 5 0 1 1 0 1 1 0 2 0 1 0 0 2 2 0 0 0 0 1 0 6 4 0 9 9 0 9 1 0 2 10 0 9 0 9 13 0 7 10 0 9 10 0 9 0 8 2
1 1 4051
1 2 3889 162
2 1 4051
2 2 4051
2 3 4051
2 4 4051
2 5 4051
2 6 4051
2 7 4051
2 8 4051
2 9 4051
2 10 4051
2 11 450 345 0 190 107 0 86 78 0 78 86 0 88 0 80 92 0 101 117 0 106 99 0 110 0 94 108 0 104 101 0 91 94 0 82 0 80 61 0 63 45 0 52 53 0 36 0 36 40 0 32 40 0 36 29 0 38 0 31 30 0 31 26 0 26 17 0 15 12 0 16 0 12 9 0 5 4 0 9 0 0 6 0 4 6 0 2 8 0 17 0 0 6 0 8 8 0 11 10 0 13 7 0 12 0 9 5 0 1 1 0 1 1 0 2 0 1 0 0 2 2 0 0 0 0 1 0 6 4 0 9 9 0 9 1 0 2 10 0 9 0 9 13 0 7 10 0 9 10 0 9 0 8 2
1 1 4101
1 2 3939 162
2 1 4101
2 2 4101
2 3 4101
2 4 4101
2 5 4101
2 6 4101
2 7 4101
2 8 4101
2 9 4101
2 10 4101
2 11 450 345 0 190 107 0 86 79 0 80 89 0 90 0 83 96 0 104 122 0 112 102 0 116 0 102 112 0 104 101 0 91 94 0 82 0 80 61 0 63 45 0 52 53 0 36 0 36 40 0 32 40 0 36 29 0 38 0 31 30 0 31 26 0 26 17 0 15 12 0 16 0 12 9 0 5 4 0 9 0 0 6 0 4 6 0 2 8 0 17 0 0 6 0 8 8 0 11 10 0 13 7 0 12 0 9 5 0 1 1 0 1 1 0 2 0 1 0 0 2 2 0 0 0 0 1 0 6 4 0 9 9 0 9 1 0 2 10 0 9 0 9 13 0 7 10 0 9 10 0 9 0 8 2
1 1 4151
1 2 3989 162
2 1 4151
2 2 4151
2 3 4151
2 4 4151
2 5 4151
2 6 4151
2 7 4151
2 8 4151
2 9 4151
2 10 4151
2 11 468 362 0 202 108 0 87 80 0 80 89 0 90 0 83 96 0 104 122 0 112 102 0 116 0 102 112 0 104 101 0 91 94 0 82 0 80 61 0 63 45 0 52 53 0 36 0 36 40 0 32 40 0 36 29 0 38 0 31 30 0 31 26 0 26 17 0 15 12 0 16 0 12 9 0 5 4 0 9 0 0 6 0 4 6 0 2 8 0 17 0 0 6 0 8 8 0 11 10 0 13 7 0 12 0 9 5 0 1 1 0 1 1 0 2 0 1 0 0 2 2 0 0 0 0 1 0 6 4 0 9 9 0 9 1 0 2 10 0 9 0 9 13 0 7 10 0 9 10 0 9 0 8 2
1 1 4201
1 2 4039 162
2 1 4201
2 2 4201
2 3 4201
2 4 4201
2 5 4201
2 6 4201
2 7 4201
2 8 4201
2 9 4201
2 10 4201
2 11 468 362 0 203 109 0 89 81 0 80 90 0 92 0 83 96 0 105 123 0 113 102 0 117 0 108 123 0 116 107 0 94 94 0 82 0 80 61 0 63 45 0 52 53 0 36 0 36 40 0 32 40 0 36 29 0 38 0 31 30 0 31 26 0 26 17 0 15 12 0 16 0 12 9 0 5 4 0 9 0 0 6 0 4 6 0 2 8 0 17 0 0 6 0 8 8 0 11 10 0 13 7 0 12 0 9 5 0 1 1 0 1 1 0 2 0 1 0 0 2 2 0 0 0 0 1 0 6 4 0 9 9 0 9 1 0 2 10 0 9 0 9 13 0 7 10 0 9 10 0 9 0 8 2
1 1 4251
1 2 4089 162
2 1 4251
2 2 4251
2 3 4251
2 4 4251
2 5 4251
2 6 4251
2 7 4251
2 8 4251
2 9 4251
2 10 4251
2 11 468 362 0 203 109 0 89 81 0 81 90 0 99 0 86 101 0 112 128 0 120 110 0 122 0 110 123 0 116 107 0 94 94 0 82 0 80 61 0 63 45 0 52 53 0 36 0 36 40 0 32 40 0 36 29 0 38 0 31 30 0 31 26 0 26 17 0 15 12 0 16 0 12 9 0 5 4 0 9 0 0 6 0 4 6 0 2 8 0 17 0 0 6 0 8 8 0 11 10 0 13 7 0 12 0 9 5 0 1 1 0 1 1 0 2 0 1 0 0 2 2 0 0 0 0 1 0 6 4 0 9 9 0 9 1 0 2 10 0 9 0 9 13 0 7 10 0 9 10 0 9 0 8 2
1 1 4301
1 2 4139 162
2 1 4301
2 2 4301
2 3 4301
2 4 4301
2 5 4301
2 6 4301
2 7 4301
2 8 4301
2 9 4301
2 10 4301
2 11 493 377 0 205 113 0 90 82 0 82 91 0 99 0 86 101 0 112 128 0 120 110 0 122 0 110 123 0 116 107 0 94 94 0 82 0 80 61 0 63 45 0 52 53 0 36 0 36 40 0 32 40 0 36 29 0 38 0 31 30 0 31 26 0 26 17 0 15 12 0 16 0 12 9 0 5 4 0 9 0 0 6 0 4 6 0 2 8 0 17 0 0 6 0 8 8 0 11 10 0 13 7 0 12 0 9 5 0 1 1 0 1 1 0 2 0 1 0 0 2 2 0 0 0 0 1 0 6 4 0 9 9 0 9 1 0 2 10 0 9 0 9 13 0 7 10 0 9 10 0 9 0 8 2
1 1 4351
1 2 4189 162
2 1 4351
2 2 4351
2 3 4351
2 4 4351
2 5 4351
2 6 4351
2 7 4351
2 8 4351
2 9 4351
2 10 4351
2 11 494 380 0 207 114 0 90 85 0 85 91 0 100 0 88 101 0 112 130 0 120 110 0 123 0 111 123 0 117 107 0 94 94 0 83 0 80 62 0 63 45 0 53 57 0 44 0 44 46 0 32 40 0 36 29 0 38 0 31 30 0 31 26 0 26 17 0 15 12 0 16 0 12 9 0 5 4 0 9 0 0 6 0 4 6 0 2 8 0 17 0 0 6 0 8 8 0 11 10 0 13 7 0 12 0 9 5 0 1 1 0 1 1 0 2 0 1 0 0 2 2 0 0 0 0 1 0 6 4 0 9 9 0 9 1 0 2 10 0 9 0 9 13 0 7 10 0 9 10 0 9 0 8 2
1 1 4401
1 2 4239 162
2 1 4401
2 2 4401
2 3 4401
2 4 4401
2 5 4401
2 6 4401
2 7 4401
2 8 4401
2 9 4401
2 10 4401
2 11 494 380 0 207 114 0 90 85 0 85 91 0 100 0 88 101 0 112 130 0 120 110 0 123 0 111 123 0 117 107 0 94 98 0 90 0 86 65 0 71 51 0 63 63 0 44 0 44 46 0 32 40 0 36 29 0 38 0 31 30 0 31 26 0 26 17 0 15 12 0 16 0 12 9 0 5 4 0 9 0 0 6 0 4 6 0 2 8 0 17 0 0 6 0 8 8 0 11 10 0 13 7 0 12 0 9 5 0 1 1 0 1 1 0 2 0 1 0 0 2 2 0 0 0 0 1 0 6 4 0 9 9 0 9 1 0 2 10 0 9 0 9 13 0 7 10 0 9 10 0 9 0 8 2
1 1 4451
1 2 4289 162
2 1 4451
2 2 4451
2 3 4451
2 4 4451
2 5 4451
2 6 4451
2 7 4451
2 8 4451
2 9 4451
2 10 4451
2 11 500 383 0 210 116 0 90 87 0 86 92 0 102 0 89 101 0 114 130 0 121 113 0 123 0 113 124 0 120 112 0 102 101 0 91 0 86 65 0 71 51 0 63 63 0 44 0 44 46 0 32 40 0 36 29 0 38 0 31 30 0 31 26 0 26 17 0 15 12 0 16 0 12 9 0 5 4 0 9 0 0 6 0 4 6 0 2 8 0 17 0 0 6 0 8 8 0 11 10 0 13 7 0 12 0 9 5 0 1 1 0 1 1 0 2 0 1 0 0 2 2 0 0 0 0 1 0 6 4 0 9 9 0 9 1 0 2 10 0 9 0 9 13 0 7 10 0 9 10 0 9 0 8 2
1 1 4501
1 2 4339 162
2 1 4501
2 2 4501
2 3 4501
2 4 4501
2 5 4501
2 6 4501
2 7 4501
2 8 4501
2 9 4501
2 10 4501
2 11 508 386 0 216 119 0 93 89 0 87 93 0 104 0 89 102 0 115 130 0 122 113 0 123 0 114 125 0 121 112 0 102 104 0 98 0 90 66 0 71 51 0 63 63 0 44 0 44 46 0 32 40 0 36 29 0 38 0 31 30 0 31 26 0 26 17 0 15 12 0 16 0 12 9 0 5 4 0 9 0 0 6 0 4 6 0 2 8 0 17 0 0 6 0 8 8 0 11 10 0 13 7 0 12 0 9 5 0 1 1 0 1 1 0 2 0 1 0 0 2 2 0 0 0 0 1 0 6 4 0 9 9 0 9 1 0 2 10 0 9 0 9 13 0 7 10 0 9 10 0 9 0 8 2
1 1 4551
1 2 4389 162
2 1 4551
2 2 4551
2 3 4551
2 4 4551
2 5 4551
2 6 4551
2 7 4551
2 8 4551
2 9 4551
2 10 4551
2 11 508 386 0 216 119 0 93 89 0 87 93 0 104 0 89 102 0 115 130 0 122 114 0 125 0 118 132 0 128 122 0 110 112 0 101 0 90 66 0 71 51 0 63 63 0 44 0 44 46 0 32 40 0 36 29 0 38 0 31 30 0 31 26 0 26 17 0 15 12 0 16 0 12 9 0 5 4 0 9 0 0 6 0 4 6 0 2 8 0 17 0 0 6 0 8 8 0 11 10 0 13 7 0 12 0 9 5 0 1 1 0 1 1 0 2 0 1 0 0 2 2 0 0 0 0 1 0 6 4 0 9 9 0 9 1 0 2 10 0 9 0 9 13 0 7 10 0 9 10 0 9 0 8 2
1 1 4601
1 2 4439 162
2 1 4601
2 2 4601
2 3 4601
2 4 4601
2 5 4601
2 6 4601
2 7 4601
2 8 4601
2 9 4601
2 10 4601
2 11 522 392 0 218 119 0 94 89 0 89 97 0 104 0 90 104 0 118 132 0 128 119 0 127 0 118 132 0 128 122 0 110 112 0 101 0 90 66 0 71 51 0 63 63 0 44 0 44 46 0 32 40 0 36 29 0 38 0 31 30 0 31 26 0 26 17 0 15 12 0 16 0 12 9 0 5 4 0 9 0 0 6 0 4 6 0 2 8 0 17 0 0 6 0 8 8 0 11 10 0 13 7 0 12 0 9 5 0 1 1 0 1 1 0 2 0 1 0 0 2 2 0 0 0 0 1 0 6 4 0 9 9 0 9 1 0 2 10 0 9 0 9 13 0 7 10 0 9 10 0 9 0 8 2
1 1 4651
1 2 4489 162
2 1 4651
2 2 4651
2 3 4651
2 4 4651
2 5 4651
2 6 4651
2 7 4651
2 8 4651
2 9 4651
2 10 4651
2 11 530 402 0 221 123 0 97 89 0 91 99 0 104 0 91 105 0 118 132 0 129 119 0 128 0 120 132 0 128 122 0 110 114 0 101 0 90 66 0 72 52 0 63 63 0 44 0 45 46 0 33 46 0 36 29 0 38 0 31 30 0 31 26 0 26 17 0 15 12 0 16 0 12 9 0 5 4 0 9 0 0 6 0 4 6 0 2 8 0 17 0 0 6 0 8 8 0 11 10 0 13 7 0 12 0 9 5 0 1 1 0 1 1 0 2 0 1 0 0 2 2 0 0 0 0 1 0 6 4 0 9 9 0 9 1 0 2 10 0 9 0 9 13 0 7 10 0 9 10 0 9 0 8 2
1 1 4701
1 2 4539 162
2 1 4701
2 2 4701
2 3 4701
2 4 4701
2 5 4701
2 6 4701
2 7 4701
2 8 4701
2 9 4701
2 10 4701
2 11 530 402 0 221 123 0 97 89 0 91 99 0 104 0 91 105 0 118 132 0 129 119 0 128 0 120 132 0 128 122 0 110 114 0 101 0 90 66 0 72 52 0 71 70 0 52 0 55 53 0 43 46 0 36 29 0 38 0 31 30 0 31 26 0 26 17 0 15 12 0 16 0 12 9 0 5 4 0 9 0 0 6 0 4 6 0 2 8 0 17 0 0 6 0 8 8 0 11 10 0 13 7 0 12 0 9 5 0 1 1 0 1 1 0 2 0 1 0 0 2 2 0 0 0 0 1 0 6 4 0 9 9 0 9 1 0 2 10 0 9 0 9 13 0 7 10 0 9 10 0 9 0 8 2
1 1 4751
1 2 4589 162
2 1 4751
2 2 4751
2 3 4751
2 4 4751
2 5 4751
2 6 4751
2 7 4751
2 8 4751
2 9 4751
2 10 4751
2 11 532 402 0 224 123 0 97 91 0 92 99 0 105 0 92 105 0 119 133 0 130 120 0 129 0 121 132 0 131 125 0 113 115 0 102 0 95 70 0 77 61 0 71 70 0 52 0 55 53 0 43 46 0 36 29 0 38 0 31 30 0 31 26 0 26 17 0 15 12 0 16 0 12 9 0 5 4 0 9 0 0 6 0 4 6 0 2 8 0 17 0 0 6 0 8 8 0 11 10 0 13 7 0 12 0 9 5 0 1 1 0 1 1 0 2 0 1 0 0 2 2 0 0 0 0 1 0 6 4 0 9 9 0 9 1 0 2 10 0 9 0 9 13 0 7 10 0 9 10 0 9 0 8 2
1 1 4801
1 2 4639 162
2 1 4801
2 2 4801
2 3 4801
2 4 4801
2 5 4801
2 6 4801
2 7 4801
2 8 4801
2 9 4801
2 10 4801
2 11 561 417 0 230 123 0 97 91 0 92 99 0 105 0 92 105 0 119 133 0 130 120 0 129 0 121 132 0 131 125 0 113 115 0 102 0 95 70 0 77 61 0 71 70 0 52 0 55 53 0 43 46 0 36 29 0 38 0 31 30 0 31 26 0 26 17 0 15 12 0 16 0 12 9 0 5 4 0 9 0 0 6 0 4 6 0 2 8 0 17 0 0 6 0 8 8 0 11 10 0 13 7 0 12 0 9 5 0 1 1 0 1 1 0 2 0 1 0 0 2 2 0 0 0 0 1 0 6 4 0 9 9 0 9 1 0 2 10 0 9 0 9 13 0 7 10 0 9 10 0 9 0 8 2
1 1 4851
1 2 4689 162
2 1 4851
2 2 4851
2 3 4851
2 4 4851
2 5 4851
2 6 4851
2 7 4851
2 8 4851
2 9 4851
2 10 4851
2 11 561 417 0 231 125 0 98 92 0 94 101 0 105 0 94 106 0 119 134 0 131 120 0 130 0 121 133 0 131 125 0 114 116 0 102 0 95 71 0 77 61 0 72 70 0 52 0 56 53 0 43 47 0 36 29 0 39 0 31 31 0 31 26 0 27 17 0 15 12 0 17 0 12 9 0 6 4 0 10 0 0 6 0 5 6 0 2 8 0 17 0 0 13 0 15 15 0 11 10 0 13 7 0 12 0 9 5 0 1 1 0 1 1 0 2 0 1 0 0 2 2 0 0 0 0 1 0 6 4 0 9 9 0 9 1 0 2 10 0 9 0 9 13 0 7 10 0 9 10 0 9 0 8 2
1 1 4901
1 2 4739 162
2 1 4901
2 2 4901
2 3 4901
2 4 4901
2 5 4901
2 6 4901
2 7 4901
2 8 4901
2 9 4901
2 10 4901
2 11 561 417 0 231 125 0 98 92 0 94 101 0 105 0 94 106 0 119 134 0 131 120 0 130 0 121 133 0 131 125 0 114 116 0 102 0 95 71 0 77 61 0 72 70 0 52 0 56 53 0 43 47 0 36 29 0 39 0 31 31 0 31 26 0 27 17 0 15 12 0 17 0 12 9 0 6 4 0 10 0 0 6 0 6 16 0 10 16 0 28 8 0 17 0 15 15 0 11 10 0 13 7 0 12 0 9 5 0 1 1 0 1 1 0 2 0 1 0 0 2 2 0 0 0 0 1 0 6 4 0 9 9 0 9 1 0 2 10 0 9 0 9 13 0 7 10 0 9 10 0 9 0 8 2
1 1 4951
1 2 4789 162
2 1 4951
2 2 4951
2 3 4951
2 4 4951
2 5 4951
2 6 4951
2 7 4951
2 8 4951
2 9 4951
2 10 4951
2 11 561 417 0 231 125 0 98 92 0 94 101 0 105 0 94 106 0 119 134 0 131 120 0 130 0 121 133 0 131 125 0 114 116 0 102 0 95 71 0 77 61 0 72 70 0 52 0 56 53 0 43 47 0 36 29 0 40 0 31 33 0 31 28 0 27 20 0 15 14 0 18 0 14 14 0 8 10 0 16 7 0 11 0 11 17 0 10 16 0 28 8 0 17 0 15 15 0 11 10 0 13 7 0 12 0 9 5 0 1 1 0 1 1 0 2 0 1 0 0 2 2 0 0 0 0 1 0 6 4 0 9 9 0 9 1 0 2 10 0 9 0 9 13 0 7 10 0 9 10 0 9 0 8 2
1 1 5001
1 2 4839 162
2 1 5001
2 2 5001
2 3 5001
2 4 5001
2 5 5001
2 6 5001
2 7 5001
2 8 5001
2 9 5001
2 10 5001
2 11 571 418 0 236 126 0 100 92 0 96 101 0 106 0 95 108 0 120 134 0 133 120 0 131 0 122 134 0 132 126 0 116 117 0 102 0 96 72 0 79 61 0 74 71 0 53 0 56 54 0 44 48 0 37 30 0 41 0 31 33 0 31 28 0 27 20 0 15 14 0 18 0 14 14 0 8 10 0 16 7 0 11 0 11 17 0 10 16 0 28 8 0 17 0 15 15 0 11 10 0 13 7 0 12 0 9 5 0 1 1 0 1 1 0 2 0 1 0 0 2 2 0 0 0 0 1 0 6 4 0 9 9 0 9 1 0 2 10 0 9 0 9 13 0 7 10 0 9 10 0 9 0 8 2
1 1 5051
1 2 4889 162
2 1 5051
2 2 5051
2 3 5051
2 4 5051
2 5 5051
2 6 5051
2 7 5051
2 8 5051
2 9 5051
2 10 5051
2 11 576 426 0 240 127 0 103 94 0 96 103 0 106 0 96 109 0 121 134 0 134 120 0 132 0 122 135 0 133 126 0 116 117 0 103 0 96 72 0 80 61 0 74 72 0 53 0 57 54 0 44 49 0 37 31 0 41 0 31 33 0 32 28 0 27 21 0 15 15 0 18 0 15 14 0 8 11 0 22 8 0 11 0 11 17 0 10 16 0 28 8 0 17 0 15 15 0 11 10 0 13 7 0 12 0 9 5 0 1 1 0 1 1 0 2 0 1 0 0 2 2 0 0 0 0 1 0 6 4 0 9 9 0 9 1 0 2 10 0 9 0 9 13 0 7 10 0 9 10 0 9 0 8 2
1 1 5101
1 2 4939 162
2 1 5101
2 2 5101
2 3 5101
2 4 5101
2 5 5101
2 6 5101
2 7 5101
2 8 5101
2 9 5101
2 10 5101
2 11 576 426 0 240 127 0 103 94 0 96 103 0 106 0 96 109 0 121 134 0 134 120 0 132 0 122 135 0 133 126 0 116 117 0 103 0 96 72 0 80 61 0 74 72 0 53 0 57 54 0 44 49 0 37 31 0 41 0 31 33 0 32 28 0 27 21 0 15 20 0 28 0 23 22 0 17 18 0 25 8 0 11 0 11 17 0 10 16 0 28 8 0 17 0 15 15 0 11 10 0 13 7 0 12 0 9 5 0 1 1 0 1 1 0 2 0 1 0 0 2 2 0 0 0 0 1 0 6 4 0 9 9 0 9 1 0 2 10 0 9 0 9 13 0 7 10 0 9 10 0 9 0 8 2
1 1 5151
1 2 4989 162
2 1 5151
2 2 5151
2 3 5151
2 4 5151
2 5 5151
2 6 5151
2 7 5151
2 8 5151
2 9 5151
2 10 5151
2 11 576 426 0 240 127 0 103 94 0 96 103 0 106 0 96 109 0 121 134 0 134 120 0 132 0 122 135 0 133 126 0 116 117 0 103 0 96 72 0 80 61 0 74 72 0 53 0 57 55 0 44 52 0 40 34 0 44 0 34 36 0 39 31 0 29 29 0 23 23 0 28 0 23 22 0 17 18 0 25 8 0 11 0 11 17 0 10 16 0 28 8 0 17 0 15 15 0 11 10 0 13 7 0 12 0 9 5 0 1 1 0 1 1 0 2 0 1 0 0 2 2 0 0 0 0 1 0 6 4 0 9 9 0 9 1 0 2 10 0 9 0 9 13 0 7 10 0 9 10 0 9 0 8 2
1 1 5201
1 2 5039 162
2 1 5201
2 2 5201
2 3 5201
2 4 5201
2 5 5201
2 6 5201
2 7 5201
2 8 5201
2 9 5201
2 10 5201
2 11 584 431 0 241 128 0 105 95 0 96 105 0 107 0 97 110 0 122 136 0 134 121 0 133 0 124 136 0 134 128 0 117 119 0 104 0 96 74 0 81 64 0 74 74 0 55 0 58 55 0 45 52 0 40 34 0 44 0 34 36 0 39 31 0 29 29 0 23 23 0 28 0 23 22 0 17 18 0 25 8 0 11 0 11 17 0 10 16 0 28 8 0 17 0 15 15 0 11 10 0 13 7 0 12 0 9 5 0 1 1 0 1 1 0 2 0 1 0 0 2 2 0 0 0 0 1 0 6 4 0 9 9 0 9 1 0 2 10 0 9 0 9 13 0 7 10 0 9 10 0 9 0 8 2
1 1 5251
1 2 5089 162
2 1 5251
2 2 5251
2 3 5251
2 4 5251
2 5 5251
2 6 5251
2 7 5251
2 8 5251
2 9 5251
2 10 5251
2 11 593 438 0 244 131 0 105 98 0 96 108 0 107 0 98 111 0 123 136 0 135 122 0 134 0 124 136 0 135 128 0 117 120 0 104 0 97 75 0 81 64 0 75 74 0 55 0 59 55 0 45 53 0 40 34 0 45 0 34 37 0 39 31 0 29 30 0 23 27 0 30 0 23 22 0 17 18 0 25 8 0 11 0 11 17 0 10 16 0 28 8 0 17 0 15 15 0 11 10 0 13 7 0 12 0 9 5 0 1 1 0 1 1 0 2 0 1 0 0 2 2 0 0 0 0 1 0 6 4 0 9 9 0 9 1 0 2 10 0 9 0 9 13 0 7 10 0 9 10 0 9 0 8 2
1 1 5301
1 2 5139 162
2 1 5301
2 2 5301
2 3 5301
2 4 5301
2 5 5301
2 6 5301
2 7 5301
2 8 5301
2 9 5301
2 10 5301
2 11 593 438 0 244 131 0 105 98 0 96 108 0 107 0 98 111 0 123 136 0 135 122 0 134 0 124 136 0 135 128 0 117 120 0 104 0 97 75 0 81 64 0 75 74 0 55 0 59 55 0 45 53 0 40 34 0 45 0 34 41 0 44 40 0 38 39 0 31 33 0 30 0 23 22 0 17 18 0 25 8 0 11 0 11 17 0 10 16 0 28 8 0 17 0 15 15 0 11 10 0 13 7 0 12 0 9 5 0 1 1 0 1 1 0 2 0 1 0 0 2 2 0 0 0 0 1 0 6 4 0 9 9 0 9 1 0 2 10 0 9 0 9 13 0 7 10 0 9 10 0 9 0 8 2
1 1 5351
1 2 5189 162
2 1 5351
2 2 5351
2 3 5351
2 4 5351
2 5 5351
2 6 5351
2 7 5351
2 8 5351
2 9 5351
2 10 5351
2 11 593 438 0 244 131 0 105 98 0 96 108 0 107 0 98 111 0 123 136 0 135 122 0 134 0 124 136 0 135 128 0 117 120 0 104 0 97 75 0 81 64 0 76 74 0 57 0 65 59 0 48 62 0 44 40 0 48 0 43 44 0 44 40 0 38 39 0 31 33 0 30 0 23 22 0 17 18 0 25 8 0 11 0 11 17 0 10 16 0 28 8 0 17 0 15 15 0 11 10 0 13 7 0 12 0 9 5 0 1 1 0 1 1 0 2 0 1 0 0 2 2 0 0 0 0 1 0 6 4 0 9 9 0 9 1 0 2 10 0 9 0 9 13 0 7 10 0 9 10 0 9 0 8 2
1 1 5401
1 2 5239 162
2 1 5401
2 2 5401
2 3 5401
2 4 5401
2 5 5401
2 6 5401
2 7 5401
2 8 5401
2 9 5401
2 10 5401
2 11 593 440 0 245 137 0 108 101 0 98 111 0 107 0 101 113 0 125 137 0 137 122 0 136 0 126 137 0 137 130 0 117 123 0 105 0 98 76 0 83 65 0 77 75 0 57 0 65 59 0 48 62 0 44 40 0 48 0 43 44 0 44 40 0 38 39 0 31 33 0 30 0 23 22 0 17 18 0 25 8 0 11 0 11 17 0 10 16 0 28 8 0 17 0 15 15 0 11 10 0 13 7 0 12 0 9 5 0 1 1 0 1 1 0 2 0 1 0 0 2 2 0 0 0 0 1 0 6 4 0 9 9 0 9 1 0 2 10 0 9 0 9 13 0 7 10 0 9 10 0 9 0 8 2
1 1 5451
1 2 5289 162
2 1 5451
2 2 5451
2 3 5451
2 4 5451
2 5 5451
2 6 5451
2 7 5451
2 8 5451
2 9 5451
2 10 5451
2 11 593 440 0 250 139 0 110 103 0 100 111 0 108 0 102 115 0 125 138 0 138 123 0 136 0 126 138 0 138 135 0 128 131 0 109 0 98 76 0 83 65 0 77 75 0 57 0 65 59 0 48 62 0 44 40 0 48 0 43 44 0 44 40 0 38 39 0 31 33 0 30 0 23 22 0 17 18 0 25 8 0 11 0 11 17 0 10 16 0 28 8 0 17 0 15 15 0 11 10 0 13 7 0 12 0 9 5 0 1 1 0 1 1 0 2 0 1 0 0 2 2 0 0 0 0 1 0 6 4 0 9 9 0 9 1 0 2 10 0 9 0 9 13 0 7 10 0 9 10 0 9 0 8 2
1 1 5501
1 2 5339 162
2 1 5501
2 2 5501
2 3 5501
2 4 5501
2 5 5501
2 6 5501
2 7 5501
2 8 5501
2 9 5501
2 10 5501
2 11 593 440 0 250 139 0 110 103 0 100 111 0 108 0 102 116 0 125 147 0 145 126 0 142 0 132 145 0 147 137 0 128 131 0 109 0 98 76 0 83 65 0 77 75 0 57 0 65 59 0 48 62 0 44 40 0 48 0 43 44 0 44 40 0 38 39 0 31 33 0 30 0 23 22 0 17 18 0 25 8 0 11 0 11 17 0 10 16 0 28 8 0 17 0 15 15 0 11 10 0 13 7 0 12 0 9 5 0 1 1 0 1 1 0 2 0 1 0 0 2 2 0 0 0 0 1 0 6 4 0 9 9 0 9 1 0 2 10 0 9 0 9 13 0 7 10 0 9 10 0 9 0 8 2
1 1 5551
1 2 5389 162
2 1 5551
2 2 5551
2 3 5551
2 4 5551
2 5 5551
2 6 5551
2 7 5551
2 8 5551
2 9 5551
2 10 5551
2 11 615 447 0 253 139 0 113 104 0 102 115 0 108 0 104 118 0 128 148 0 145 126 0 142 0 132 145 0 147 137 0 128 131 0 109 0 98 76 0 83 65 0 77 75 0 57 0 65 59 0 48 62 0 44 40 0 48 0 43 44 0 44 40 0 38 39 0 31 33 0 30 0 23 22 0 17 18 0 25 8 0 11 0 11 17 0 10 16 0 28 8 0 17 0 15 15 0 11 10 0 13 7 0 12 0 9 5 0 1 1 0 1 1 0 2 0 1 0 0 2 2 0 0 0 0 1 0 6 4 0 9 9 0 9 1 0 2 10 0 9 0 9 13 0 7 10 0 9 10 0 9 0 8 2
1 1 5601
1 2 5439 162
2 1 5601
2 2 5601
2 3 5601
2 4 5601
2 5 5601
2 6 5601
2 7 5601
2 8 5601
2 9 5601
2 10 5601
2 11 619 452 0 255 142 0 115 106 0 103 117 0 109 0 105 118 0 129 148 0 146 126 0 143 0 132 146 0 147 138 0 129 131 0 111 0 107 85 0 84 65 0 77 75 0 57 0 65 59 0 48 62 0 44 40 0 48 0 43 44 0 44 40 0 38 39 0 31 33 0 30 0 23 22 0 17 18 0 25 8 0 11 0 11 17 0 10 16 0 28 8 0 17 0 15 15 0 11 10 0 13 7 0 12 0 9 5 0 1 1 0 1 1 0 2 0 1 0 0 2 2 0 0 0 0 1 0 6 4 0 9 9 0 9 1 0 2 10 0 9 0 9 13 0 7 10 0 9 10 0 9 0 8 2
1 1 5651
1 2 5489 162
2 1 5651
2 2 5651
2 3 5651
2 4 5651
2 5 5651
2 6 5651
2 7 5651
2 8 5651
2 9 5651
2 10 5651
2 11 619 452 0 255 142 0 115 106 0 103 117 0 109 0 105 118 0 129 148 0 146 129 0 148 0 134 151 0 151 144 0 140 139 0 117 0 107 85 0 84 65 0 77 75 0 57 0 65 59 0 48 62 0 44 40 0 48 0 43 44 0 44 40 0 38 39 0 31 33 0 30 0 23 22 0 17 18 0 25 8 0 11 0 11 17 0 10 16 0 28 8 0 17 0 15 15 0 11 10 0 13 7 0 12 0 9 5 0 1 1 0 1 1 0 2 0 1 0 0 2 2 0 0 0 0 1 0 6 4 0 9 9 0 9 1 0 2 10 0 9 0 9 13 0 7 10 0 9 10 0 9 0 8 2
1 1 5701
1 2 5539 162
2 1 5701
2 2 5701
2 3 5701
2 4 5701
2 5 5701
2 6 5701
2 7 5701
2 8 5701
2 9 5701
2 10 5701
2 11 636 455 0 260 144 0 117 107 0 103 120 0 110 0 107 123 0 130 151 0 148 130 0 150 0 134 151 0 151 144 0 140 139 0 117 0 107 85 0 84 65 0 77 75 0 57 0 65 59 0 48 62 0 44 40 0 48 0 43 44 0 44 40 0 38 39 0 31 33 0 30 0 23 22 0 17 18 0 25 8 0 11 0 11 17 0 10 16 0 28 8 0 17 0 15 15 0 11 10 0 13 7 0 12 0 9 5 0 1 1 0 1 1 0 2 0 1 0 0 2 2 0 0 0 0 1 0 6 4 0 9 9 0 9 1 0 2 10 0 9 0 9 13 0 7 10 0 9 10 0 9 0 8 2
1 1 5751
1 2 5589 162
2 1 5751
2 2 5751
2 3 5751
2 4 5751
2 5 5751
2 6 5751
2 7 5751
2 8 5751
2 9 5751
2 10 5751
2 11 640 461 0 263 146 0 119 108 0 104 121 0 112 0 108 124 0 130 153 0 148 130 0 151 0 134 152 0 152 144 0 140 140 0 117 0 107 92 0 94 68 0 77 75 0 57 0 65 59 0 48 62 0 44 40 0 48 0 43 44 0 44 40 0 38 39 0 31 33 0 30 0 23 22 0 17 18 0 25 8 0 11 0 11 17 0 10 16 0 28 8 0 17 0 15 15 0 11 10 0 13 7 0 12 0 9 5 0 1 1 0 1 1 0 2 0 1 0 0 2 2 0 0 0 0 1 0 6 4 0 9 9 0 9 1 0 2 10 0 9 0 9 13 0 7 10 0 9 10 0 9 0 8 2
1 1 5801
1 2 5639 162
2 1 5801
2 2 5801
2 3 5801
2 4 5801
2 5 5801
2 6 5801
2 7 5801
2 8 5801
2 9 5801
2 10 5801
2 11 640 461 0 263 146 0 119 108 0 104 121 0 112 0 108 124 0 130 153 0 148 130 0 151 0 134 156 0 157 149 0 146 150 0 125 0 116 95 0 94 68 0 77 75 0 57 0 65 59 0 48 62 0 44 40 0 48 0 43 44 0 44 40 0 38 39 0 31 33 0 30 0 23 22 0 17 18 0 25 8 0 11 0 11 17 0 10 16 0 28 8 0 17 0 15 15 0 11 10 0 13 7 0 12 0 9 5 0 1 1 0 1 1 0 2 0 1 0 0 2 2 0 0 0 0 1 0 6 4 0 9 9 0 9 1 0 2 10 0 9 0 9 13 0 7 10 0 9 10 0 9 0 8 2
1 1 5851
1 2 5689 162
2 1 5851
2 2 5851
2 3 5851
2 4 5851
2 5 5851
2 6 5851
2 7 5851
2 8 5851
2 9 5851
2 10 5851
2 11 649 463 0 264 148 0 120 110 0 105 123 0 113 0 110 125 0 131 154 0 154 132 0 157 0 140 160 0 157 149 0 146 150 0 125 0 116 95 0 94 68 0 77 75 0 57 0 65 59 0 48 62 0 44 40 0 48 0 43 44 0 44 40 0 38 39 0 31 33 0 30 0 23 22 0 17 18 0 25 8 0 11 0 11 17 0 10 16 0 28 8 0 17 0 15 15 0 11 10 0 13 7 0 12 0 9 5 0 1 1 0 1 1 0 2 0 1 0 0 2 2 0 0 0 0 1 0 6 4 0 9 9 0 9 1 0 2 10 0 9 0 9 13 0 7 10 0 9 10 0 9 0 8 2
1 1 5901
1 2 5739 162
2 1 5901
2 2 5901
2 3 5901
2 4 5901
2 5 5901
2 6 5901
2 7 5901
2 8 5901
2 9 5901
2 10 5901
2 11 659 469 0 269 151 0 121 114 0 105 124 0 114 0 112 126 0 131 154 0 155 132 0 158 0 140 161 0 157 150 0 156 152 0 125 0 116 95 0 94 68 0 77 75 0 57 0 65 59 0 48 62 0 44 40 0 48 0 43 44 0 44 40 0 38 39 0 31 33 0 30 0 23 22 0 17 18 0 25 8 0 11 0 11 17 0 10 16 0 28 8 0 17 0 15 15 0 11 10 0 13 7 0 12 0 9 5 0 1 1 0 1 1 0 2 0 1 0 0 2 2 0 0 0 0 1 0 6 4 0 9 9 0 9 1 0 2 10 0 9 0 9 13 0 7 10 0 9 10 0 9 0 8 2
1 1 5951
1 2 5789 162
2 1 5951
2 2 5951
2 3 5951
2 4 5951
2 5 5951
2 6 5951
2 7 5951
2 8 5951
2 9 5951
2 10 5951
2 11 659 469 0 269 151 0 121 114 0 105 124 0 114 0 112 126 0 132 156 0 157 136 0 165 0 149 169 0 164 159 0 157 152 0 125 0 116 95 0 94 68 0 77 75 0 57 0 65 59 0 48 62 0 44 40 0 48 0 43 44 0 44 40 0 38 39 0 31 33 0 30 0 23 22 0 17 18 0 25 8 0 11 0 11 17 0 10 16 0 28 8 0 17 0 15 15 0 11 10 0 13 7 0 12 0 9 5 0 1 1 0 1 1 0 2 0 1 0 0 2 2 0 0 0 0 1 0 6 4 0 9 9 0 9 1 0 2 10 0 9 0 9 13 0 7 10 0 9 10 0 9 0 8 2
1 1 6001
1 2 5839 162
2 1 6001
2 2 6001
2 3 6001
2 4 6001
2 5 6001
2 6 6001
2 7 6001
2 8 6001
2 9 6001
2 10 6001
2 11 671 473 0 270 156 0 121 117 0 107 128 0 117 0 117 127 0 134 163 0 158 136 0 165 0 149 169 0 164 159 0 157 152 0 125 0 116 95 0 94 68 0 77 75 0 57 0 65 59 0 48 62 0 44 40 0 48 0 43 44 0 44 40 0 38 39 0 31 33 0 30 0 23 22 0 17 18 0 25 8 0 11 0 11 17 0 10 16 0 28 8 0 17 0 15 15 0 11 10 0 13 7 0 12 0 9 5 0 1 1 0 1 1 0 2 0 1 0 0 2 2 0 0 0 0 1 0 6 4 0 9 9 0 9 1 0 2 10 0 9 0 9 13 0 7 10 0 9 10 0 9 0 8 2
1 1 6051
1 2 5889 162
2 1 6051
2 2 6051
2 3 6051
2 4 6051
2 5 6051
2 6 6051
2 7 6051
2 8 6051
2 9 6051
2 10 6051
2 11 679 478 0 274 159 0 123 118 0 108 129 0 119 0 117 129 0 136 164 0 158 136 0 167 0 152 178 0 168 159 0 157 152 0 125 0 116 95 0 94 68 0 77 75 0 57 0 65 59 0 48 62 0 44 40 0 48 0 43 44 0 44 40 0 38 39 0 31 33 0 30 0 23 22 0 17 18 0 25 8 0 11 0 11 17 0 10 16 0 28 8 0 17 0 15 15 0 11 10 0 13 7 0 12 0 9 5 0 1 1 0 1 1 0 2 0 1 0 0 2 2 0 0 0 0 1 0 6 4 0 9 9 0 9 1 0 2 10 0 9 0 9 13 0 7 10 0 9 10 0 9 0 8 2
1 1 6101
1 2 5939 162
2 1 6101
2 2 6101
2 3 6101
2 4 6101
2 5 6101
2 6 6101
2 7 6101
2 8 6101
2 9 6101
2 10 6101
2 11 679 478 0 274 159 0 123 118 0 108 129 0 119 0 120 133 0 140 171 0 166 145 0 175 0 158 179 0 168 159 0 157 152 0 125 0 116 95 0 94 68 0 77 75 0 57 0 65 59 0 48 62 0 44 40 0 48 0 43 44 0 44 40 0 38 39 0 31 33 0 30 0 23 22 0 17 18 0 25 8 0 11 0 11 17 0 10 16 0 28 8 0 17 0 15 15 0 11 10 0 13 7 0 12 0 9 5 0 1 1 0 1 1 0 2 0 1 0 0 2 2 0 0 0 0 1 0 6 4 0 9 9 0 9 1 0 2 10 0 9 0 9 13 0 7 10 0 9 10 0 9 0 8 2
1 1 6151
1 2 5989 162
2 1 6151
2 2 6151
2 3 6151
2 4 6151
2 5 6151
2 6 6151
2 7 6151
2 8 6151
2 9 6151
2 10 6151
2 11 689 485 0 277 159 0 126 120 0 113 134 0 129 0 125 133 0 140 171 0 166 145 0 175 0 158 179 0 168 159 0 157 152 0 125 0 116 95 0 94 68 0 77 75 0 57 0 65 59 0 48 62 0 44 40 0 48 0 43 44 0 44 40 0 38 39 0 31 33 0 30 0 23 22 0 17 18 0 25 8 0 11 0 11 17 0 10 16 0 28 8 0 17 0 15 15 0 11 10 0 13 7 0 12 0 9 5 0 1 1 0 1 1 0 2 0 1 0 0 2 2 0 0 0 0 1 0 6 4 0 9 9 0 9 1 0 2 10 0 9 0 9 13 0 7 10 0 9 10 0 9 0 8 2
1 1 6201
1 2 6039 162
2 1 6201
2 2 6201
2 3 6201
2 4 6201
2 5 6201
2 6 6201
2 7 6201
2 8 6201
2 9 6201
2 10 6201
2 11 699 491 0 280 159 0 127 123 0 113 136 0 129 0 128 133 0 142 172 0 166 153 0 180 0 164 179 0 168 159 0 157 152 0 125 0 116 95 0 94 68 0 77 75 0 57 0 65 59 0 48 62 0 44 40 0 48 0 43 44 0 44 40 0 38 39 0 31 33 0 30 0 23 22 0 17 18 0 25 8 0 11 0 11 17 0 10 16 0 28 8 0 17 0 15 15 0 11 10 0 13 7 0 12 0 9 5 0 1 1 0 1 1 0 2 0 1 0 0 2 2 0 0 0 0 1 0 6 4 0 9 9 0 9 1 0 2 10 0 9 0 9 13 0 7 10 0 9 10 0 9 0 8 2
1 1 6251
1 2 6089 162
2 1 6251
2 2 6251
2 3 6251
2 4 6251
2 5 6251
2 6 6251
2 7 6251
2 8 6251
2 9 6251
2 10 6251
2 11 699 491 0 280 159 0 127 123 0 114 140 0 134 0 132 138 0 149 182 0 173 160 0 180 0 164 179 0 168 159 0 157 152 0 125 0 116 95 0 94 68 0 77 75 0 57 0 65 59 0 48 62 0 44 40 0 48 0 43 44 0 44 40 0 38 39 0 31 33 0 30 0 23 22 0 17 18 0 25 8 0 11 0 11 17 0 10 16 0 28 8 0 17 0 15 15 0 11 10 0 13 7 0 12 0 9 5 0 1 1 0 1 1 0 2 0 1 0 0 2 2 0 0 0 0 1 0 6 4 0 9 9 0 9 1 0 2 10 0 9 0 9 13 0 7 10 0 9 10 0 9 0 8 2
1 1 6301
1 2 6139 162
2 1 6301
2 2 6301
2 3 6301
2 4 6301
2 5 6301
2 6 6301
2 7 6301
2 8 6301
2 9 6301
2 10 6301
2 11 723 497 0 288 163 0 127 127 0 115 141 0 136 0 132 138 0 149 182 0 173 160 0 180 0 164 179 0 168 159 0 157 152 0 125 0 116 95 0 94 68 0 77 75 0 57 0 65 59 0 48 62 0 44 40 0 48 0 43 44 0 44 40 0 38 39 0 31 33 0 30 0 23 22 0 17 18 0 25 8 0 11 0 11 17 0 10 16 0 28 8 0 17 0 15 15 0 11 10 0 13 7 0 12 0 9 5 0 1 1 0 1 1 0 2 0 1 0 0 2 2 0 0 0 0 1 0 6 4 0 9 9 0 9 1 0 2 10 0 9 0 9 13 0 7 10 0 9 10 0 9 0 8 2
1 1 6351
1 2 6189 162
2 1 6351
2 2 6351
2 3 6351
2 4 6351
2 5 6351
2 6 6351
2 7 6351
2 8 6351
2 9 6351
2 10 6351
2 11 730 500 0 290 165 0 128 129 0 116 142 0 139 0 134 138 0 150 183 0 173 160 0 182 0 169 191 0 173 159 0 157 152 0 125 0 116 95 0 94 68 0 77 75 0 57 0 65 59 0 48 62 0 44 40 0 48 0 43 44 0 44 40 0 38 39 0 31 33 0 30 0 23 22 0 17 18 0 25 8 0 11 0 11 17 0 10 16 0 28 8 0 17 0 15 15 0 11 10 0 13 7 0 12 0 9 5 0 1 1 0 1 1 0 2 0 1 0 0 2 2 0 0 0 0 1 0 6 4 0 9 9 0 9 1 0 2 10 0 9 0 9 13 0 7 10 0 9 10 0 9 0 8 2
1 1 6401
1 2 6239 162
2 1 6401
2 2 6401
2 3 6401
2 4 6401
2 5 6401
2 6 6401
2 7 6401
2 8 6401
2 9 6401
2 10 6401
2 11 730 500 0 290 165 0 128 129 0 116 142 0 142 0 140 146 0 151 186 0 182 169 0 192 0 170 191 0 173 159 0 157 152 0 125 0 116 95 0 94 68 0 77 75 0 57 0 65 59 0 48 62 0 44 40 0 48 0 43 44 0 44 40 0 38 39 0 31 33 0 30 0 23 22 0 17 18 0 25 8 0 11 0 11 17 0 10 16 0 28 8 0 17 0 15 15 0 11 10 0 13 7 0 12 0 9 5 0 1 1 0 1 1 0 2 0 1 0 0 2 2 0 0 0 0 1 0 6 4 0 9 9 0 9 1 0 2 10 0 9 0 9 13 0 7 10 0 9 10 0 9 0 8 2
1 1 6451
1 2 6289 162
2 1 6451
2 2 6451
2 3 6451
2 4 6451
2 5 6451
2 6 6451
2 7 6451
2 8 6451
2 9 6451
2 10 6451
2 11 750 507 0 295 170 0 131 131 0 117 144 0 146 0 141 146 0 151 186 0 182 169 0 192 0 170 191 0 173 159 0 157 152 0 125 0 116 95 0 94 68 0 77 75 0 57 0 65 59 0 48 62 0 44 40 0 48 0 43 44 0 44 40 0 38 39 0 31 33 0 30 0 23 22 0 17 18 0 25 8 0 11 0 11 17 0 10 16 0 28 8 0 17 0 15 15 0 11 10 0 13 7 0 12 0 9 5 0 1 1 0 1 1 0 2 0 1 0 0 2 2 0 0 0 0 1 0 6 4 0 9 9 0 9 1 0 2 10 0 9 0 9 13 0 7 10 0 9 10 0 9 0 8 2
1 1 6501
1 2 6339 162
2 1 6501
2 2 6501
2 3 6501
2 4 6501
2 5 6501
2 6 6501
2 7 6501
2 8 6501
2 9 6501
2 10 6501
2 11 754 511 0 297 171 0 132 132 0 118 144 0 147 0 143 146 0 152 188 0 183 170 0 192 0 172 191 0 174 168 0 165 159 0 126 0 116 95 0 94 68 0 77 75 0 57 0 65 59 0 48 62 0 44 40 0 48 0 43 44 0 44 40 0 38 39 0 31 33 0 30 0 23 22 0 17 18 0 25 8 0 11 0 11 17 0 10 16 0 28 8 0 17 0 15 15 0 11 10 0 13 7 0 12 0 9 5 0 1 1 0 1 1 0 2 0 1 0 0 2 2 0 0 0 0 1 0 6 4 0 9 9 0 9 1 0 2 10 0 9 0 9 13 0 7 10 0 9 10 0 9 0 8 2
1 1 6551
1 2 6389 162
2 1 6551
2 2 6551
2 3 6551
2 4 6551
2 5 6551
2 6 6551
2 7 6551
2 8 6551
2 9 6551
2 10 6551
2 11 754 511 0 297 171 0 132 132 0 118 144 0 147 0 143 146 0 155 193 0 189 174 0 198 0 182 198 0 182 169 0 165 159 0 126 0 116 95 0 94 68 0 77 75 0 57 0 65 59 0 48 62 0 44 40 0 48 0 43 44 0 44 40 0 38 39 0 31 33 0 30 0 23 22 0 17 18 0 25 8 0 11 0 11 17 0 10 16 0 28 8 0 17 0 15 15 0 11 10 0 13 7 0 12 0 9 5 0 1 1 0 1 1 0 2 0 1 0 0 2 2 0 0 0 0 1 0 6 4 0 9 9 0 9 1 0 2 10 0 9 0 9 13 0 7 10 0 9 10 0 9 0 8 2
1 1 6601
1 2 6439 162
2 1 6601
2 2 6601
2 3 6601
2 4 6601
2 5 6601
2 6 6601
2 7 6601
2 8 6601
2 9 6601
2 10 6601
2 11 755 519 0 300 174 0 135 136 0 120 148 0 153 0 148 151 0 160 194 0 189 174 0 198 0 182 198 0 182 169 0 165 159 0 126 0 116 95 0 94 68 0 77 75 0 57 0 65 59 0 48 62 0 44 40 0 48 0 43 44 0 44 40 0 38 39 0 31 33 0 30 0 23 22 0 17 18 0 25 8 0 11 0 11 17 0 10 16 0 28 8 0 17 0 15 15 0 11 10 0 13 7 0 12 0 9 5 0 1 1 0 1 1 0 2 0 1 0 0 2 2 0 0 0 0 1 0 6 4 0 9 9 0 9 1 0 2 10 0 9 0 9 13 0 7 10 0 9 10 0 9 0 8 2
1 1 6651
1 2 6489 162
2 1 6651
2 2 6651
2 3 6651
2 4 6651
2 5 6651
2 6 6651
2 7 6651
2 8 6651
2 9 6651
2 10 6651
2 11 768 532 0 311 184 0 138 136 0 120 148 0 153 0 148 151 0 160 194 0 189 174 0 198 0 182 198 0 182 169 0 165 159 0 126 0 116 95 0 94 68 0 77 75 0 57 0 65 59 0 48 62 0 44 40 0 48 0 43 44 0 44 40 0 38 39 0 31 33 0 30 0 23 22 0 17 18 0 25 8 0 11 0 11 17 0 10 16 0 28 8 0 17 0 15 15 0 11 10 0 13 7 0 12 0 9 5 0 1 1 0 1 1 0 2 0 1 0 0 2 2 0 0 0 0 1 0 6 4 0 9 9 0 9 1 0 2 10 0 9 0 9 13 0 7 10 0 9 10 0 9 0 8 2
1 1 6701
1 2 6539 162
2 1 6701
2 2 6701
2 3 6701
2 4 6701
2 5 6701
2 6 6701
2 7 6701
2 8 6701
2 9 6701
2 10 6701
2 11 790 550 0 320 185 0 138 136 0 120 148 0 153 0 148 151 0 160 194 0 189 174 0 198 0 182 198 0 182 169 0 165 159 0 126 0 116 95 0 94 68 0 77 75 0 57 0 65 59 0 48 62 0 44 40 0 48 0 43 44 0 44 40 0 38 39 0 31 33 0 30 0 23 22 0 17 18 0 25 8 0 11 0 11 17 0 10 16 0 28 8 0 17 0 15 15 0 11 10 0 13 7 0 12 0 9 5 0 1 1 0 1 1 0 2 0 1 0 0 2 2 0 0 0 0 1 0 6 4 0 9 9 0 9 1 0 2 10 0 9 0 9 13 0 7 10 0 9 10 0 9 0 8 2
1 1 6751
1 2 6589 162
2 1 6751
2 2 6751
2 3 6751
2 4 6751
2 5 6751
2 6 6751
2 7 6751
2 8 6751
2 9 6751
2 10 6751
2 11 809 563 0 331 187 0 139 136 0 122 149 0 153 0 149 151 0 160 194 0 189 174 0 198 0 182 198 0 182 169 0 165 159 0 126 0 116 95 0 94 68 0 77 75 0 57 0 65 59 0 48 62 0 44 40 0 48 0 43 44 0 44 40 0 38 39 0 31 33 0 30 0 23 22 0 17 18 0 25 8 0 11 0 11 17 0 10 16 0 28 8 0 17 0 15 15 0 11 10 0 13 7 0 12 0 9 5 0 1 1 0 1 1 0 2 0 1 0 0 2 2 0 0 0 0 1 0 6 4 0 9 9 0 9 1 0 2 10 0 9 0 9 13 0 7 10 0 9 10 0 9 0 8 2
1 1 6801
1 2 6639 162
2 1 6801
2 2 6801
2 3 6801
2 4 6801
2 5 6801
2 6 6801
2 7 6801
2 8 6801
2 9 6801
2 10 6801
2 11 809 563 0 331 187 0 139 136 0 122 149 0 159 0 156 161 0 171 203 0 194 176 0 198 0 182 198 0 182 169 0 165 159 0 126 0 116 95 0 94 68 0 77 75 0 57 0 65 59 0 48 62 0 44 40 0 48 0 43 44 0 44 40 0 38 39 0 31 33 0 30 0 23 22 0 17 18 0 25 8 0 11 0 11 17 0 10 16 0 28 8 0 17 0 15 15 0 11 10 0 13 7 0 12 0 9 5 0 1 1 0 1 1 0 2 0 1 0 0 2 2 0 0 0 0 1 0 6 4 0 9 9 0 9 1 0 2 10 0 9 0 9 13 0 7 10 0 9 10 0 9 0 8 2
1 1 6851
1 2 6689 162
2 1 6851
2 2 6851
2 3 6851
2 4 6851
2 5 6851
2 6 6851
2 7 6851
2 8 6851
2 9 6851
2 10 6851
2 11 812 573 0 336 190 0 147 139 0 128 158 0 162 0 156 161 0 171 203 0 194 176 0 198 0 182 198 0 182 169 0 165 159 0 126 0 116 95 0 94 68 0 77 75 0 57 0 65 59 0 48 62 0 44 40 0 48 0 43 44 0 44 40 0 38 39 0 31 33 0 30 0 23 22 0 17 18 0 25 8 0 11 0 11 17 0 10 16 0 28 8 0 17 0 15 15 0 11 10 0 13 7 0 12 0 9 5 0 1 1 0 1 1 0 2 0 1 0 0 2 2 0 0 0 0 1 0 6 4 0 9 9 0 9 1 0 2 10 0 9 0 9 13 0 7 10 0 9 10 0 9 0 8 2
1 1 6901
1 2 6739 162
2 1 6901
2 2 6901
2 3 6901
2 4 6901
2 5 6901
2 6 6901
2 7 6901
2 8 6901
2 9 6901
2 10 6901
2 11 839 582 0 341 193 0 147 142 0 128 159 0 164 0 156 161 0 171 203 0 194 176 0 198 0 182 198 0 182 169 0 165 159 0 126 0 116 95 0 94 68 0 77 75 0 57 0 65 59 0 48 62 0 44 40 0 48 0 43 44 0 44 40 0 38 39 0 31 33 0 30 0 23 22 0 17 18 0 25 8 0 11 0 11 17 0 10 16 0 28 8 0 17 0 15 15 0 11 10 0 13 7 0 12 0 9 5 0 1 1 0 1 1 0 2 0 1 0 0 2 2 0 0 0 0 1 0 6 4 0 9 9 0 9 1 0 2 10 0 9 0 9 13 0 7 10 0 9 10 0 9 0 8 2
1 1 6951
1 2 6789 162
2 1 6951
2 2 6951
2 3 6951
2 4 6951
2 5 6951
2 6 6951
2 7 6951
2 8 6951
2 9 6951
2 10 6951
2 11 839 582 0 341 193 0 147 142 0 128 159 0 164 0 156 162 0 172 204 0 194 178 0 198 0 183 198 0 182 170 0 165 159 0 127 0 116 102 0 103 78 0 84 84 0 57 0 65 59 0 48 62 0 44 40 0 48 0 43 44 0 44 40 0 38 39 0 31 33 0 30 0 23 22 0 17 18 0 25 8 0 11 0 11 17 0 10 16 0 28 8 0 17 0 15 15 0 11 10 0 13 7 0 12 0 9 5 0 1 1 0 1 1 0 2 0 1 0 0 2 2 0 0 0 0 1 0 6 4 0 9 9 0 9 1 0 2 10 0 9 0 9 13 0 7 10 0 9 10 0 9 0 8 2
1 1 7001
1 2 6839 162
2 1 7001
2 2 7001
2 3 7001
2 4 7001
2 5 7001
2 6 7001
2 7 7001
2 8 7001
2 9 7001
2 10 7001
2 11 839 582 0 341 193 0 147 142 0 128 159 0 164 0 156 162 0 172 204 0 194 178 0 199 0 187 204 0 187 177 0 172 165 0 132 0 123 104 0 103 78 0 84 84 0 57 0 65 59 0 48 62 0 44 40 0 48 0 43 44 0 44 40 0 38 39 0 31 33 0 30 0 23 22 0 17 18 0 25 8 0 11 0 11 17 0 10 16 0 28 8 0 17 0 15 15 0 11 10 0 13 7 0 12 0 9 5 0 1 1 0 1 1 0 2 0 1 0 0 2 2 0 0 0 0 1 0 6 4 0 9 9 0 9 1 0 2 10 0 9 0 9 13 0 7 10 0 9 10 0 9 0 8 2
1 1 7051
1 2 6889 162
2 1 7051
2 2 7051
2 3 7051
2 4 7051
2 5 7051
2 6 7051
2 7 7051
2 8 7051
2 9 7051
2 10 7051
2 11 839 582 0 341 193 0 147 143 0 139 171 0 167 0 159 165 0 177 206 0 198 180 0 201 0 189 204 0 187 177 0 172 165 0 132 0 123 104 0 103 78 0 84 84 0 57 0 65 59 0 48 62 0 44 40 0 48 0 43 44 0 44 40 0 38 39 0 31 33 0 30 0 23 22 0 17 18 0 25 8 0 11 0 11 17 0 10 16 0 28 8 0 17 0 15 15 0 11 10 0 13 7 0 12 0 9 5 0 1 1 0 1 1 0 2 0 1 0 0 2 2 0 0 0 0 1 0 6 4 0 9 9 0 9 1 0 2 10 0 9 0 9 13 0 7 10 0 9 10 0 9 0 8 2
1 1 7101
1 2 6939 162
2 1 7101
2 2 7101
2 3 7101
2 4 7101
2 5 7101
2 6 7101
2 7 7101
2 8 7101
2 9 7101
2 10 7101
2 11 839 582 0 341 193 0 150 150 0 146 180 0 179 0 165 169 0 179 206 0 198 180 0 201 0 189 204 0 187 177 0 172 165 0 132 0 123 104 0 103 78 0 84 84 0 57 0 65 59 0 48 62 0 44 40 0 48 0 43 44 0 44 40 0 38 39 0 31 33 0 30 0 23 22 0 17 18 0 25 8 0 11 0 11 17 0 10 16 0 28 8 0 17 0 15 15 0 11 10 0 13 7 0 12 0 9 5 0 1 1 0 1 1 0 2 0 1 0 0 2 2 0 0 0 0 1 0 6 4 0 9 9 0 9 1 0 2 10 0 9 0 9 13 0 7 10 0 9 10 0 9 0 8 2
1 1 7151
1 2 6989 162
2 1 7151
2 2 7151
2 3 7151
2 4 7151
2 5 7151
2 6 7151
2 7 7151
2 8 7151
2 9 7151
2 10 7151
2 11 849 598 0 356 199 0 153 150 0 146 180 0 179 0 165 169 0 179 206 0 198 180 0 201 0 189 204 0 187 177 0 172 165 0 132 0 123 104 0 103 78 0 84 84 0 57 0 65 59 0 48 62 0 44 40 0 48 0 43 44 0 44 40 0 38 39 0 31 33 0 30 0 23 22 0 17 18 0 25 8 0 11 0 11 17 0 10 16 0 28 8 0 17 0 15 15 0 11 10 0 13 7 0 12 0 9 5 0 1 1 0 1 1 0 2 0 1 0 0 2 2 0 0 0 0 1 0 6 4 0 9 9 0 9 1 0 2 10 0 9 0 9 13 0 7 10 0 9 10 0 9 0 8 2
1 1 7201
1 2 7034 167
2 1 7201
2 2 7201
2 3 7201
2 4 7201
2 5 7201
2 6 7201
2 7 7201
2 8 7201
2 9 7201
2 10 7201
2 11 856 608 0 360 204 0 163 159 0 150 181 0 179 0 165 169 0 179 206 0 198 180 0 201 0 189 204 0 187 177 0 172 165 0 132 0 123 104 0 103 78 0 84 84 0 57 0 65 59 0 48 62 0 44 40 0 48 0 43 44 0 44 40 0 38 39 0 31 33 0 30 0 23 22 0 17 18 0 25 8 0 11 0 11 17 0 10 16 0 28 8 0 17 0 15 15 0 11 10 0 13 7 0 12 0 9 5 0 1 1 0 1 1 0 2 0 1 0 0 2 2 0 0 0 0 1 0 6 4 0 9 9 0 9 1 0 2 10 0 9 0 9 13 0 7 10 0 9 10 0 9 0 8 2
1 1 7251
1 2 7084 167
2 1 7251
2 2 7251
2 3 7251
2 4 7251
2 5 7251
2 6 7251
2 7 7251
2 8 7251
2 9 7251
2 10 7251
2 11 871 630 0 370 207 0 163 159 0 150 181 0 179 0 165 169 0 179 206 0 198 180 0 201 0 189 204 0 187 177 0 172 165 0 132 0 123 104 0 103 78 0 84 84 0 57 0 65 59 0 48 62 0 44 40 0 48 0 43 44 0 44 40 0 38 39 0 31 33 0 30 0 23 22 0 17 18 0 25 8 0 11 0 11 17 0 10 16 0 28 8 0 17 0 15 15 0 11 10 0 13 7 0 12 0 9 5 0 1 1 0 1 1 0 2 0 1 0 0 2 2 0 0 0 0 1 0 6 4 0 9 9 0 9 1 0 2 10 0 9 0 9 13 0 7 10 0 9 10 0 9 0 8 2
1 1 7301
1 2 7134 167
2 1 7301
2 2 7301
2 3 7301
2 4 7301
2 5 7301
2 6 7301
2 7 7301
2 8 7301
2 9 7301
2 10 7301
2 11 892 649 0 379 208 0 163 159 0 150 181 0 179 0 165 169 0 179 206 0 198 180 0 201 0 189 204 0 187 177 0 172 165 0 132 0 123 104 0 103 78 0 84 84 0 57 0 65 59 0 48 62 0 44 40 0 48 0 43 44 0 44 40 0 38 39 0 31 33 0 30 0 23 22 0 17 18 0 25 8 0 11 0 11 17 0 10 16 0 28 8 0 17 0 15 15 0 11 10 0 13 7 0 12 0 9 5 0 1 1 0 1 1 0 2 0 1 0 0 2 2 0 0 0 0 1 0 6 4 0 9 9 0 9 1 0 2 10 0 9 0 9 13 0 7 10 0 9 10 0 9 0 8 2
1 1 7351
1 2 7184 167
2 1 7351
2 2 7351
2 3 7351
2 4 7351
2 5 7351
2 6 7351
2 7 7351
2 8 7351
2 9 7351
2 10 7351
2 11 895 653 0 382 212 0 165 159 0 153 181 0 179 0 166 170 0 179 207 0 199 180 0 201 0 190 204 0 188 177 0 173 172 0 145 0 126 105 0 103 78 0 84 84 0 57 0 65 59 0 48 62 0 44 40 0 48 0 43 44 0 44 40 0 38 39 0 31 33 0 30 0 23 22 0 17 18 0 25 8 0 11 0 11 17 0 10 16 0 28 8 0 17 0 15 15 0 11 10 0 13 7 0 12 0 9 5 0 1 1 0 1 1 0 2 0 1 0 0 2 2 0 0 0 0 1 0 6 4 0 9 9 0 9 1 0 2 10 0 9 0 9 13 0 7 10 0 9 10 0 9 0 8 2
1 1 7401
1 2 7234 167
2 1 7401
2 2 7401
2 3 7401
2 4 7401
2 5 7401
2 6 7401
2 7 7401
2 8 7401
2 9 7401
2 10 7401
2 11 895 653 0 382 212 0 165 159 0 153 181 0 179 0 166 170 0 179 209 0 200 184 0 201 0 199 212 0 194 185 0 181 176 0 145 0 126 105 0 103 78 0 84 84 0 57 0 65 59 0 48 62 0 44 40 0 48 0 43 44 0 44 40 0 38 39 0 31 33 0 30 0 23 22 0 17 18 0 25 8 0 11 0 11 17 0 10 16 0 28 8 0 17 0 15 15 0 11 10 0 13 7 0 12 0 9 5 0 1 1 0 1 1 0 2 0 1 0 0 2 2 0 0 0 0 1 0 6 4 0 9 9 0 9 1 0 2 10 0 9 0 9 13 0 7 10 0 9 10 0 9 0 8 2
1 1 7451
1 2 7284 167
2 1 7451
2 2 7451
2 3 7451
2 4 7451
2 5 7451
2 6 7451
2 7 7451
2 8 7451
2 9 7451
2 10 7451
2 11 910 659 0 386 212 0 167 161 0 153 184 0 180 0 166 173 0 181 211 0 207 187 0 201 0 199 212 0 194 185 0 181 176 0 145 0 126 105 0 103 78 0 84 84 0 57 0 65 59 0 48 62 0 44 40 0 48 0 43 44 0 44 40 0 38 39 0 31 33 0 30 0 23 22 0 17 18 0 25 8 0 11 0 11 17 0 10 16 0 28 8 0 17 0 15 15 0 11 10 0 13 7 0 12 0 9 5 0 1 1 0 1 1 0 2 0 1 0 0 2 2 0 0 0 0 1 0 6 4 0 9 9 0 9 1 0 2 10 0 9 0 9 13 0 7 10 0 9 10 0 9 0 8 2
1 1 7501
1 2 7334 167
2 1 7501
2 2 7501
2 3 7501
2 4 7501
2 5 7501
2 6 7501
2 7 7501
2 8 7501
2 9 7501
2 10 7501
2 11 922 665 0 391 215 0 169 163 0 154 184 0 183 0 166 174 0 183 211 0 208 187 0 202 0 199 213 0 194 186 0 181 177 0 145 0 126 106 0 103 79 0 84 84 0 57 0 66 59 0 48 62 0 44 41 0 49 0 45 45 0 44 40 0 38 39 0 31 33 0 30 0 23 22 0 17 18 0 25 8 0 11 0 11 17 0 10 16 0 28 8 0 17 0 15 15 0 11 10 0 13 7 0 12 0 9 5 0 1 1 0 1 1 0 2 0 1 0 0 2 2 0 0 0 0 1 0 6 4 0 9 9 0 9 1 0 2 10 0 9 0 9 13 0 7 10 0 9 10 0 9 0 8 2
1 1 7551
1 2 7384 167
2 1 7551
2 2 7551
2 3 7551
2 4 7551
2 5 7551
2 6 7551
2 7 7551
2 8 7551
2 9 7551
2 10 7551
2 11 922 665 0 391 215 0 169 163 0 154 184 0 183 0 166 174 0 183 211 0 208 187 0 202 0 199 213 0 194 186 0 181 177 0 145 0 126 106 0 103 79 0 84 84 0 57 0 66 60 0 56 69 0 53 51 0 57 0 51 46 0 44 40 0 38 39 0 31 33 0 30 0 23 22 0 17 18 0 25 8 0 11 0 11 17 0 10 16 0 28 8 0 17 0 15 15 0 11 10 0 13 7 0 12 0 9 5 0 1 1 0 1 1 0 2 0 1 0 0 2 2 0 0 0 0 1 0 6 4 0 9 9 0 9 1 0 2 10 0 9 0 9 13 0 7 10 0 9 10 0 9 0 8 2
1 1 7601
1 2 7434 167
2 1 7601
2 2 7601
2 3 7601
2 4 7601
2 5 7601
2 6 7601
2 7 7601
2 8 7601
2 9 7601
2 10 7601
2 11 922 665 0 391 215 0 169 163 0 154 184 0 183 0 166 174 0 183 211 0 208 188 0 204 0 200 216 0 195 190 0 181 180 0 147 0 130 108 0 105 82 0 89 93 0 61 0 68 61 0 57 69 0 53 51 0 57 0 51 46 0 44 40 0 38 39 0 31 33 0 30 0 23 22 0 17 18 0 25 8 0 11 0 11 17 0 10 16 0 28 8 0 17 0 15 15 0 11 10 0 13 7 0 12 0 9 5 0 1 1 0 1 1 0 2 0 1 0 0 2 2 0 0 0 0 1 0 6 4 0 9 9 0 9 1 0 2 10 0 9 0 9 13 0 7 10 0 9 10 0 9 0 8 2
1 1 7651
1 2 7484 167
2 1 7651
2 2 7651
2 3 7651
2 4 7651
2 5 7651
2 6 7651
2 7 7651
2 8 7651
2 9 7651
2 10 7651
2 11 929 671 0 400 220 0 170 167 0 155 187 0 186 0 167 176 0 185 213 0 210 189 0 204 0 201 216 0 195 190 0 181 180 0 147 0 130 108 0 105 82 0 89 93 0 61 0 68 61 0 57 69 0 53 51 0 57 0 51 46 0 44 40 0 38 39 0 31 33 0 30 0 23 22 0 17 18 0 25 8 0 11 0 11 17 0 10 16 0 28 8 0 17 0 15 15 0 11 10 0 13 7 0 12 0 9 5 0 1 1 0 1 1 0 2 0 1 0 0 2 2 0 0 0 0 1 0 6 4 0 9 9 0 9 1 0 2 10 0 9 0 9 13 0 7 10 0 9 10 0 9 0 8 2
1 1 7701
1 2 7534 167
2 1 7701
2 2 7701
2 3 7701
2 4 7701
2 5 7701
2 6 7701
2 7 7701
2 8 7701
2 9 7701
2 10 7701
2 11 929 671 0 400 220 0 170 167 0 155 187 0 186 0 167 176 0 185 213 0 210 189 0 205 0 204 224 0 207 197 0 191 188 0 148 0 130 108 0 105 82 0 89 93 0 61 0 68 61 0 57 69 0 53 51 0 57 0 51 46 0 44 40 0 38 39 0 31 33 0 30 0 23 22 0 17 18 0 25 8 0 11 0 11 17 0 10 16 0 28 8 0 17 0 15 15 0 11 10 0 13 7 0 12 0 9 5 0 1 1 0 1 1 0 2 0 1 0 0 2 2 0 0 0 0 1 0 6 4 0 9 9 0 9 1 0 2 10 0 9 0 9 13 0 7 10 0 9 10 0 9 0 8 2
1 1 7751
1 2 7584 167
2 1 7751
2 2 7751
2 3 7751
2 4 7751
2 5 7751
2 6 7751
2 7 7751
2 8 7751
2 9 7751
2 10 7751
2 11 929 671 0 400 223 0 172 168 0 156 190 0 189 0 169 178 0 189 221 0 217 192 0 213 0 207 224 0 207 197 0 191 188 0 148 0 130 108 0 105 82 0 89 93 0 61 0 68 61 0 57 69 0 53 51 0 57 0 51 46 0 44 40 0 38 39 0 31 33 0 30 0 23 22 0 17 18 0 25 8 0 11 0 11 17 0 10 16 0 28 8 0 17 0 15 15 0 11 10 0 13 7 0 12 0 9 5 0 1 1 0 1 1 0 2 0 1 0 0 2 2 0 0 0 0 1 0 6 4 0 9 9 0 9 1 0 2 10 0 9 0 9 13 0 7 10 0 9 10 0 9 0 8 2
1 1 7801
1 2 7634 167
2 1 7801
2 2 7801
2 3 7801
2 4 7801
2 5 7801
2 6 7801
2 7 7801
2 8 7801
2 9 7801
2 10 7801
2 11 944 689 0 410 225 0 173 169 0 157 191 0 190 0 169 178 0 189 221 0 217 192 0 213 0 207 224 0 207 197 0 191 188 0 148 0 130 108 0 105 82 0 89 93 0 61 0 68 61 0 57 69 0 53 51 0 57 0 51 46 0 44 40 0 38 39 0 31 33 0 30 0 23 22 0 17 18 0 25 8 0 11 0 11 17 0 10 16 0 28 8 0 17 0 15 15 0 11 10 0 13 7 0 12 0 9 5 0 1 1 0 1 1 0 2 0 1 0 0 2 2 0 0 0 0 1 0 6 4 0 9 9 0 9 1 0 2 10 0 9 0 9 13 0 7 10 0 9 10 0 9 0 8 2
1 1 7851
1 2 7684 167
2 1 7851
2 2 7851
2 3 7851
2 4 7851
2 5 7851
2 6 7851
2 7 7851
2 8 7851
2 9 7851
2 10 7851
2 11 944 689 0 410 225 0 173 169 0 157 191 0 190 0 170 179 0 197 228 0 228 203 0 220 0 211 224 0 207 197 0 191 188 0 148 0 130 108 0 105 82 0 89 93 0 61 0 68 61 0 57 69 0 53 51 0 57 0 51 46 0 44 40 0 38 39 0 31 33 0 30 0 23 22 0 17 18 0 25 8 0 11 0 11 17 0 10 16 0 28 8 0 17 0 15 15 0 11 10 0 13 7 0 12 0 9 5 0 1 1 0 1 1 0 2 0 1 0 0 2 2 0 0 0 0 1 0 6 4 0 9 9 0 9 1 0 2 10 0 9 0 9 13 0 7 10 0 9 10 0 9 0 8 2
1 1 7901
1 2 7734 167
2 1 7901
2 2 7901
2 3 7901
2 4 7901
2 5 7901
2 6 7901
2 7 7901
2 8 7901
2 9 7901
2 10 7901
2 11 949 693 0 412 229 0 175 173 0 163 193 0 196 0 179 184 0 198 228 0 228 203 0 220 0 211 224 0 207 197 0 191 188 0 148 0 130 108 0 105 82 0 89 93 0 61 0 68 61 0 57 69 0 53 51 0 57 0 51 46 0 44 40 0 38 39 0 31 33 0 30 0 23 22 0 17 18 0 25 8 0 11 0 11 17 0 10 16 0 28 8 0 17 0 15 15 0 11 10 0 13 7 0 12 0 9 5 0 1 1 0 1 1 0 2 0 1 0 0 2 2 0 0 0 0 1 0 6 4 0 9 9 0 9 1 0 2 10 0 9 0 9 13 0 7 10 0 9 10 0 9 0 8 2
1 1 7951
1 2 7782 169
2 1 7951
2 2 7951
2 3 7951
2 4 7951
2 5 7951
2 6 7951
2 7 7951
2 8 7951
2 9 7951
2 10 7951
2 11 962 708 0 418 233 0 177 174 0 165 194 0 196 0 180 184 0 199 229 0 229 203 0 221 0 212 224 0 207 197 0 191 188 0 148 0 130 108 0 105 82 0 89 93 0 61 0 68 61 0 57 69 0 53 51 0 57 0 51 46 0 44 40 0 38 39 0 31 33 0 30 0 23 22 0 17 18 0 25 8 0 11 0 11 17 0 10 16 0 28 8 0 17 0 15 15 0 11 10 0 13 7 0 12 0 9 5 0 1 1 0 1 1 0 2 0 1 0 0 2 2 0 0 0 0 1 0 6 4 0 9 9 0 9 1 0 2 10 0 9 0 9 13 0 7 10 0 9 10 0 9 0 8 2
1 1 8001
1 2 7832 169
2 1 8001
2 2 8001
2 3 8001
2 4 8001
2 5 8001
2 6 8001
2 7 8001
2 8 8001
2 9 8001
2 10 8001
2 11 962 708 0 418 233 0 177 174 0 165 194 0 196 0 180 184 0 199 230 0 238 211 0 230 0 220 234 0 212 197 0 191 188 0 148 0 130 108 0 105 82 0 89 93 0 61 0 68 61 0 57 69 0 53 51 0 57 0 51 46 0 44 40 0 38 39 0 31 33 0 30 0 23 22 0 17 18 0 25 8 0 11 0 11 17 0 10 16 0 28 8 0 17 0 15 15 0 11 10 0 13 7 0 12 0 9 5 0 1 1 0 1 1 0 2 0 1 0 0 2 2 0 0 0 0 1 0 6 4 0 9 9 0 9 1 0 2 10 0 9 0 9 13 0 7 10 0 9 10 0 9 0 8 2
1 1 8051
1 2 7882 169
2 1 8051
2 2 8051
2 3 8051
2 4 8051
2 5 8051
2 6 8051
2 7 8051
2 8 8051
2 9 8051
2 10 8051
2 11 969 716 0 419 234 0 179 177 0 168 196 0 199 0 183 194 0 202 234 0 238 211 0 230 0 220 234 0 212 197 0 191 188 0 148 0 130 108 0 105 82 0 89 93 0 61 0 68 61 0 57 69 0 53 51 0 57 0 51 46 0 44 40 0 38 39 0 31 33 0 30 0 23 22 0 17 18 0 25 8 0 11 0 11 17 0 10 16 0 28 8 0 17 0 15 15 0 11 10 0 13 7 0 12 0 9 5 0 1 1 0 1 1 0 2 0 1 0 0 2 2 0 0 0 0 1 0 6 4 0 9 9 0 9 1 0 2 10 0 9 0 9 13 0 7 10 0 9 10 0 9 0 8 2
1 1 8101
1 2 7932 169
2 1 8101
2 2 8101
2 3 8101
2 4 8101
2 5 8101
2 6 8101
2 7 8101
2 8 8101
2 9 8101
2 10 8101
2 11 987 732 0 427 236 0 179 178 0 169 197 0 200 0 183 195 0 203 234 0 238 211 0 230 0 220 234 0 212 197 0 191 188 0 148 0 130 108 0 105 82 0 89 93 0 61 0 68 61 0 57 69 0 53 51 0 57 0 51 46 0 44 40 0 38 39 0 31 33 0 30 0 23 22 0 17 18 0 25 8 0 11 0 11 17 0 10 16 0 28 8 0 17 0 15 15 0 11 10 0 13 7 0 12 0 9 5 0 1 1 0 1 1 0 2 0 1 0 0 2 2 0 0 0 0 1 0 6 4 0 9 9 0 9 1 0 2 10 0 9 0 9 13 0 7 10 0 9 10 0 9 0 8 2
1 1 8151
1 2 7982 169
2 1 8151
2 2 8151
2 3 8151
2 4 8151
2 5 8151
2 6 8151
2 7 8151
2 8 8151
2 9 8151
2 10 8151
2 11 987 732 0 427 236 0 179 178 0 169 197 0 200 0 183 195 0 203 234 0 239 212 0 230 0 221 235 0 212 197 0 192 188 0 153 0 142 115 0 115 90 0 92 93 0 61 0 68 61 0 57 69 0 53 51 0 57 0 51 46 0 44 40 0 38 39 0 31 33 0 30 0 23 22 0 17 18 0 25 8 0 11 0 11 17 0 10 16 0 28 8 0 17 0 15 15 0 11 10 0 13 7 0 12 0 9 5 0 1 1 0 1 1 0 2 0 1 0 0 2 2 0 0 0 0 1 0 6 4 0 9 9 0 9 1 0 2 10 0 9 0 9 13 0 7 10 0 9 10 0 9 0 8 2
1 1 8201
1 2 8032 169
2 1 8201
2 2 8201
2 3 8201
2 4 8201
2 5 8201
2 6 8201
2 7 8201
2 8 8201
2 9 8201
2 10 8201
2 11 987 732 0 427 236 0 179 178 0 169 197 0 200 0 183 195 0 203 234 0 241 213 0 235 0 226 242 0 219 200 0 199 196 0 158 0 142 115 0 115 90 0 92 93 0 61 0 68 61 0 57 69 0 53 51 0 57 0 51 46 0 44 40 0 38 39 0 31 33 0 30 0 23 22 0 17 18 0 25 8 0 11 0 11 17 0 10 16 0 28 8 0 17 0 15 15 0 11 10 0 13 7 0 12 0 9 5 0 1 1 0 1 1 0 2 0 1 0 0 2 2 0 0 0 0 1 0 6 4 0 9 9 0 9 1 0 2 10 0 9 0 9 13 0 7 10 0 9 10 0 9 0 8 2
1 1 8251
1 2 8082 169
2 1 8251
2 2 8251
2 3 8251
2 4 8251
2 5 8251
2 6 8251
2 7 8251
2 8 8251
2 9 8251
2 10 8251
2 11 1000 742 0 432 237 0 181 181 0 171 200 0 200 0 187 195 0 208 234 0 243 213 0 235 0 226 242 0 219 200 0 199 196 0 158 0 142 115 0 115 90 0 92 93 0 61 0 68 61 0 57 69 0 53 51 0 57 0 51 46 0 44 40 0 38 39 0 31 33 0 30 0 23 22 0 17 18 0 25 8 0 11 0 11 17 0 10 16 0 28 8 0 17 0 15 15 0 11 10 0 13 7 0 12 0 9 5 0 1 1 0 1 1 0 2 0 1 0 0 2 2 0 0 0 0 1 0 6 4 0 9 9 0 9 1 0 2 10 0 9 0 9 13 0 7 10 0 9 10 0 9 0 8 2
1 1 8301
1 2 8132 169
2 1 8301
2 2 8301
2 3 8301
2 4 8301
2 5 8301
2 6 8301
2 7 8301
2 8 8301
2 9 8301
2 10 8301
2 11 1000 743 0 435 239 0 182 181 0 171 201 0 201 0 188 197 0 217 242 0 253 219 0 240 0 226 242 0 219 200 0 199 196 0 158 0 142 115 0 115 90 0 92 93 0 61 0 68 61 0 57 69 0 53 51 0 57 0 51 46 0 44 40 0 38 39 0 31 33 0 30 0 23 22 0 17 18 0 25 8 0 11 0 11 17 0 10 16 0 28 8 0 17 0 15 15 0 11 10 0 13 7 0 12 0 9 5 0 1 1 0 1 1 0 2 0 1 0 0 2 2 0 0 0 0 1 0 6 4 0 9 9 0 9 1 0 2 10 0 9 0 9 13 0 7 10 0 9 10 0 9 0 8 2
1 1 8351
1 2 8182 169
2 1 8351
2 2 8351
2 3 8351
2 4 8351
2 5 8351
2 6 8351
2 7 8351
2 8 8351
2 9 8351
2 10 8351
2 11 1007 745 0 437 243 0 185 182 0 175 206 0 206 0 196 205 0 218 242 0 253 219 0 240 0 226 242 0 219 200 0 199 196 0 158 0 142 115 0 115 90 0 92 93 0 61 0 68 61 0 57 69 0 53 51 0 57 0 51 46 0 44 40 0 38 39 0 31 33 0 30 0 23 22 0 17 18 0 25 8 0 11 0 11 17 0 10 16 0 28 8 0 17 0 15 15 0 11 10 0 13 7 0 12 0 9 5 0 1 1 0 1 1 0 2 0 1 0 0 2 2 0 0 0 0 1 0 6 4 0 9 9 0 9 1 0 2 10 0 9 0 9 13 0 7 10 0 9 10 0 9 0 8 2
1 1 8401
1 2 8232 169
2 1 8401
2 2 8401
2 3 8401
2 4 8401
2 5 8401
2 6 8401
2 7 8401
2 8 8401
2 9 8401
2 10 8401
2 11 1034 760 0 442 245 0 186 182 0 175 206 0 206 0 196 205 0 218 242 0 253 219 0 240 0 226 242 0 219 200 0 199 196 0 158 0 142 115 0 115 90 0 92 93 0 61 0 68 61 0 57 69 0 53 51 0 57 0 51 46 0 44 40 0 38 39 0 31 33 0 30 0 23 22 0 17 18 0 25 8 0 11 0 11 17 0 10 16 0 28 8 0 17 0 15 15 0 11 10 0 13 7 0 12 0 9 5 0 1 1 0 1 1 0 2 0 1 0 0 2 2 0 0 0 0 1 0 6 4 0 9 9 0 9 1 0 2 10 0 9 0 9 13 0 7 10 0 9 10 0 9 0 8 2
1 1 8451
1 2 8282 169
2 1 8451
2 2 8451
2 3 8451
2 4 8451
2 5 8451
2 6 8451
2 7 8451
2 8 8451
2 9 8451
2 10 8451
2 11 1034 760 0 442 245 0 189 182 0 177 207 0 207 0 197 206 0 219 243 0 255 219 0 241 0 226 243 0 219 200 0 200 196 0 158 0 142 116 0 116 90 0 92 93 0 62 0 71 68 0 65 78 0 57 51 0 57 0 51 46 0 44 40 0 38 39 0 31 33 0 30 0 23 22 0 17 18 0 25 8 0 11 0 11 17 0 10 16 0 28 8 0 17 0 15 15 0 11 10 0 13 7 0 12 0 9 5 0 1 1 0 1 1 0 2 0 1 0 0 2 2 0 0 0 0 1 0 6 4 0 9 9 0 9 1 0 2 10 0 9 0 9 13 0 7 10 0 9 10 0 9 0 8 2
1 1 8501
1 2 8332 169
2 1 8501
2 2 8501
2 3 8501
2 4 8501
2 5 8501
2 6 8501
2 7 8501
2 8 8501
2 9 8501
2 10 8501
2 11 1034 760 0 442 245 0 189 182 0 177 207 0 207 0 197 206 0 219 243 0 255 219 0 241 0 226 243 0 219 200 0 200 196 0 159 0 145 125 0 117 96 0 98 101 0 72 0 76 69 0 65 78 0 57 51 0 57 0 51 46 0 44 40 0 38 39 0 31 33 0 30 0 23 22 0 17 18 0 25 8 0 11 0 11 17 0 10 16 0 28 8 0 17 0 15 15 0 11 10 0 13 7 0 12 0 9 5 0 1 1 0 1 1 0 2 0 1 0 0 2 2 0 0 0 0 1 0 6 4 0 9 9 0 9 1 0 2 10 0 9 0 9 13 0 7 10 0 9 10 0 9 0 8 2
1 1 8551
1 2 8382 169
2 1 8551
2 2 8551
2 3 8551
2 4 8551
2 5 8551
2 6 8551
2 7 8551
2 8 8551
2 9 8551
2 10 8551
2 11 1034 760 0 442 245 0 189 184 0 178 211 0 210 0 197 208 0 221 244 0 258 221 0 244 0 227 245 0 222 200 0 205 201 0 166 0 149 125 0 117 96 0 98 101 0 72 0 76 69 0 65 78 0 57 51 0 57 0 51 46 0 44 40 0 38 39 0 31 33 0 30 0 23 22 0 17 18 0 25 8 0 11 0 11 17 0 10 16 0 28 8 0 17 0 15 15 0 11 10 0 13 7 0 12 0 9 5 0 1 1 0 1 1 0 2 0 1 0 0 2 2 0 0 0 0 1 0 6 4 0 9 9 0 9 1 0 2 10 0 9 0 9 13 0 7 10 0 9 10 0 9 0 8 2
1 1 8601
1 2 8432 169
2 1 8601
2 2 8601
2 3 8601
2 4 8601
2 5 8601
2 6 8601
2 7 8601
2 8 8601
2 9 8601
2 10 8601
2 11 1038 771 0 449 250 0 189 189 0 178 213 0 210 0 198 209 0 225 253 0 259 221 0 244 0 227 245 0 222 200 0 205 201 0 166 0 149 125 0 117 96 0 98 101 0 72 0 76 69 0 65 78 0 57 51 0 57 0 51 46 0 44 40 0 38 39 0 31 33 0 30 0 23 22 0 17 18 0 25 8 0 11 0 11 17 0 10 16 0 28 8 0 17 0 15 15 0 11 10 0 13 7 0 12 0 9 5 0 1 1 0 1 1 0 2 0 1 0 0 2 2 0 0 0 0 1 0 6 4 0 9 9 0 9 1 0 2 10 0 9 0 9 13 0 7 10 0 9 10 0 9 0 8 2
1 1 8651
1 2 8482 169
2 1 8651
2 2 8651
2 3 8651
2 4 8651
2 5 8651
2 6 8651
2 7 8651
2 8 8651
2 9 8651
2 10 8651
2 11 1038 771 0 449 252 0 193 195 0 182 218 0 220 0 208 215 0 228 253 0 259 221 0 244 0 227 245 0 222 200 0 205 201 0 166 0 149 125 0 117 96 0 98 101 0 72 0 76 69 0 65 78 0 57 51 0 57 0 51 46 0 44 40 0 38 39 0 31 33 0 30 0 23 22 0 17 18 0 25 8 0 11 0 11 17 0 10 16 0 28 8 0 17 0 15 15 0 11 10 0 13 7 0 12 0 9 5 0 1 1 0 1 1 0 2 0 1 0 0 2 2 0 0 0 0 1 0 6 4 0 9 9 0 9 1 0 2 10 0 9 0 9 13 0 7 10 0 9 10 0 9 0 8 2
1 1 8701
1 2 8532 169
2 1 8701
2 2 8701
2 3 8701
2 4 8701
2 5 8701
2 6 8701
2 7 8701
2 8 8701
2 9 8701
2 10 8701
2 11 1057 787 0 457 257 0 195 195 0 182 218 0 220 0 208 215 0 228 253 0 259 221 0 244 0 227 245 0 222 200 0 205 201 0 166 0 149 125 0 117 96 0 98 101 0 72 0 76 69 0 65 78 0 57 51 0 57 0 51 46 0 44 40 0 38 39 0 31 33 0 30 0 23 22 0 17 18 0 25 8 0 11 0 11 17 0 10 16 0 28 8 0 17 0 15 15 0 11 10 0 13 7 0 12 0 9 5 0 1 1 0 1 1 0 2 0 1 0 0 2 2 0 0 0 0 1 0 6 4 0 9 9 0 9 1 0 2 10 0 9 0 9 13 0 7 10 0 9 10 0 9 0 8 2
1 1 8751
1 2 8582 169
2 1 8751
2 2 8751
2 3 8751
2 4 8751
2 5 8751
2 6 8751
2 7 8751
2 8 8751
2 9 8751
2 10 8751
2 11 1063 792 0 460 260 0 197 196 0 183 219 0 221 0 209 215 0 229 254 0 267 230 0 249 0 229 245 0 222 200 0 205 201 0 166 0 149 125 0 117 96 0 98 101 0 72 0 76 69 0 65 78 0 57 51 0 57 0 51 46 0 44 40 0 38 39 0 31 33 0 30 0 23 22 0 17 18 0 25 8 0 11 0 11 17 0 10 16 0 28 8 0 17 0 15 15 0 11 10 0 13 7 0 12 0 9 5 0 1 1 0 1 1 0 2 0 1 0 0 2 2 0 0 0 0 1 0 6 4 0 9 9 0 9 1 0 2 10 0 9 0 9 13 0 7 10 0 9 10 0 9 0 8 2
1 1 8801
1 2 8632 169
2 1 8801
2 2 8801
2 3 8801
2 4 8801
2 5 8801
2 6 8801
2 7 8801
2 8 8801
2 9 8801
2 10 8801
2 11 1063 792 0 460 260 0 203 198 0 183 222 0 229 0 214 224 0 236 263 0 268 230 0 249 0 229 245 0 222 200 0 205 201 0 166 0 149 125 0 117 96 0 98 101 0 72 0 76 69 0 65 78 0 57 51 0 57 0 51 46 0 44 40 0 38 39 0 31 33 0 30 0 23 22 0 17 18 0 25 8 0 11 0 11 17 0 10 16 0 28 8 0 17 0 15 15 0 11 10 0 13 7 0 12 0 9 5 0 1 1 0 1 1 0 2 0 1 0 0 2 2 0 0 0 0 1 0 6 4 0 9 9 0 9 1 0 2 10 0 9 0 9 13 0 7 10 0 9 10 0 9 0 8 2
1 1 8851
1 2 8682 169
2 1 8851
2 2 8851
2 3 8851
2 4 8851
2 5 8851
2 6 8851
2 7 8851
2 8 8851
2 9 8851
2 10 8851
2 11 1082 812 0 468 262 0 204 198 0 183 222 0 229 0 214 224 0 236 263 0 268 230 0 249 0 229 245 0 222 200 0 205 201 0 166 0 149 125 0 117 96 0 98 101 0 72 0 76 69 0 65 78 0 57 51 0 57 0 51 46 0 44 40 0 38 39 0 31 33 0 30 0 23 22 0 17 18 0 25 8 0 11 0 11 17 0 10 16 0 28 8 0 17 0 15 15 0 11 10 0 13 7 0 12 0 9 5 0 1 1 0 1 1 0 2 0 1 0 0 2 2 0 0 0 0 1 0 6 4 0 9 9 0 9 1 0 2 10 0 9 0 9 13 0 7 10 0 9 10 0 9 0 8 2
1 1 8901
1 2 8732 169
2 1 8901
2 2 8901
2 3 8901
2 4 8901
2 5 8901
2 6 8901
2 7 8901
2 8 8901
2 9 8901
2 10 8901
2 11 1083 812 0 470 263 0 205 200 0 187 223 0 229 0 215 228 0 244 274 0 275 237 0 249 0 229 245 0 222 200 0 205 201 0 166 0 149 125 0 117 96 0 98 101 0 72 0 76 69 0 65 78 0 57 51 0 57 0 51 46 0 44 40 0 38 39 0 31 33 0 30 0 23 22 0 17 18 0 25 8 0 11 0 11 17 0 10 16 0 28 8 0 17 0 15 15 0 11 10 0 13 7 0 12 0 9 5 0 1 1 0 1 1 0 2 0 1 0 0 2 2 0 0 0 0 1 0 6 4 0 9 9 0 9 1 0 2 10 0 9 0 9 13 0 7 10 0 9 10 0 9 0 8 2
1 1 8951
1 2 8782 169
2 1 8951
2 2 8951
2 3 8951
2 4 8951
2 5 8951
2 6 8951
2 7 8951
2 8 8951
2 9 8951
2 10 8951
2 11 1083 812 0 472 267 0 214 202 0 192 228 0 237 0 222 236 0 244 274 0 275 237 0 249 0 229 245 0 222 200 0 205 201 0 166 0 149 125 0 117 96 0 98 101 0 72 0 76 69 0 65 78 0 57 51 0 57 0 51 46 0 44 40 0 38 39 0 31 33 0 30 0 23 22 0 17 18 0 25 8 0 11 0 11 17 0 10 16 0 28 8 0 17 0 15 15 0 11 10 0 13 7 0 12 0 9 5 0 1 1 0 1 1 0 2 0 1 0 0 2 2 0 0 0 0 1 0 6 4 0 9 9 0 9 1 0 2 10 0 9 0 9 13 0 7 10 0 9 10 0 9 0 8 2
1 1 9001
1 2 8832 169
2 1 9001
2 2 9001
2 3 9001
2 4 9001
2 5 9001
2 6 9001
2 7 9001
2 8 9001
2 9 9001
2 10 9001
2 11 1107 831 0 477 269 0 214 202 0 192 228 0 237 0 222 236 0 244 274 0 275 237 0 249 0 229 245 0 222 200 0 205 201 0 166 0 149 125 0 117 96 0 98 101 0 72 0 76 69 0 65 78 0 57 51 0 57 0 51 46 0 44 40 0 38 39 0 31 33 0 30 0 23 22 0 17 18 0 25 8 0 11 0 11 17 0 10 16 0 28 8 0 17 0 15 15 0 11 10 0 13 7 0 12 0 9 5 0 1 1 0 1 1 0 2 0 1 0 0 2 2 0 0 0 0 1 0 6 4 0 9 9 0 9 1 0 2 10 0 9 0 9 13 0 7 10 0 9 10 0 9 0 8 2
1 1 9051
1 2 8882 169
2 1 9051
2 2 9051
2 3 9051
2 4 9051
2 5 9051
2 6 9051
2 7 9051
2 8 9051
2 9 9051
2 10 9051
2 11 1109 837 0 479 269 0 215 204 0 192 229 0 237 0 223 238 0 244 274 0 277 237 0 250 0 234 255 0 230 206 0 206 201 0 166 0 149 125 0 117 96 0 98 101 0 72 0 76 69 0 65 78 0 57 51 0 57 0 51 46 0 44 40 0 38 39 0 31 33 0 30 0 23 22 0 17 18 0 25 8 0 11 0 11 17 0 10 16 0 28 8 0 17 0 15 15 0 11 10 0 13 7 0 12 0 9 5 0 1 1 0 1 1 0 2 0 1 0 0 2 2 0 0 0 0 1 0 6 4 0 9 9 0 9 1 0 2 10 0 9 0 9 13 0 7 10 0 9 10 0 9 0 8 2
1 1 9101
1 2 8932 169
2 1 9101
2 2 9101
2 3 9101
2 4 9101
2 5 9101
2 6 9101
2 7 9101
2 8 9101
2 9 9101
2 10 9101
2 11 1109 837 0 479 269 0 215 204 0 192 229 0 238 0 226 246 0 249 279 0 283 247 0 257 0 239 255 0 230 206 0 206 201 0 166 0 149 125 0 117 96 0 98 101 0 72 0 76 69 0 65 78 0 57 51 0 57 0 51 46 0 44 40 0 38 39 0 31 33 0 30 0 23 22 0 17 18 0 25 8 0 11 0 11 17 0 10 16 0 28 8 0 17 0 15 15 0 11 10 0 13 7 0 12 0 9 5 0 1 1 0 1 1 0 2 0 1 0 0 2 2 0 0 0 0 1 0 6 4 0 9 9 0 9 1 0 2 10 0 9 0 9 13 0 7 10 0 9 10 0 9 0 8 2
1 1 9151
1 2 8982 169
2 1 9151
2 2 9151
2 3 9151
2 4 9151
2 5 9151
2 6 9151
2 7 9151
2 8 9151
2 9 9151
2 10 9151
2 11 1122 848 0 487 272 0 216 205 0 195 231 0 242 0 229 247 0 249 279 0 283 247 0 257 0 239 255 0 230 206 0 206 201 0 166 0 149 125 0 117 96 0 98 101 0 72 0 76 69 0 65 78 0 57 51 0 57 0 51 46 0 44 40 0 38 39 0 31 33 0 30 0 23 22 0 17 18 0 25 8 0 11 0 11 17 0 10 16 0 28 8 0 17 0 15 15 0 11 10 0 13 7 0 12 0 9 5 0 1 1 0 1 1 0 2 0 1 0 0 2 2 0 0 0 0 1 0 6 4 0 9 9 0 9 1 0 2 10 0 9 0 9 13 0 7 10 0 9 10 0 9 0 8 2
1 1 9201
1 2 9032 169
2 1 9201
2 2 9201
2 3 9201
2 4 9201
2 5 9201
2 6 9201
2 7 9201
2 8 9201
2 9 9201
2 10 9201
2 11 1125 850 0 490 273 0 218 207 0 197 231 0 243 0 230 255 0 260 288 0 287 248 0 257 0 239 255 0 230 206 0 206 201 0 166 0 149 125 0 117 96 0 98 101 0 72 0 76 69 0 65 78 0 57 51 0 57 0 51 46 0 44 40 0 38 39 0 31 33 0 30 0 23 22 0 17 18 0 25 8 0 11 0 11 17 0 10 16 0 28 8 0 17 0 15 15 0 11 10 0 13 7 0 12 0 9 5 0 1 1 0 1 1 0 2 0 1 0 0 2 2 0 0 0 0 1 0 6 4 0 9 9 0 9 1 0 2 10 0 9 0 9 13 0 7 10 0 9 10 0 9 0 8 2
1 1 9251
1 2 9082 169
2 1 9251
2 2 9251
2 3 9251
2 4 9251
2 5 9251
2 6 9251
2 7 9251
2 8 9251
2 9 9251
2 10 9251
2 11 1130 850 0 494 276 0 223 210 0 201 239 0 249 0 239 258 0 260 288 0 287 248 0 257 0 239 255 0 230 206 0 206 201 0 166 0 149 125 0 117 96 0 98 101 0 72 0 76 69 0 65 78 0 57 51 0 57 0 51 46 0 44 40 0 38 39 0 31 33 0 30 0 23 22 0 17 18 0 25 8 0 11 0 11 17 0 10 16 0 28 8 0 17 0 15 15 0 11 10 0 13 7 0 12 0 9 5 0 1 1 0 1 1 0 2 0 1 0 0 2 2 0 0 0 0 1 0 6 4 0 9 9 0 9 1 0 2 10 0 9 0 9 13 0 7 10 0 9 10 0 9 0 8 2
1 1 9301
1 2 9132 169
2 1 9301
2 2 9301
2 3 9301
2 4 9301
2 5 9301
2 6 9301
2 7 9301
2 8 9301
2 9 9301
2 10 9301
2 11 1156 868 0 500 276 0 223 210 0 201 239 0 249 0 239 258 0 260 288 0 287 248 0 257 0 239 255 0 230 206 0 206 201 0 166 0 149 125 0 117 96 0 98 101 0 72 0 76 69 0 65 78 0 57 51 0 57 0 51 46 0 44 40 0 38 39 0 31 33 0 30 0 23 22 0 17 18 0 25 8 0 11 0 11 17 0 10 16 0 28 8 0 17 0 15 15 0 11 10 0 13 7 0 12 0 9 5 0 1 1 0 1 1 0 2 0 1 0 0 2 2 0 0 0 0 1 0 6 4 0 9 9 0 9 1 0 2 10 0 9 0 9 13 0 7 10 0 9 10 0 9 0 8 2
1 1 9351
1 2 9182 169
2 1 9351
2 2 9351
2 3 9351
2 4 9351
2 5 9351
2 6 9351
2 7 9351
2 8 9351
2 9 9351
2 10 9351
2 11 1156 868 0 501 276 0 224 213 0 201 239 0 250 0 240 260 0 261 288 0 287 249 0 258 0 247 267 0 236 216 0 208 201 0 166 0 149 125 0 117 96 0 98 101 0 72 0 76 69 0 65 78 0 57 51 0 57 0 51 46 0 44 40 0 38 39 0 31 33 0 30 0 23 22 0 17 18 0 25 8 0 11 0 11 17 0 10 16 0 28 8 0 17 0 15 15 0 11 10 0 13 7 0 12 0 9 5 0 1 1 0 1 1 0 2 0 1 0 0 2 2 0 0 0 0 1 0 6 4 0 9 9 0 9 1 0 2 10 0 9 0 9 13 0 7 10 0 9 10 0 9 0 8 2
1 1 9401
1 2 9232 169
2 1 9401
2 2 9401
2 3 9401
2 4 9401
2 5 9401
2 6 9401
2 7 9401
2 8 9401
2 9 9401
2 10 9401
2 11 1156 868 0 501 276 0 224 213 0 202 241 0 253 0 248 265 0 263 293 0 294 255 0 267 0 249 267 0 236 216 0 208 201 0 166 0 149 125 0 117 96 0 98 101 0 72 0 76 69 0 65 78 0 57 51 0 57 0 51 46 0 44 40 0 38 39 0 31 33 0 30 0 23 22 0 17 18 0 25 8 0 11 0 11 17 0 10 16 0 28 8 0 17 0 15 15 0 11 10 0 13 7 0 12 0 9 5 0 1 1 0 1 1 0 2 0 1 0 0 2 2 0 0 0 0 1 0 6 4 0 9 9 0 9 1 0 2 10 0 9 0 9 13 0 7 10 0 9 10 0 9 0 8 2
1 1 9451
1 2 9282 169
2 1 9451
2 2 9451
2 3 9451
2 4 9451
2 5 9451
2 6 9451
2 7 9451
2 8 9451
2 9 9451
2 10 9451
2 11 1178 883 0 505 278 0 226 217 0 202 242 0 253 0 248 265 0 263 293 0 294 255 0 267 0 249 267 0 236 216 0 208 201 0 166 0 149 125 0 117 96 0 98 101 0 72 0 76 69 0 65 78 0 57 51 0 57 0 51 46 0 44 40 0 38 39 0 31 33 0 30 0 23 22 0 17 18 0 25 8 0 11 0 11 17 0 10 16 0 28 8 0 17 0 15 15 0 11 10 0 13 7 0 12 0 9 5 0 1 1 0 1 1 0 2 0 1 0 0 2 2 0 0 0 0 1 0 6 4 0 9 9 0 9 1 0 2 10 0 9 0 9 13 0 7 10 0 9 10 0 9 0 8 2
1 1 9501
1 2 9332 169
2 1 9501
2 2 9501
2 3 9501
2 4 9501
2 5 9501
2 6 9501
2 7 9501
2 8 9501
2 9 9501
2 10 9501
2 11 1180 884 0 509 280 0 228 217 0 204 242 0 256 0 248 267 0 263 294 0 295 255 0 268 0 249 268 0 236 216 0 213 210 0 176 0 153 125 0 117 96 0 98 101 0 72 0 76 69 0 65 78 0 57 51 0 57 0 51 46 0 44 40 0 38 39 0 31 33 0 30 0 23 22 0 17 18 0 25 8 0 11 0 11 17 0 10 16 0 28 8 0 17 0 15 15 0 11 10 0 13 7 0 12 0 9 5 0 1 1 0 1 1 0 2 0 1 0 0 2 2 0 0 0 0 1 0 6 4 0 9 9 0 9 1 0 2 10 0 9 0 9 13 0 7 10 0 9 10 0 9 0 8 2
1 1 9551
1 2 9382 169
2 1 9551
2 2 9551
2 3 9551
2 4 9551
2 5 9551
2 6 9551
2 7 9551
2 8 9551
2 9 9551
2 10 9551
2 11 1180 884 0 509 280 0 228 217 0 204 242 0 256 0 248 267 0 263 295 0 299 262 0 274 0 251 277 0 243 222 0 221 210 0 176 0 153 125 0 117 96 0 98 101 0 72 0 76 69 0 65 78 0 57 51 0 57 0 51 46 0 44 40 0 38 39 0 31 33 0 30 0 23 22 0 17 18 0 25 8 0 11 0 11 17 0 10 16 0 28 8 0 17 0 15 15 0 11 10 0 13 7 0 12 0 9 5 0 1 1 0 1 1 0 2 0 1 0 0 2 2 0 0 0 0 1 0 6 4 0 9 9 0 9 1 0 2 10 0 9 0 9 13 0 7 10 0 9 10 0 9 0 8 2
1 1 9601
1 2 9432 169
2 1 9601
2 2 9601
2 3 9601
2 4 9601
2 5 9601
2 6 9601
2 7 9601
2 8 9601
2 9 9601
2 10 9601
2 11 1191 891 0 512 281 0 231 218 0 206 243 0 258 0 250 268 0 270 301 0 302 262 0 274 0 251 277 0 243 222 0 221 210 0 176 0 153 125 0 117 96 0 98 101 0 72 0 76 69 0 65 78 0 57 51 0 57 0 51 46 0 44 40 0 38 39 0 31 33 0 30 0 23 22 0 17 18 0 25 8 0 11 0 11 17 0 10 16 0 28 8 0 17 0 15 15 0 11 10 0 13 7 0 12 0 9 5 0 1 1 0 1 1 0 2 0 1 0 0 2 2 0 0 0 0 1 0 6 4 0 9 9 0 9 1 0 2 10 0 9 0 9 13 0 7 10 0 9 10 0 9 0 8 2
1 1 9651
1 2 9482 169
2 1 9651
2 2 9651
2 3 9651
2 4 9651
2 5 9651
2 6 9651
2 7 9651
2 8 9651
2 9 9651
2 10 9651
2 11 1193 898 0 517 284 0 233 220 0 207 243 0 260 0 251 268 0 271 301 0 303 271 0 282 0 257 277 0 243 222 0 221 210 0 176 0 153 125 0 117 96 0 98 101 0 72 0 76 69 0 65 78 0 57 51 0 57 0 51 46 0 44 40 0 38 39 0 31 33 0 30 0 23 22 0 17 18 0 25 8 0 11 0 11 17 0 10 16 0 28 8 0 17 0 15 15 0 11 10 0 13 7 0 12 0 9 5 0 1 1 0 1 1 0 2 0 1 0 0 2 2 0 0 0 0 1 0 6 4 0 9 9 0 9 1 0 2 10 0 9 0 9 13 0 7 10 0 9 10 0 9 0 8 2
1 1 9701
1 2 9532 169
2 1 9701
2 2 9701
2 3 9701
2 4 9701
2 5 9701
2 6 9701
2 7 9701
2 8 9701
2 9 9701
2 10 9701
2 11 1193 898 0 517 284 0 233 220 0 208 249 0 263 0 257 275 0 278 309 0 311 275 0 282 0 257 277 0 243 222 0 221 210 0 176 0 153 125 0 117 96 0 98 101 0 72 0 76 69 0 65 78 0 57 51 0 57 0 51 46 0 44 40 0 38 39 0 31 33 0 30 0 23 22 0 17 18 0 25 8 0 11 0 11 17 0 10 16 0 28 8 0 17 0 15 15 0 11 10 0 13 7 0 12 0 9 5 0 1 1 0 1 1 0 2 0 1 0 0 2 2 0 0 0 0 1 0 6 4 0 9 9 0 9 1 0 2 10 0 9 0 9 13 0 7 10 0 9 10 0 9 0 8 2
1 1 9751
1 2 9581 170
2 1 9751
2 2 9751
2 3 9751
2 4 9751
2 5 9751
2 6 9751
2 7 9751
2 8 9751
2 9 9751
2 10 9751
2 11 1227 908 0 518 284 0 234 222 0 210 249 0 263 0 257 275 0 278 309 0 311 275 0 282 0 257 277 0 243 222 0 221 210 0 176 0 153 125 0 117 96 0 98 101 0 72 0 76 69 0 65 78 0 57 51 0 57 0 51 46 0 44 40 0 38 39 0 31 33 0 30 0 23 22 0 17 18 0 25 8 0 11 0 11 17 0 10 16 0 28 8 0 17 0 15 15 0 11 10 0 13 7 0 12 0 9 5 0 1 1 0 1 1 0 2 0 1 0 0 2 2 0 0 0 0 1 0 6 4 0 9 9 0 9 1 0 2 10 0 9 0 9 13 0 7 10 0 9 10 0 9 0 8 2
1 1 9801
1 2 9631 170
2 1 9801
2 2 9801
2 3 9801
2 4 9801
2 5 9801
2 6 9801
2 7 9801
2 8 9801
2 9 9801
2 10 9801
2 11 1238 918 0 522 286 0 236 223 0 212 250 0 264 0 257 276 0 278 310 0 311 276 0 285 0 262 282 0 243 222 0 221 210 0 176 0 153 125 0 117 96 0 98 101 0 72 0 76 69 0 65 78 0 57 51 0 57 0 51 46 0 44 40 0 38 39 0 31 33 0 30 0 23 22 0 17 18 0 25 8 0 11 0 11 17 0 10 16 0 28 8 0 17 0 15 15 0 11 10 0 13 7 0 12 0 9 5 0 1 1 0 1 1 0 2 0 1 0 0 2 2 0 0 0 0 1 0 6 4 0 9 9 0 9 1 0 2 10 0 9 0 9 13 0 7 10 0 9 10 0 9 0 8 2
1 1 9851
1 2 9681 170
2 1 9851
2 2 9851
2 3 9851
2 4 9851
2 5 9851
2 6 9851
2 7 9851
2 8 9851
2 9 9851
2 10 9851
2 11 1238 918 0 522 286 0 236 223 0 212 250 0 269 0 257 280 0 286 318 0 320 285 0 291 0 263 282 0 243 222 0 221 210 0 176 0 153 125 0 117 96 0 98 101 0 72 0 76 69 0 65 78 0 57 51 0 57 0 51 46 0 44 40 0 38 39 0 31 33 0 30 0 23 22 0 17 18 0 25 8 0 11 0 11 17 0 10 16 0 28 8 0 17 0 15 15 0 11 10 0 13 7 0 12 0 9 5 0 1 1 0 1 1 0 2 0 1 0 0 2 2 0 0 0 0 1 0 6 4 0 9 9 0 9 1 0 2 10 0 9 0 9 13 0 7 10 0 9 10 0 9 0 8 2
1 1 9901
1 2 9731 170
2 1 9901
2 2 9901
2 3 9901
2 4 9901
2 5 9901
2 6 9901
2 7 9901
2 8 9901
2 9 9901
2 10 9901
2 11 1252 927 0 526 287 0 239 227 0 215 252 0 276 0 260 280 0 286 318 0 320 285 0 291 0 263 282 0 243 222 0 221 210 0 176 0 153 125 0 117 96 0 98 101 0 72 0 76 69 0 65 78 0 57 51 0 57 0 51 46 0 44 40 0 38 39 0 31 33 0 30 0 23 22 0 17 18 0 25 8 0 11 0 11 17 0 10 16 0 28 8 0 17 0 15 15 0 11 10 0 13 7 0 12 0 9 5 0 1 1 0 1 1 0 2 0 1 0 0 2 2 0 0 0 0 1 0 6 4 0 9 9 0 9 1 0 2 10 0 9 0 9 13 0 7 10 0 9 10 0 9 0 8 2
1 1 9951
1 2 9781 170
2 1 9951
2 2 9951
2 3 9951
2 4 9951
2 5 9951
2 6 9951
2 7 9951
2 8 9951
2 9 9951
2 10 9951
2 11 1275 944 0 531 289 0 242 227 0 215 252 0 276 0 260 280 0 286 318 0 320 285 0 291 0 263 282 0 243 222 0 221 210 0 176 0 153 125 0 117 96 0 98 101 0 72 0 76 69 0 65 78 0 57 51 0 57 0 51 46 0 44 40 0 38 39 0 31 33 0 30 0 23 22 0 17 18 0 25 8 0 11 0 11 17 0 10 16 0 28 8 0 17 0 15 15 0 11 10 0 13 7 0 12 0 9 5 0 1 1 0 1 1 0 2 0 1 0 0 2 2 0 0 0 0 1 0 6 4 0 9 9 0 9 1 0 2 10 0 9 0 9 13 0 7 10 0 9 10 0 9 0 8 2
1 1 10001
1 2 9831 170
2 1 10001
2 2 10001
2 3 10001
2 4 10001
2 5 10001
2 6 10001
2 7 10001
2 8 10001
2 9 10001
2 10 10001
2 11 1299 967 0 534 289 0 242 227 0 215 252 0 276 0 260 280 0 286 318 0 320 285 0 291 0 263 282 0 243 222 0 221 210 0 176 0 153 125 0 117 96 0 98 101 0 72 0 76 69 0 65 78 0 57 51 0 57 0 51 46 0 44 40 0 38 39 0 31 33 0 30 0 23 22 0 17 18 0 25 8 0 11 0 11 17 0 10 16 0 28 8 0 17 0 15 15 0 11 10 0 13 7 0 12 0 9 5 0 1 1 0 1 1 0 2 0 1 0 0 2 2 0 0 0 0 1 0 6 4 0 9 9 0 9 1 0 2 10 0 9 0 9 13 0 7 10 0 9 10 0 9 0 8 2
1 1 10051
1 2 9881 170
2 1 10051
2 2 10051
2 3 10051
2 4 10051
2 5 10051
2 6 10051
2 7 10051
2 8 10051
2 9 10051
2 10 10051
2 11 1331 981 0 538 289 0 242 227 0 215 252 0 276 0 260 280 0 286 318 0 320 285 0 291 0 263 282 0 243 222 0 221 210 0 176 0 153 125 0 117 96 0 98 101 0 72 0 76 69 0 65 78 0 57 51 0 57 0 51 46 0 44 40 0 38 39 0 31 33 0 30 0 23 22 0 17 18 0 25 8 0 11 0 11 17 0 10 16 0 28 8 0 17 0 15 15 0 11 10 0 13 7 0 12 0 9 5 0 1 1 0 1 1 0 2 0 1 0 0 2 2 0 0 0 0 1 0 6 4 0 9 9 0 9 1 0 2 10 0 9 0 9 13 0 7 10 0 9 10 0 9 0 8 2
1 1 10101
1 2 9931 170
2 1 10101
2 2 10101
2 3 10101
2 4 10101
2 5 10101
2 6 10101
2 7 10101
2 8 10101
2 9 10101
2 10 10101
2 11 1336 986 0 540 290 0 243 227 0 217 253 0 277 0 261 281 0 287 319 0 320 287 0 291 0 265 282 0 243 223 0 221 211 0 176 0 153 126 0 117 97 0 98 110 0 81 0 78 69 0 65 78 0 57 51 0 57 0 51 46 0 44 40 0 38 39 0 31 33 0 30 0 23 22 0 17 18 0 25 8 0 11 0 11 17 0 10 16 0 28 8 0 17 0 15 15 0 11 10 0 13 7 0 12 0 9 5 0 1 1 0 1 1 0 2 0 1 0 0 2 2 0 0 0 0 1 0 6 4 0 9 9 0 9 1 0 2 10 0 9 0 9 13 0 7 10 0 9 10 0 9 0 8 2
1 1 10151
1 2 9981 170
2 1 10151
2 2 10151
2 3 10151
2 4 10151
2 5 10151
2 6 10151
2 7 10151
2 8 10151
2 9 10151
2 10 10151
2 11 1340 988 0 541 291 0 243 228 0 218 253 0 278 0 261 282 0 288 320 0 320 288 0 291 0 265 284 0 243 224 1 221 212 2 176 1 153 128 0 126 105 0 105 111 0 81 0 78 69 0 65 78 0 57 51 0 57 0 51 46 0 44 40 0 38 39 0 31 33 0 30 0 23 22 0 17 18 0 25 8 0 11 0 11 17 0 10 16 0 28 8 0 17 0 15 15 0 11 10 0 13 7 0 12 0 9 5 0 1 1 0 1 1 0 2 0 1 0 0 2 2 0 0 0 0 1 0 6 4 0 9 9 0 9 1 0 2 10 0 9 0 9 13 0 7 10 0 9 10 0 9 0 8 2
1 1 10201
1 2 10031 170
2 1 10201
2 2 10201
2 3 10201
2 4 10201
2 5 10201
2 6 10201
2 7 10201
2 8 10201
2 9 10201
2 10 10201
2 11 1386 992 0 541 291 0 243 228 0 218 253 0 278 0 261 282 0 288 320 0 320 288 0 291 0 265 284 0 243 224 1 221 212 2 176 1 153 128 0 126 105 0 105 111 0 81 0 78 69 0 65 78 0 57 51 0 57 0 51 46 0 44 40 0 38 39 0 31 33 0 30 0 23 22 0 17 18 0 25 8 0 11 0 11 17 0 10 16 0 28 8 0 17 0 15 15 0 11 10 0 13 7 0 12 0 9 5 0 1 1 0 1 1 0 2 0 1 0 0 2 2 0 0 0 0 1 0 6 4 0 9 9 0 9 1 0 2 10 0 9 0 9 13 0 7 10 0 9 10 0 9 0 8 2
1 1 10251
1 2 10081 170
2 1 10251
2 2 10251
2 3 10251
2 4 10251
2 5 10251
2 6 10251
2 7 10251
2 8 10251
2 9 10251
2 10 10251
2 11 1430 998 0 541 291 0 243 228 0 218 253 0 278 0 261 282 0 288 320 0 320 288 0 291 0 265 284 0 243 224 1 221 212 2 176 1 153 128 0 126 105 0 105 111 0 81 0 78 69 0 65 78 0 57 51 0 57 0 51 46 0 44 40 0 38 39 0 31 33 0 30 0 23 22 0 17 18 0 25 8 0 11 0 11 17 0 10 16 0 28 8 0 17 0 15 15 0 11 10 0 13 7 0 12 0 9 5 0 1 1 0 1 1 0 2 0 1 0 0 2 2 0 0 0 0 1 0 6 4 0 9 9 0 9 1 0 2 10 0 9 0 9 13 0 7 10 0 9 10 0 9 0 8 2
1 1 10301
1 2 10131 170
2 1 10301
2 2 10301
2 3 10301
2 4 10301
2 5 10301
2 6 10301
2 7 10301
2 8 10301
2 9 10301
2 10 10301
2 11 1469 1009 0 541 291 0 243 228 0 218 253 0 278 0 261 282 0 288 320 0 320 288 0 291 0 265 284 0 243 224 1 221 212 2 176 1 153 128 0 126 105 0 105 111 0 81 0 78 69 0 65 78 0 57 51 0 57 0 51 46 0 44 40 0 38 39 0 31 33 0 30 0 23 22 0 17 18 0 25 8 0 11 0 11 17 0 10 16 0 28 8 0 17 0 15 15 0 11 10 0 13 7 0 12 0 9 5 0 1 1 0 1 1 0 2 0 1 0 0 2 2 0 0 0 0 1 0 6 4 0 9 9 0 9 1 0 2 10 0 9 0 9 13 0 7 10 0 9 10 0 9 0 8 2
1 1 10351
1 2 10181 170
2 1 10351
2 2 10351
2 3 10351
2 4 10351
2 5 10351
2 6 10351
2 7 10351
2 8 10351
2 9 10351
2 10 10351
2 11 1515 1013 0 541 291 0 243 228 0 218 253 0 278 0 261 282 0 288 320 0 320 288 0 291 0 265 284 0 243 224 1 221 212 2 176 1 153 128 0 126 105 0 105 111 0 81 0 78 69 0 65 78 0 57 51 0 57 0 51 46 0 44 40 0 38 39 0 31 33 0 30 0 23 22 0 17 18 0 25 8 0 11 0 11 17 0 10 16 0 28 8 0 17 0 15 15 0 11 10 0 13 7 0 12 0 9 5 0 1 1 0 1 1 0 2 0 1 0 0 2 2 0 0 0 0 1 0 6 4 0 9 9 0 9 1 0 2 10 0 9 0 9 13 0 7 10 0 9 10 0 9 0 8 2
1 1 10401
1 2 10231 170
2 1 10401
2 2 10401
2 3 10401
2 4 10401
2 5 10401
2 6 10401
2 7 10401
2 8 10401
2 9 10401
2 10 10401
2 11 1545 1021 0 544 293 0 244 231 0 219 255 0 278 0 261 282 0 288 320 0 320 288 0 291 0 265 284 0 243 224 1 221 212 2 176 1 153 128 0 126 105 0 105 111 0 81 0 78 69 0 65 78 0 57 51 0 57 0 51 46 0 44 40 0 38 39 0 31 33 0 30 0 23 22 0 17 18 0 25 8 0 11 0 11 17 0 10 16 0 28 8 0 17 0 15 15 0 11 10 0 13 7 0 12 0 9 5 0 1 1 0 1 1 0 2 0 1 0 0 2 2 0 0 0 0 1 0 6 4 0 9 9 0 9 1 0 2 10 0 9 0 9 13 0 7 10 0 9 10 0 9 0 8 2
1 1 10451
1 2 10281 170
2 1 10451
2 2 10451
2 3 10451
2 4 10451
2 5 10451
2 6 10451
2 7 10451
2 8 10451
2 9 10451
2 10 10451
2 11 1567 1022 0 544 293 0 244 232 0 219 255 0 280 0 264 283 0 290 321 0 323 289 0 293 1 265 286 0 244 226 2 222 213 2 177 2 153 128 0 126 105 0 105 111 0 81 0 78 69 0 65 78 0 57 51 0 57 0 51 46 0 44 40 0 38 39 0 31 33 0 30 0 23 22 0 17 18 0 25 8 0 11 0 11 17 0 10 16 0 28 8 0 17 0 15 15 0 11 10 0 13 7 0 12 0 9 5 0 1 1 0 1 1 0 2 0 1 0 0 2 2 0 0 0 0 1 0 6 4 0 9 9 0 9 1 0 2 10 0 9 0 9 13 0 7 10 0 9 10 0 9 0 8 2
1 1 10501
1 2 10331 170
2 1 10501
2 2 10501
2 3 10501
2 4 10501
2 5 10501
2 6 10501
2 7 10501
2 8 10501
2 9 10501
2 10 10501
2 11 1617 1022 0 544 293 0 244 232 0 219 255 0 280 0 264 283 0 290 321 0 323 289 0 293 1 265 286 0 244 226 2 222 213 2 177 2 153 128 0 126 105 0 105 111 0 81 0 78 69 0 65 78 0 57 51 0 57 0 51 46 0 44 40 0 38 39 0 31 33 0 30 0 23 22 0 17 18 0 25 8 0 11 0 11 17 0 10 16 0 28 8 0 17 0 15 15 0 11 10 0 13 7 0 12 0 9 5 0 1 1 0 1 1 0 2 0 1 0 0 2 2 0 0 0 0 1 0 6 4 0 9 9 0 9 1 0 2 10 0 9 0 9 13 0 7 10 0 9 10 0 9 0 8 2
1 1 10551
1 2 10381 170
2 1 10551
2 2 10551
2 3 10551
2 4 10551
2 5 10551
2 6 10551
2 7 10551
2 8 10551
2 9 10551
2 10 10551
2 11 1667 1022 0 544 293 0 244 232 0 219 255 0 280 0 264 283 0 290 321 0 323 289 0 293 1 265 286 0 244 226 2 222 213 2 177 2 153 128 0 126 105 0 105 111 0 81 0 78 69 0 65 78 0 57 51 0 57 0 51 46 0 44 40 0 38 39 0 31 33 0 30 0 23 22 0 17 18 0 25 8 0 11 0 11 17 0 10 16 0 28 8 0 17 0 15 15 0 11 10 0 13 7 0 12 0 9 5 0 1 1 0 1 1 0 2 0 1 0 0 2 2 0 0 0 0 1 0 6 4 0 9 9 0 9 1 0 2 10 0 9 0 9 13 0 7 10 0 9 10 0 9 0 8 2
1 1 10601
1 2 10431 170
2 1 10601
2 2 10601
2 3 10601
2 4 10601
2 5 10601
2 6 10601
2 7 10601
2 8 10601
2 9 10601
2 10 10601
2 11 1717 1022 0 544 293 0 244 232 0 219 255 0 280 0 264 283 0 290 321 0 323 289 0 293 1 265 286 0 244 226 2 222 213 2 177 2 153 128 0 126 105 0 105 111 0 81 0 78 69 0 65 78 0 57 51 0 57 0 51 46 0 44 40 0 38 39 0 31 33 0 30 0 23 22 0 17 18 0 25 8 0 11 0 11 17 0 10 16 0 28 8 0 17 0 15 15 0 11 10 0 13 7 0 12 0 9 5 0 1 1 0 1 1 0 2 0 1 0 0 2 2 0 0 0 0 1 0 6 4 0 9 9 0 9 1 0 2 10 0 9 0 9 13 0 7 10 0 9 10 0 9 0 8 2
1 1 10651
1 2 10481 170
2 1 10651
2 2 10651
2 3 10651
2 4 10651
2 5 10651
2 6 10651
2 7 10651
2 8 10651
2 9 10651
2 10 10651
2 11 1767 1022 0 544 293 0 244 232 0 219 255 0 280 0 264 283 0 290 321 0 323 289 0 293 1 265 286 0 244 226 2 222 213 2 177 2 153 128 0 126 105 0 105 111 0 81 0 78 69 0 65 78 0 57 51 0 57 0 51 46 0 44 40 0 38 39 0 31 33 0 30 0 23 22 0 17 18 0 25 8 0 11 0 11 17 0 10 16 0 28 8 0 17 0 15 15 0 11 10 0 13 7 0 12 0 9 5 0 1 1 0 1 1 0 2 0 1 0 0 2 2 0 0 0 0 1 0 6 4 0 9 9 0 9 1 0 2 10 0 9 0 9 13 0 7 10 0 9 10 0 9 0 8 2
1 1 10701
1 2 10531 170
2 1 10701
2 2 10701
2 3 10701
2 4 10701
2 5 10701
2 6 10701
2 7 10701
2 8 10701
2 9 10701
2 10 10701
2 11 1817 1022 0 544 293 0 244 232 0 219 255 0 280 0 264 283 0 290 321 0 323 289 0 293 1 265 286 0 244 226 2 222 213 2 177 2 153 128 0 126 105 0 105 111 0 81 0 78 69 0 65 78 0 57 51 0 57 0 51 46 0 44 40 0 38 39 0 31 33 0 30 0 23 22 0 17 18 0 25 8 0 11 0 11 17 0 10 16 0 28 8 0 17 0 15 15 0 11 10 0 13 7 0 12 0 9 5 0 1 1 0 1 1 0 2 0 1 0 0 2 2 0 0 0 0 1 0 6 4 0 9 9 0 9 1 0 2 10 0 9 0 9 13 0 7 10 0 9 10 0 9 0 8 2
1 1 10751
1 2 10581 170
2 1 10751
2 2 10751
2 3 10751
2 4 10751
2 5 10751
2 6 10751
2 7 10751
2 8 10751
2 9 10751
2 10 10751
2 11 1867 1022 0 544 293 0 244 232 0 219 255 0 280 0 264 283 0 290 321 0 323 289 0 293 1 265 286 0 244 226 2 222 213 2 177 2 153 128 0 126 105 0 105 111 0 81 0 78 69 0 65 78 0 57 51 0 57 0 51 46 0 44 40 0 38 39 0 31 33 0 30 0 23 22 0 17 18 0 25 8 0 11 0 11 17 0 10 16 0 28 8 0 17 0 15 15 0 11 10 0 13 7 0 12 0 9 5 0 1 1 0 1 1 0 2 0 1 0 0 2 2 0 0 0 0 1 0 6 4 0 9 9 0 9 1 0 2 10 0 9 0 9 13 0 7 10 0 9 10 0 9 0 8 2
1 1 10801
1 2 10631 170
2 1 10801
2 2 10801
2 3 10801
2 4 10801
2 5 10801
2 6 10801
2 7 10801
2 8 10801
2 9 10801
2 10 10801
2 11 1917 1022 0 544 293 0 244 232 0 219 255 0 280 0 264 283 0 290 321 0 323 289 0 293 1 265 286 0 244 226 2 222 213 2 177 2 153 128 0 126 105 0 105 111 0 81 0 78 69 0 65 78 0 57 51 0 57 0 51 46 0 44 40 0 38 39 0 31 33 0 30 0 23 22 0 17 18 0 25 8 0 11 0 11 17 0 10 16 0 28 8 0 17 0 15 15 0 11 10 0 13 7 0 12 0 9 5 0 1 1 0 1 1 0 2 0 1 0 0 2 2 0 0 0 0 1 0 6 4 0 9 9 0 9 1 0 2 10 0 9 0 9 13 0 7 10 0 9 10 0 9 0 8 2
1 1 10851
1 2 10681 170
2 1 10851
2 2 10851
2 3 10851
2 4 10851
2 5 10851
2 6 10851
2 7 10851
2 8 10851
2 9 10851
2 10 10851
2 11 1967 1022 0 544 293 0 244 232 0 219 255 0 280 0 264 283 0 290 321 0 323 289 0 293 1 265 286 0 244 226 2 222 213 2 177 2 153 128 0 126 105 0 105 111 0 81 0 78 69 0 65 78 0 57 51 0 57 0 51 46 0 44 40 0 38 39 0 31 33 0 30 0 23 22 0 17 18 0 25 8 0 11 0 11 17 0 10 16 0 28 8 0 17 0 15 15 0 11 10 0 13 7 0 12 0 9 5 0 1 1 0 1 1 0 2 0 1 0 0 2 2 0 0 0 0 1 0 6 4 0 9 9 0 9 1 0 2 10 0 9 0 9 13 0 7 10 0 9 10 0 9 0 8 2
1 1 10901
1 2 10731 170
2 1 10901
2 2 10901
2 3 10901
2 4 10901
2 5 10901
2 6 10901
2 7 10901
2 8 10901
2 9 10901
2 10 10901
2 11 2017 1022 0 544 293 0 244 232 0 219 255 0 280 0 264 283 0 290 321 0 323 289 0 293 1 265 286 0 244 226 2 222 213 2 177 2 153 128 0 126 105 0 105 111 0 81 0 78 69 0 65 78 0 57 51 0 57 0 51 46 0 44 40 0 38 39 0 31 33 0 30 0 23 22 0 17 18 0 25 8 0 11 0 11 17 0 10 16 0 28 8 0 17 0 15 15 0 11 10 0 13 7 0 12 0 9 5 0 1 1 0 1 1 0 2 0 1 0 0 2 2 0 0 0 0 1 0 6 4 0 9 9 0 9 1 0 2 10 0 9 0 9 13 0 7 10 0 9 10 0 9 0 8 2
1 1 10951
1 2 10781 170
2 1 10951
2 2 10951
2 3 10951
2 4 10951
2 5 10951
2 6 10951
2 7 10951
2 8 10951
2 9 10951
2 10 10951
2 11 2067 1022 0 544 293 0 244 232 0 219 255 0 280 0 264 283 0 290 321 0 323 289 0 293 1 265 286 0 244 226 2 222 213 2 177 2 153 128 0 126 105 0 105 111 0 81 0 78 69 0 65 78 0 57 51 0 57 0 51 46 0 44 40 0 38 39 0 31 33 0 30 0 23 22 0 17 18 0 25 8 0 11 0 11 17 0 10 16 0 28 8 0 17 0 15 15 0 11 10 0 13 7 0 12 0 9 5 0 1 1 0 1 1 0 2 0 1 0 0 2 2 0 0 0 0 1 0 6 4 0 9 9 0 9 1 0 2 10 0 9 0 9 13 0 7 10 0 9 10 0 9 0 8 2
1 1 11001
1 2 10831 170
2 1 11001
2 2 11001
2 3 11001
2 4 11001
2 5 11001
2 6 11001
2 7 11001
2 8 11001
2 9 11001
2 10 11001
2 11 2117 1022 0 544 293 0 244 232 0 219 255 0 280 0 264 283 0 290 321 0 323 289 0 293 1 265 286 0 244 226 2 222 213 2 177 2 153 128 0 126 105 0 105 111 0 81 0 78 69 0 65 78 0 57 51 0 57 0 51 46 0 44 40 0 38 39 0 31 33 0 30 0 23 22 0 17 18 0 25 8 0 11 0 11 17 0 10 16 0 28 8 0 17 0 15 15 0 11 10 0 13 7 0 12 0 9 5 0 1 1 0 1 1 0 2 0 1 0 0 2 2 0 0 0 0 1 0 6 4 0 9 9 0 9 1 0 2 10 0 9 0 9 13 0 7 10 0 9 10 0 9 0 8 2
1 1 11051
1 2 10881 170
2 1 11051
2 2 11051
2 3 11051
2 4 11051
2 5 11051
2 6 11051
2 7 11051
2 8 11051
2 9 11051
2 10 11051
2 11 2167 1022 0 544 293 0 244 232 0 219 255 0 280 0 264 283 0 290 321 0 323 289 0 293 1 265 286 0 244 226 2 222 213 2 177 2 153 128 0 126 105 0 105 111 0 81 0 78 69 0 65 78 0 57 51 0 57 0 51 46 0 44 40 0 38 39 0 31 33 0 30 0 23 22 0 17 18 0 25 8 0 11 0 11 17 0 10 16 0 28 8 0 17 0 15 15 0 11 10 0 13 7 0 12 0 9 5 0 1 1 0 1 1 0 2 0 1 0 0 2 2 0 0 0 0 1 0 6 4 0 9 9 0 9 1 0 2 10 0 9 0 9 13 0 7 10 0 9 10 0 9 0 8 2
1 1 11101
1 2 10931 170
2 1 11101
2 2 11101
2 3 11101
2 4 11101
2 5 11101
2 6 11101
2 7 11101
2 8 11101
2 9 11101
2 10 11101
2 11 2217 1022 0 544 293 0 244 232 0 219 255 0 280 0 264 283 0 290 321 0 323 289 0 293 1 265 286 0 244 226 2 222 213 2 177 2 153 128 0 126 105 0 105 111 0 81 0 78 69 0 65 78 0 57 51 0 57 0 51 46 0 44 40 0 38 39 0 31 33 0 30 0 23 22 0 17 18 0 25 8 0 11 0 11 17 0 10 16 0 28 8 0 17 0 15 15 0 11 10 0 13 7 0 12 0 9 5 0 1 1 0 1 1 0 2 0 1 0 0 2 2 0 0 0 0 1 0 6 4 0 9 9 0 9 1 0 2 10 0 9 0 9 13 0 7 10 0 9 10 0 9 0 8 2
1 1 11151
1 2 10981 170
2 1 11151
2 2 11151
2 3 11151
2 4 11151
2 5 11151
2 6 11151
2 7 11151
2 8 11151
2 9 11151
2 10 11151
2 11 2267 1022 0 544 293 0 244 232 0 219 255 0 280 0 264 283 0 290 321 0 323 289 0 293 1 265 286 0 244 226 2 222 213 2 177 2 153 128 0 126 105 0 105 111 0 81 0 78 69 0 65 78 0 57 51 0 57 0 51 46 0 44 40 0 38 39 0 31 33 0 30 0 23 22 0 17 18 0 25 8 0 11 0 11 17 0 10 16 0 28 8 0 17 0 15 15 0 11 10 0 13 7 0 12 0 9 5 0 1 1 0 1 1 0 2 0 1 0 0 2 2 0 0 0 0 1 0 6 4 0 9 9 0 9 1 0 2 10 0 9 0 9 13 0 7 10 0 9 10 0 9 0 8 2
1 1 11201
1 2 11031 170
2 1 11201
2 2 11201
2 3 11201
2 4 11201
2 5 11201
2 6 11201
2 7 11201
2 8 11201
2 9 11201
2 10 11201
2 11 2317 1022 0 544 293 0 244 232 0 219 255 0 280 0 264 283 0 290 321 0 323 289 0 293 1 265 286 0 244 226 2 222 213 2 177 2 153 128 0 126 105 0 105 111 0 81 0 78 69 0 65 78 0 57 51 0 57 0 51 46 0 44 40 0 38 39 0 31 33 0 30 0 23 22 0 17 18 0 25 8 0 11 0 11 17 0 10 16 0 28 8 0 17 0 15 15 0 11 10 0 13 7 0 12 0 9 5 0 1 1 0 1 1 0 2 0 1 0 0 2 2 0 0 0 0 1 0 6 4 0 9 9 0 9 1 0 2 10 0 9 0 9 13 0 7 10 0 9 10 0 9 0 8 2
1 1 11251
1 2 11081 170
2 1 11251
2 2 11251
2 3 11251
2 4 11251
2 5 11251
2 6 11251
2 7 11251
2 8 11251
2 9 11251
2 10 11251
2 11 2367 1022 0 544 293 0 244 232 0 219 255 0 280 0 264 283 0 290 321 0 323 289 0 293 1 265 286 0 244 226 2 222 213 2 177 2 153 128 0 126 105 0 105 111 0 81 0 78 69 0 65 78 0 57 51 0 57 0 51 46 0 44 40 0 38 39 0 31 33 0 30 0 23 22 0 17 18 0 25 8 0 11 0 11 17 0 10 16 0 28 8 0 17 0 15 15 0 11 10 0 13 7 0 12 0 9 5 0 1 1 0 1 1 0 2 0 1 0 0 2 2 0 0 0 0 1 0 6 4 0 9 9 0 9 1 0 2 10 0 9 0 9 13 0 7 10 0 9 10 0 9 0 8 2
1 1 11301
1 2 11131 170
2 1 11301
2 2 11301
2 3 11301
2 4 11301
2 5 11301
2 6 11301
2 7 11301
2 8 11301
2 9 11301
2 10 11301
2 11 2417 1022 0 544 293 0 244 232 0 219 255 0 280 0 264 283 0 290 321 0 323 289 0 293 1 265 286 0 244 226 2 222 213 2 177 2 153 128 0 126 105 0 105 111 0 81 0 78 69 0 65 78 0 57 51 0 57 0 51 46 0 44 40 0 38 39 0 31 33 0 30 0 23 22 0 17 18 0 25 8 0 11 0 11 17 0 10 16 0 28 8 0 17 0 15 15 0 11 10 0 13 7 0 12 0 9 5 0 1 1 0 1 1 0 2 0 1 0 0 2 2 0 0 0 0 1 0 6 4 0 9 9 0 9 1 0 2 10 0 9 0 9 13 0 7 10 0 9 10 0 9 0 8 2
1 1 11351
1 2 11181 170
2 1 11351
2 2 11351
2 3 11351
2 4 11351
2 5 11351
2 6 11351
2 7 11351
2 8 11351
2 9 11351
2 10 11351
2 11 2467 1022 0 544 293 0 244 232 0 219 255 0 280 0 264 283 0 290 321 0 323 289 0 293 1 265 286 0 244 226 2 222 213 2 177 2 153 128 0 126 105 0 105 111 0 81 0 78 69 0 65 78 0 57 51 0 57 0 51 46 0 44 40 0 38 39 0 31 33 0 30 0 23 22 0 17 18 0 25 8 0 11 0 11 17 0 10 16 0 28 8 0 17 0 15 15 0 11 10 0 13 7 0 12 0 9 5 0 1 1 0 1 1 0 2 0 1 0 0 2 2 0 0 0 0 1 0 6 4 0 9 9 0 9 1 0 2 10 0 9 0 9 13 0 7 10 0 9 10 0 9 0 8 2
1 1 11401
1 2 11231 170
2 1 11401
2 2 11401
2 3 11401
2 4 11401
2 5 11401
2 6 11401
2 7 11401
2 8 11401
2 9 11401
2 10 11401
2 11 2517 1022 0 544 293 0 244 232 0 219 255 0 280 0 264 283 0 290 321 0 323 289 0 293 1 265 286 0 244 226 2 222 213 2 177 2 153 128 0 126 105 0 105 111 0 81 0 78 69 0 65 78 0 57 51 0 57 0 51 46 0 44 40 0 38 39 0 31 33 0 30 0 23 22 0 17 18 0 25 8 0 11 0 11 17 0 10 16 0 28 8 0 17 0 15 15 0 11 10 0 13 7 0 12 0 9 5 0 1 1 0 1 1 0 2 0 1 0 0 2 2 0 0 0 0 1 0 6 4 0 9 9 0 9 1 0 2 10 0 9 0 9 13 0 7 10 0 9 10 0 9 0 8 2
1 1 11451
1 2 11281 170
2 1 11451
2 2 11451
2 3 11451
2 4 11451
2 5 11451
2 6 11451
2 7 11451
2 8 11451
2 9 11451
2 10 11451
2 11 2567 1022 0 544 293 0 244 232 0 219 255 0 280 0 264 283 0 290 321 0 323 289 0 293 1 265 286 0 244 226 2 222 213 2 177 2 153 128 0 126 105 0 105 111 0 81 0 78 69 0 65 78 0 57 51 0 57 0 51 46 0 44 40 0 38 39 0 31 33 0 30 0 23 22 0 17 18 0 25 8 0 11 0 11 17 0 10 16 0 28 8 0 17 0 15 15 0 11 10 0 13 7 0 12 0 9 5 0 1 1 0 1 1 0 2 0 1 0 0 2 2 0 0 0 0 1 0 6 4 0 9 9 0 9 1 0 2 10 0 9 0 9 13 0 7 10 0 9 10 0 9 0 8 2
1 1 11501
1 2 11331 170
2 1 11501
2 2 11501
2 3 11501
2 4 11501
2 5 11501
2 6 11501
2 7 11501
2 8 11501
2 9 11501
2 10 11501
2 11 2617 1022 0 544 293 0 244 232 0 219 255 0 280 0 264 283 0 290 321 0 323 289 0 293 1 265 286 0 244 226 2 222 213 2 177 2 153 128 0 126 105 0 105 111 0 81 0 78 69 0 65 78 0 57 51 0 57 0 51 46 0 44 40 0 38 39 0 31 33 0 30 0 23 22 0 17 18 0 25 8 0 11 0 11 17 0 10 16 0 28 8 0 17 0 15 15 0 11 10 0 13 7 0 12 0 9 5 0 1 1 0 1 1 0 2 0 1 0 0 2 2 0 0 0 0 1 0 6 4 0 9 9 0 9 1 0 2 10 0 9 0 9 13 0 7 10 0 9 10 0 9 0 8 2
1 1 11551
1 2 11381 170
2 1 11551
2 2 11551
2 3 11551
2 4 11551
2 5 11551
2 6 11551
2 7 11551
2 8 11551
2 9 11551
2 10 11551
2 11 2667 1022 0 544 293 0 244 232 0 219 255 0 280 0 264 283 0 290 321 0 323 289 0 293 1 265 286 0 244 226 2 222 213 2 177 2 153 128 0 126 105 0 105 111 0 81 0 78 69 0 65 78 0 57 51 0 57 0 51 46 0 44 40 0 38 39 0 31 33 0 30 0 23 22 0 17 18 0 25 8 0 11 0 11 17 0 10 16 0 28 8 0 17 0 15 15 0 11 10 0 13 7 0 12 0 9 5 0 1 1 0 1 1 0 2 0 1 0 0 2 2 0 0 0 0 1 0 6 4 0 9 9 0 9 1 0 2 10 0 9 0 9 13 0 7 10 0 9 10 0 9 0 8 2
1 1 11601
1 2 11431 170
2 1 11601
2 2 11601
2 3 11601
2 4 11601
2 5 11601
2 6 11601
2 7 11601
2 8 11601
2 9 11601
2 10 11601
2 11 2717 1022 0 544 293 0 244 232 0 219 255 0 280 0 264 283 0 290 321 0 323 289 0 293 1 265 286 0 244 226 2 222 213 2 177 2 153 128 0 126 105 0 105 111 0 81 0 78 69 0 65 78 0 57 51 0 57 0 51 46 0 44 40 0 38 39 0 31 33 0 30 0 23 22 0 17 18 0 25 8 0 11 0 11 17 0 10 16 0 28 8 0 17 0 15 15 0 11 10 0 13 7 0 12 0 9 5 0 1 1 0 1 1 0 2 0 1 0 0 2 2 0 0 0 0 1 0 6 4 0 9 9 0 9 1 0 2 10 0 9 0 9 13 0 7 10 0 9 10 0 9 0 8 2
1 1 11651
1 2 11481 170
2 1 11651
2 2 11651
2 3 11651
2 4 11651
2 5 11651
2 6 11651
2 7 11651
2 8 11651
2 9 11651
2 10 11651
2 11 2767 1022 0 544 293 0 244 232 0 219 255 0 280 0 264 283 0 290 321 0 323 289 0 293 1 265 286 0 244 226 2 222 213 2 177 2 153 128 0 126 105 0 105 111 0 81 0 78 69 0 65 78 0 57 51 0 57 0 51 46 0 44 40 0 38 39 0 31 33 0 30 0 23 22 0 17 18 0 25 8 0 11 0 11 17 0 10 16 0 28 8 0 17 0 15 15 0 11 10 0 13 7 0 12 0 9 5 0 1 1 0 1 1 0 2 0 1 0 0 2 2 0 0 0 0 1 0 6 4 0 9 9 0 9 1 0 2 10 0 9 0 9 13 0 7 10 0 9 10 0 9 0 8 2
1 1 11701
1 2 11531 170
2 1 11701
2 2 11701
2 3 11701
2 4 11701
2 5 11701
2 6 11701
2 7 11701
2 8 11701
2 9 11701
2 10 11701
2 11 2817 1022 0 544 293 0 244 232 0 219 255 0 280 0 264 283 0 290 321 0 323 289 0 293 1 265 286 0 244 226 2 222 213 2 177 2 153 128 0 126 105 0 105 111 0 81 0 78 69 0 65 78 0 57 51 0 57 0 51 46 0 44 40 0 38 39 0 31 33 0 30 0 23 22 0 17 18 0 25 8 0 11 0 11 17 0 10 16 0 28 8 0 17 0 15 15 0 11 10 0 13 7 0 12 0 9 5 0 1 1 0 1 1 0 2 0 1 0 0 2 2 0 0 0 0 1 0 6 4 0 9 9 0 9 1 0 2 10 0 9 0 9 13 0 7 10 0 9 10 0 9 0 8 2
1 1 11751
1 2 11581 170
2 1 11751
2 2 11751
2 3 11751
2 4 11751
2 5 11751
2 6 11751
2 7 11751
2 8 11751
2 9 11751
2 10 11751
2 11 2867 1022 0 544 293 0 244 232 0 219 255 0 280 0 264 283 0 290 321 0 323 289 0 293 1 265 286 0 244 226 2 222 213 2 177 2 153 128 0 126 105 0 105 111 0 81 0 78 69 0 65 78 0 57 51 0 57 0 51 46 0 44 40 0 38 39 0 31 33 0 30 0 23 22 0 17 18 0 25 8 0 11 0 11 17 0 10 16 0 28 8 0 17 0 15 15 0 11 10 0 13 7 0 12 0 9 5 0 1 1 0 1 1 0 2 0 1 0 0 2 2 0 0 0 0 1 0 6 4 0 9 9 0 9 1 0 2 10 0 9 0 9 13 0 7 10 0 9 10 0 9 0 8 2
1 1 11801
1 2 11631 170
2 1 11801
2 2 11801
2 3 11801
2 4 11801
2 5 11801
2 6 11801
2 7 11801
2 8 11801
2 9 11801
2 10 11801
2 11 2917 1022 0 544 293 0 244 232 0 219 255 0 280 0 264 283 0 290 321 0 323 289 0 293 1 265 286 0 244 226 2 222 213 2 177 2 153 128 0 126 105 0 105 111 0 81 0 78 69 0 65 78 0 57 51 0 57 0 51 46 0 44 40 0 38 39 0 31 33 0 30 0 23 22 0 17 18 0 25 8 0 11 0 11 17 0 10 16 0 28 8 0 17 0 15 15 0 11 10 0 13 7 0 12 0 9 5 0 1 1 0 1 1 0 2 0 1 0 0 2 2 0 0 0 0 1 0 6 4 0 9 9 0 9 1 0 2 10 0 9 0 9 13 0 7 10 0 9 10 0 9 0 8 2
1 1 11851
1 2 11681 170
2 1 11851
2 2 11851
2 3 11851
2 4 11851
2 5 11851
2 6 11851
2 7 11851
2 8 11851
2 9 11851
2 10 11851
2 11 2967 1022 0 544 293 0 244 232 0 219 255 0 280 0 264 283 0 290 321 0 323 289 0 293 1 265 286 0 244 226 2 222 213 2 177 2 153 128 0 126 105 0 105 111 0 81 0 78 69 0 65 78 0 57 51 0 57 0 51 46 0 44 40 0 38 39 0 31 33 0 30 0 23 22 0 17 18 0 25 8 0 11 0 11 17 0 10 16 0 28 8 0 17 0 15 15 0 11 10 0 13 7 0 12 0 9 5 0 1 1 0 1 1 0 2 0 1 0 0 2 2 0 0 0 0 1 0 6 4 0 9 9 0 9 1 0 2 10 0 9 0 9 13 0 7 10 0 9 10 0 9 0 8 2
1 1 11901
1 2 11731 170
2 1 11901
2 2 11901
2 3 11901
2 4 11901
2 5 11901
2 6 11901
2 7 11901
2 8 11901
2 9 11901
2 10 11901
2 11 3017 1022 0 544 293 0 244 232 0 219 255 0 280 0 264 283 0 290 321 0 323 289 0 293 1 265 286 0 244 226 2 222 213 2 177 2 153 128 0 126 105 0 105 111 0 81 0 78 69 0 65 78 0 57 51 0 57 0 51 46 0 44 40 0 38 39 0 31 33 0 30 0 23 22 0 17 18 0 25 8 0 11 0 11 17 0 10 16 0 28 8 0 17 0 15 15 0 11 10 0 13 7 0 12 0 9 5 0 1 1 0 1 1 0 2 0 1 0 0 2 2 0 0 0 0 1 0 6 4 0 9 9 0 9 1 0 2 10 0 9 0 9 13 0 7 10 0 9 10 0 9 0 8 2
1 1 11951
1 2 11781 170
2 1 11951
2 2 11951
2 3 11951
2 4 11951
2 5 11951
2 6 11951
2 7 11951
2 8 11951
2 9 11951
2 10 11951
2 11 3067 1022 0 544 293 0 244 232 0 219 255 0 280 0 264 283 0 290 321 0 323 289 0 293 1 265 286 0 244 226 2 222 213 2 177 2 153 128 0 126 105 0 105 111 0 81 0 78 69 0 65 78 0 57 51 0 57 0 51 46 0 44 40 0 38 39 0 31 33 0 30 0 23 22 0 17 18 0 25 8 0 11 0 11 17 0 10 16 0 28 8 0 17 0 15 15 0 11 10 0 13 7 0 12 0 9 5 0 1 1 0 1 1 0 2 0 1 0 0 2 2 0 0 0 0 1 0 6 4 0 9 9 0 9 1 0 2 10 0 9 0 9 13 0 7 10 0 9 10 0 9 0 8 2
1 1 12001
1 2 11831 170
2 1 12001
2 2 12001
2 3 12001
2 4 12001
2 5 12001
2 6 12001
2 7 12001
2 8 12001
2 9 12001
2 10 12001
2 11 3117 1022 0 544 293 0 244 232 0 219 255 0 280 0 264 283 0 290 321 0 323 289 0 293 1 265 286 0 244 226 2 222 213 2 177 2 153 128 0 126 105 0 105 111 0 81 0 78 69 0 65 78 0 57 51 0 57 0 51 46 0 44 40 0 38 39 0 31 33 0 30 0 23 22 0 17 18 0 25 8 0 11 0 11 17 0 10 16 0 28 8 0 17 0 15 15 0 11 10 0 13 7 0 12 0 9 5 0 1 1 0 1 1 0 2 0 1 0 0 2 2 0 0 0 0 1 0 6 4 0 9 9 0 9 1 0 2 10 0 9 0 9 13 0 7 10 0 9 10 0 9 0 8 2
1 1 12051
1 2 11881 170
2 1 12051
2 2 12051
2 3 12051
2 4 12051
2 5 12051
2 6 12051
2 7 12051
2 8 12051
2 9 12051
2 10 12051
2 11 3167 1022 0 544 293 0 244 232 0 219 255 0 280 0 264 283 0 290 321 0 323 289 0 293 1 265 286 0 244 226 2 222 213 2 177 2 153 128 0 126 105 0 105 111 0 81 0 78 69 0 65 78 0 57 51 0 57 0 51 46 0 44 40 0 38 39 0 31 33 0 30 0 23 22 0 17 18 0 25 8 0 11 0 11 17 0 10 16 0 28 8 0 17 0 15 15 0 11 10 0 13 7 0 12 0 9 5 0 1 1 0 1 1 0 2 0 1 0 0 2 2 0 0 0 0 1 0 6 4 0 9 9 0 9 1 0 2 10 0 9 0 9 13 0 7 10 0 9 10 0 9 0 8 2
1 1 12101
1 2 11931 170
2 1 12101
2 2 12101
2 3 12101
2 4 12101
2 5 12101
2 6 12101
2 7 12101
2 8 12101
2 9 12101
2 10 12101
2 11 3217 1022 0 544 293 0 244 232 0 219 255 0 280 0 264 283 0 290 321 0 323 289 0 293 1 265 286 0 244 226 2 222 213 2 177 2 153 128 0 126 105 0 105 111 0 81 0 78 69 0 65 78 0 57 51 0 57 0 51 46 0 44 40 0 38 39 0 31 33 0 30 0 23 22 0 17 18 0 25 8 0 11 0 11 17 0 10 16 0 28 8 0 17 0 15 15 0 11 10 0 13 7 0 12 0 9 5 0 1 1 0 1 1 0 2 0 1 0 0 2 2 0 0 0 0 1 0 6 4 0 9 9 0 9 1 0 2 10 0 9 0 9 13 0 7 10 0 9 10 0 9 0 8 2
1 1 12151
1 2 11981 170
2 1 12151
2 2 12151
2 3 12151
2 4 12151
2 5 12151
2 6 12151
2 7 12151
2 8 12151
2 9 12151
2 10 12151
2 11 3267 1022 0 544 293 0 244 232 0 219 255 0 280 0 264 283 0 290 321 0 323 289 0 293 1 265 286 0 244 226 2 222 213 2 177 2 153 128 0 126 105 0 105 111 0 81 0 78 69 0 65 78 0 57 51 0 57 0 51 46 0 44 40 0 38 39 0 31 33 0 30 0 23 22 0 17 18 0 25 8 0 11 0 11 17 0 10 16 0 28 8 0 17 0 15 15 0 11 10 0 13 7 0 12 0 9 5 0 1 1 0 1 1 0 2 0 1 0 0 2 2 0 0 0 0 1 0 6 4 0 9 9 0 9 1 0 2 10 0 9 0 9 13 0 7 10 0 9 10 0 9 0 8 2
1 1 12201
1 2 12031 170
2 1 12201
2 2 12201
2 3 12201
2 4 12201
2 5 12201
2 6 12201
2 7 12201
2 8 12201
2 9 12201
2 10 12201
2 11 3317 1022 0 544 293 0 244 232 0 219 255 0 280 0 264 283 0 290 321 0 323 289 0 293 1 265 286 0 244 226 2 222 213 2 177 2 153 128 0 126 105 0 105 111 0 81 0 78 69 0 65 78 0 57 51 0 57 0 51 46 0 44 40 0 38 39 0 31 33 0 30 0 23 22 0 17 18 0 25 8 0 11 0 11 17 0 10 16 0 28 8 0 17 0 15 15 0 11 10 0 13 7 0 12 0 9 5 0 1 1 0 1 1 0 2 0 1 0 0 2 2 0 0 0 0 1 0 6 4 0 9 9 0 9 1 0 2 10 0 9 0 9 13 0 7 10 0 9 10 0 9 0 8 2
1 1 12251
1 2 12081 170
2 1 12251
2 2 12251
2 3 12251
2 4 12251
2 5 12251
2 6 12251
2 7 12251
2 8 12251
2 9 12251
2 10 12251
2 11 3367 1022 0 544 293 0 244 232 0 219 255 0 280 0 264 283 0 290 321 0 323 289 0 293 1 265 286 0 244 226 2 222 213 2 177 2 153 128 0 126 105 0 105 111 0 81 0 78 69 0 65 78 0 57 51 0 57 0 51 46 0 44 40 0 38 39 0 31 33 0 30 0 23 22 0 17 18 0 25 8 0 11 0 11 17 0 10 16 0 28 8 0 17 0 15 15 0 11 10 0 13 7 0 12 0 9 5 0 1 1 0 1 1 0 2 0 1 0 0 2 2 0 0 0 0 1 0 6 4 0 9 9 0 9 1 0 2 10 0 9 0 9 13 0 7 10 0 9 10 0 9 0 8 2
1 1 12301
1 2 12131 170
2 1 12301
2 2 12301
2 3 12301
2 4 12301
2 5 12301
2 6 12301
2 7 12301
2 8 12301
2 9 12301
2 10 12301
2 11 3417 1022 0 544 293 0 244 232 0 219 255 0 280 0 264 283 0 290 321 0 323 289 0 293 1 265 286 0 244 226 2 222 213 2 177 2 153 128 0 126 105 0 105 111 0 81 0 78 69 0 65 78 0 57 51 0 57 0 51 46 0 44 40 0 38 39 0 31 33 0 30 0 23 22 0 17 18 0 25 8 0 11 0 11 17 0 10 16 0 28 8 0 17 0 15 15 0 11 10 0 13 7 0 12 0 9 5 0 1 1 0 1 1 0 2 0 1 0 0 2 2 0 0 0 0 1 0 6 4 0 9 9 0 9 1 0 2 10 0 9 0 9 13 0 7 10 0 9 10 0 9 0 8 2
1 1 12351
1 2 12181 170
2 1 12351
2 2 12351
2 3 12351
2 4 12351
2 5 12351
2 6 12351
2 7 12351
2 8 12351
2 9 12351
2 10 12351
2 11 3467 1022 0 544 293 0 244 232 0 219 255 0 280 0 264 283 0 290 321 0 323 289 0 293 1 265 286 0 244 226 2 222 213 2 177 2 153 128 0 126 105 0 105 111 0 81 0 78 69 0 65 78 0 57 51 0 57 0 51 46 0 44 40 0 38 39 0 31 33 0 30 0 23 22 0 17 18 0 25 8 0 11 0 11 17 0 10 16 0 28 8 0 17 0 15 15 0 11 10 0 13 7 0 12 0 9 5 0 1 1 0 1 1 0 2 0 1 0 0 2 2 0 0 0 0 1 0 6 4 0 9 9 0 9 1 0 2 10 0 9 0 9 13 0 7 10 0 9 10 0 9 0 8 2
1 1 12401
1 2 12231 170
2 1 12401
2 2 12401
2 3 12401
2 4 12401
2 5 12401
2 6 12401
2 7 12401
2 8 12401
2 9 12401
2 10 12401
2 11 3517 1022 0 544 293 0 244 232 0 219 255 0 280 0 264 283 0 290 321 0 323 289 0 293 1 265 286 0 244 226 2 222 213 2 177 2 153 128 0 126 105 0 105 111 0 81 0 78 69 0 65 78 0 57 51 0 57 0 51 46 0 44 40 0 38 39 0 31 33 0 30 0 23 22 0 17 18 0 25 8 0 11 0 11 17 0 10 16 0 28 8 0 17 0 15 15 0 11 10 0 13 7 0 12 0 9 5 0 1 1 0 1 1 0 2 0 1 0 0 2 2 0 0 0 0 1 0 6 4 0 9 9 0 9 1 0 2 10 0 9 0 9 13 0 7 10 0 9 10 0 9 0 8 2
1 1 12451
1 2 12281 170
2 1 12451
2 2 12451
2 3 12451
2 4 12451
2 5 12451
2 6 12451
2 7 12451
2 8 12451
2 9 12451
2 10 12451
2 11 3567 1022 0 544 293 0 244 232 0 219 255 0 280 0 264 283 0 290 321 0 323 289 0 293 1 265 286 0 244 226 2 222 213 2 177 2 153 128 0 126 105 0 105 111 0 81 0 78 69 0 65 78 0 57 51 0 57 0 51 46 0 44 40 0 38 39 0 31 33 0 30 0 23 22 0 17 18 0 25 8 0 11 0 11 17 0 10 16 0 28 8 0 17 0 15 15 0 11 10 0 13 7 0 12 0 9 5 0 1 1 0 1 1 0 2 0 1 0 0 2 2 0 0 0 0 1 0 6 4 0 9 9 0 9 1 0 2 10 0 9 0 9 13 0 7 10 0 9 10 0 9 0 8 2
1 1 12501
1 2 12331 170
2 1 12501
2 2 12501
2 3 12501
2 4 12501
2 5 12501
2 6 12501
2 7 12501
2 8 12501
2 9 12501
2 10 12501
2 11 3617 1022 0 544 293 0 244 232 0 219 255 0 280 0 264 283 0 290 321 0 323 289 0 293 1 265 286 0 244 226 2 222 213 2 177 2 153 128 0 126 105 0 105 111 0 81 0 78 69 0 65 78 0 57 51 0 57 0 51 46 0 44 40 0 38 39 0 31 33 0 30 0 23 22 0 17 18 0 25 8 0 11 0 11 17 0 10 16 0 28 8 0 17 0 15 15 0 11 10 0 13 7 0 12 0 9 5 0 1 1 0 1 1 0 2 0 1 0 0 2 2 0 0 0 0 1 0 6 4 0 9 9 0 9 1 0 2 10 0 9 0 9 13 0 7 10 0 9 10 0 9 0 8 2
1 1 12551
1 2 12381 170
2 1 12551
2 2 12551
2 3 12551
2 4 12551
2 5 12551
2 6 12551
2 7 12551
2 8 12551
2 9 12551
2 10 12551
2 11 3667 1022 0 544 293 0 244 232 0 219 255 0 280 0 264 283 0 290 321 0 323 289 0 293 1 265 286 0 244 226 2 222 213 2 177 2 153 128 0 126 105 0 105 111 0 81 0 78 69 0 65 78 0 57 51 0 57 0 51 46 0 44 40 0 38 39 0 31 33 0 30 0 23 22 0 17 18 0 25 8 0 11 0 11 17 0 10 16 0 28 8 0 17 0 15 15 0 11 10 0 13 7 0 12 0 9 5 0 1 1 0 1 1 0 2 0 1 0 0 2 2 0 0 0 0 1 0 6 4 0 9 9 0 9 1 0 2 10 0 9 0 9 13 0 7 10 0 9 10 0 9 0 8 2
1 1 12601
1 2 12431 170
2 1 12601
2 2 12601
2 3 12601
2 4 12601
2 5 12601
2 6 12601
2 7 12601
2 8 12601
2 9 12601
2 10 12601
2 11 3717 1022 0 544 293 0 244 232 0 219 255 0 280 0 264 283 0 290 321 0 323 289 0 293 1 265 286 0 244 226 2 222 213 2 177 2 153 128 0 126 105 0 105 111 0 81 0 78 69 0 65 78 0 57 51 0 57 0 51 46 0 44 40 0 38 39 0 31 33 0 30 0 23 22 0 17 18 0 25 8 0 11 0 11 17 0 10 16 0 28 8 0 17 0 15 15 0 11 10 0 13 7 0 12 0 9 5 0 1 1 0 1 1 0 2 0 1 0 0 2 2 0 0 0 0 1 0 6 4 0 9 9 0 9 1 0 2 10 0 9 0 9 13 0 7 10 0 9 10 0 9 0 8 2
1 1 12651
1 2 12481 170
2 1 12651
2 2 12651
2 3 12651
2 4 12651
2 5 12651
2 6 12651
2 7 12651
2 8 12651
2 9 12651
2 10 12651
2 11 3767 1022 0 544 293 0 244 232 0 219 255 0 280 0 264 283 0 290 321 0 323 289 0 293 1 265 286 0 244 226 2 222 213 2 177 2 153 128 0 126 105 0 105 111 0 81 0 78 69 0 65 78 0 57 51 0 57 0 51 46 0 44 40 0 38 39 0 31 33 0 30 0 23 22 0 17 18 0 25 8 0 11 0 11 17 0 10 16 0 28 8 0 17 0 15 15 0 11 10 0 13 7 0 12 0 9 5 0 1 1 0 1 1 0 2 0 1 0 0 2 2 0 0 0 0 1 0 6 4 0 9 9 0 9 1 0 2 10 0 9 0 9 13 0 7 10 0 9 10 0 9 0 8 2
1 1 12701
1 2 12531 170
2 1 12701
2 2 12701
2 3 12701
2 4 12701
2 5 12701
2 6 12701
2 7 12701
2 8 12701
2 9 12701
2 10 12701
2 11 3817 1022 0 544 293 0 244 232 0 219 255 0 280 0 264 283 0 290 321 0 323 289 0 293 1 265 286 0 244 226 2 222 213 2 177 2 153 128 0 126 105 0 105 111 0 81 0 78 69 0 65 78 0 57 51 0 57 0 51 46 0 44 40 0 38 39 0 31 33 0 30 0 23 22 0 17 18 0 25 8 0 11 0 11 17 0 10 16 0 28 8 0 17 0 15 15 0 11 10 0 13 7 0 12 0 9 5 0 1 1 0 1 1 0 2 0 1 0 0 2 2 0 0 0 0 1 0 6 4 0 9 9 0 9 1 0 2 10 0 9 0 9 13 0 7 10 0 9 10 0 9 0 8 2
1 1 12751
1 2 12581 170
2 1 12751
2 2 12751
2 3 12751
2 4 12751
2 5 12751
2 6 12751
2 7 12751
2 8 12751
2 9 12751
2 10 12751
2 11 3867 1022 0 544 293 0 244 232 0 219 255 0 280 0 264 283 0 290 321 0 323 289 0 293 1 265 286 0 244 226 2 222 213 2 177 2 153 128 0 126 105 0 105 111 0 81 0 78 69 0 65 78 0 57 51 0 57 0 51 46 0 44 40 0 38 39 0 31 33 0 30 0 23 22 0 17 18 0 25 8 0 11 0 11 17 0 10 16 0 28 8 0 17 0 15 15 0 11 10 0 13 7 0 12 0 9 5 0 1 1 0 1 1 0 2 0 1 0 0 2 2 0 0 0 0 1 0 6 4 0 9 9 0 9 1 0 2 10 0 9 0 9 13 0 7 10 0 9 10 0 9 0 8 2
1 1 12801
1 2 12631 170
2 1 12801
2 2 12801
2 3 12801
2 4 12801
2 5 12801
2 6 12801
2 7 12801
2 8 12801
2 9 12801
2 10 12801
2 11 3917 1022 0 544 293 0 244 232 0 219 255 0 280 0 264 283 0 290 321 0 323 289 0 293 1 265 286 0 244 226 2 222 213 2 177 2 153 128 0 126 105 0 105 111 0 81 0 78 69 0 65 78 0 57 51 0 57 0 51 46 0 44 40 0 38 39 0 31 33 0 30 0 23 22 0 17 18 0 25 8 0 11 0 11 17 0 10 16 0 28 8 0 17 0 15 15 0 11 10 0 13 7 0 12 0 9 5 0 1 1 0 1 1 0 2 0 1 0 0 2 2 0 0 0 0 1 0 6 4 0 9 9 0 9 1 0 2 10 0 9 0 9 13 0 7 10 0 9 10 0 9 0 8 2
1 1 12851
1 2 12681 170
2 1 12851
2 2 12851
2 3 12851
2 4 12851
2 5 12851
2 6 12851
2 7 12851
2 8 12851
2 9 12851
2 10 12851
2 11 3967 1022 0 544 293 0 244 232 0 219 255 0 280 0 264 283 0 290 321 0 323 289 0 293 1 265 286 0 244 226 2 222 213 2 177 2 153 128 0 126 105 0 105 111 0 81 0 78 69 0 65 78 0 57 51 0 57 0 51 46 0 44 40 0 38 39 0 31 33 0 30 0 23 22 0 17 18 0 25 8 0 11 0 11 17 0 10 16 0 28 8 0 17 0 15 15 0 11 10 0 13 7 0 12 0 9 5 0 1 1 0 1 1 0 2 0 1 0 0 2 2 0 0 0 0 1 0 6 4 0 9 9 0 9 1 0 2 10 0 9 0 9 13 0 7 10 0 9 10 0 9 0 8 2
1 1 12901
1 2 12731 170
2 1 12901
2 2 12901
2 3 12901
2 4 12901
2 5 12901
2 6 12901
2 7 12901
2 8 12901
2 9 12901
2 10 12901
2 11 4017 1022 0 544 293 0 244 232 0 219 255 0 280 0 264 283 0 290 321 0 323 289 0 293 1 265 286 0 244 226 2 222 213 2 177 2 153 128 0 126 105 0 105 111 0 81 0 78 69 0 65 78 0 57 51 0 57 0 51 46 0 44 40 0 38 39 0 31 33 0 30 0 23 22 0 17 18 0 25 8 0 11 0 11 17 0 10 16 0 28 8 0 17 0 15 15 0 11 10 0 13 7 0 12 0 9 5 0 1 1 0 1 1 0 2 0 1 0 0 2 2 0 0 0 0 1 0 6 4 0 9 9 0 9 1 0 2 10 0 9 0 9 13 0 7 10 0 9 10 0 9 0 8 2
1 1 12951
1 2 12781 170
2 1 12951
2 2 12951
2 3 12951
2 4 12951
2 5 12951
2 6 12951
2 7 12951
2 8 12951
2 9 12951
2 10 12951
2 11 4067 1022 0 544 293 0 244 232 0 219 255 0 280 0 264 283 0 290 321 0 323 289 0 293 1 265 286 0 244 226 2 222 213 2 177 2 153 128 0 126 105 0 105 111 0 81 0 78 69 0 65 78 0 57 51 0 57 0 51 46 0 44 40 0 38 39 0 31 33 0 30 0 23 22 0 17 18 0 25 8 0 11 0 11 17 0 10 16 0 28 8 0 17 0 15 15 0 11 10 0 13 7 0 12 0 9 5 0 1 1 0 1 1 0 2 0 1 0 0 2 2 0 0 0 0 1 0 6 4 0 9 9 0 9 1 0 2 10 0 9 0 9 13 0 7 10 0 9 10 0 9 0 8 2
1 1 13001
1 2 12831 170
2 1 13001
2 2 13001
2 3 13001
2 4 13001
2 5 13001
2 6 13001
2 7 13001
2 8 13001
2 9 13001
2 10 13001
2 11 4117 1022 0 544 293 0 244 232 0 219 255 0 280 0 264 283 0 290 321 0 323 289 0 293 1 265 286 0 244 226 2 222 213 2 177 2 153 128 0 126 105 0 105 111 0 81 0 78 69 0 65 78 0 57 51 0 57 0 51 46 0 44 40 0 38 39 0 31 33 0 30 0 23 22 0 17 18 0 25 8 0 11 0 11 17 0 10 16 0 28 8 0 17 0 15 15 0 11 10 0 13 7 0 12 0 9 5 0 1 1 0 1 1 0 2 0 1 0 0 2 2 0 0 0 0 1 0 6 4 0 9 9 0 9 1 0 2 10 0 9 0 9 13 0 7 10 0 9 10 0 9 0 8 2
1 1 13051
1 2 12881 170
2 1 13051
2 2 13051
2 3 13051
2 4 13051
2 5 13051
2 6 13051
2 7 13051
2 8 13051
2 9 13051
2 10 13051
2 11 4167 1022 0 544 293 0 244 232 0 219 255 0 280 0 264 283 0 290 321 0 323 289 0 293 1 265 286 0 244 226 2 222 213 2 177 2 153 128 0 126 105 0 105 111 0 81 0 78 69 0 65 78 0 57 51 0 57 0 51 46 0 44 40 0 38 39 0 31 33 0 30 0 23 22 0 17 18 0 25 8 0 11 0 11 17 0 10 16 0 28 8 0 17 0 15 15 0 11 10 0 13 7 0 12 0 9 5 0 1 1 0 1 1 0 2 0 1 0 0 2 2 0 0 0 0 1 0 6 4 0 9 9 0 9 1 0 2 10 0 9 0 9 13 0 7 10 0 9 10 0 9 0 8 2
1 1 13101
1 2 12931 170
2 1 13101
2 2 13101
2 3 13101
2 4 13101
2 5 13101
2 6 13101
2 7 13101
2 8 13101
2 9 13101
2 10 13101
2 11 4217 1022 0 544 293 0 244 232 0 219 255 0 280 0 264 283 0 290 321 0 323 289 0 293 1 265 286 0 244 226 2 222 213 2 177 2 153 128 0 126 105 0 105 111 0 81 0 78 69 0 65 78 0 57 51 0 57 0 51 46 0 44 40 0 38 39 0 31 33 0 30 0 23 22 0 17 18 0 25 8 0 11 0 11 17 0 10 16 0 28 8 0 17 0 15 15 0 11 10 0 13 7 0 12 0 9 5 0 1 1 0 1 1 0 2 0 1 0 0 2 2 0 0 0 0 1 0 6 4 0 9 9 0 9 1 0 2 10 0 9 0 9 13 0 7 10 0 9 10 0 9 0 8 2
1 1 13151
1 2 12981 170
2 1 13151
2 2 13151
2 3 13151
2 4 13151
2 5 13151
2 6 13151
2 7 13151
2 8 13151
2 9 13151
2 10 13151
2 11 4267 1022 0 544 293 0 244 232 0 219 255 0 280 0 264 283 0 290 321 0 323 289 0 293 1 265 286 0 244 226 2 222 213 2 177 2 153 128 0 126 105 0 105 111 0 81 0 78 69 0 65 78 0 57 51 0 57 0 51 46 0 44 40 0 38 39 0 31 33 0 30 0 23 22 0 17 18 0 25 8 0 11 0 11 17 0 10 16 0 28 8 0 17 0 15 15 0 11 10 0 13 7 0 12 0 9 5 0 1 1 0 1 1 0 2 0 1 0 0 2 2 0 0 0 0 1 0 6 4 0 9 9 0 9 1 0 2 10 0 9 0 9 13 0 7 10 0 9 10 0 9 0 8 2
1 1 13201
1 2 13031 170
2 1 13201
2 2 13201
2 3 13201
2 4 13201
2 5 13201
2 6 13201
2 7 13201
2 8 13201
2 9 13201
2 10 13201
2 11 4317 1022 0 544 293 0 244 232 0 219 255 0 280 0 264 283 0 290 321 0 323 289 0 293 1 265 286 0 244 226 2 222 213 2 177 2 153 128 0 126 105 0 105 111 0 81 0 78 69 0 65 78 0 57 51 0 57 0 51 46 0 44 40 0 38 39 0 31 33 0 30 0 23 22 0 17 18 0 25 8 0 11 0 11 17 0 10 16 0 28 8 0 17 0 15 15 0 11 10 0 13 7 0 12 0 9 5 0 1 1 0 1 1 0 2 0 1 0 0 2 2 0 0 0 0 1 0 6 4 0 9 9 0 9 1 0 2 10 0 9 0 9 13 0 7 10 0 9 10 0 9 0 8 2
1 1 13251
1 2 13081 170
2 1 13251
2 2 13251
2 3 13251
2 4 13251
2 5 13251
2 6 13251
2 7 13251
2 8 13251
2 9 13251
2 10 13251
2 11 4367 1022 0 544 293 0 244 232 0 219 255 0 280 0 264 283 0 290 321 0 323 289 0 293 1 265 286 0 244 226 2 222 213 2 177 2 153 128 0 126 105 0 105 111 0 81 0 78 69 0 65 78 0 57 51 0 57 0 51 46 0 44 40 0 38 39 0 31 33 0 30 0 23 22 0 17 18 0 25 8 0 11 0 11 17 0 10 16 0 28 8 0 17 0 15 15 0 11 10 0 13 7 0 12 0 9 5 0 1 1 0 1 1 0 2 0 1 0 0 2 2 0 0 0 0 1 0 6 4 0 9 9 0 9 1 0 2 10 0 9 0 9 13 0 7 10 0 9 10 0 9 0 8 2
1 1 13301
1 2 13131 170
2 1 13301
2 2 13301
2 3 13301
2 4 13301
2 5 13301
2 6 13301
2 7 13301
2 8 13301
2 9 13301
2 10 13301
2 11 4417 1022 0 544 293 0 244 232 0 219 255 0 280 0 264 283 0 290 321 0 323 289 0 293 1 265 286 0 244 226 2 222 213 2 177 2 153 128 0 126 105 0 105 111 0 81 0 78 69 0 65 78 0 57 51 0 57 0 51 46 0 44 40 0 38 39 0 31 33 0 30 0 23 22 0 17 18 0 25 8 0 11 0 11 17 0 10 16 0 28 8 0 17 0 15 15 0 11 10 0 13 7 0 12 0 9 5 0 1 1 0 1 1 0 2 0 1 0 0 2 2 0 0 0 0 1 0 6 4 0 9 9 0 9 1 0 2 10 0 9 0 9 13 0 7 10 0 9 10 0 9 0 8 2
1 1 13351
1 2 13181 170
2 1 13351
2 2 13351
2 3 13351
2 4 13351
2 5 13351
2 6 13351
2 7 13351
2 8 13351
2 9 13351
2 10 13351
2 11 4467 1022 0 544 293 0 244 232 0 219 255 0 280 0 264 283 0 290 321 0 323 289 0 293 1 265 286 0 244 226 2 222 213 2 177 2 153 128 0 126 105 0 105 111 0 81 0 78 69 0 65 78 0 57 51 0 57 0 51 46 0 44 40 0 38 39 0 31 33 0 30 0 23 22 0 17 18 0 25 8 0 11 0 11 17 0 10 16 0 28 8 0 17 0 15 15 0 11 10 0 13 7 0 12 0 9 5 0 1 1 0 1 1 0 2 0 1 0 0 2 2 0 0 0 0 1 0 6 4 0 9 9 0 9 1 0 2 10 0 9 0 9 13 0 7 10 0 9 10 0 9 0 8 2
1 1 13401
1 2 13231 170
2 1 13401
2 2 13401
2 3 13401
2 4 13401
2 5 13401
2 6 13401
2 7 13401
2 8 13401
2 9 13401
2 10 13401
2 11 4517 1022 0 544 293 0 244 232 0 219 255 0 280 0 264 283 0 290 321 0 323 289 0 293 1 265 286 0 244 226 2 222 213 2 177 2 153 128 0 126 105 0 105 111 0 81 0 78 69 0 65 78 0 57 51 0 57 0 51 46 0 44 40 0 38 39 0 31 33 0 30 0 23 22 0 17 18 0 25 8 0 11 0 11 17 0 10 16 0 28 8 0 17 0 15 15 0 11 10 0 13 7 0 12 0 9 5 0 1 1 0 1 1 0 2 0 1 0 0 2 2 0 0 0 0 1 0 6 4 0 9 9 0 9 1 0 2 10 0 9 0 9 13 0 7 10 0 9 10 0 9 0 8 2
1 1 13451
1 2 13281 170
2 1 13451
2 2 13451
2 3 13451
2 4 13451
2 5 13451
2 6 13451
2 7 13451
2 8 13451
2 9 13451
2 10 13451
2 11 4567 1022 0 544 293 0 244 232 0 219 255 0 280 0 264 283 0 290 321 0 323 289 0 293 1 265 286 0 244 226 2 222 213 2 177 2 153 128 0 126 105 0 105 111 0 81 0 78 69 0 65 78 0 57 51 0 57 0 51 46 0 44 40 0 38 39 0 31 33 0 30 0 23 22 0 17 18 0 25 8 0 11 0 11 17 0 10 16 0 28 8 0 17 0 15 15 0 11 10 0 13 7 0 12 0 9 5 0 1 1 0 1 1 0 2 0 1 0 0 2 2 0 0 0 0 1 0 6 4 0 9 9 0 9 1 0 2 10 0 9 0 9 13 0 7 10 0 9 10 0 9 0 8 2
1 1 13501
1 2 13331 170
2 1 13501
2 2 13501
2 3 13501
2 4 13501
2 5 13501
2 6 13501
2 7 13501
2 8 13501
2 9 13501
2 10 13501
2 11 4617 1022 0 544 293 0 244 232 0 219 255 0 280 0 264 283 0 290 321 0 323 289 0 293 1 265 286 0 244 226 2 222 213 2 177 2 153 128 0 126 105 0 105 111 0 81 0 78 69 0 65 78 0 57 51 0 57 0 51 46 0 44 40 0 38 39 0 31 33 0 30 0 23 22 0 17 18 0 25 8 0 11 0 11 17 0 10 16 0 28 8 0 17 0 15 15 0 11 10 0 13 7 0 12 0 9 5 0 1 1 0 1 1 0 2 0 1 0 0 2 2 0 0 0 0 1 0 6 4 0 9 9 0 9 1 0 2 10 0 9 0 9 13 0 7 10 0 9 10 0 9 0 8 2
1 1 13551
1 2 13381 170
2 1 13551
2 2 13551
2 3 13551
2 4 13551
2 5 13551
2 6 13551
2 7 13551
2 8 13551
2 9 13551
2 10 13551
2 11 4667 1022 0 544 293 0 244 232 0 219 255 0 280 0 264 283 0 290 321 0 323 289 0 293 1 265 286 0 244 226 2 222 213 2 177 2 153 128 0 126 105 0 105 111 0 81 0 78 69 0 65 78 0 57 51 0 57 0 51 46 0 44 40 0 38 39 0 31 33 0 30 0 23 22 0 17 18 0 25 8 0 11 0 11 17 0 10 16 0 28 8 0 17 0 15 15 0 11 10 0 13 7 0 12 0 9 5 0 1 1 0 1 1 0 2 0 1 0 0 2 2 0 0 0 0 1 0 6 4 0 9 9 0 9 1 0 2 10 0 9 0 9 13 0 7 10 0 9 10 0 9 0 8 2
1 1 13601
1 2 13431 170
2 1 13601
2 2 13601
2 3 13601
2 4 13601
2 5 13601
2 6 13601
2 7 13601
2 8 13601
2 9 13601
2 10 13601
2 11 4717 1022 0 544 293 0 244 232 0 219 255 0 280 0 264 283 0 290 321 0 323 289 0 293 1 265 286 0 244 226 2 222 213 2 177 2 153 128 0 126 105 0 105 111 0 81 0 78 69 0 65 78 0 57 51 0 57 0 51 46 0 44 40 0 38 39 0 31 33 0 30 0 23 22 0 17 18 0 25 8 0 11 0 11 17 0 10 16 0 28 8 0 17 0 15 15 0 11 10 0 13 7 0 12 0 9 5 0 1 1 0 1 1 0 2 0 1 0 0 2 2 0 0 0 0 1 0 6 4 0 9 9 0 9 1 0 2 10 0 9 0 9 13 0 7 10 0 9 10 0 9 0 8 2
1 1 13651
1 2 13481 170
2 1 13651
2 2 13651
2 3 13651
2 4 13651
2 5 13651
2 6 13651
2 7 13651
2 8 13651
2 9 13651
2 10 13651
2 11 4767 1022 0 544 293 0 244 232 0 219 255 0 280 0 264 283 0 290 321 0 323 289 0 293 1 265 286 0 244 226 2 222 213 2 177 2 153 128 0 126 105 0 105 111 0 81 0 78 69 0 65 78 0 57 51 0 57 0 51 46 0 44 40 0 38 39 0 31 33 0 30 0 23 22 0 17 18 0 25 8 0 11 0 11 17 0 10 16 0 28 8 0 17 0 15 15 0 11 10 0 13 7 0 12 0 9 5 0 1 1 0 1 1 0 2 0 1 0 0 2 2 0 0 0 0 1 0 6 4 0 9 9 0 9 1 0 2 10 0 9 0 9 13 0 7 10 0 9 10 0 9 0 8 2
1 1 13701
1 2 13531 170
2 1 13701
2 2 13701
2 3 13701
2 4 13701
2 5 13701
2 6 13701
2 7 13701
2 8 13701
2 9 13701
2 10 13701
2 11 4817 1022 0 544 293 0 244 232 0 219 255 0 280 0 264 283 0 290 321 0 323 289 0 293 1 265 286 0 244 226 2 222 213 2 177 2 153 128 0 126 105 0 105 111 0 81 0 78 69 0 65 78 0 57 51 0 57 0 51 46 0 44 40 0 38 39 0 31 33 0 30 0 23 22 0 17 18 0 25 8 0 11 0 11 17 0 10 16 0 28 8 0 17 0 15 15 0 11 10 0 13 7 0 12 0 9 5 0 1 1 0 1 1 0 2 0 1 0 0 2 2 0 0 0 0 1 0 6 4 0 9 9 0 9 1 0 2 10 0 9 0 9 13 0 7 10 0 9 10 0 9 0 8 2
1 1 13751
1 2 13581 170
2 1 13751
2 2 13751
2 3 13751
2 4 13751
2 5 13751
2 6 13751
2 7 13751
2 8 13751
2 9 13751
2 10 13751
2 11 4867 1022 0 544 293 0 244 232 0 219 255 0 280 0 264 283 0 290 321 0 323 289 0 293 1 265 286 0 244 226 2 222 213 2 177 2 153 128 0 126 105 0 105 111 0 81 0 78 69 0 65 78 0 57 51 0 57 0 51 46 0 44 40 0 38 39 0 31 33 0 30 0 23 22 0 17 18 0 25 8 0 11 0 11 17 0 10 16 0 28 8 0 17 0 15 15 0 11 10 0 13 7 0 12 0 9 5 0 1 1 0 1 1 0 2 0 1 0 0 2 2 0 0 0 0 1 0 6 4 0 9 9 0 9 1 0 2 10 0 9 0 9 13 0 7 10 0 9 10 0 9 0 8 2
1 1 13801
1 2 13631 170
2 1 13801
2 2 13801
2 3 13801
2 4 13801
2 5 13801
2 6 13801
2 7 13801
2 8 13801
2 9 13801
2 10 13801
2 11 4917 1022 0 544 293 0 244 232 0 219 255 0 280 0 264 283 0 290 321 0 323 289 0 293 1 265 286 0 244 226 2 222 213 2 177 2 153 128 0 126 105 0 105 111 0 81 0 78 69 0 65 78 0 57 51 0 57 0 51 46 0 44 40 0 38 39 0 31 33 0 30 0 23 22 0 17 18 0 25 8 0 11 0 11 17 0 10 16 0 28 8 0 17 0 15 15 0 11 10 0 13 7 0 12 0 9 5 0 1 1 0 1 1 0 2 0 1 0 0 2 2 0 0 0 0 1 0 6 4 0 9 9 0 9 1 0 2 10 0 9 0 9 13 0 7 10 0 9 10 0 9 0 8 2
1 1 13851
1 2 13681 170
2 1 13851
2 2 13851
2 3 13851
2 4 13851
2 5 13851
2 6 13851
2 7 13851
2 8 13851
2 9 13851
2 10 13851
2 11 4967 1022 0 544 293 0 244 232 0 219 255 0 280 0 264 283 0 290 321 0 323 289 0 293 1 265 286 0 244 226 2 222 213 2 177 2 153 128 0 126 105 0 105 111 0 81 0 78 69 0 65 78 0 57 51 0 57 0 51 46 0 44 40 0 38 39 0 31 33 0 30 0 23 22 0 17 18 0 25 8 0 11 0 11 17 0 10 16 0 28 8 0 17 0 15 15 0 11 10 0 13 7 0 12 0 9 5 0 1 1 0 1 1 0 2 0 1 0 0 2 2 0 0 0 0 1 0 6 4 0 9 9 0 9 1 0 2 10 0 9 0 9 13 0 7 10 0 9 10 0 9 0 8 2
1 1 13901
1 2 13731 170
2 1 13901
2 2 13901
2 3 13901
2 4 13901
2 5 13901
2 6 13901
2 7 13901
2 8 13901
2 9 13901
2 10 13901
2 11 5017 1022 0 544 293 0 244 232 0 219 255 0 280 0 264 283 0 290 321 0 323 289 0 293 1 265 286 0 244 226 2 222 213 2 177 2 153 128 0 126 105 0 105 111 0 81 0 78 69 0 65 78 0 57 51 0 57 0 51 46 0 44 40 0 38 39 0 31 33 0 30 0 23 22 0 17 18 0 25 8 0 11 0 11 17 0 10 16 0 28 8 0 17 0 15 15 0 11 10 0 13 7 0 12 0 9 5 0 1 1 0 1 1 0 2 0 1 0 0 2 2 0 0 0 0 1 0 6 4 0 9 9 0 9 1 0 2 10 0 9 0 9 13 0 7 10 0 9 10 0 9 0 8 2
1 1 13951
1 2 13781 170
2 1 13951
2 2 13951
2 3 13951
2 4 13951
2 5 13951
2 6 13951
2 7 13951
2 8 13951
2 9 13951
2 10 13951
2 11 5067 1022 0 544 293 0 244 232 0 219 255 0 280 0 264 283 0 290 321 0 323 289 0 293 1 265 286 0 244 226 2 222 213 2 177 2 153 128 0 126 105 0 105 111 0 81 0 78 69 0 65 78 0 57 51 0 57 0 51 46 0 44 40 0 38 39 0 31 33 0 30 0 23 22 0 17 18 0 25 8 0 11 0 11 17 0 10 16 0 28 8 0 17 0 15 15 0 11 10 0 13 7 0 12 0 9 5 0 1 1 0 1 1 0 2 0 1 0 0 2 2 0 0 0 0 1 0 6 4 0 9 9 0 9 1 0 2 10 0 9 0 9 13 0 7 10 0 9 10 0 9 0 8 2
1 1 14001
1 2 13831 170
2 1 14001
2 2 14001
2 3 14001
2 4 14001
2 5 14001
2 6 14001
2 7 14001
2 8 14001
2 9 14001
2 10 14001
2 11 5117 1022 0 544 293 0 244 232 0 219 255 0 280 0 264 283 0 290 321 0 323 289 0 293 1 265 286 0 244 226 2 222 213 2 177 2 153 128 0 126 105 0 105 111 0 81 0 78 69 0 65 78 0 57 51 0 57 0 51 46 0 44 40 0 38 39 0 31 33 0 30 0 23 22 0 17 18 0 25 8 0 11 0 11 17 0 10 16 0 28 8 0 17 0 15 15 0 11 10 0 13 7 0 12 0 9 5 0 1 1 0 1 1 0 2 0 1 0 0 2 2 0 0 0 0 1 0 6 4 0 9 9 0 9 1 0 2 10 0 9 0 9 13 0 7 10 0 9 10 0 9 0 8 2
1 1 14051
1 2 13881 170
2 1 14051
2 2 14051
2 3 14051
2 4 14051
2 5 14051
2 6 14051
2 7 14051
2 8 14051
2 9 14051
2 10 14051
2 11 5167 1022 0 544 293 0 244 232 0 219 255 0 280 0 264 283 0 290 321 0 323 289 0 293 1 265 286 0 244 226 2 222 213 2 177 2 153 128 0 126 105 0 105 111 0 81 0 78 69 0 65 78 0 57 51 0 57 0 51 46 0 44 40 0 38 39 0 31 33 0 30 0 23 22 0 17 18 0 25 8 0 11 0 11 17 0 10 16 0 28 8 0 17 0 15 15 0 11 10 0 13 7 0 12 0 9 5 0 1 1 0 1 1 0 2 0 1 0 0 2 2 0 0 0 0 1 0 6 4 0 9 9 0 9 1 0 2 10 0 9 0 9 13 0 7 10 0 9 10 0 9 0 8 2
1 1 14101
1 2 13931 170
2 1 14101
2 2 14101
2 3 14101
2 4 14101
2 5 14101
2 6 14101
2 7 14101
2 8 14101
2 9 14101
2 10 14101
2 11 5217 1022 0 544 293 0 244 232 0 219 255 0 280 0 264 283 0 290 321 0 323 289 0 293 1 265 286 0 244 226 2 222 213 2 177 2 153 128 0 126 105 0 105 111 0 81 0 78 69 0 65 78 0 57 51 0 57 0 51 46 0 44 40 0 38 39 0 31 33 0 30 0 23 22 0 17 18 0 25 8 0 11 0 11 17 0 10 16 0 28 8 0 17 0 15 15 0 11 10 0 13 7 0 12 0 9 5 0 1 1 0 1 1 0 2 0 1 0 0 2 2 0 0 0 0 1 0 6 4 0 9 9 0 9 1 0 2 10 0 9 0 9 13 0 7 10 0 9 10 0 9 0 8 2
1 1 14151
1 2 13981 170
2 1 14151
2 2 14151
2 3 14151
2 4 14151
2 5 14151
2 6 14151
2 7 14151
2 8 14151
2 9 14151
2 10 14151
2 11 5267 1022 0 544 293 0 244 232 0 219 255 0 280 0 264 283 0 290 321 0 323 289 0 293 1 265 286 0 244 226 2 222 213 2 177 2 153 128 0 126 105 0 105 111 0 81 0 78 69 0 65 78 0 57 51 0 57 0 51 46 0 44 40 0 38 39 0 31 33 0 30 0 23 22 0 17 18 0 25 8 0 11 0 11 17 0 10 16 0 28 8 0 17 0 15 15 0 11 10 0 13 7 0 12 0 9 5 0 1 1 0 1 1 0 2 0 1 0 0 2 2 0 0 0 0 1 0 6 4 0 9 9 0 9 1 0 2 10 0 9 0 9 13 0 7 10 0 9 10 0 9 0 8 2
1 1 14201
1 2 14031 170
2 1 14201
2 2 14201
2 3 14201
2 4 14201
2 5 14201
2 6 14201
2 7 14201
2 8 14201
2 9 14201
2 10 14201
2 11 5317 1022 0 544 293 0 244 232 0 219 255 0 280 0 264 283 0 290 321 0 323 289 0 293 1 265 286 0 244 226 2 222 213 2 177 2 153 128 0 126 105 0 105 111 0 81 0 78 69 0 65 78 0 57 51 0 57 0 51 46 0 44 40 0 38 39 0 31 33 0 30 0 23 22 0 17 18 0 25 8 0 11 0 11 17 0 10 16 0 28 8 0 17 0 15 15 0 11 10 0 13 7 0 12 0 9 5 0 1 1 0 1 1 0 2 0 1 0 0 2 2 0 0 0 0 1 0 6 4 0 9 9 0 9 1 0 2 10 0 9 0 9 13 0 7 10 0 9 10 0 9 0 8 2
1 1 14251
1 2 14081 170
2 1 14251
2 2 14251
2 3 14251
2 4 14251
2 5 14251
2 6 14251
2 7 14251
2 8 14251
2 9 14251
2 10 14251
2 11 5367 1022 0 544 293 0 244 232 0 219 255 0 280 0 264 283 0 290 321 0 323 289 0 293 1 265 286 0 244 226 2 222 213 2 177 2 153 128 0 126 105 0 105 111 0 81 0 78 69 0 65 78 0 57 51 0 57 0 51 46 0 44 40 0 38 39 0 31 33 0 30 0 23 22 0 17 18 0 25 8 0 11 0 11 17 0 10 16 0 28 8 0 17 0 15 15 0 11 10 0 13 7 0 12 0 9 5 0 1 1 0 1 1 0 2 0 1 0 0 2 2 0 0 0 0 1 0 6 4 0 9 9 0 9 1 0 2 10 0 9 0 9 13 0 7 10 0 9 10 0 9 0 8 2
1 1 14301
1 2 14131 170
2 1 14301
2 2 14301
2 3 14301
2 4 14301
2 5 14301
2 6 14301
2 7 14301
2 8 14301
2 9 14301
2 10 14301
2 11 5417 1022 0 544 293 0 244 232 0 219 255 0 280 0 264 283 0 290 321 0 323 289 0 293 1 265 286 0 244 226 2 222 213 2 177 2 153 128 0 126 105 0 105 111 0 81 0 78 69 0 65 78 0 57 51 0 57 0 51 46 0 44 40 0 38 39 0 31 33 0 30 0 23 22 0 17 18 0 25 8 0 11 0 11 17 0 10 16 0 28 8 0 17 0 15 15 0 11 10 0 13 7 0 12 0 9 5 0 1 1 0 1 1 0 2 0 1 0 0 2 2 0 0 0 0 1 0 6 4 0 9 9 0 9 1 0 2 10 0 9 0 9 13 0 7 10 0 9 10 0 9 0 8 2
1 1 14351
1 2 14181 170
2 1 14351
2 2 14351
2 3 14351
2 4 14351
2 5 14351
2 6 14351
2 7 14351
2 8 14351
2 9 14351
2 10 14351
2 11 5467 1022 0 544 293 0 244 232 0 219 255 0 280 0 264 283 0 290 321 0 323 289 0 293 1 265 286 0 244 226 2 222 213 2 177 2 153 128 0 126 105 0 105 111 0 81 0 78 69 0 65 78 0 57 51 0 57 0 51 46 0 44 40 0 38 39 0 31 33 0 30 0 23 22 0 17 18 0 25 8 0 11 0 11 17 0 10 16 0 28 8 0 17 0 15 15 0 11 10 0 13 7 0 12 0 9 5 0 1 1 0 1 1 0 2 0 1 0 0 2 2 0 0 0 0 1 0 6 4 0 9 9 0 9 1 0 2 10 0 9 0 9 13 0 7 10 0 9 10 0 9 0 8 2
1 1 14401
1 2 14231 170
2 1 14401
2 2 14401
2 3 14401
2 4 14401
2 5 14401
2 6 14401
2 7 14401
2 8 14401
2 9 14401
2 10 14401
2 11 5517 1022 0 544 293 0 244 232 0 219 255 0 280 0 264 283 0 290 321 0 323 289 0 293 1 265 286 0 244 226 2 222 213 2 177 2 153 128 0 126 105 0 105 111 0 81 0 78 69 0 65 78 0 57 51 0 57 0 51 46 0 44 40 0 38 39 0 31 33 0 30 0 23 22 0 17 18 0 25 8 0 11 0 11 17 0 10 16 0 28 8 0 17 0 15 15 0 11 10 0 13 7 0 12 0 9 5 0 1 1 0 1 1 0 2 0 1 0 0 2 2 0 0 0 0 1 0 6 4 0 9 9 0 9 1 0 2 10 0 9 0 9 13 0 7 10 0 9 10 0 9 0 8 2
1 1 14451
1 2 14281 170
2 1 14451
2 2 14451
2 3 14451
2 4 14451
2 5 14451
2 6 14451
2 7 14451
2 8 14451
2 9 14451
2 10 14451
2 11 5567 1022 0 544 293 0 244 232 0 219 255 0 280 0 264 283 0 290 321 0 323 289 0 293 1 265 286 0 244 226 2 222 213 2 177 2 153 128 0 126 105 0 105 111 0 81 0 78 69 0 65 78 0 57 51 0 57 0 51 46 0 44 40 0 38 39 0 31 33 0 30 0 23 22 0 17 18 0 25 8 0 11 0 11 17 0 10 16 0 28 8 0 17 0 15 15 0 11 10 0 13 7 0 12 0 9 5 0 1 1 0 1 1 0 2 0 1 0 0 2 2 0 0 0 0 1 0 6 4 0 9 9 0 9 1 0 2 10 0 9 0 9 13 0 7 10 0 9 10 0 9 0 8 2
1 1 14501
1 2 14331 170
2 1 14501
2 2 14501
2 3 14501
2 4 14501
2 5 14501
2 6 14501
2 7 14501
2 8 14501
2 9 14501
2 10 14501
2 11 5617 1022 0 544 293 0 244 232 0 219 255 0 280 0 264 283 0 290 321 0 323 289 0 293 1 265 286 0 244 226 2 222 213 2 177 2 153 128 0 126 105 0 105 111 0 81 0 78 69 0 65 78 0 57 51 0 57 0 51 46 0 44 40 0 38 39 0 31 33 0 30 0 23 22 0 17 18 0 25 8 0 11 0 11 17 0 10 16 0 28 8 0 17 0 15 15 0 11 10 0 13 7 0 12 0 9 5 0 1 1 0 1 1 0 2 0 1 0 0 2 2 0 0 0 0 1 0 6 4 0 9 9 0 9 1 0 2 10 0 9 0 9 13 0 7 10 0 9 10 0 9 0 8 2
1 1 14551
1 2 14381 170
2 1 14551
2 2 14551
2 3 14551
2 4 14551
2 5 14551
2 6 14551
2 7 14551
2 8 14551
2 9 14551
2 10 14551
2 11 5667 1022 0 544 293 0 244 232 0 219 255 0 280 0 264 283 0 290 321 0 323 289 0 293 1 265 286 0 244 226 2 222 213 2 177 2 153 128 0 126 105 0 105 111 0 81 0 78 69 0 65 78 0 57 51 0 57 0 51 46 0 44 40 0 38 39 0 31 33 0 30 0 23 22 0 17 18 0 25 8 0 11 0 11 17 0 10 16 0 28 8 0 17 0 15 15 0 11 10 0 13 7 0 12 0 9 5 0 1 1 0 1 1 0 2 0 1 0 0 2 2 0 0 0 0 1 0 6 4 0 9 9 0 9 1 0 2 10 0 9 0 9 13 0 7 10 0 9 10 0 9 0 8 2
1 1 14601
1 2 14431 170
2 1 14601
2 2 14601
2 3 14601
2 4 14601
2 5 14601
2 6 14601
2 7 14601
2 8 14601
2 9 14601
2 10 14601
2 11 5717 1022 0 544 293 0 244 232 0 219 255 0 280 0 264 283 0 290 321 0 323 289 0 293 1 265 286 0 244 226 2 222 213 2 177 2 153 128 0 126 105 0 105 111 0 81 0 78 69 0 65 78 0 57 51 0 57 0 51 46 0 44 40 0 38 39 0 31 33 0 30 0 23 22 0 17 18 0 25 8 0 11 0 11 17 0 10 16 0 28 8 0 17 0 15 15 0 11 10 0 13 7 0 12 0 9 5 0 1 1 0 1 1 0 2 0 1 0 0 2 2 0 0 0 0 1 0 6 4 0 9 9 0 9 1 0 2 10 0 9 0 9 13 0 7 10 0 9 10 0 9 0 8 2
1 1 14651
1 2 14481 170
2 1 14651
2 2 14651
2 3 14651
2 4 14651
2 5 14651
2 6 14651
2 7 14651
2 8 14651
2 9 14651
2 10 14651
2 11 5767 1022 0 544 293 0 244 232 0 219 255 0 280 0 264 283 0 290 321 0 323 289 0 293 1 265 286 0 244 226 2 222 213 2 177 2 153 128 0 126 105 0 105 111 0 81 0 78 69 0 65 78 0 57 51 0 57 0 51 46 0 44 40 0 38 39 0 31 33 0 30 0 23 22 0 17 18 0 25 8 0 11 0 11 17 0 10 16 0 28 8 0 17 0 15 15 0 11 10 0 13 7 0 12 0 9 5 0 1 1 0 1 1 0 2 0 1 0 0 2 2 0 0 0 0 1 0 6 4 0 9 9 0 9 1 0 2 10 0 9 0 9 13 0 7 10 0 9 10 0 9 0 8 2
1 1 14701
1 2 14531 170
2 1 14701
2 2 14701
2 3 14701
2 4 14701
2 5 14701
2 6 14701
2 7 14701
2 8 14701
2 9 14701
2 10 14701
2 11 5817 1022 0 544 293 0 244 232 0 219 255 0 280 0 264 283 0 290 321 0 323 289 0 293 1 265 286 0 244 226 2 222 213 2 177 2 153 128 0 126 105 0 105 111 0 81 0 78 69 0 65 78 0 57 51 0 57 0 51 46 0 44 40 0 38 39 0 31 33 0 30 0 23 22 0 17 18 0 25 8 0 11 0 11 17 0 10 16 0 28 8 0 17 0 15 15 0 11 10 0 13 7 0 12 0 9 5 0 1 1 0 1 1 0 2 0 1 0 0 2 2 0 0 0 0 1 0 6 4 0 9 9 0 9 1 0 2 10 0 9 0 9 13 0 7 10 0 9 10 0 9 0 8 2
1 1 14751
1 2 14581 170
2 1 14751
2 2 14751
2 3 14751
2 4 14751
2 5 14751
2 6 14751
2 7 14751
2 8 14751
2 9 14751
2 10 14751
2 11 5867 1022 0 544 293 0 244 232 0 219 255 0 280 0 264 283 0 290 321 0 323 289 0 293 1 265 286 0 244 226 2 222 213 2 177 2 153 128 0 126 105 0 105 111 0 81 0 78 69 0 65 78 0 57 51 0 57 0 51 46 0 44 40 0 38 39 0 31 33 0 30 0 23 22 0 17 18 0 25 8 0 11 0 11 17 0 10 16 0 28 8 0 17 0 15 15 0 11 10 0 13 7 0 12 0 9 5 0 1 1 0 1 1 0 2 0 1 0 0 2 2 0 0 0 0 1 0 6 4 0 9 9 0 9 1 0 2 10 0 9 0 9 13 0 7 10 0 9 10 0 9 0 8 2
1 1 14801
1 2 14631 170
2 1 14801
2 2 14801
2 3 14801
2 4 14801
2 5 14801
2 6 14801
2 7 14801
2 8 14801
2 9 14801
2 10 14801
2 11 5917 1022 0 544 293 0 244 232 0 219 255 0 280 0 264 283 0 290 321 0 323 289 0 293 1 265 286 0 244 226 2 222 213 2 177 2 153 128 0 126 105 0 105 111 0 81 0 78 69 0 65 78 0 57 51 0 57 0 51 46 0 44 40 0 38 39 0 31 33 0 30 0 23 22 0 17 18 0 25 8 0 11 0 11 17 0 10 16 0 28 8 0 17 0 15 15 0 11 10 0 13 7 0 12 0 9 5 0 1 1 0 1 1 0 2 0 1 0 0 2 2 0 0 0 0 1 0 6 4 0 9 9 0 9 1 0 2 10 0 9 0 9 13 0 7 10 0 9 10 0 9 0 8 2
1 1 14851
1 2 14681 170
2 1 14851
2 2 14851
2 3 14851
2 4 14851
2 5 14851
2 6 14851
2 7 14851
2 8 14851
2 9 14851
2 10 14851
2 11 5967 1022 0 544 293 0 244 232 0 219 255 0 280 0 264 283 0 290 321 0 323 289 0 293 1 265 286 0 244 226 2 222 213 2 177 2 153 128 0 126 105 0 105 111 0 81 0 78 69 0 65 78 0 57 51 0 57 0 51 46 0 44 40 0 38 39 0 31 33 0 30 0 23 22 0 17 18 0 25 8 0 11 0 11 17 0 10 16 0 28 8 0 17 0 15 15 0 11 10 0 13 7 0 12 0 9 5 0 1 1 0 1 1 0 2 0 1 0 0 2 2 0 0 0 0 1 0 6 4 0 9 9 0 9 1 0 2 10 0 9 0 9 13 0 7 10 0 9 10 0 9 0 8 2
1 1 14901
1 2 14731 170
2 1 14901
2 2 14901
2 3 14901
2 4 14901
2 5 14901
2 6 14901
2 7 14901
2 8 14901
2 9 14901
2 10 14901
2 11 6017 1022 0 544 293 0 244 232 0 219 255 0 280 0 264 283 0 290 321 0 323 289 0 293 1 265 286 0 244 226 2 222 213 2 177 2 153 128 0 126 105 0 105 111 0 81 0 78 69 0 65 78 0 57 51 0 57 0 51 46 0 44 40 0 38 39 0 31 33 0 30 0 23 22 0 17 18 0 25 8 0 11 0 11 17 0 10 16 0 28 8 0 17 0 15 15 0 11 10 0 13 7 0 12 0 9 5 0 1 1 0 1 1 0 2 0 1 0 0 2 2 0 0 0 0 1 0 6 4 0 9 9 0 9 1 0 2 10 0 9 0 9 13 0 7 10 0 9 10 0 9 0 8 2
1 1 14951
1 2 14781 170
2 1 14951
2 2 14951
2 3 14951
2 4 14951
2 5 14951
2 6 14951
2 7 14951
2 8 14951
2 9 14951
2 10 14951
2 11 6067 1022 0 544 293 0 244 232 0 219 255 0 280 0 264 283 0 290 321 0 323 289 0 293 1 265 286 0 244 226 2 222 213 2 177 2 153 128 0 126 105 0 105 111 0 81 0 78 69 0 65 78 0 57 51 0 57 0 51 46 0 44 40 0 38 39 0 31 33 0 30 0 23 22 0 17 18 0 25 8 0 11 0 11 17 0 10 16 0 28 8 0 17 0 15 15 0 11 10 0 13 7 0 12 0 9 5 0 1 1 0 1 1 0 2 0 1 0 0 2 2 0 0 0 0 1 0 6 4 0 9 9 0 9 1 0 2 10 0 9 0 9 13 0 7 10 0 9 10 0 9 0 8 2
1 1 15001
1 2 14831 170
2 1 15001
2 2 15001
2 3 15001
2 4 15001
2 5 15001
2 6 15001
2 7 15001
2 8 15001
2 9 15001
2 10 15001
2 11 6117 1022 0 544 293 0 244 232 0 219 255 0 280 0 264 283 0 290 321 0 323 289 0 293 1 265 286 0 244 226 2 222 213 2 177 2 153 128 0 126 105 0 105 111 0 81 0 78 69 0 65 78 0 57 51 0 57 0 51 46 0 44 40 0 38 39 0 31 33 0 30 0 23 22 0 17 18 0 25 8 0 11 0 11 17 0 10 16 0 28 8 0 17 0 15 15 0 11 10 0 13 7 0 12 0 9 5 0 1 1 0 1 1 0 2 0 1 0 0 2 2 0 0 0 0 1 0 6 4 0 9 9 0 9 1 0 2 10 0 9 0 9 13 0 7 10 0 9 10 0 9 0 8 2
1 1 15051
1 2 14881 170
2 1 15051
2 2 15051
2 3 15051
2 4 15051
2 5 15051
2 6 15051
2 7 15051
2 8 15051
2 9 15051
2 10 15051
2 11 6167 1022 0 544 293 0 244 232 0 219 255 0 280 0 264 283 0 290 321 0 323 289 0 293 1 265 286 0 244 226 2 222 213 2 177 2 153 128 0 126 105 0 105 111 0 81 0 78 69 0 65 78 0 57 51 0 57 0 51 46 0 44 40 0 38 39 0 31 33 0 30 0 23 22 0 17 18 0 25 8 0 11 0 11 17 0 10 16 0 28 8 0 17 0 15 15 0 11 10 0 13 7 0 12 0 9 5 0 1 1 0 1 1 0 2 0 1 0 0 2 2 0 0 0 0 1 0 6 4 0 9 9 0 9 1 0 2 10 0 9 0 9 13 0 7 10 0 9 10 0 9 0 8 2
1 1 15101
1 2 14931 170
2 1 15101
2 2 15101
2 3 15101
2 4 15101
2 5 15101
2 6 15101
2 7 15101
2 8 15101
2 9 15101
2 10 15101
2 11 6217 1022 0 544 293 0 244 232 0 219 255 0 280 0 264 283 0 290 321 0 323 289 0 293 1 265 286 0 244 226 2 222 213 2 177 2 153 128 0 126 105 0 105 111 0 81 0 78 69 0 65 78 0 57 51 0 57 0 51 46 0 44 40 0 38 39 0 31 33 0 30 0 23 22 0 17 18 0 25 8 0 11 0 11 17 0 10 16 0 28 8 0 17 0 15 15 0 11 10 0 13 7 0 12 0 9 5 0 1 1 0 1 1 0 2 0 1 0 0 2 2 0 0 0 0 1 0 6 4 0 9 9 0 9 1 0 2 10 0 9 0 9 13 0 7 10 0 9 10 0 9 0 8 2
1 1 15151
1 2 14981 170
2 1 15151
2 2 15151
2 3 15151
2 4 15151
2 5 15151
2 6 15151
2 7 15151
2 8 15151
2 9 15151
2 10 15151
2 11 6267 1022 0 544 293 0 244 232 0 219 255 0 280 0 264 283 0 290 321 0 323 289 0 293 1 265 286 0 244 226 2 222 213 2 177 2 153 128 0 126 105 0 105 111 0 81 0 78 69 0 65 78 0 57 51 0 57 0 51 46 0 44 40 0 38 39 0 31 33 0 30 0 23 22 0 17 18 0 25 8 0 11 0 11 17 0 10 16 0 28 8 0 17 0 15 15 0 11 10 0 13 7 0 12 0 9 5 0 1 1 0 1 1 0 2 0 1 0 0 2 2 0 0 0 0 1 0 6 4 0 9 9 0 9 1 0 2 10 0 9 0 9 13 0 7 10 0 9 10 0 9 0 8 2
1 1 15201
1 2 15031 170
2 1 15201
2 2 15201
2 3 15201
2 4 15201
2 5 15201
2 6 15201
2 7 15201
2 8 15201
2 9 15201
2 10 15201
2 11 6317 1022 0 544 293 0 244 232 0 219 255 0 280 0 264 283 0 290 321 0 323 289 0 293 1 265 286 0 244 226 2 222 213 2 177 2 153 128 0 126 105 0 105 111 0 81 0 78 69 0 65 78 0 57 51 0 57 0 51 46 0 44 40 0 38 39 0 31 33 0 30 0 23 22 0 17 18 0 25 8 0 11 0 11 17 0 10 16 0 28 8 0 17 0 15 15 0 11 10 0 13 7 0 12 0 9 5 0 1 1 0 1 1 0 2 0 1 0 0 2 2 0 0 0 0 1 0 6 4 0 9 9 0 9 1 0 2 10 0 9 0 9 13 0 7 10 0 9 10 0 9 0 8 2
1 1 15251
1 2 15081 170
2 1 15251
2 2 15251
2 3 15251
2 4 15251
2 5 15251
2 6 15251
2 7 15251
2 8 15251
2 9 15251
2 10 15251
2 11 6367 1022 0 544 293 0 244 232 0 219 255 0 280 0 264 283 0 290 321 0 323 289 0 293 1 265 286 0 244 226 2 222 213 2 177 2 153 128 0 126 105 0 105 111 0 81 0 78 69 0 65 78 0 57 51 0 57 0 51 46 0 44 40 0 38 39 0 31 33 0 30 0 23 22 0 17 18 0 25 8 0 11 0 11 17 0 10 16 0 28 8 0 17 0 15 15 0 11 10 0 13 7 0 12 0 9 5 0 1 1 0 1 1 0 2 0 1 0 0 2 2 0 0 0 0 1 0 6 4 0 9 9 0 9 1 0 2 10 0 9 0 9 13 0 7 10 0 9 10 0 9 0 8 2
1 1 15301
1 2 15131 170
2 1 15301
2 2 15301
2 3 15301
2 4 15301
2 5 15301
2 6 15301
2 7 15301
2 8 15301
2 9 15301
2 10 15301
2 11 6417 1022 0 544 293 0 244 232 0 219 255 0 280 0 264 283 0 290 321 0 323 289 0 293 1 265 286 0 244 226 2 222 213 2 177 2 153 128 0 126 105 0 105 111 0 81 0 78 69 0 65 78 0 57 51 0 57 0 51 46 0 44 40 0 38 39 0 31 33 0 30 0 23 22 0 17 18 0 25 8 0 11 0 11 17 0 10 16 0 28 8 0 17 0 15 15 0 11 10 0 13 7 0 12 0 9 5 0 1 1 0 1 1 0 2 0 1 0 0 2 2 0 0 0 0 1 0 6 4 0 9 9 0 9 1 0 2 10 0 9 0 9 13 0 7 10 0 9 10 0 9 0 8 2
1 1 15351
1 2 15181 170
2 1 15351
2 2 15351
2 3 15351
2 4 15351
2 5 15351
2 6 15351
2 7 15351
2 8 15351
2 9 15351
2 10 15351
2 11 6467 1022 0 544 293 0 244 232 0 219 255 0 280 0 264 283 0 290 321 0 323 289 0 293 1 265 286 0 244 226 2 222 213 2 177 2 153 128 0 126 105 0 105 111 0 81 0 78 69 0 65 78 0 57 51 0 57 0 51 46 0 44 40 0 38 39 0 31 33 0 30 0 23 22 0 17 18 0 25 8 0 11 0 11 17 0 10 16 0 28 8 0 17 0 15 15 0 11 10 0 13 7 0 12 0 9 5 0 1 1 0 1 1 0 2 0 1 0 0 2 2 0 0 0 0 1 0 6 4 0 9 9 0 9 1 0 2 10 0 9 0 9 13 0 7 10 0 9 10 0 9 0 8 2
1 1 15401
1 2 15231 170
2 1 15401
2 2 15401
2 3 15401
2 4 15401
2 5 15401
2 6 15401
2 7 15401
2 8 15401
2 9 15401
2 10 15401
2 11 6517 1022 0 544 293 0 244 232 0 219 255 0 280 0 264 283 0 290 321 0 323 289 0 293 1 265 286 0 244 226 2 222 213 2 177 2 153 128 0 126 105 0 105 111 0 81 0 78 69 0 65 78 0 57 51 0 57 0 51 46 0 44 40 0 38 39 0 31 33 0 30 0 23 22 0 17 18 0 25 8 0 11 0 11 17 0 10 16 0 28 8 0 17 0 15 15 0 11 10 0 13 7 0 12 0 9 5 0 1 1 0 1 1 0 2 0 1 0 0 2 2 0 0 0 0 1 0 6 4 0 9 9 0 9 1 0 2 10 0 9 0 9 13 0 7 10 0 9 10 0 9 0 8 2
1 1 15451
1 2 15281 170
2 1 15451
2 2 15451
2 3 15451
2 4 15451
2 5 15451
2 6 15451
2 7 15451
2 8 15451
2 9 15451
2 10 15451
2 11 6567 1022 0 544 293 0 244 232 0 219 255 0 280 0 264 283 0 290 321 0 323 289 0 293 1 265 286 0 244 226 2 222 213 2 177 2 153 128 0 126 105 0 105 111 0 81 0 78 69 0 65 78 0 57 51 0 57 0 51 46 0 44 40 0 38 39 0 31 33 0 30 0 23 22 0 17 18 0 25 8 0 11 0 11 17 0 10 16 0 28 8 0 17 0 15 15 0 11 10 0 13 7 0 12 0 9 5 0 1 1 0 1 1 0 2 0 1 0 0 2 2 0 0 0 0 1 0 6 4 0 9 9 0 9 1 0 2 10 0 9 0 9 13 0 7 10 0 9 10 0 9 0 8 2
1 1 15501
1 2 15331 170
2 1 15501
2 2 15501
2 3 15501
2 4 15501
2 5 15501
2 6 15501
2 7 15501
2 8 15501
2 9 15501
2 10 15501
2 11 6617 1022 0 544 293 0 244 232 0 219 255 0 280 0 264 283 0 290 321 0 323 289 0 293 1 265 286 0 244 226 2 222 213 2 177 2 153 128 0 126 105 0 105 111 0 81 0 78 69 0 65 78 0 57 51 0 57 0 51 46 0 44 40 0 38 39 0 31 33 0 30 0 23 22 0 17 18 0 25 8 0 11 0 11 17 0 10 16 0 28 8 0 17 0 15 15 0 11 10 0 13 7 0 12 0 9 5 0 1 1 0 1 1 0 2 0 1 0 0 2 2 0 0 0 0 1 0 6 4 0 9 9 0 9 1 0 2 10 0 9 0 9 13 0 7 10 0 9 10 0 9 0 8 2
1 1 15551
1 2 15381 170
2 1 15551
2 2 15551
2 3 15551
2 4 15551
2 5 15551
2 6 15551
2 7 15551
2 8 15551
2 9 15551
2 10 15551
2 11 6667 1022 0 544 293 0 244 232 0 219 255 0 280 0 264 283 0 290 321 0 323 289 0 293 1 265 286 0 244 226 2 222 213 2 177 2 153 128 0 126 105 0 105 111 0 81 0 78 69 0 65 78 0 57 51 0 57 0 51 46 0 44 40 0 38 39 0 31 33 0 30 0 23 22 0 17 18 0 25 8 0 11 0 11 17 0 10 16 0 28 8 0 17 0 15 15 0 11 10 0 13 7 0 12 0 9 5 0 1 1 0 1 1 0 2 0 1 0 0 2 2 0 0 0 0 1 0 6 4 0 9 9 0 9 1 0 2 10 0 9 0 9 13 0 7 10 0 9 10 0 9 0 8 2
1 1 15601
1 2 15431 170
2 1 15601
2 2 15601
2 3 15601
2 4 15601
2 5 15601
2 6 15601
2 7 15601
2 8 15601
2 9 15601
2 10 15601
2 11 6717 1022 0 544 293 0 244 232 0 219 255 0 280 0 264 283 0 290 321 0 323 289 0 293 1 265 286 0 244 226 2 222 213 2 177 2 153 128 0 126 105 0 105 111 0 81 0 78 69 0 65 78 0 57 51 0 57 0 51 46 0 44 40 0 38 39 0 31 33 0 30 0 23 22 0 17 18 0 25 8 0 11 0 11 17 0 10 16 0 28 8 0 17 0 15 15 0 11 10 0 13 7 0 12 0 9 5 0 1 1 0 1 1 0 2 0 1 0 0 2 2 0 0 0 0 1 0 6 4 0 9 9 0 9 1 0 2 10 0 9 0 9 13 0 7 10 0 9 10 0 9 0 8 2
1 1 15651
1 2 15481 170
2 1 15651
2 2 15651
2 3 15651
2 4 15651
2 5 15651
2 6 15651
2 7 15651
2 8 15651
2 9 15651
2 10 15651
2 11 6767 1022 0 544 293 0 244 232 0 219 255 0 280 0 264 283 0 290 321 0 323 289 0 293 1 265 286 0 244 226 2 222 213 2 177 2 153 128 0 126 105 0 105 111 0 81 0 78 69 0 65 78 0 57 51 0 57 0 51 46 0 44 40 0 38 39 0 31 33 0 30 0 23 22 0 17 18 0 25 8 0 11 0 11 17 0 10 16 0 28 8 0 17 0 15 15 0 11 10 0 13 7 0 12 0 9 5 0 1 1 0 1 1 0 2 0 1 0 0 2 2 0 0 0 0 1 0 6 4 0 9 9 0 9 1 0 2 10 0 9 0 9 13 0 7 10 0 9 10 0 9 0 8 2
1 1 15701
1 2 15531 170
2 1 15701
2 2 15701
2 3 15701
2 4 15701
2 5 15701
2 6 15701
2 7 15701
2 8 15701
2 9 15701
2 10 15701
2 11 6817 1022 0 544 293 0 244 232 0 219 255 0 280 0 264 283 0 290 321 0 323 289 0 293 1 265 286 0 244 226 2 222 213 2 177 2 153 128 0 126 105 0 105 111 0 81 0 78 69 0 65 78 0 57 51 0 57 0 51 46 0 44 40 0 38 39 0 31 33 0 30 0 23 22 0 17 18 0 25 8 0 11 0 11 17 0 10 16 0 28 8 0 17 0 15 15 0 11 10 0 13 7 0 12 0 9 5 0 1 1 0 1 1 0 2 0 1 0 0 2 2 0 0 0 0 1 0 6 4 0 9 9 0 9 1 0 2 10 0 9 0 9 13 0 7 10 0 9 10 0 9 0 8 2
1 1 15751
1 2 15581 170
2 1 15751
2 2 15751
2 3 15751
2 4 15751
2 5 15751
2 6 15751
2 7 15751
2 8 15751
2 9 15751
2 10 15751
2 11 6867 1022 0 544 293 0 244 232 0 219 255 0 280 0 264 283 0 290 321 0 323 289 0 293 1 265 286 0 244 226 2 222 213 2 177 2 153 128 0 126 105 0 105 111 0 81 0 78 69 0 65 78 0 57 51 0 57 0 51 46 0 44 40 0 38 39 0 31 33 0 30 0 23 22 0 17 18 0 25 8 0 11 0 11 17 0 10 16 0 28 8 0 17 0 15 15 0 11 10 0 13 7 0 12 0 9 5 0 1 1 0 1 1 0 2 0 1 0 0 2 2 0 0 0 0 1 0 6 4 0 9 9 0 9 1 0 2 10 0 9 0 9 13 0 7 10 0 9 10 0 9 0 8 2
1 1 15801
1 2 15631 170
2 1 15801
2 2 15801
2 3 15801
2 4 15801
2 5 15801
2 6 15801
2 7 15801
2 8 15801
2 9 15801
2 10 15801
2 11 6917 1022 0 544 293 0 244 232 0 219 255 0 280 0 264 283 0 290 321 0 323 289 0 293 1 265 286 0 244 226 2 222 213 2 177 2 153 128 0 126 105 0 105 111 0 81 0 78 69 0 65 78 0 57 51 0 57 0 51 46 0 44 40 0 38 39 0 31 33 0 30 0 23 22 0 17 18 0 25 8 0 11 0 11 17 0 10 16 0 28 8 0 17 0 15 15 0 11 10 0 13 7 0 12 0 9 5 0 1 1 0 1 1 0 2 0 1 0 0 2 2 0 0 0 0 1 0 6 4 0 9 9 0 9 1 0 2 10 0 9 0 9 13 0 7 10 0 9 10 0 9 0 8 2
1 1 15851
1 2 15681 170
2 1 15851
2 2 15851
2 3 15851
2 4 15851
2 5 15851
2 6 15851
2 7 15851
2 8 15851
2 9 15851
2 10 15851
2 11 6967 1022 0 544 293 0 244 232 0 219 255 0 280 0 264 283 0 290 321 0 323 289 0 293 1 265 286 0 244 226 2 222 213 2 177 2 153 128 0 126 105 0 105 111 0 81 0 78 69 0 65 78 0 57 51 0 57 0 51 46 0 44 40 0 38 39 0 31 33 0 30 0 23 22 0 17 18 0 25 8 0 11 0 11 17 0 10 16 0 28 8 0 17 0 15 15 0 11 10 0 13 7 0 12 0 9 5 0 1 1 0 1 1 0 2 0 1 0 0 2 2 0 0 0 0 1 0 6 4 0 9 9 0 9 1 0 2 10 0 9 0 9 13 0 7 10 0 9 10 0 9 0 8 2
1 1 15901
1 2 15731 170
2 1 15901
2 2 15901
2 3 15901
2 4 15901
2 5 15901
2 6 15901
2 7 15901
2 8 15901
2 9 15901
2 10 15901
2 11 7017 1022 0 544 293 0 244 232 0 219 255 0 280 0 264 283 0 290 321 0 323 289 0 293 1 265 286 0 244 226 2 222 213 2 177 2 153 128 0 126 105 0 105 111 0 81 0 78 69 0 65 78 0 57 51 0 57 0 51 46 0 44 40 0 38 39 0 31 33 0 30 0 23 22 0 17 18 0 25 8 0 11 0 11 17 0 10 16 0 28 8 0 17 0 15 15 0 11 10 0 13 7 0 12 0 9 5 0 1 1 0 1 1 0 2 0 1 0 0 2 2 0 0 0 0 1 0 6 4 0 9 9 0 9 1 0 2 10 0 9 0 9 13 0 7 10 0 9 10 0 9 0 8 2
1 1 15951
1 2 15781 170
2 1 15951
2 2 15951
2 3 15951
2 4 15951
2 5 15951
2 6 15951
2 7 15951
2 8 15951
2 9 15951
2 10 15951
2 11 7067 1022 0 544 293 0 244 232 0 219 255 0 280 0 264 283 0 290 321 0 323 289 0 293 1 265 286 0 244 226 2 222 213 2 177 2 153 128 0 126 105 0 105 111 0 81 0 78 69 0 65 78 0 57 51 0 57 0 51 46 0 44 40 0 38 39 0 31 33 0 30 0 23 22 0 17 18 0 25 8 0 11 0 11 17 0 10 16 0 28 8 0 17 0 15 15 0 11 10 0 13 7 0 12 0 9 5 0 1 1 0 1 1 0 2 0 1 0 0 2 2 0 0 0 0 1 0 6 4 0 9 9 0 9 1 0 2 10 0 9 0 9 13 0 7 10 0 9 10 0 9 0 8 2
1 1 16001
1 2 15831 170
2 1 16001
2 2 16001
2 3 16001
2 4 16001
2 5 16001
2 6 16001
2 7 16001
2 8 16001
2 9 16001
2 10 16001
2 11 7117 1022 0 544 293 0 244 232 0 219 255 0 280 0 264 283 0 290 321 0 323 289 0 293 1 265 286 0 244 226 2 222 213 2 177 2 153 128 0 126 105 0 105 111 0 81 0 78 69 0 65 78 0 57 51 0 57 0 51 46 0 44 40 0 38 39 0 31 33 0 30 0 23 22 0 17 18 0 25 8 0 11 0 11 17 0 10 16 0 28 8 0 17 0 15 15 0 11 10 0 13 7 0 12 0 9 5 0 1 1 0 1 1 0 2 0 1 0 0 2 2 0 0 0 0 1 0 6 4 0 9 9 0 9 1 0 2 10 0 9 0 9 13 0 7 10 0 9 10 0 9 0 8 2
1 1 16051
1 2 15881 170
2 1 16051
2 2 16051
2 3 16051
2 4 16051
2 5 16051
2 6 16051
2 7 16051
2 8 16051
2 9 16051
2 10 16051
2 11 7167 1022 0 544 293 0 244 232 0 219 255 0 280 0 264 283 0 290 321 0 323 289 0 293 1 265 286 0 244 226 2 222 213 2 177 2 153 128 0 126 105 0 105 111 0 81 0 78 69 0 65 78 0 57 51 0 57 0 51 46 0 44 40 0 38 39 0 31 33 0 30 0 23 22 0 17 18 0 25 8 0 11 0 11 17 0 10 16 0 28 8 0 17 0 15 15 0 11 10 0 13 7 0 12 0 9 5 0 1 1 0 1 1 0 2 0 1 0 0 2 2 0 0 0 0 1 0 6 4 0 9 9 0 9 1 0 2 10 0 9 0 9 13 0 7 10 0 9 10 0 9 0 8 2
1 1 16101
1 2 15931 170
2 1 16101
2 2 16101
2 3 16101
2 4 16101
2 5 16101
2 6 16101
2 7 16101
2 8 16101
2 9 16101
2 10 16101
2 11 7217 1022 0 544 293 0 244 232 0 219 255 0 280 0 264 283 0 290 321 0 323 289 0 293 1 265 286 0 244 226 2 222 213 2 177 2 153 128 0 126 105 0 105 111 0 81 0 78 69 0 65 78 0 57 51 0 57 0 51 46 0 44 40 0 38 39 0 31 33 0 30 0 23 22 0 17 18 0 25 8 0 11 0 11 17 0 10 16 0 28 8 0 17 0 15 15 0 11 10 0 13 7 0 12 0 9 5 0 1 1 0 1 1 0 2 0 1 0 0 2 2 0 0 0 0 1 0 6 4 0 9 9 0 9 1 0 2 10 0 9 0 9 13 0 7 10 0 9 10 0 9 0 8 2
1 1 16151
1 2 15981 170
2 1 16151
2 2 16151
2 3 16151
2 4 16151
2 5 16151
2 6 16151
2 7 16151
2 8 16151
2 9 16151
2 10 16151
2 11 7267 1022 0 544 293 0 244 232 0 219 255 0 280 0 264 283 0 290 321 0 323 289 0 293 1 265 286 0 244 226 2 222 213 2 177 2 153 128 0 126 105 0 105 111 0 81 0 78 69 0 65 78 0 57 51 0 57 0 51 46 0 44 40 0 38 39 0 31 33 0 30 0 23 22 0 17 18 0 25 8 0 11 0 11 17 0 10 16 0 28 8 0 17 0 15 15 0 11 10 0 13 7 0 12 0 9 5 0 1 1 0 1 1 0 2 0 1 0 0 2 2 0 0 0 0 1 0 6 4 0 9 9 0 9 1 0 2 10 0 9 0 9 13 0 7 10 0 9 10 0 9 0 8 2
1 1 16201
1 2 16031 170
2 1 16201
2 2 16201
2 3 16201
2 4 16201
2 5 16201
2 6 16201
2 7 16201
2 8 16201
2 9 16201
2 10 16201
2 11 7317 1022 0 544 293 0 244 232 0 219 255 0 280 0 264 283 0 290 321 0 323 289 0 293 1 265 286 0 244 226 2 222 213 2 177 2 153 128 0 126 105 0 105 111 0 81 0 78 69 0 65 78 0 57 51 0 57 0 51 46 0 44 40 0 38 39 0 31 33 0 30 0 23 22 0 17 18 0 25 8 0 11 0 11 17 0 10 16 0 28 8 0 17 0 15 15 0 11 10 0 13 7 0 12 0 9 5 0 1 1 0 1 1 0 2 0 1 0 0 2 2 0 0 0 0 1 0 6 4 0 9 9 0 9 1 0 2 10 0 9 0 9 13 0 7 10 0 9 10 0 9 0 8 2
1 1 16251
1 2 16081 170
2 1 16251
2 2 16251
2 3 16251
2 4 16251
2 5 16251
2 6 16251
2 7 16251
2 8 16251
2 9 16251
2 10 16251
2 11 7367 1022 0 544 293 0 244 232 0 219 255 0 280 0 264 283 0 290 321 0 323 289 0 293 1 265 286 0 244 226 2 222 213 2 177 2 153 128 0 126 105 0 105 111 0 81 0 78 69 0 65 78 0 57 51 0 57 0 51 46 0 44 40 0 38 39 0 31 33 0 30 0 23 22 0 17 18 0 25 8 0 11 0 11 17 0 10 16 0 28 8 0 17 0 15 15 0 11 10 0 13 7 0 12 0 9 5 0 1 1 0 1 1 0 2 0 1 0 0 2 2 0 0 0 0 1 0 6 4 0 9 9 0 9 1 0 2 10 0 9 0 9 13 0 7 10 0 9 10 0 9 0 8 2
1 1 16301
1 2 16131 170
2 1 16301
2 2 16301
2 3 16301
2 4 16301
2 5 16301
2 6 16301
2 7 16301
2 8 16301
2 9 16301
2 10 16301
2 11 7417 1022 0 544 293 0 244 232 0 219 255 0 280 0 264 283 0 290 321 0 323 289 0 293 1 265 286 0 244 226 2 222 213 2 177 2 153 128 0 126 105 0 105 111 0 81 0 78 69 0 65 78 0 57 51 0 57 0 51 46 0 44 40 0 38 39 0 31 33 0 30 0 23 22 0 17 18 0 25 8 0 11 0 11 17 0 10 16 0 28 8 0 17 0 15 15 0 11 10 0 13 7 0 12 0 9 5 0 1 1 0 1 1 0 2 0 1 0 0 2 2 0 0 0 0 1 0 6 4 0 9 9 0 9 1 0 2 10 0 9 0 9 13 0 7 10 0 9 10 0 9 0 8 2
1 1 16351
1 2 16181 170
2 1 16351
2 2 16351
2 3 16351
2 4 16351
2 5 16351
2 6 16351
2 7 16351
2 8 16351
2 9 16351
2 10 16351
2 11 7467 1022 0 544 293 0 244 232 0 219 255 0 280 0 264 283 0 290 321 0 323 289 0 293 1 265 286 0 244 226 2 222 213 2 177 2 153 128 0 126 105 0 105 111 0 81 0 78 69 0 65 78 0 57 51 0 57 0 51 46 0 44 40 0 38 39 0 31 33 0 30 0 23 22 0 17 18 0 25 8 0 11 0 11 17 0 10 16 0 28 8 0 17 0 15 15 0 11 10 0 13 7 0 12 0 9 5 0 1 1 0 1 1 0 2 0 1 0 0 2 2 0 0 0 0 1 0 6 4 0 9 9 0 9 1 0 2 10 0 9 0 9 13 0 7 10 0 9 10 0 9 0 8 2
1 1 16401
1 2 16231 170
2 1 16401
2 2 16401
2 3 16401
2 4 16401
2 5 16401
2 6 16401
2 7 16401
2 8 16401
2 9 16401
2 10 16401
2 11 7517 1022 0 544 293 0 244 232 0 219 255 0 280 0 264 283 0 290 321 0 323 289 0 293 1 265 286 0 244 226 2 222 213 2 177 2 153 128 0 126 105 0 105 111 0 81 0 78 69 0 65 78 0 57 51 0 57 0 51 46 0 44 40 0 38 39 0 31 33 0 30 0 23 22 0 17 18 0 25 8 0 11 0 11 17 0 10 16 0 28 8 0 17 0 15 15 0 11 10 0 13 7 0 12 0 9 5 0 1 1 0 1 1 0 2 0 1 0 0 2 2 0 0 0 0 1 0 6 4 0 9 9 0 9 1 0 2 10 0 9 0 9 13 0 7 10 0 9 10 0 9 0 8 2
1 1 16451
1 2 16281 170
2 1 16451
2 2 16451
2 3 16451
2 4 16451
2 5 16451
2 6 16451
2 7 16451
2 8 16451
2 9 16451
2 10 16451
2 11 7567 1022 0 544 293 0 244 232 0 219 255 0 280 0 264 283 0 290 321 0 323 289 0 293 1 265 286 0 244 226 2 222 213 2 177 2 153 128 0 126 105 0 105 111 0 81 0 78 69 0 65 78 0 57 51 0 57 0 51 46 0 44 40 0 38 39 0 31 33 0 30 0 23 22 0 17 18 0 25 8 0 11 0 11 17 0 10 16 0 28 8 0 17 0 15 15 0 11 10 0 13 7 0 12 0 9 5 0 1 1 0 1 1 0 2 0 1 0 0 2 2 0 0 0 0 1 0 6 4 0 9 9 0 9 1 0 2 10 0 9 0 9 13 0 7 10 0 9 10 0 9 0 8 2
1 1 16501
1 2 16331 170
2 1 16501
2 2 16501
2 3 16501
2 4 16501
2 5 16501
2 6 16501
2 7 16501
2 8 16501
2 9 16501
2 10 16501
2 11 7617 1022 0 544 293 0 244 232 0 219 255 0 280 0 264 283 0 290 321 0 323 289 0 293 1 265 286 0 244 226 2 222 213 2 177 2 153 128 0 126 105 0 105 111 0 81 0 78 69 0 65 78 0 57 51 0 57 0 51 46 0 44 40 0 38 39 0 31 33 0 30 0 23 22 0 17 18 0 25 8 0 11 0 11 17 0 10 16 0 28 8 0 17 0 15 15 0 11 10 0 13 7 0 12 0 9 5 0 1 1 0 1 1 0 2 0 1 0 0 2 2 0 0 0 0 1 0 6 4 0 9 9 0 9 1 0 2 10 0 9 0 9 13 0 7 10 0 9 10 0 9 0 8 2
1 1 16551
1 2 16381 170
2 1 16551
2 2 16551
2 3 16551
2 4 16551
2 5 16551
2 6 16551
2 7 16551
2 8 16551
2 9 16551
2 10 16551
2 11 7667 1022 0 544 293 0 244 232 0 219 255 0 280 0 264 283 0 290 321 0 323 289 0 293 1 265 286 0 244 226 2 222 213 2 177 2 153 128 0 126 105 0 105 111 0 81 0 78 69 0 65 78 0 57 51 0 57 0 51 46 0 44 40 0 38 39 0 31 33 0 30 0 23 22 0 17 18 0 25 8 0 11 0 11 17 0 10 16 0 28 8 0 17 0 15 15 0 11 10 0 13 7 0 12 0 9 5 0 1 1 0 1 1 0 2 0 1 0 0 2 2 0 0 0 0 1 0 6 4 0 9 9 0 9 1 0 2 10 0 9 0 9 13 0 7 10 0 9 10 0 9 0 8 2
1 1 16601
1 2 16431 170
2 1 16601
2 2 16601
2 3 16601
2 4 16601
2 5 16601
2 6 16601
2 7 16601
2 8 16601
2 9 16601
2 10 16601
2 11 7717 1022 0 544 293 0 244 232 0 219 255 0 280 0 264 283 0 290 321 0 323 289 0 293 1 265 286 0 244 226 2 222 213 2 177 2 153 128 0 126 105 0 105 111 0 81 0 78 69 0 65 78 0 57 51 0 57 0 51 46 0 44 40 0 38 39 0 31 33 0 30 0 23 22 0 17 18 0 25 8 0 11 0 11 17 0 10 16 0 28 8 0 17 0 15 15 0 11 10 0 13 7 0 12 0 9 5 0 1 1 0 1 1 0 2 0 1 0 0 2 2 0 0 0 0 1 0 6 4 0 9 9 0 9 1 0 2 10 0 9 0 9 13 0 7 10 0 9 10 0 9 0 8 2
1 1 16651
1 2 16481 170
2 1 16651
2 2 16651
2 3 16651
2 4 16651
2 5 16651
2 6 16651
2 7 16651
2 8 16651
2 9 16651
2 10 16651
2 11 7767 1022 0 544 293 0 244 232 0 219 255 0 280 0 264 283 0 290 321 0 323 289 0 293 1 265 286 0 244 226 2 222 213 2 177 2 153 128 0 126 105 0 105 111 0 81 0 78 69 0 65 78 0 57 51 0 57 0 51 46 0 44 40 0 38 39 0 31 33 0 30 0 23 22 0 17 18 0 25 8 0 11 0 11 17 0 10 16 0 28 8 0 17 0 15 15 0 11 10 0 13 7 0 12 0 9 5 0 1 1 0 1 1 0 2 0 1 0 0 2 2 0 0 0 0 1 0 6 4 0 9 9 0 9 1 0 2 10 0 9 0 9 13 0 7 10 0 9 10 0 9 0 8 2
1 1 16701
1 2 16531 170
2 1 16701
2 2 16701
2 3 16701
2 4 16701
2 5 16701
2 6 16701
2 7 16701
2 8 16701
2 9 16701
2 10 16701
2 11 7817 1022 0 544 293 0 244 232 0 219 255 0 280 0 264 283 0 290 321 0 323 289 0 293 1 265 286 0 244 226 2 222 213 2 177 2 153 128 0 126 105 0 105 111 0 81 0 78 69 0 65 78 0 57 51 0 57 0 51 46 0 44 40 0 38 39 0 31 33 0 30 0 23 22 0 17 18 0 25 8 0 11 0 11 17 0 10 16 0 28 8 0 17 0 15 15 0 11 10 0 13 7 0 12 0 9 5 0 1 1 0 1 1 0 2 0 1 0 0 2 2 0 0 0 0 1 0 6 4 0 9 9 0 9 1 0 2 10 0 9 0 9 13 0 7 10 0 9 10 0 9 0 8 2
1 1 16751
1 2 16581 170
2 1 16751
2 2 16751
2 3 16751
2 4 16751
2 5 16751
2 6 16751
2 7 16751
2 8 16751
2 9 16751
2 10 16751
2 11 7867 1022 0 544 293 0 244 232 0 219 255 0 280 0 264 283 0 290 321 0 323 289 0 293 1 265 286 0 244 226 2 222 213 2 177 2 153 128 0 126 105 0 105 111 0 81 0 78 69 0 65 78 0 57 51 0 57 0 51 46 0 44 40 0 38 39 0 31 33 0 30 0 23 22 0 17 18 0 25 8 0 11 0 11 17 0 10 16 0 28 8 0 17 0 15 15 0 11 10 0 13 7 0 12 0 9 5 0 1 1 0 1 1 0 2 0 1 0 0 2 2 0 0 0 0 1 0 6 4 0 9 9 0 9 1 0 2 10 0 9 0 9 13 0 7 10 0 9 10 0 9 0 8 2
1 1 16801
1 2 16631 170
2 1 16801
2 2 16801
2 3 16801
2 4 16801
2 5 16801
2 6 16801
2 7 16801
2 8 16801
2 9 16801
2 10 16801
2 11 7917 1022 0 544 293 0 244 232 0 219 255 0 280 0 264 283 0 290 321 0 323 289 0 293 1 265 286 0 244 226 2 222 213 2 177 2 153 128 0 126 105 0 105 111 0 81 0 78 69 0 65 78 0 57 51 0 57 0 51 46 0 44 40 0 38 39 0 31 33 0 30 0 23 22 0 17 18 0 25 8 0 11 0 11 17 0 10 16 0 28 8 0 17 0 15 15 0 11 10 0 13 7 0 12 0 9 5 0 1 1 0 1 1 0 2 0 1 0 0 2 2 0 0 0 0 1 0 6 4 0 9 9 0 9 1 0 2 10 0 9 0 9 13 0 7 10 0 9 10 0 9 0 8 2
1 1 16851
1 2 16681 170
2 1 16851
2 2 16851
2 3 16851
2 4 16851
2 5 16851
2 6 16851
2 7 16851
2 8 16851
2 9 16851
2 10 16851
2 11 7967 1022 0 544 293 0 244 232 0 219 255 0 280 0 264 283 0 290 321 0 323 289 0 293 1 265 286 0 244 226 2 222 213 2 177 2 153 128 0 126 105 0 105 111 0 81 0 78 69 0 65 78 0 57 51 0 57 0 51 46 0 44 40 0 38 39 0 31 33 0 30 0 23 22 0 17 18 0 25 8 0 11 0 11 17 0 10 16 0 28 8 0 17 0 15 15 0 11 10 0 13 7 0 12 0 9 5 0 1 1 0 1 1 0 2 0 1 0 0 2 2 0 0 0 0 1 0 6 4 0 9 9 0 9 1 0 2 10 0 9 0 9 13 0 7 10 0 9 10 0 9 0 8 2
1 1 16901
1 2 16731 170
2 1 16901
2 2 16901
2 3 16901
2 4 16901
2 5 16901
2 6 16901
2 7 16901
2 8 16901
2 9 16901
2 10 16901
2 11 8017 1022 0 544 293 0 244 232 0 219 255 0 280 0 264 283 0 290 321 0 323 289 0 293 1 265 286 0 244 226 2 222 213 2 177 2 153 128 0 126 105 0 105 111 0 81 0 78 69 0 65 78 0 57 51 0 57 0 51 46 0 44 40 0 38 39 0 31 33 0 30 0 23 22 0 17 18 0 25 8 0 11 0 11 17 0 10 16 0 28 8 0 17 0 15 15 0 11 10 0 13 7 0 12 0 9 5 0 1 1 0 1 1 0 2 0 1 0 0 2 2 0 0 0 0 1 0 6 4 0 9 9 0 9 1 0 2 10 0 9 0 9 13 0 7 10 0 9 10 0 9 0 8 2
1 1 16951
1 2 16781 170
2 1 16951
2 2 16951
2 3 16951
2 4 16951
2 5 16951
2 6 16951
2 7 16951
2 8 16951
2 9 16951
2 10 16951
2 11 8067 1022 0 544 293 0 244 232 0 219 255 0 280 0 264 283 0 290 321 0 323 289 0 293 1 265 286 0 244 226 2 222 213 2 177 2 153 128 0 126 105 0 105 111 0 81 0 78 69 0 65 78 0 57 51 0 57 0 51 46 0 44 40 0 38 39 0 31 33 0 30 0 23 22 0 17 18 0 25 8 0 11 0 11 17 0 10 16 0 28 8 0 17 0 15 15 0 11 10 0 13 7 0 12 0 9 5 0 1 1 0 1 1 0 2 0 1 0 0 2 2 0 0 0 0 1 0 6 4 0 9 9 0 9 1 0 2 10 0 9 0 9 13 0 7 10 0 9 10 0 9 0 8 2
1 1 17001
1 2 16831 170
2 1 17001
2 2 17001
2 3 17001
2 4 17001
2 5 17001
2 6 17001
2 7 17001
2 8 17001
2 9 17001
2 10 17001
2 11 8117 1022 0 544 293 0 244 232 0 219 255 0 280 0 264 283 0 290 321 0 323 289 0 293 1 265 286 0 244 226 2 222 213 2 177 2 153 128 0 126 105 0 105 111 0 81 0 78 69 0 65 78 0 57 51 0 57 0 51 46 0 44 40 0 38 39 0 31 33 0 30 0 23 22 0 17 18 0 25 8 0 11 0 11 17 0 10 16 0 28 8 0 17 0 15 15 0 11 10 0 13 7 0 12 0 9 5 0 1 1 0 1 1 0 2 0 1 0 0 2 2 0 0 0 0 1 0 6 4 0 9 9 0 9 1 0 2 10 0 9 0 9 13 0 7 10 0 9 10 0 9 0 8 2
1 1 17051
1 2 16881 170
2 1 17051
2 2 17051
2 3 17051
2 4 17051
2 5 17051
2 6 17051
2 7 17051
2 8 17051
2 9 17051
2 10 17051
2 11 8167 1022 0 544 293 0 244 232 0 219 255 0 280 0 264 283 0 290 321 0 323 289 0 293 1 265 286 0 244 226 2 222 213 2 177 2 153 128 0 126 105 0 105 111 0 81 0 78 69 0 65 78 0 57 51 0 57 0 51 46 0 44 40 0 38 39 0 31 33 0 30 0 23 22 0 17 18 0 25 8 0 11 0 11 17 0 10 16 0 28 8 0 17 0 15 15 0 11 10 0 13 7 0 12 0 9 5 0 1 1 0 1 1 0 2 0 1 0 0 2 2 0 0 0 0 1 0 6 4 0 9 9 0 9 1 0 2 10 0 9 0 9 13 0 7 10 0 9 10 0 9 0 8 2
1 1 17101
1 2 16931 170
2 1 17101
2 2 17101
2 3 17101
2 4 17101
2 5 17101
2 6 17101
2 7 17101
2 8 17101
2 9 17101
2 10 17101
2 11 8217 1022 0 544 293 0 244 232 0 219 255 0 280 0 264 283 0 290 321 0 323 289 0 293 1 265 286 0 244 226 2 222 213 2 177 2 153 128 0 126 105 0 105 111 0 81 0 78 69 0 65 78 0 57 51 0 57 0 51 46 0 44 40 0 38 39 0 31 33 0 30 0 23 22 0 17 18 0 25 8 0 11 0 11 17 0 10 16 0 28 8 0 17 0 15 15 0 11 10 0 13 7 0 12 0 9 5 0 1 1 0 1 1 0 2 0 1 0 0 2 2 0 0 0 0 1 0 6 4 0 9 9 0 9 1 0 2 10 0 9 0 9 13 0 7 10 0 9 10 0 9 0 8 2
1 1 17151
1 2 16981 170
2 1 17151
2 2 17151
2 3 17151
2 4 17151
2 5 17151
2 6 17151
2 7 17151
2 8 17151
2 9 17151
2 10 17151
2 11 8267 1022 0 544 293 0 244 232 0 219 255 0 280 0 264 283 0 290 321 0 323 289 0 293 1 265 286 0 244 226 2 222 213 2 177 2 153 128 0 126 105 0 105 111 0 81 0 78 69 0 65 78 0 57 51 0 57 0 51 46 0 44 40 0 38 39 0 31 33 0 30 0 23 22 0 17 18 0 25 8 0 11 0 11 17 0 10 16 0 28 8 0 17 0 15 15 0 11 10 0 13 7 0 12 0 9 5 0 1 1 0 1 1 0 2 0 1 0 0 2 2 0 0 0 0 1 0 6 4 0 9 9 0 9 1 0 2 10 0 9 0 9 13 0 7 10 0 9 10 0 9 0 8 2
1 1 17201
1 2 17031 170
2 1 17201
2 2 17201
2 3 17201
2 4 17201
2 5 17201
2 6 17201
2 7 17201
2 8 17201
2 9 17201
2 10 17201
2 11 8317 1022 0 544 293 0 244 232 0 219 255 0 280 0 264 283 0 290 321 0 323 289 0 293 1 265 286 0 244 226 2 222 213 2 177 2 153 128 0 126 105 0 105 111 0 81 0 78 69 0 65 78 0 57 51 0 57 0 51 46 0 44 40 0 38 39 0 31 33 0 30 0 23 22 0 17 18 0 25 8 0 11 0 11 17 0 10 16 0 28 8 0 17 0 15 15 0 11 10 0 13 7 0 12 0 9 5 0 1 1 0 1 1 0 2 0 1 0 0 2 2 0 0 0 0 1 0 6 4 0 9 9 0 9 1 0 2 10 0 9 0 9 13 0 7 10 0 9 10 0 9 0 8 2
1 1 17251
1 2 17081 170
2 1 17251
2 2 17251
2 3 17251
2 4 17251
2 5 17251
2 6 17251
2 7 17251
2 8 17251
2 9 17251
2 10 17251
2 11 8367 1022 0 544 293 0 244 232 0 219 255 0 280 0 264 283 0 290 321 0 323 289 0 293 1 265 286 0 244 226 2 222 213 2 177 2 153 128 0 126 105 0 105 111 0 81 0 78 69 0 65 78 0 57 51 0 57 0 51 46 0 44 40 0 38 39 0 31 33 0 30 0 23 22 0 17 18 0 25 8 0 11 0 11 17 0 10 16 0 28 8 0 17 0 15 15 0 11 10 0 13 7 0 12 0 9 5 0 1 1 0 1 1 0 2 0 1 0 0 2 2 0 0 0 0 1 0 6 4 0 9 9 0 9 1 0 2 10 0 9 0 9 13 0 7 10 0 9 10 0 9 0 8 2
1 1 17301
1 2 17131 170
2 1 17301
2 2 17301
2 3 17301
2 4 17301
2 5 17301
2 6 17301
2 7 17301
2 8 17301
2 9 17301
2 10 17301
2 11 8417 1022 0 544 293 0 244 232 0 219 255 0 280 0 264 283 0 290 321 0 323 289 0 293 1 265 286 0 244 226 2 222 213 2 177 2 153 128 0 126 105 0 105 111 0 81 0 78 69 0 65 78 0 57 51 0 57 0 51 46 0 44 40 0 38 39 0 31 33 0 30 0 23 22 0 17 18 0 25 8 0 11 0 11 17 0 10 16 0 28 8 0 17 0 15 15 0 11 10 0 13 7 0 12 0 9 5 0 1 1 0 1 1 0 2 0 1 0 0 2 2 0 0 0 0 1 0 6 4 0 9 9 0 9 1 0 2 10 0 9 0 9 13 0 7 10 0 9 10 0 9 0 8 2
1 1 17351
1 2 17181 170
2 1 17351
2 2 17351
2 3 17351
2 4 17351
2 5 17351
2 6 17351
2 7 17351
2 8 17351
2 9 17351
2 10 17351
2 11 8467 1022 0 544 293 0 244 232 0 219 255 0 280 0 264 283 0 290 321 0 323 289 0 293 1 265 286 0 244 226 2 222 213 2 177 2 153 128 0 126 105 0 105 111 0 81 0 78 69 0 65 78 0 57 51 0 57 0 51 46 0 44 40 0 38 39 0 31 33 0 30 0 23 22 0 17 18 0 25 8 0 11 0 11 17 0 10 16 0 28 8 0 17 0 15 15 0 11 10 0 13 7 0 12 0 9 5 0 1 1 0 1 1 0 2 0 1 0 0 2 2 0 0 0 0 1 0 6 4 0 9 9 0 9 1 0 2 10 0 9 0 9 13 0 7 10 0 9 10 0 9 0 8 2
1 1 17401
1 2 17231 170
2 1 17401
2 2 17401
2 3 17401
2 4 17401
2 5 17401
2 6 17401
2 7 17401
2 8 17401
2 9 17401
2 10 17401
2 11 8517 1022 0 544 293 0 244 232 0 219 255 0 280 0 264 283 0 290 321 0 323 289 0 293 1 265 286 0 244 226 2 222 213 2 177 2 153 128 0 126 105 0 105 111 0 81 0 78 69 0 65 78 0 57 51 0 57 0 51 46 0 44 40 0 38 39 0 31 33 0 30 0 23 22 0 17 18 0 25 8 0 11 0 11 17 0 10 16 0 28 8 0 17 0 15 15 0 11 10 0 13 7 0 12 0 9 5 0 1 1 0 1 1 0 2 0 1 0 0 2 2 0 0 0 0 1 0 6 4 0 9 9 0 9 1 0 2 10 0 9 0 9 13 0 7 10 0 9 10 0 9 0 8 2
1 1 17451
1 2 17281 170
2 1 17451
2 2 17451
2 3 17451
2 4 17451
2 5 17451
2 6 17451
2 7 17451
2 8 17451
2 9 17451
2 10 17451
2 11 8567 1022 0 544 293 0 244 232 0 219 255 0 280 0 264 283 0 290 321 0 323 289 0 293 1 265 286 0 244 226 2 222 213 2 177 2 153 128 0 126 105 0 105 111 0 81 0 78 69 0 65 78 0 57 51 0 57 0 51 46 0 44 40 0 38 39 0 31 33 0 30 0 23 22 0 17 18 0 25 8 0 11 0 11 17 0 10 16 0 28 8 0 17 0 15 15 0 11 10 0 13 7 0 12 0 9 5 0 1 1 0 1 1 0 2 0 1 0 0 2 2 0 0 0 0 1 0 6 4 0 9 9 0 9 1 0 2 10 0 9 0 9 13 0 7 10 0 9 10 0 9 0 8 2
1 1 17501
1 2 17331 170
2 1 17501
2 2 17501
2 3 17501
2 4 17501
2 5 17501
2 6 17501
2 7 17501
2 8 17501
2 9 17501
2 10 17501
2 11 8617 1022 0 544 293 0 244 232 0 219 255 0 280 0 264 283 0 290 321 0 323 289 0 293 1 265 286 0 244 226 2 222 213 2 177 2 153 128 0 126 105 0 105 111 0 81 0 78 69 0 65 78 0 57 51 0 57 0 51 46 0 44 40 0 38 39 0 31 33 0 30 0 23 22 0 17 18 0 25 8 0 11 0 11 17 0 10 16 0 28 8 0 17 0 15 15 0 11 10 0 13 7 0 12 0 9 5 0 1 1 0 1 1 0 2 0 1 0 0 2 2 0 0 0 0 1 0 6 4 0 9 9 0 9 1 0 2 10 0 9 0 9 13 0 7 10 0 9 10 0 9 0 8 2
1 1 17551
1 2 17381 170
2 1 17551
2 2 17551
2 3 17551
2 4 17551
2 5 17551
2 6 17551
2 7 17551
2 8 17551
2 9 17551
2 10 17551
2 11 8667 1022 0 544 293 0 244 232 0 219 255 0 280 0 264 283 0 290 321 0 323 289 0 293 1 265 286 0 244 226 2 222 213 2 177 2 153 128 0 126 105 0 105 111 0 81 0 78 69 0 65 78 0 57 51 0 57 0 51 46 0 44 40 0 38 39 0 31 33 0 30 0 23 22 0 17 18 0 25 8 0 11 0 11 17 0 10 16 0 28 8 0 17 0 15 15 0 11 10 0 13 7 0 12 0 9 5 0 1 1 0 1 1 0 2 0 1 0 0 2 2 0 0 0 0 1 0 6 4 0 9 9 0 9 1 0 2 10 0 9 0 9 13 0 7 10 0 9 10 0 9 0 8 2
1 1 17601
1 2 17431 170
2 1 17601
2 2 17601
2 3 17601
2 4 17601
2 5 17601
2 6 17601
2 7 17601
2 8 17601
2 9 17601
2 10 17601
2 11 8717 1022 0 544 293 0 244 232 0 219 255 0 280 0 264 283 0 290 321 0 323 289 0 293 1 265 286 0 244 226 2 222 213 2 177 2 153 128 0 126 105 0 105 111 0 81 0 78 69 0 65 78 0 57 51 0 57 0 51 46 0 44 40 0 38 39 0 31 33 0 30 0 23 22 0 17 18 0 25 8 0 11 0 11 17 0 10 16 0 28 8 0 17 0 15 15 0 11 10 0 13 7 0 12 0 9 5 0 1 1 0 1 1 0 2 0 1 0 0 2 2 0 0 0 0 1 0 6 4 0 9 9 0 9 1 0 2 10 0 9 0 9 13 0 7 10 0 9 10 0 9 0 8 2
1 1 17651
1 2 17481 170
2 1 17651
2 2 17651
2 3 17651
2 4 17651
2 5 17651
2 6 17651
2 7 17651
2 8 17651
2 9 17651
2 10 17651
2 11 8767 1022 0 544 293 0 244 232 0 219 255 0 280 0 264 283 0 290 321 0 323 289 0 293 1 265 286 0 244 226 2 222 213 2 177 2 153 128 0 126 105 0 105 111 0 81 0 78 69 0 65 78 0 57 51 0 57 0 51 46 0 44 40 0 38 39 0 31 33 0 30 0 23 22 0 17 18 0 25 8 0 11 0 11 17 0 10 16 0 28 8 0 17 0 15 15 0 11 10 0 13 7 0 12 0 9 5 0 1 1 0 1 1 0 2 0 1 0 0 2 2 0 0 0 0 1 0 6 4 0 9 9 0 9 1 0 2 10 0 9 0 9 13 0 7 10 0 9 10 0 9 0 8 2
1 1 17701
1 2 17531 170
2 1 17701
2 2 17701
2 3 17701
2 4 17701
2 5 17701
2 6 17701
2 7 17701
2 8 17701
2 9 17701
2 10 17701
2 11 8817 1022 0 544 293 0 244 232 0 219 255 0 280 0 264 283 0 290 321 0 323 289 0 293 1 265 286 0 244 226 2 222 213 2 177 2 153 128 0 126 105 0 105 111 0 81 0 78 69 0 65 78 0 57 51 0 57 0 51 46 0 44 40 0 38 39 0 31 33 0 30 0 23 22 0 17 18 0 25 8 0 11 0 11 17 0 10 16 0 28 8 0 17 0 15 15 0 11 10 0 13 7 0 12 0 9 5 0 1 1 0 1 1 0 2 0 1 0 0 2 2 0 0 0 0 1 0 6 4 0 9 9 0 9 1 0 2 10 0 9 0 9 13 0 7 10 0 9 10 0 9 0 8 2
1 1 17751
1 2 17581 170
2 1 17751
2 2 17751
2 3 17751
2 4 17751
2 5 17751
2 6 17751
2 7 17751
2 8 17751
2 9 17751
2 10 17751
2 11 8867 1022 0 544 293 0 244 232 0 219 255 0 280 0 264 283 0 290 321 0 323 289 0 293 1 265 286 0 244 226 2 222 213 2 177 2 153 128 0 126 105 0 105 111 0 81 0 78 69 0 65 78 0 57 51 0 57 0 51 46 0 44 40 0 38 39 0 31 33 0 30 0 23 22 0 17 18 0 25 8 0 11 0 11 17 0 10 16 0 28 8 0 17 0 15 15 0 11 10 0 13 7 0 12 0 9 5 0 1 1 0 1 1 0 2 0 1 0 0 2 2 0 0 0 0 1 0 6 4 0 9 9 0 9 1 0 2 10 0 9 0 9 13 0 7 10 0 9 10 0 9 0 8 2
1 1 17801
1 2 17631 170
2 1 17801
2 2 17801
2 3 17801
2 4 17801
2 5 17801
2 6 17801
2 7 17801
2 8 17801
2 9 17801
2 10 17801
2 11 8917 1022 0 544 293 0 244 232 0 219 255 0 280 0 264 283 0 290 321 0 323 289 0 293 1 265 286 0 244 226 2 222 213 2 177 2 153 128 0 126 105 0 105 111 0 81 0 78 69 0 65 78 0 57 51 0 57 0 51 46 0 44 40 0 38 39 0 31 33 0 30 0 23 22 0 17 18 0 25 8 0 11 0 11 17 0 10 16 0 28 8 0 17 0 15 15 0 11 10 0 13 7 0 12 0 9 5 0 1 1 0 1 1 0 2 0 1 0 0 2 2 0 0 0 0 1 0 6 4 0 9 9 0 9 1 0 2 10 0 9 0 9 13 0 7 10 0 9 10 0 9 0 8 2
1 1 17851
1 2 17681 170
2 1 17851
2 2 17851
2 3 17851
2 4 17851
2 5 17851
2 6 17851
2 7 17851
2 8 17851
2 9 17851
2 10 17851
2 11 8967 1022 0 544 293 0 244 232 0 219 255 0 280 0 264 283 0 290 321 0 323 289 0 293 1 265 286 0 244 226 2 222 213 2 177 2 153 128 0 126 105 0 105 111 0 81 0 78 69 0 65 78 0 57 51 0 57 0 51 46 0 44 40 0 38 39 0 31 33 0 30 0 23 22 0 17 18 0 25 8 0 11 0 11 17 0 10 16 0 28 8 0 17 0 15 15 0 11 10 0 13 7 0 12 0 9 5 0 1 1 0 1 1 0 2 0 1 0 0 2 2 0 0 0 0 1 0 6 4 0 9 9 0 9 1 0 2 10 0 9 0 9 13 0 7 10 0 9 10 0 9 0 8 2
1 1 17901
1 2 17731 170
2 1 17901
2 2 17901
2 3 17901
2 4 17901
2 5 17901
2 6 17901
2 7 17901
2 8 17901
2 9 17901
2 10 17901
2 11 9017 1022 0 544 293 0 244 232 0 219 255 0 280 0 264 283 0 290 321 0 323 289 0 293 1 265 286 0 244 226 2 222 213 2 177 2 153 128 0 126 105 0 105 111 0 81 0 78 69 0 65 78 0 57 51 0 57 0 51 46 0 44 40 0 38 39 0 31 33 0 30 0 23 22 0 17 18 0 25 8 0 11 0 11 17 0 10 16 0 28 8 0 17 0 15 15 0 11 10 0 13 7 0 12 0 9 5 0 1 1 0 1 1 0 2 0 1 0 0 2 2 0 0 0 0 1 0 6 4 0 9 9 0 9 1 0 2 10 0 9 0 9 13 0 7 10 0 9 10 0 9 0 8 2
1 1 17951
1 2 17781 170
2 1 17951
2 2 17951
2 3 17951
2 4 17951
2 5 17951
2 6 17951
2 7 17951
2 8 17951
2 9 17951
2 10 17951
2 11 9067 1022 0 544 293 0 244 232 0 219 255 0 280 0 264 283 0 290 321 0 323 289 0 293 1 265 286 0 244 226 2 222 213 2 177 2 153 128 0 126 105 0 105 111 0 81 0 78 69 0 65 78 0 57 51 0 57 0 51 46 0 44 40 0 38 39 0 31 33 0 30 0 23 22 0 17 18 0 25 8 0 11 0 11 17 0 10 16 0 28 8 0 17 0 15 15 0 11 10 0 13 7 0 12 0 9 5 0 1 1 0 1 1 0 2 0 1 0 0 2 2 0 0 0 0 1 0 6 4 0 9 9 0 9 1 0 2 10 0 9 0 9 13 0 7 10 0 9 10 0 9 0 8 2
1 1 18001
1 2 17831 170
2 1 18001
2 2 18001
2 3 18001
2 4 18001
2 5 18001
2 6 18001
2 7 18001
2 8 18001
2 9 18001
2 10 18001
2 11 9117 1022 0 544 293 0 244 232 0 219 255 0 280 0 264 283 0 290 321 0 323 289 0 293 1 265 286 0 244 226 2 222 213 2 177 2 153 128 0 126 105 0 105 111 0 81 0 78 69 0 65 78 0 57 51 0 57 0 51 46 0 44 40 0 38 39 0 31 33 0 30 0 23 22 0 17 18 0 25 8 0 11 0 11 17 0 10 16 0 28 8 0 17 0 15 15 0 11 10 0 13 7 0 12 0 9 5 0 1 1 0 1 1 0 2 0 1 0 0 2 2 0 0 0 0 1 0 6 4 0 9 9 0 9 1 0 2 10 0 9 0 9 13 0 7 10 0 9 10 0 9 0 8 2
1 1 18051
1 2 17881 170
2 1 18051
2 2 18051
2 3 18051
2 4 18051
2 5 18051
2 6 18051
2 7 18051
2 8 18051
2 9 18051
2 10 18051
2 11 9167 1022 0 544 293 0 244 232 0 219 255 0 280 0 264 283 0 290 321 0 323 289 0 293 1 265 286 0 244 226 2 222 213 2 177 2 153 128 0 126 105 0 105 111 0 81 0 78 69 0 65 78 0 57 51 0 57 0 51 46 0 44 40 0 38 39 0 31 33 0 30 0 23 22 0 17 18 0 25 8 0 11 0 11 17 0 10 16 0 28 8 0 17 0 15 15 0 11 10 0 13 7 0 12 0 9 5 0 1 1 0 1 1 0 2 0 1 0 0 2 2 0 0 0 0 1 0 6 4 0 9 9 0 9 1 0 2 10 0 9 0 9 13 0 7 10 0 9 10 0 9 0 8 2
1 1 18101
1 2 17931 170
2 1 18101
2 2 18101
2 3 18101
2 4 18101
2 5 18101
2 6 18101
2 7 18101
2 8 18101
2 9 18101
2 10 18101
2 11 9217 1022 0 544 293 0 244 232 0 219 255 0 280 0 264 283 0 290 321 0 323 289 0 293 1 265 286 0 244 226 2 222 213 2 177 2 153 128 0 126 105 0 105 111 0 81 0 78 69 0 65 78 0 57 51 0 57 0 51 46 0 44 40 0 38 39 0 31 33 0 30 0 23 22 0 17 18 0 25 8 0 11 0 11 17 0 10 16 0 28 8 0 17 0 15 15 0 11 10 0 13 7 0 12 0 9 5 0 1 1 0 1 1 0 2 0 1 0 0 2 2 0 0 0 0 1 0 6 4 0 9 9 0 9 1 0 2 10 0 9 0 9 13 0 7 10 0 9 10 0 9 0 8 2
1 1 18151
1 2 17981 170
2 1 18151
2 2 18151
2 3 18151
2 4 18151
2 5 18151
2 6 18151
2 7 18151
2 8 18151
2 9 18151
2 10 18151
2 11 9267 1022 0 544 293 0 244 232 0 219 255 0 280 0 264 283 0 290 321 0 323 289 0 293 1 265 286 0 244 226 2 222 213 2 177 2 153 128 0 126 105 0 105 111 0 81 0 78 69 0 65 78 0 57 51 0 57 0 51 46 0 44 40 0 38 39 0 31 33 0 30 0 23 22 0 17 18 0 25 8 0 11 0 11 17 0 10 16 0 28 8 0 17 0 15 15 0 11 10 0 13 7 0 12 0 9 5 0 1 1 0 1 1 0 2 0 1 0 0 2 2 0 0 0 0 1 0 6 4 0 9 9 0 9 1 0 2 10 0 9 0 9 13 0 7 10 0 9 10 0 9 0 8 2
1 1 18201
1 2 18031 170
2 1 18201
2 2 18201
2 3 18201
2 4 18201
2 5 18201
2 6 18201
2 7 18201
2 8 18201
2 9 18201
2 10 18201
2 11 9317 1022 0 544 293 0 244 232 0 219 255 0 280 0 264 283 0 290 321 0 323 289 0 293 1 265 286 0 244 226 2 222 213 2 177 2 153 128 0 126 105 0 105 111 0 81 0 78 69 0 65 78 0 57 51 0 57 0 51 46 0 44 40 0 38 39 0 31 33 0 30 0 23 22 0 17 18 0 25 8 0 11 0 11 17 0 10 16 0 28 8 0 17 0 15 15 0 11 10 0 13 7 0 12 0 9 5 0 1 1 0 1 1 0 2 0 1 0 0 2 2 0 0 0 0 1 0 6 4 0 9 9 0 9 1 0 2 10 0 9 0 9 13 0 7 10 0 9 10 0 9 0 8 2
1 1 18251
1 2 18081 170
2 1 18251
2 2 18251
2 3 18251
2 4 18251
2 5 18251
2 6 18251
2 7 18251
2 8 18251
2 9 18251
2 10 18251
2 11 9367 1022 0 544 293 0 244 232 0 219 255 0 280 0 264 283 0 290 321 0 323 289 0 293 1 265 286 0 244 226 2 222 213 2 177 2 153 128 0 126 105 0 105 111 0 81 0 78 69 0 65 78 0 57 51 0 57 0 51 46 0 44 40 0 38 39 0 31 33 0 30 0 23 22 0 17 18 0 25 8 0 11 0 11 17 0 10 16 0 28 8 0 17 0 15 15 0 11 10 0 13 7 0 12 0 9 5 0 1 1 0 1 1 0 2 0 1 0 0 2 2 0 0 0 0 1 0 6 4 0 9 9 0 9 1 0 2 10 0 9 0 9 13 0 7 10 0 9 10 0 9 0 8 2
1 1 18301
1 2 18131 170
2 1 18301
2 2 18301
2 3 18301
2 4 18301
2 5 18301
2 6 18301
2 7 18301
2 8 18301
2 9 18301
2 10 18301
2 11 9417 1022 0 544 293 0 244 232 0 219 255 0 280 0 264 283 0 290 321 0 323 289 0 293 1 265 286 0 244 226 2 222 213 2 177 2 153 128 0 126 105 0 105 111 0 81 0 78 69 0 65 78 0 57 51 0 57 0 51 46 0 44 40 0 38 39 0 31 33 0 30 0 23 22 0 17 18 0 25 8 0 11 0 11 17 0 10 16 0 28 8 0 17 0 15 15 0 11 10 0 13 7 0 12 0 9 5 0 1 1 0 1 1 0 2 0 1 0 0 2 2 0 0 0 0 1 0 6 4 0 9 9 0 9 1 0 2 10 0 9 0 9 13 0 7 10 0 9 10 0 9 0 8 2
1 1 18351
1 2 18181 170
2 1 18351
2 2 18351
2 3 18351
2 4 18351
2 5 18351
2 6 18351
2 7 18351
2 8 18351
2 9 18351
2 10 18351
2 11 9467 1022 0 544 293 0 244 232 0 219 255 0 280 0 264 283 0 290 321 0 323 289 0 293 1 265 286 0 244 226 2 222 213 2 177 2 153 128 0 126 105 0 105 111 0 81 0 78 69 0 65 78 0 57 51 0 57 0 51 46 0 44 40 0 38 39 0 31 33 0 30 0 23 22 0 17 18 0 25 8 0 11 0 11 17 0 10 16 0 28 8 0 17 0 15 15 0 11 10 0 13 7 0 12 0 9 5 0 1 1 0 1 1 0 2 0 1 0 0 2 2 0 0 0 0 1 0 6 4 0 9 9 0 9 1 0 2 10 0 9 0 9 13 0 7 10 0 9 10 0 9 0 8 2
1 1 18401
1 2 18231 170
2 1 18401
2 2 18401
2 3 18401
2 4 18401
2 5 18401
2 6 18401
2 7 18401
2 8 18401
2 9 18401
2 10 18401
2 11 9517 1022 0 544 293 0 244 232 0 219 255 0 280 0 264 283 0 290 321 0 323 289 0 293 1 265 286 0 244 226 2 222 213 2 177 2 153 128 0 126 105 0 105 111 0 81 0 78 69 0 65 78 0 57 51 0 57 0 51 46 0 44 40 0 38 39 0 31 33 0 30 0 23 22 0 17 18 0 25 8 0 11 0 11 17 0 10 16 0 28 8 0 17 0 15 15 0 11 10 0 13 7 0 12 0 9 5 0 1 1 0 1 1 0 2 0 1 0 0 2 2 0 0 0 0 1 0 6 4 0 9 9 0 9 1 0 2 10 0 9 0 9 13 0 7 10 0 9 10 0 9 0 8 2
1 1 18451
1 2 18281 170
2 1 18451
2 2 18451
2 3 18451
2 4 18451
2 5 18451
2 6 18451
2 7 18451
2 8 18451
2 9 18451
2 10 18451
2 11 9567 1022 0 544 293 0 244 232 0 219 255 0 280 0 264 283 0 290 321 0 323 289 0 293 1 265 286 0 244 226 2 222 213 2 177 2 153 128 0 126 105 0 105 111 0 81 0 78 69 0 65 78 0 57 51 0 57 0 51 46 0 44 40 0 38 39 0 31 33 0 30 0 23 22 0 17 18 0 25 8 0 11 0 11 17 0 10 16 0 28 8 0 17 0 15 15 0 11 10 0 13 7 0 12 0 9 5 0 1 1 0 1 1 0 2 0 1 0 0 2 2 0 0 0 0 1 0 6 4 0 9 9 0 9 1 0 2 10 0 9 0 9 13 0 7 10 0 9 10 0 9 0 8 2
1 1 18501
1 2 18331 170
2 1 18501
2 2 18501
2 3 18501
2 4 18501
2 5 18501
2 6 18501
2 7 18501
2 8 18501
2 9 18501
2 10 18501
2 11 9617 1022 0 544 293 0 244 232 0 219 255 0 280 0 264 283 0 290 321 0 323 289 0 293 1 265 286 0 244 226 2 222 213 2 177 2 153 128 0 126 105 0 105 111 0 81 0 78 69 0 65 78 0 57 51 0 57 0 51 46 0 44 40 0 38 39 0 31 33 0 30 0 23 22 0 17 18 0 25 8 0 11 0 11 17 0 10 16 0 28 8 0 17 0 15 15 0 11 10 0 13 7 0 12 0 9 5 0 1 1 0 1 1 0 2 0 1 0 0 2 2 0 0 0 0 1 0 6 4 0 9 9 0 9 1 0 2 10 0 9 0 9 13 0 7 10 0 9 10 0 9 0 8 2
1 1 18551
1 2 18381 170
2 1 18551
2 2 18551
2 3 18551
2 4 18551
2 5 18551
2 6 18551
2 7 18551
2 8 18551
2 9 18551
2 10 18551
2 11 9667 1022 0 544 293 0 244 232 0 219 255 0 280 0 264 283 0 290 321 0 323 289 0 293 1 265 286 0 244 226 2 222 213 2 177 2 153 128 0 126 105 0 105 111 0 81 0 78 69 0 65 78 0 57 51 0 57 0 51 46 0 44 40 0 38 39 0 31 33 0 30 0 23 22 0 17 18 0 25 8 0 11 0 11 17 0 10 16 0 28 8 0 17 0 15 15 0 11 10 0 13 7 0 12 0 9 5 0 1 1 0 1 1 0 2 0 1 0 0 2 2 0 0 0 0 1 0 6 4 0 9 9 0 9 1 0 2 10 0 9 0 9 13 0 7 10 0 9 10 0 9 0 8 2
1 1 18601
1 2 18431 170
2 1 18601
2 2 18601
2 3 18601
2 4 18601
2 5 18601
2 6 18601
2 7 18601
2 8 18601
2 9 18601
2 10 18601
2 11 9717 1022 0 544 293 0 244 232 0 219 255 0 280 0 264 283 0 290 321 0 323 289 0 293 1 265 286 0 244 226 2 222 213 2 177 2 153 128 0 126 105 0 105 111 0 81 0 78 69 0 65 78 0 57 51 0 57 0 51 46 0 44 40 0 38 39 0 31 33 0 30 0 23 22 0 17 18 0 25 8 0 11 0 11 17 0 10 16 0 28 8 0 17 0 15 15 0 11 10 0 13 7 0 12 0 9 5 0 1 1 0 1 1 0 2 0 1 0 0 2 2 0 0 0 0 1 0 6 4 0 9 9 0 9 1 0 2 10 0 9 0 9 13 0 7 10 0 9 10 0 9 0 8 2
1 1 18651
1 2 18481 170
2 1 18651
2 2 18651
2 3 18651
2 4 18651
2 5 18651
2 6 18651
2 7 18651
2 8 18651
2 9 18651
2 10 18651
2 11 9767 1022 0 544 293 0 244 232 0 219 255 0 280 0 264 283 0 290 321 0 323 289 0 293 1 265 286 0 244 226 2 222 213 2 177 2 153 128 0 126 105 0 105 111 0 81 0 78 69 0 65 78 0 57 51 0 57 0 51 46 0 44 40 0 38 39 0 31 33 0 30 0 23 22 0 17 18 0 25 8 0 11 0 11 17 0 10 16 0 28 8 0 17 0 15 15 0 11 10 0 13 7 0 12 0 9 5 0 1 1 0 1 1 0 2 0 1 0 0 2 2 0 0 0 0 1 0 6 4 0 9 9 0 9 1 0 2 10 0 9 0 9 13 0 7 10 0 9 10 0 9 0 8 2
1 1 18701
1 2 18531 170
2 1 18701
2 2 18701
2 3 18701
2 4 18701
2 5 18701
2 6 18701
2 7 18701
2 8 18701
2 9 18701
2 10 18701
2 11 9817 1022 0 544 293 0 244 232 0 219 255 0 280 0 264 283 0 290 321 0 323 289 0 293 1 265 286 0 244 226 2 222 213 2 177 2 153 128 0 126 105 0 105 111 0 81 0 78 69 0 65 78 0 57 51 0 57 0 51 46 0 44 40 0 38 39 0 31 33 0 30 0 23 22 0 17 18 0 25 8 0 11 0 11 17 0 10 16 0 28 8 0 17 0 15 15 0 11 10 0 13 7 0 12 0 9 5 0 1 1 0 1 1 0 2 0 1 0 0 2 2 0 0 0 0 1 0 6 4 0 9 9 0 9 1 0 2 10 0 9 0 9 13 0 7 10 0 9 10 0 9 0 8 2
1 1 18751
1 2 18581 170
2 1 18751
2 2 18751
2 3 18751
2 4 18751
2 5 18751
2 6 18751
2 7 18751
2 8 18751
2 9 18751
2 10 18751
2 11 9867 1022 0 544 293 0 244 232 0 219 255 0 280 0 264 283 0 290 321 0 323 289 0 293 1 265 286 0 244 226 2 222 213 2 177 2 153 128 0 126 105 0 105 111 0 81 0 78 69 0 65 78 0 57 51 0 57 0 51 46 0 44 40 0 38 39 0 31 33 0 30 0 23 22 0 17 18 0 25 8 0 11 0 11 17 0 10 16 0 28 8 0 17 0 15 15 0 11 10 0 13 7 0 12 0 9 5 0 1 1 0 1 1 0 2 0 1 0 0 2 2 0 0 0 0 1 0 6 4 0 9 9 0 9 1 0 2 10 0 9 0 9 13 0 7 10 0 9 10 0 9 0 8 2
1 1 18801
1 2 18631 170
2 1 18801
2 2 18801
2 3 18801
2 4 18801
2 5 18801
2 6 18801
2 7 18801
2 8 18801
2 9 18801
2 10 18801
2 11 9917 1022 0 544 293 0 244 232 0 219 255 0 280 0 264 283 0 290 321 0 323 289 0 293 1 265 286 0 244 226 2 222 213 2 177 2 153 128 0 126 105 0 105 111 0 81 0 78 69 0 65 78 0 57 51 0 57 0 51 46 0 44 40 0 38 39 0 31 33 0 30 0 23 22 0 17 18 0 25 8 0 11 0 11 17 0 10 16 0 28 8 0 17 0 15 15 0 11 10 0 13 7 0 12 0 9 5 0 1 1 0 1 1 0 2 0 1 0 0 2 2 0 0 0 0 1 0 6 4 0 9 9 0 9 1 0 2 10 0 9 0 9 13 0 7 10 0 9 10 0 9 0 8 2
1 1 18851
1 2 18681 170
2 1 18851
2 2 18851
2 3 18851
2 4 18851
2 5 18851
2 6 18851
2 7 18851
2 8 18851
2 9 18851
2 10 18851
2 11 9967 1022 0 544 293 0 244 232 0 219 255 0 280 0 264 283 0 290 321 0 323 289 0 293 1 265 286 0 244 226 2 222 213 2 177 2 153 128 0 126 105 0 105 111 0 81 0 78 69 0 65 78 0 57 51 0 57 0 51 46 0 44 40 0 38 39 0 31 33 0 30 0 23 22 0 17 18 0 25 8 0 11 0 11 17 0 10 16 0 28 8 0 17 0 15 15 0 11 10 0 13 7 0 12 0 9 5 0 1 1 0 1 1 0 2 0 1 0 0 2 2 0 0 0 0 1 0 6 4 0 9 9 0 9 1 0 2 10 0 9 0 9 13 0 7 10 0 9 10 0 9 0 8 2
1 1 18901
1 2 18731 170
2 1 18901
2 2 18901
2 3 18901
2 4 18901
2 5 18901
2 6 18901
2 7 18901
2 8 18901
2 9 18901
2 10 18901
2 11 10017 1022 0 544 293 0 244 232 0 219 255 0 280 0 264 283 0 290 321 0 323 289 0 293 1 265 286 0 244 226 2 222 213 2 177 2 153 128 0 126 105 0 105 111 0 81 0 78 69 0 65 78 0 57 51 0 57 0 51 46 0 44 40 0 38 39 0 31 33 0 30 0 23 22 0 17 18 0 25 8 0 11 0 11 17 0 10 16 0 28 8 0 17 0 15 15 0 11 10 0 13 7 0 12 0 9 5 0 1 1 0 1 1 0 2 0 1 0 0 2 2 0 0 0 0 1 0 6 4 0 9 9 0 9 1 0 2 10 0 9 0 9 13 0 7 10 0 9 10 0 9 0 8 2
1 1 18951
1 2 18781 170
2 1 18951
2 2 18951
2 3 18951
2 4 18951
2 5 18951
2 6 18951
2 7 18951
2 8 18951
2 9 18951
2 10 18951
2 11 10067 1022 0 544 293 0 244 232 0 219 255 0 280 0 264 283 0 290 321 0 323 289 0 293 1 265 286 0 244 226 2 222 213 2 177 2 153 128 0 126 105 0 105 111 0 81 0 78 69 0 65 78 0 57 51 0 57 0 51 46 0 44 40 0 38 39 0 31 33 0 30 0 23 22 0 17 18 0 25 8 0 11 0 11 17 0 10 16 0 28 8 0 17 0 15 15 0 11 10 0 13 7 0 12 0 9 5 0 1 1 0 1 1 0 2 0 1 0 0 2 2 0 0 0 0 1 0 6 4 0 9 9 0 9 1 0 2 10 0 9 0 9 13 0 7 10 0 9 10 0 9 0 8 2
1 1 19001
1 2 18831 170
2 1 19001
2 2 19001
2 3 19001
2 4 19001
2 5 19001
2 6 19001
2 7 19001
2 8 19001
2 9 19001
2 10 19001
2 11 10117 1022 0 544 293 0 244 232 0 219 255 0 280 0 264 283 0 290 321 0 323 289 0 293 1 265 286 0 244 226 2 222 213 2 177 2 153 128 0 126 105 0 105 111 0 81 0 78 69 0 65 78 0 57 51 0 57 0 51 46 0 44 40 0 38 39 0 31 33 0 30 0 23 22 0 17 18 0 25 8 0 11 0 11 17 0 10 16 0 28 8 0 17 0 15 15 0 11 10 0 13 7 0 12 0 9 5 0 1 1 0 1 1 0 2 0 1 0 0 2 2 0 0 0 0 1 0 6 4 0 9 9 0 9 1 0 2 10 0 9 0 9 13 0 7 10 0 9 10 0 9 0 8 2
