375 371 10000 10002 250 1137 20114 48
305 244 10000 10000 250 76 40228 48
145 399 10000 10001 900 588 40644 152
202 97 10000 10003 180 7248 40184 37
370 282 10000 10004 1100 7324 40772 184
381 174 10000 10006 1100 11895 40772 184
118 377 10000 10005 3160 10832 41998 531
185 388 10000 10007 1100 12357 40772 184
273 361 10000 10011 560 14642 40428 98
342 321 10000 10009 3160 13490 41998 531
194 103 10000 10010 1870 14509 41513 316
264 340 10000 10012 1870 15015 41513 316
230 112 10000 10013 900 17472 40644 152
19 26 10000 10016 560 22459 40428 98
9 248 10000 10017 900 24687 40644 152
145 221 10000 10020 3160 30774 41998 531
169 388 10000 10021 560 35828 40428 98
273 312 10000 10024 180 38733 40184 37
364 86 10000 10023 3160 37860 41998 531
127 391 10000 10025 900 41978 40644 152
160 234 10000 10027 560 45445 40428 98
194 92 10000 10028 1870 45545 41513 316
284 93 10000 10029 1100 47010 40772 184
92 106 10000 10031 900 48844 40698 152
154 103 10000 10032 1100 49588 40772 184
5 53 10000 10033 1100 49840 40772 184
62 348 10000 10030 10000 48132 43938 1660
49 187 10000 10034 560 52558 40428 98
40 106 10000 10035 560 53092 40428 98
380 88 10000 10036 3160 59894 41998 531
221 122 10000 10038 250 62102 40228 48
358 122 10000 10039 560 64824 40428 98
189 150 10000 10037 10000 61457 43938 1660
223 362 10000 10041 560 68331 40428 98
190 182 10000 10055 180 89009 20092 37
74 91 10000 10040 10000 68284 43938 1660
376 300 10000 10043 900 72345 40644 152
211 75 10000 10042 10000 69489 43938 1660
122 333 10000 10044 900 74033 40644 152
93 253 10000 10046 1870 74990 41513 316
69 210 10000 10048 900 77062 40644 152
322 167 10000 10049 560 77759 40428 98
259 8 10000 10052 250 85110 40228 48
131 181 10000 10053 560 86384 40428 98
12 240 10000 10054 560 87473 40428 98
32 124 10000 10056 180 89276 40184 37
4 384 10000 10058 900 90849 40644 152
16 121 10000 10057 1870 90821 41575 316
184 47 10000 10059 1870 93574 41513 316
78 235 10000 10060 180 95153 40184 37
362 243 10000 10061 180 96091 40184 37
142 387 10000 10062 180 96287 40184 37
350 60 10000 10063 180 98527 40184 37
184 284 10000 10064 180 99667 40184 37
70 2 10000 10067 560 102848 40428 98
104 129 10000 10071 900 104196 40644 152
119 261 10000 10066 1870 102687 42917 316
31 29 10000 10090 900 126091 20322 152
174 272 10000 10073 560 109027 40428 98
81 17 10000 10074 1100 109084 40772 184
222 349 10000 10075 180 109729 40184 37
97 104 10000 10076 180 110076 40184 37
119 318 10000 10014 100001 17595 132859 16579
315 380 10000 10078 560 112288 40428 98
242 374 10000 10079 900 113409 40644 152
333 391 10000 10080 1100 114972 40772 184
79 191 10000 10083 180 117215 40184 37
114 188 10000 10085 1100 117974 40772 184
331 19 10000 10081 10000 115280 43938 1660
126 97 10000 10082 10000 115314 43938 1660
200 334 10000 10087 250 121496 40228 48
226 34 10000 10088 3160 124882 41998 531
183 147 10000 10015 100001 17608 150852 16579
143 185 10000 10092 560 128264 40428 98
266 6 10000 10091 1870 128141 41513 316
234 227 10000 10111 250 149734 20114 48
58 198 10000 10093 1870 129047 41513 316
273 365 10000 10094 900 131195 40644 152
103 117 10000 10115 560 153257 20214 98
126 157 10000 10095 1870 133178 41513 316
10 121 10000 10026 100001 44141 131814 16579
292 89 10000 10096 180 135804 40184 37
380 62 10000 10098 1100 136994 40772 184
139 332 10000 10101 560 138538 40785 98
50 81 10000 10100 1870 138231 41513 316
51 133 10000 10103 250 141175 40228 48
45 82 10000 10105 250 143082 40228 48
122 341 10000 10106 900 144158 40644 152
343 85 10000 10104 10000 141301 43938 1660
271 223 10000 10109 900 145689 40644 152
148 248 10000 10110 10000 146490 43938 1660
218 124 10000 10112 1100 150903 40772 184
218 286 10000 10114 180 152795 40184 37
355 235 10000 10116 250 154595 40228 48
40 158 10000 10117 560 155092 40428 98
108 267 10000 10118 900 155564 40644 152
219 78 10000 10121 560 156934 40428 98
371 172 10000 10122 180 159508 40184 37
376 47 10000 10120 10000 156268 43938 1660
354 8 10000 10123 900 160499 40644 152
377 386 10000 10124 250 163637 40228 48
107 115 10000 10097 100001 136960 68845 16579
216 315 10000 10045 100001 74785 131814 16579
82 315 10000 10128 900 168502 40644 152
130 326 10000 10125 10000 165738 43938 1660
388 348 10000 10132 560 172166 40428 98
90 190 10000 10050 100001 80840 131814 16579
94 223 10000 10133 900 175431 40644 152
81 23 10000 10134 900 175597 40644 152
305 15 10000 10130 560 170143 46526 98
192 152 10000 10135 900 176186 40644 152
224 9 10000 10138 180 178579 40184 37
159 118 10000 10136 10000 176504 43938 1660
152 240 10000 10139 1870 179461 41513 316
99 93 10000 10161 900 201614 20322 152
324 81 10000 10142 1100 181653 40772 184
157 396 10000 10140 10000 180939 43938 1660
56 101 10000 10147 900 186423 40644 152
86 6 10000 10148 250 187007 40228 48
221 207 10000 10146 10000 185275 43938 1660
298 64 10000 10150 1100 190053 40772 184
396 64 10000 10152 1100 191544 40772 184
320 161 10000 10153 560 192457 40963 98
127 180 10000 10154 560 196711 41005 98
281 387 10000 10155 560 199010 40428 98
361 323 10000 10157 560 199203 40428 98
31 96 10000 10156 560 199090 40713 98
125 215 10000 10158 560 201116 40428 98
20 301 10000 10160 180 201455 40184 37
241 337 10000 10162 3160 201897 41998 531
203 369 10000 10164 560 203820 40428 98
202 313 10000 10165 250 204182 40228 48
209 352 10000 10163 3160 203421 41998 531
43 385 10000 10166 1100 205108 40772 184
67 199 10000 10072 100001 108917 137041 16579
261 122 10000 10167 560 206700 40428 98
57 161 10000 10070 100001 103926 143425 16579
170 101 10000 10168 900 208876 40644 152
362 36 10000 10084 100001 117215 133269 16579
12 128 10000 10172 560 210357 40428 98
116 129 10000 10169 1870 210107 41513 316
207 248 10000 10173 900 211511 40644 152
204 363 10000 10175 1870 211722 41513 316
190 342 10000 10174 3160 211627 41998 531
238 183 10000 10170 10000 210282 43938 1660
211 17 10000 10177 180 215240 40184 37
64 368 10000 10176 3160 214487 41998 531
4 273 10000 10089 100001 125420 131814 16579
247 30 10000 10178 900 217230 40644 152
128 116 10000 10180 900 217938 40644 152
290 235 10000 10181 900 219395 40644 152
283 361 10000 10182 1100 219877 40772 184
273 77 10000 10183 180 222759 40554 37
243 175 10000 10184 900 222892 40644 152
3 314 10000 10185 1870 225036 42246 316
231 111 10000 10186 560 226994 40428 98
341 384 10000 10187 250 230482 40228 48
133 20 10000 10179 3160 217356 54092 531
345 195 10000 10102 100001 140128 131814 16579
340 381 10000 10189 900 233300 40644 152
72 278 10000 10107 100001 144938 131814 16579
105 331 10000 10188 900 232811 44007 152
143 237 10000 10190 250 239344 40228 48
385 207 10000 10194 900 242890 40644 152
109 362 10000 10191 10000 239969 43938 1660
103 71 10000 10192 10000 240067 43938 1660
346 254 10000 10195 560 245632 40788 98
119 386 10000 10119 100001 155594 131814 16579
367 155 10000 10196 560 246983 40428 98
64 375 10000 10198 1100 249076 40772 184
203 337 10000 10200 560 252913 40428 98
210 275 10000 10202 560 253477 40428 98
380 378 10000 10201 1100 253142 41334 184
44 219 10000 10199 10000 251164 43938 1660
225 233 10000 10220 3160 275229 21484 531
167 375 10000 10204 250 258186 40228 48
375 194 10000 10127 100001 166821 131814 16579
286 118 10000 10206 250 259058 40228 48
128 72 10000 10207 180 259121 40184 37
355 168 10000 10129 100001 169300 132685 16579
101 264 10000 10208 10000 259739 43938 1660
325 109 10000 10203 560 255142 49069 98
313 257 10000 10212 560 264119 40428 98
348 263 10000 10213 250 264363 40228 48
322 381 10000 10215 560 267237 40428 98
3 91 10000 10131 100001 171646 137035 16579
48 72 10000 10218 250 272631 40228 48
25 41 10000 10216 10000 269208 44017 1660
15 123 10000 10219 560 273531 40428 98
261 173 10000 10143 100001 183379 131814 16579
161 302 10000 10221 560 275840 40428 98
12 275 10000 10224 560 276934 40700 98
332 43 10000 10222 10000 276118 44114 1660
18 22 10000 10227 250 279932 40437 48
26 300 10000 10149 100001 188394 132261 16579
397 106 10000 10228 560 280845 40428 98
319 375 10000 10229 180 281526 40660 37
115 22 10000 10230 560 285578 40428 98
7 305 10000 10231 900 287133 40644 152
114 209 10000 10232 180 287746 40184 37
41 194 10000 10137 100001 176897 156352 16579
36 341 10000 10234 560 293216 40428 98
139 137 10000 10243 180 316763 20092 37
110 51 10000 10235 1870 295984 41513 316
5 230 10000 10233 1870 292845 44783 316
278 101 10000 10236 900 297912 40644 152
272 251 10000 10237 10000 299023 43938 1660
152 258 10000 10239 3160 301650 42401 531
336 367 10000 10240 250 308011 40228 48
386 211 10000 10241 900 310427 40644 152
208 127 10000 10244 560 317288 40655 98
41 346 10000 10069 400000 103641 256108 66306
303 153 10000 10245 180 320594 40184 37
33 386 10000 10247 560 325004 40481 98
3 320 10000 10246 900 324933 40644 152
17 213 10000 10249 900 326906 40644 152
205 177 10000 10251 900 328882 40644 152
312 249 10000 10252 560 329547 40428 98
16 45 10000 10253 900 329746 40644 152
72 143 10000 10254 180 332882 40184 37
327 146 10000 10255 1100 333763 40772 184
270 315 10000 10257 560 334706 40428 98
293 67 10000 10256 10000 334627 44326 1660
222 133 10000 10258 560 339658 40428 98
24 166 10000 10259 560 342545 40428 98
65 125 10000 10262 560 344283 40428 98
48 211 10000 10261 1100 344258 40772 184
359 105 10000 10263 180 345438 40184 37
377 214 10000 10264 560 346232 40428 98
22 112 10000 10265 560 346585 40428 98
4 17 10000 10282 1100 367651 20386 184
140 309 10000 10268 1870 347339 41513 316
169 332 10000 10205 100001 258607 131922 16579
65 270 10000 10270 1870 349426 41513 316
99 50 10000 10271 1870 351031 41777 316
201 354 10000 10273 900 355611 40644 152
364 96 10000 10267 180 347082 50009 37
247 57 10000 10274 900 358053 40644 152
103 170 10000 10209 100001 260186 138579 16579
2 110 10000 10275 250 358251 40682 48
162 382 10000 10276 560 359000 40428 98
187 227 10000 10277 250 360513 40511 48
5 54 10000 10278 560 362481 40428 98
217 166 10000 10217 100001 270751 132784 16579
351 291 10000 10279 1870 363750 41513 316
12 356 10000 10280 3160 365090 41998 531
329 115 10000 10223 100001 276630 131814 16579
240 169 10000 10281 1870 367068 41558 316
377 78 10000 10283 900 373073 41016 152
271 260 10000 10302 900 396474 20322 152
223 289 10000 10285 900 377496 40644 152
286 93 10000 10288 560 378304 40428 98
140 101 10000 10289 560 378330 40428 98
25 105 10000 10290 180 379526 40293 37
11 349 10000 10291 1100 380063 40772 184
272 18 10000 10293 1100 381469 40772 184
277 170 10000 10292 1100 380594 46894 184
252 130 10000 10294 900 388081 40656 152
102 111 10000 10309 560 408630 20214 98
251 155 10000 10296 1870 390247 41513 316
189 219 10000 10297 560 392029 40428 98
57 77 10000 10298 1100 392340 41224 184
208 377 10000 10299 560 393399 40618 98
102 225 10000 10287 10000 378145 56549 1660
70 283 10000 10301 560 394455 40428 98
217 348 10000 10300 900 394356 40644 152
393 319 10000 10238 100001 299945 139648 16579
200 84 10000 10304 900 399163 40644 152
155 5 10000 10303 10000 396793 43938 1660
209 296 10000 10305 250 400588 40228 48
216 66 10000 10306 1870 400795 41612 316
260 58 10000 10307 900 402467 40644 152
48 252 10000 10242 100001 311904 131814 16579
212 220 10000 10308 3160 408033 41998 531
133 8 10000 10310 1100 409742 40772 184
203 264 10000 10313 900 414557 40644 152
287 347 10000 10314 560 415887 40428 98
119 64 10000 10312 1870 414471 41881 316
188 68 10000 10316 250 418395 40228 48
70 232 10000 10311 1100 413625 45051 184
365 173 10000 10315 900 418192 40644 152
335 354 10000 10250 100001 327654 131814 16579
33 14 10000 10318 180 419840 40184 37
122 79 10000 10317 1870 419164 41739 316
333 335 10000 10327 10000 435269 26097 1660
223 156 10000 10321 560 427875 40428 98
114 119 10000 10344 1100 450876 20386 184
243 300 10000 10323 1100 431139 41156 184
381 81 10000 10329 560 437063 40428 98
181 308 10000 10328 1870 436403 41513 316
347 21 10000 10332 560 437778 40428 98
78 284 10000 10326 560 434824 44289 98
82 103 10000 10324 3160 432086 47028 531
366 387 10000 10331 3160 437604 41998 531
190 308 10000 10333 1870 438795 41513 316
324 129 10000 10336 1870 441905 41513 316
2 347 10000 10322 1100 428835 55308 184
126 315 10000 10272 100001 353388 131814 16579
172 182 10000 10338 900 445196 40644 152
363 163 10000 10335 10000 441765 44090 1660
77 217 10000 10337 3160 443847 45746 531
212 193 10000 10341 900 449708 40644 152
219 235 10000 10342 900 449713 40644 152
130 247 10000 10340 3160 449342 42955 531
147 305 10000 10343 1870 450830 41513 316
386 300 10000 10346 560 451746 40637 98
32 203 10000 10345 900 451496 41237 152
389 127 10000 10348 560 452357 40428 98
90 168 10000 10349 560 453264 40428 98
363 370 10000 10371 900 476236 20322 152
56 374 10000 10352 560 456352 40428 98
293 209 10000 10354 560 456918 40428 98
306 168 10000 10356 560 458173 40428 98
172 154 10000 10353 3160 456720 41998 531
84 145 10000 10357 180 459351 40184 37
241 30 10000 10355 10000 457918 43938 1660
32 207 10000 10359 560 461773 40428 98
71 343 10000 10360 1100 462211 41213 184
155 234 10000 10361 3160 462416 41998 531
169 35 10000 10363 900 465605 41178 152
366 357 10000 10364 900 466280 40644 152
260 308 10000 10367 900 471605 40868 152
357 239 10000 10368 560 472854 40428 98
102 261 10000 10365 10000 470135 43938 1660
216 332 10000 10370 560 475315 40606 98
191 193 10000 10385 10000 495729 23424 1660
119 364 10000 10375 1870 482108 41884 316
77 399 10000 10372 180 477618 46451 37
196 228 10000 10378 1100 484356 40772 184
324 219 10000 10379 900 486423 40644 152
31 350 10000 10376 10000 483453 43938 1660
144 307 10000 10381 1870 486889 41513 316
60 330 10000 10373 560 479135 51686 98
73 356 10000 10382 1870 490052 41513 316
298 170 10000 10384 10000 494159 43938 1660
97 47 10000 10387 1870 497300 41996 316
252 145 10000 10389 1100 500456 41046 184
139 297 10000 10391 560 501685 40428 98
294 228 10000 10390 1870 500727 41513 316
315 110 10000 10388 10000 499544 43938 1660
375 179 10000 10394 900 506428 40644 152
318 271 10000 10395 560 506701 40536 98
74 317 10000 10396 900 507423 40644 152
151 0 10000 10022 1850000 37567 512050 306661
15 101 10000 10397 1870 507650 41993 316
50 163 10000 10399 1100 508899 40847 184
54 264 10000 10401 1870 512246 41513 316
299 395 10000 10403 1100 513367 40977 184
364 386 10000 10398 560 508599 46810 98
10 274 10000 10404 560 516555 40428 98
151 71 10000 10284 100001 374715 184229 16579
340 41 10000 10405 1870 518237 41513 316
2 315 10000 10406 900 519549 41005 152
40 190 10000 10409 900 521656 40644 152
21 182 10000 10410 180 522444 40184 37
269 167 10000 10393 560 504026 58677 98
298 302 10000 10412 900 522862 40644 152
59 22 10000 10411 1870 522861 41694 316
295 214 10000 10413 10000 525917 43938 1660
10 346 10000 10415 180 531991 40184 37
311 314 10000 10433 900 553414 20322 152
278 4 10000 10414 10000 530989 43938 1660
391 246 10000 10416 1100 532590 42846 184
344 92 10000 10419 900 534577 41044 152
249 326 10000 10418 3160 534571 42144 531
202 326 10000 10420 180 537013 40184 37
370 226 10000 10320 100001 423916 155690 16579
349 280 10000 10422 560 539483 40428 98
255 117 10000 10421 1870 538764 41513 316
271 325 10000 10423 180 543602 40184 37
52 132 10000 10424 250 544384 40228 48
220 158 10000 10427 560 548723 40428 98
380 322 10000 10430 900 550391 40911 152
58 234 10000 10432 900 552363 40644 152
100 262 10000 10431 900 552123 40917 152
277 69 10000 10086 1850000 120827 473377 306661
282 142 10000 10429 10000 550025 45550 1660
361 311 10000 10435 3160 554085 41998 531
26 297 10000 10436 560 555669 40839 98
399 289 10000 10358 100001 460064 136900 16579
213 46 10000 10438 900 560242 40644 152
337 178 10000 10426 1870 548327 52747 316
175 94 10000 10439 900 562315 40644 152
347 281 10000 10366 100001 470901 132784 16579
186 195 10000 10450 900 583478 20322 152
127 332 10000 10425 900 546701 57497 152
318 371 10000 10440 560 562925 41668 98
257 231 10000 10428 3160 549567 55087 531
54 356 10000 10446 180 568231 40184 37
3 307 10000 10444 180 565703 43203 37
362 174 10000 10442 10000 565156 43938 1660
230 278 10000 10445 10000 567502 43938 1660
180 308 10000 10447 10000 568814 43938 1660
35 230 10000 10051 1850000 81646 532938 306661
181 367 10000 10449 560 574409 40428 98
111 183 10000 10448 560 573452 45155 98
77 364 10000 10065 1850000 101168 518046 306661
360 242 10000 10377 100001 483815 136105 16579
169 258 10000 10451 560 584052 40806 98
101 390 10000 10295 400000 389976 235513 66306
139 296 10000 10452 560 585649 40993 98
21 129 10000 10455 1870 586403 41513 316
276 267 10000 10471 3160 607271 21484 531
206 188 10000 10458 560 588959 40428 98
109 226 10000 10386 100001 496339 134781 16579
198 115 10000 10460 1870 592036 41513 316
200 241 10000 10461 1100 593738 40772 184
200 151 10000 10463 250 594494 40375 48
21 132 10000 10462 560 594455 40428 98
109 36 10000 10465 3160 597309 41998 531
72 391 10000 10466 3160 597370 41998 531
97 181 10000 10467 1870 598780 41790 316
106 244 10000 10468 900 599811 40862 152
312 38 10000 10362 100001 465237 178435 16579
392 118 10000 10339 100001 445969 198231 16579
250 232 10000 10469 900 604837 40644 152
395 207 10000 10470 1870 605816 42523 316
354 273 10000 10464 180 597157 53857 37
250 177 10000 10474 900 610941 40644 152
303 241 10000 10407 100001 520856 131814 16579
53 398 10000 10472 10000 608738 43938 1660
314 322 10000 10475 3160 611325 42072 531
208 58 10000 10473 10000 610411 43938 1660
36 398 10000 10477 560 616261 40428 98
379 92 10000 10479 560 617000 40428 98
82 252 10000 10481 900 618158 40695 152
136 131 10000 10496 900 639327 20836 152
80 119 10000 10483 900 620309 40900 152
342 126 10000 10476 1870 613642 48878 316
355 216 10000 10480 250 617792 45566 48
52 187 10000 10482 10000 620291 43938 1660
177 79 10000 10486 560 625376 40490 98
32 393 10000 10488 1100 627073 40772 184
96 300 10000 10490 180 629307 40184 37
363 267 10000 10485 3160 624238 45849 531
215 269 10000 10491 560 634265 40709 98
86 337 10000 10489 1870 627216 48538 316
269 272 10000 10504 560 653057 24686 98
384 129 10000 10494 1870 638596 41513 316
271 84 10000 10493 3160 637875 42487 531
378 326 10000 10497 900 639984 41845 152
9 297 10000 10434 100001 553525 132190 16579
57 263 10000 10347 400000 452273 234054 66306
121 113 10000 10159 1850000 201401 485012 306661
79 363 10000 10492 10000 636526 51233 1660
251 129 10000 10500 1870 647995 41571 316
165 226 10000 10437 100001 558384 131814 16579
290 292 10000 10520 10000 668746 23424 1660
112 328 10000 10503 250 652972 40463 48
344 288 10000 10502 900 652480 40964 152
382 100 10000 10505 180 653691 40184 37
113 122 10000 10506 250 654250 40447 48
155 292 10000 10507 1100 657333 40772 184
169 340 10000 10509 560 658958 40428 98
330 23 10000 10513 180 661310 40184 37
316 47 10000 10508 1870 657779 44502 316
375 55 10000 10514 180 662314 40184 37
181 113 10000 10512 10000 660230 43938 1660
351 112 10000 10517 900 664947 40644 152
108 192 10000 10516 560 663072 43435 98
144 371 10000 10518 3160 665327 42191 531
231 287 10000 10519 180 667576 40326 37
312 50 10000 10511 900 659717 49365 152
152 58 10000 10521 560 668791 40594 98
284 353 10000 10515 560 662571 50263 98
118 137 10000 10523 1870 673932 41513 316
133 338 10000 10522 10000 673006 43938 1660
106 379 10000 10454 100001 586089 131814 16579
386 202 10000 10526 1100 679689 40772 184
302 295 10000 10524 10000 677397 44218 1660
251 294 10000 10527 900 681019 40644 152
268 106 10000 10529 560 682586 40428 98
194 198 10000 10552 900 702874 20322 152
199 77 10000 10530 1870 682948 41513 316
217 174 10000 10528 10000 681658 43938 1660
111 149 10000 10532 250 685646 40228 48
249 117 10000 10531 10000 683461 43938 1660
136 283 10000 10534 1870 687334 42841 316
17 109 10000 10535 10000 688518 43938 1660
370 143 10000 10538 560 692209 40733 98
108 142 10000 10541 1100 693909 40772 184
317 29 10000 10542 900 694376 40644 152
286 328 10000 10543 560 696523 40685 98
206 271 10000 10544 560 698143 40428 98
324 14 10000 10533 3160 686041 52715 531
257 103 10000 10537 180 689133 49836 37
258 322 10000 10214 1850000 266544 473228 306661
277 396 10000 10545 900 699511 40644 152
268 205 10000 10546 180 700163 40225 37
250 91 10000 10550 560 702490 40428 98
158 223 10000 10549 1870 701832 41513 316
80 345 10000 10551 1100 702685 41014 184
319 179 10000 10553 1100 703047 41580 184
221 365 10000 10555 900 704434 40644 152
161 16 10000 10539 10000 692898 53587 1660
213 44 10000 10559 1870 706689 41513 316
93 211 10000 10561 900 707795 40644 152
65 231 10000 10560 3160 707497 41998 531
45 198 10000 10563 1100 709810 40772 184
62 137 10000 10548 560 700334 50694 98
67 248 10000 10564 1100 711444 40772 184
179 305 10000 10565 900 712172 40644 152
247 262 10000 10484 100001 621114 132730 16579
319 197 10000 10566 3160 713977 44055 531
318 39 10000 10569 180 718683 40777 37
104 52 10000 10570 560 720174 41642 98
187 15 10000 10571 900 721396 40746 152
190 285 10000 10572 1100 722432 40772 184
176 170 10000 10547 100001 700224 69083 16579
315 87 10000 10562 10000 709663 60422 1660
343 80 10000 10573 1100 729400 40772 184
32 21 10000 10586 1100 749901 20386 184
312 163 10000 10210 1850000 261372 509204 306661
177 18 10000 10575 1870 734293 41513 316
48 135 10000 10574 250 733376 46283 48
181 127 10000 10578 1100 742491 40772 184
139 39 10000 10576 10000 739888 44098 1660
197 272 10000 10581 560 744835 40632 98
47 50 10000 10595 560 766215 20214 98
283 199 10000 10579 10000 743302 43938 1660
292 227 10000 10583 1870 747526 41513 316
246 346 10000 10585 180 749679 40381 37
167 45 10000 10587 560 750316 40745 98
17 39 10000 10584 1870 748417 42970 316
28 242 10000 10077 1850000 111869 679543 306661
219 332 10000 10588 180 753229 40359 37
89 275 10000 10226 1850000 278214 516447 306661
3 85 10000 10441 400000 564483 232139 66306
46 177 10000 10591 560 757684 40428 98
357 372 10000 10590 1870 756710 44340 316
293 45 10000 10596 250 766391 40559 48
196 31 10000 10594 1870 765519 41513 316
242 118 10000 10598 560 766650 40428 98
330 272 10000 10592 900 762102 46172 152
100 371 10000 10589 900 755499 56049 152
50 321 10000 10601 1870 771259 41670 316
355 39 10000 10597 900 766470 47544 152
383 311 10000 10604 250 774513 40388 48
391 22 10000 10605 560 774643 40646 98
76 217 10000 10606 560 775659 40428 98
276 24 10000 10603 10000 773736 44491 1660
110 72 10000 10607 560 777660 40911 98
253 101 10000 10266 1850000 346908 474558 306661
333 186 10000 10608 180 778218 43473 37
32 214 10000 10609 1100 781226 40772 184
377 224 10000 10611 1100 781951 40997 184
41 220 10000 10610 1870 781526 41513 316
69 180 10000 10612 1100 782437 41111 184
146 273 10000 10617 1100 790575 40786 184
226 209 10000 10618 560 791731 40521 98
124 102 10000 10577 560 742015 91069 98
240 177 10000 10616 10000 789445 43938 1660
392 348 10000 10225 1850000 277453 558040 306661
201 240 10000 10554 100001 703723 131814 16579
297 319 10000 10619 560 798770 40428 98
195 135 10000 10620 900 799144 40644 152
122 61 10000 10622 900 799924 40644 152
307 201 10000 10624 900 803010 40931 152
46 68 10000 10625 900 805109 40644 152
212 230 10000 10558 100001 706615 139336 16579
178 20 10000 10626 560 805807 40428 98
102 200 10000 10623 10000 802556 43938 1660
72 251 10000 10628 560 806397 40646 98
172 299 10000 10629 250 807432 40391 48
116 86 10000 10540 100001 692986 155427 16579
387 260 10000 10630 900 807838 40644 152
179 89 10000 10568 100001 717128 131971 16579
157 360 10000 10634 560 809418 40428 98
372 49 10000 10286 1850000 378031 472493 306661
92 283 10000 10636 560 812487 40583 98
208 79 10000 10633 10000 809075 44159 1660
257 8 10000 10635 1870 811833 41802 316
111 74 10000 10638 180 814305 40184 37
6 338 10000 10637 180 814175 40433 37
314 351 10000 10639 560 815051 40428 98
179 399 10000 10640 250 815834 40949 48
63 118 10000 10643 560 816452 40428 98
334 22 10000 10642 900 816234 41236 152
159 193 10000 10648 560 819474 40428 98
32 138 10000 10649 560 819624 40705 98
203 106 10000 10487 400000 626482 236091 66306
162 91 10000 10647 1870 819365 43679 316
29 28 10000 10661 10000 840977 23424 1660
329 41 10000 10644 1870 816788 48038 316
246 312 10000 10650 3160 824535 41998 531
303 73 10000 10651 560 827549 40428 98
219 207 10000 10671 560 851812 20214 98
123 333 10000 10654 1100 831088 41072 184
264 352 10000 10655 1870 834141 41664 316
15 376 10000 10657 1870 835787 41911 316
152 315 10000 10659 900 838990 41146 152
128 211 10000 10660 560 839817 40654 98
363 396 10000 10658 3160 838895 41998 531
196 5 10000 10663 560 841282 40428 98
323 213 10000 10664 180 842131 40504 37
204 206 10000 10686 1870 861963 20999 316
262 163 10000 10652 1870 827964 55057 316
92 268 10000 10662 10000 841073 44038 1660
220 257 10000 10665 560 844494 40841 98
156 87 10000 10666 3160 845192 41998 531
105 138 10000 10260 1850000 344041 544210 306661
208 165 10000 10668 250 850316 40228 48
69 294 10000 10667 1870 849167 41513 316
43 156 10000 10669 1870 850385 41798 316
348 334 10000 10670 1100 851585 40990 184
262 377 10000 10197 1850000 248578 645360 306661
347 141 10000 10674 250 854102 40228 48
91 82 10000 10696 560 875674 20425 98
133 252 10000 10679 900 856256 40644 152
203 176 10000 10673 10000 853090 43938 1660
23 106 10000 10680 180 856852 40595 37
371 381 10000 10677 1870 855611 42094 316
100 245 10000 10675 10000 854412 44123 1660
272 184 10000 10319 1850000 423479 476148 306661
279 229 10000 10678 560 855818 43818 98
64 350 10000 10681 10000 857085 44359 1660
99 263 10000 10683 10000 858992 44787 1660
215 301 10000 10602 100001 771969 131814 16579
313 69 10000 10689 560 863687 40428 98
164 154 10000 10688 1870 863029 41814 316
195 12 10000 10685 10000 861263 43938 1660
185 192 10000 10703 1870 884855 21089 316
254 222 10000 10690 1870 865760 41717 316
202 265 10000 10599 100001 767560 140258 16579
104 45 10000 10692 900 872105 40940 152
329 140 10000 10330 1850000 437463 475766 306661
350 282 10000 10325 1850000 434572 479802 306661
128 180 10000 10691 250 869410 47693 48
79 247 10000 10334 1850000 439638 478773 306661
222 21 10000 10701 180 881170 40184 37
76 7 10000 10699 1870 880663 41513 316
115 60 10000 10700 1870 880951 41513 316
86 143 10000 10695 1100 875017 48071 184
43 157 10000 10704 1100 885566 40832 184
354 114 10000 10706 560 889736 40428 98
172 239 10000 10707 560 890594 40619 98
45 59 10000 10718 1870 910794 26377 316
4 369 10000 10710 1100 898073 41069 184
222 383 10000 10631 100001 808088 131814 16579
223 16 10000 10693 1100 873204 67485 184
89 340 10000 10621 100001 799175 144052 16579
357 249 10000 10614 100001 785408 158295 16579
203 51 10000 10712 10000 900521 43938 1660
374 108 10000 10641 100001 816013 131814 16579
161 300 10000 10714 10000 904312 43978 1660
70 147 10000 10716 560 908034 40428 98
124 357 10000 10417 400000 534450 417988 66306
362 49 10000 10717 10000 910051 43938 1660
355 344 10000 10456 1850000 587440 367108 306661
390 395 10000 10735 560 935385 20239 98
263 136 10000 10711 180 899439 56399 37
74 29 10000 10719 10000 911937 44921 1660
141 382 10000 10645 100001 818026 140091 16579
371 245 10000 10369 1850000 474390 483834 306661
116 48 10000 10722 1870 918114 41513 316
312 248 10000 10653 100001 828831 131814 16579
124 80 10000 10697 10000 877288 87693 1660
376 291 10000 10627 100001 805941 159282 16579
284 319 10000 10725 900 925380 40828 152
214 159 10000 10726 560 925842 40428 98
248 354 10000 10728 560 926448 40428 98
159 334 10000 10729 900 926562 40846 152
151 334 10000 10730 560 927393 40973 98
238 175 10000 10731 1870 928044 41513 316
224 344 10000 10724 3160 924102 47978 531
250 108 10000 10723 560 923015 49920 98
126 238 10000 10734 1870 931476 41681 316
158 256 10000 10736 560 935566 40610 98
90 232 10000 10738 560 936849 40428 98
120 316 10000 10392 1850000 502374 474999 306661
120 92 10000 10740 1870 938575 43087 316
136 355 10000 10739 900 937272 44694 152
92 60 10000 10745 900 944066 40884 152
289 358 10000 10744 10000 941435 44128 1660
345 168 10000 10747 900 945251 41001 152
243 99 10000 10746 250 944891 41641 48
140 340 10000 10748 3160 946379 41998 531
61 44 10000 10749 1870 947221 41513 316
255 34 10000 10750 900 948531 40644 152
76 118 10000 10682 100001 857801 131814 16579
324 184 10000 10752 560 949337 40858 98
15 62 10000 10741 10000 938596 53614 1660
105 368 10000 10684 100001 860281 132017 16579
247 15 10000 10753 900 952070 40644 152
289 262 10000 10754 560 952857 40603 98
294 140 10000 10755 560 956764 40428 98
224 39 10000 10408 1850000 521017 478128 306661
300 99 10000 10757 1870 957805 41998 316
231 34 10000 10760 560 959478 40428 98
150 173 10000 10758 1100 959379 40772 184
24 294 10000 10759 1100 959430 40772 184
275 309 10000 10687 100001 862105 139795 16579
318 328 10000 10019 1850000 30126 971818 306661
29 22 10000 10698 100001 879610 125350 16579
17 253 10000 10764 900 964785 40776 152
351 343 10000 10777 1100 985976 20386 184
136 241 10000 10761 560 962104 44306 98
344 112 10000 10694 100001 874602 131988 16579
259 303 10000 10763 560 964236 47437 98
145 254 10000 10768 180 974550 41052 37
346 73 10000 10769 900 975374 40644 152
246 191 10000 10765 10000 968608 47504 1660
25 223 10000 10770 900 976112 40644 152
227 322 10000 10771 900 979841 40905 152
215 30 10000 10774 180 981674 40566 37
395 270 10000 10773 1100 980503 41784 184
372 276 10000 10709 100001 891948 131814 16579
321 199 10000 10762 10000 963790 60723 1660
56 253 10000 10708 100001 891703 136179 16579
252 123 10000 10778 1870 987419 41513 316
224 210 10000 10781 900 993510 41056 152
320 389 10000 10784 900 994514 40644 152
43 178 10000 10785 900 994830 40735 152
97 274 10000 10787 560 995134 40543 98
60 237 10000 10786 1870 994994 41936 316
61 323 10000 10790 560 996579 40428 98
395 202 10000 10782 900 993972 43102 152
272 299 10000 10780 10000 992926 44288 1660
267 119 10000 10793 900 997895 40644 152
310 257 10000 10791 1870 997211 41513 316
333 258 10000 10783 1870 994405 46303 316
264 231 10000 10789 560 995918 45301 98
10 111 10000 10795 560 1000900 40438 98
35 184 10000 10794 900 999657 43157 152
240 98 10000 10779 900 992309 50693 152
147 134 10000 10797 1870 1001915 41717 316
214 238 10000 10776 1870 985037 58974 316
299 209 10000 10796 560 1001316 44217 98
276 63 10000 10799 560 1005385 40613 98
81 110 10000 10800 900 1005537 40813 152
13 227 10000 10801 1870 1007693 41513 316
372 395 10000 10798 10000 1004224 46012 1660
179 385 10000 10803 560 1010449 41113 98
154 323 10000 10804 560 1011461 40428 98
393 180 10000 10805 1100 1011956 40772 184
176 287 10000 10807 3160 1014164 42135 531
91 23 10000 10810 1100 1018815 40772 184
377 33 10000 10806 1100 1013034 47307 184
128 395 10000 10812 1100 1021393 41162 184
140 109 10000 10814 900 1022885 40644 152
161 166 10000 10828 560 1047369 20251 98
360 353 10000 10733 100001 930530 137589 16579
244 30 10000 10809 560 1017843 51913 98
298 38 10000 10811 180 1019503 50572 37
286 348 10000 10816 560 1029882 40428 98
284 256 10000 10817 250 1030851 40228 48
315 60 10000 10813 560 1022872 48952 98
40 116 10000 10815 560 1024076 47956 98
124 380 10000 10802 560 1009729 65396 98
175 354 10000 10822 900 1035577 40644 152
229 210 10000 10819 10000 1031663 45155 1660
380 54 10000 10823 3160 1035908 41998 531
399 231 10000 10825 1100 1042704 40791 184
33 218 10000 10830 180 1048021 40668 37
76 192 10000 10829 900 1047529 41258 152
2 385 10000 10832 1100 1052210 41091 184
343 32 10000 10720 100001 912029 181564 16579
315 225 10000 10827 3160 1043669 52087 531
297 273 10000 10835 250 1055895 40228 48
29 384 10000 10834 1100 1055819 40772 184
277 384 10000 10836 560 1056142 40696 98
149 161 10000 10727 100001 926268 171090 16579
158 389 10000 10839 560 1057765 40428 98
76 291 10000 10840 180 1058732 40184 37
130 29 10000 10837 3160 1056289 42747 531
89 228 10000 10838 10000 1056456 44145 1660
67 1 10000 10842 900 1064858 40644 152
205 48 10000 10843 560 1065709 41271 98
221 164 10000 10766 100001 971639 136793 16579
35 186 10000 10844 10000 1067982 44321 1660
327 356 10000 10846 560 1073120 40869 98
228 139 10000 10498 1850000 640293 474786 306661
138 174 10000 10847 900 1077105 40644 152
2 118 10000 10845 560 1070995 47245 98
282 380 10000 10849 180 1078950 40184 37
252 130 10001 10850 3160 1079255 42017 531
54 197 10000 10851 560 1080550 40734 98
139 260 10000 10852 1100 1081816 41131 184
6 211 10000 10853 560 1083836 40428 98
176 229 10000 10854 900 1083901 40644 152
113 367 10000 10443 1850000 565561 559546 306661
248 121 10000 10858 1100 1088454 41354 184
111 123 10000 10792 100001 997612 134808 16579
352 72 10000 10855 560 1085746 47236 98
233 27 10000 10860 900 1093776 40644 152
358 124 10000 10861 900 1093785 40797 152
177 63 10000 10713 400000 904228 233091 66306
178 358 10000 10862 900 1096971 40680 152
289 109 10000 10864 1870 1098113 41513 316
380 301 10000 10865 1870 1099809 41856 316
63 44 10000 10866 1870 1100888 41813 316
186 303 10000 10868 180 1103590 40316 37
164 344 10000 10869 560 1104210 40612 98
92 397 10000 10871 560 1105956 41107 98
232 258 10000 10872 1870 1106165 41513 316
345 139 10000 10808 100001 1015896 133236 16579
323 18 10000 10867 10000 1101084 51231 1660
141 61 10000 10721 400000 917909 234519 66306
308 62 10000 10875 180 1116016 40184 37
105 318 10000 10873 3160 1114904 41998 531
266 350 10000 10876 1870 1116311 42051 316
242 206 10000 10880 180 1119900 40184 37
109 313 10000 10879 1100 1119298 41022 184
310 107 10000 10884 1100 1122730 40772 184
291 135 10000 10885 560 1125107 40695 98
332 135 10000 10886 1100 1126304 41137 184
304 36 10000 10820 100001 1032449 136168 16579
80 246 10000 10887 180 1129674 40184 37
82 323 10000 10888 900 1131195 40815 152
286 97 10000 10889 560 1135426 40683 98
229 257 10000 10891 900 1137543 41194 152
46 175 10000 10890 10000 1136871 43938 1660
385 323 10000 10892 560 1142660 40726 98
110 393 10000 10833 100001 1055639 131814 16579
130 92 10000 10821 100001 1035066 152703 16579
257 278 10000 10895 10000 1145350 43938 1660
6 66 10000 10893 10000 1143170 48030 1660
243 349 10000 10897 1100 1152202 41011 184
148 104 10000 10896 3160 1151244 41998 531
15 386 10000 10899 900 1152815 40856 152
42 319 10000 10898 900 1152714 41131 152
48 197 10000 10737 400000 936626 257243 66306
121 82 10000 10901 900 1153352 40925 152
228 33 10000 10900 1870 1153148 41513 316
351 392 10000 10902 560 1154487 40428 98
322 235 10000 10903 900 1155355 40821 152
267 105 10000 10905 560 1157897 40590 98
392 220 10000 10904 1100 1157013 43426 184
69 44 10000 10908 3160 1161118 42305 531
210 327 10000 10567 1850000 716114 487795 306661
223 117 10000 10910 900 1164856 40853 152
320 250 10000 10909 1870 1164423 41513 316
98 360 10000 10907 560 1159683 46572 98
382 350 10000 10911 560 1166992 40660 98
248 27 10000 10912 900 1179351 41088 152
265 130 10000 10914 1100 1183110 40946 184
49 29 10000 10916 1870 1184229 41525 316
319 273 10000 10400 1850000 510480 717529 306661
328 191 10000 10831 100001 1051939 181591 16579
327 200 10000 10863 100001 1097356 137286 16579
346 231 10000 10826 100001 1043287 191861 16579
367 392 10000 10917 10000 1188799 47344 1660
331 374 10000 10857 100001 1087722 150687 16579
262 66 10000 10582 1850000 745375 494345 306661
354 276 10000 10920 10000 1195835 43938 1660
23 156 10000 10921 560 1199789 40428 98
374 247 10000 10922 1870 1200387 41513 316
119 313 10000 10925 180 1201844 40184 37
284 32 10000 10923 1100 1201435 40772 184
282 73 10000 10926 900 1201924 40644 152
196 156 10000 10924 3160 1201521 42149 531
33 21 10000 10932 1870 1224325 21061 316
298 53 10000 10927 1870 1204878 41903 316
243 184 10000 10928 560 1209502 40428 98
150 332 10000 10882 100001 1121032 137101 16579
35 384 10000 10930 560 1218926 40624 98
54 123 10000 10931 3160 1219264 42099 531
195 106 10000 10613 1850000 783391 481376 306661
1 399 10000 10933 560 1224575 40532 98
219 343 10000 10936 180 1225320 40619 37
173 320 10000 10937 560 1225535 40428 98
150 165 10000 10939 900 1230384 40918 152
156 83 10000 10940 560 1234406 40428 98
6 318 10000 10894 100001 1143255 133396 16579
22 123 10000 10942 180 1237073 40607 37
99 353 10000 10944 560 1237594 40428 98
223 271 10000 10943 900 1237463 40644 152
350 12 10000 10946 1100 1237825 40772 184
6 245 10000 10945 900 1237735 40970 152
283 85 10000 10948 900 1243332 40644 152
298 296 10000 10963 560 1267049 20214 98
108 129 10000 10950 180 1248826 40184 37
124 317 10000 10934 1870 1224758 65153 316
87 39 10000 10941 560 1236894 53612 98
275 87 10000 10951 560 1251002 40428 98
328 244 10000 10947 1100 1241804 52379 184
343 199 10000 10952 560 1253994 40890 98
2 27 10000 10193 1850000 240407 1054671 306661
45 164 10000 10525 1850000 677809 618436 306661
270 297 10000 10958 560 1261672 40428 98
366 51 10000 10953 3160 1257419 45255 531
126 368 10000 10955 10000 1260244 43938 1660
86 0 10000 10959 1100 1263705 41264 184
142 198 10000 10961 900 1264624 40644 152
236 64 10000 10962 250 1266142 40228 48
215 197 10000 10964 560 1267436 40428 98
284 320 10000 10965 250 1268682 40391 48
164 51 10000 10966 250 1269397 40228 48
275 18 10000 10967 180 1270123 40648 37
383 343 10000 10969 900 1272005 40644 152
343 234 10000 10968 3160 1270598 42201 531
143 263 10000 10970 900 1272638 40644 152
95 74 10000 10971 900 1272725 40731 152
250 363 10000 10954 10000 1258872 54838 1660
80 202 10000 10972 1870 1273048 41513 316
225 389 10000 10975 900 1274524 40644 152
205 361 10000 10973 1870 1274008 41796 316
276 38 10000 10976 1100 1275186 40772 184
308 135 10000 10978 560 1278072 40788 98
167 124 10000 10980 250 1278708 40652 48
59 324 10000 10981 180 1280938 40523 37
176 350 10000 10979 3160 1278451 43558 531
316 195 10000 10915 100001 1183279 140046 16579
122 180 10000 10974 900 1274107 49959 152
6 306 10000 10984 180 1284376 40520 37
83 267 10000 10982 1870 1283562 42060 316
84 269 10000 10919 100001 1194878 132780 16579
143 205 10000 10985 900 1287114 40644 152
187 81 10000 10983 10000 1284137 43938 1660
196 115 10000 10989 1100 1289762 40772 184
199 134 10000 10988 1870 1289288 41513 316
174 158 10000 10848 400000 1078726 252495 66306
390 95 10000 10987 10000 1289088 43938 1660
366 36 10000 10580 1850000 744733 589929 306661
193 25 10000 10991 1870 1294083 41513 316
335 328 10000 10742 1850000 939859 395796 306661
295 252 10000 10992 3160 1296124 42469 531
378 40 10000 10994 180 1298314 41277 37
178 215 10000 10997 560 1299494 40428 98
303 178 10000 10998 560 1301529 40545 98
125 195 10000 10995 10000 1298783 43938 1660
161 392 10000 11003 560 1302343 40428 98
285 56 10000 11004 560 1303784 41103 98
149 338 10000 10990 3160 1290932 56592 531
32 0 10000 11006 180 1307823 40184 37
174 120 10000 11007 180 1309221 40184 37
396 94 10000 10999 10000 1301902 47797 1660
140 378 10000 11008 900 1309652 40866 152
226 331 10000 11009 1100 1310758 41153 184
350 255 10000 11002 1870 1302274 51610 316
45 18 10000 11010 250 1314275 40228 48
31 359 10000 10878 400000 1118983 236239 66306
207 377 10000 11012 1100 1316104 40772 184
279 179 10000 11011 10000 1314340 45026 1660
249 121 10000 11014 1870 1318377 41722 316
314 345 10000 11015 560 1319555 40608 98
103 390 10000 11016 560 1321023 40428 98
120 308 10000 11017 180 1322598 40184 37
363 89 10000 11020 900 1327597 41020 152
131 335 10000 11021 560 1328247 41185 98
159 232 10000 11024 180 1333785 40821 37
350 315 10000 11025 560 1335123 40737 98
333 382 10000 11022 3160 1330079 45781 531
218 147 10000 10856 100001 1087535 288889 16579
196 397 10000 11026 900 1337316 41044 152
49 18 10000 11027 1870 1337348 41513 316
246 268 10000 11028 250 1338619 40338 48
37 12 10000 11029 180 1339402 40246 37
361 69 10000 10986 180 1288743 91678 37
397 12 10000 11030 1870 1340877 41513 316
174 99 10000 11032 560 1344059 40641 98
77 145 10000 11034 250 1345031 40228 48
260 191 10000 11035 180 1345583 40184 37
305 286 10000 11031 10000 1343746 43938 1660
355 375 10000 11036 1100 1350584 41499 184
311 365 10000 11038 180 1351994 40387 37
167 87 10000 10956 100001 1260572 132060 16579
96 282 10000 11033 250 1344317 48676 48
330 258 10000 11040 560 1352700 40604 98
101 198 10000 11039 1100 1352519 40919 184
68 221 10000 11041 1100 1355802 40846 184
381 379 10000 10957 100001 1260757 136284 16579
235 69 10000 10841 400000 1064444 333385 66306
362 220 10000 11044 560 1359467 40960 98
203 0 10000 11045 560 1360149 40428 98
273 302 10000 10960 100001 1264032 136618 16579
325 12 10000 11042 1870 1357277 44082 316
84 260 10000 11046 900 1361249 40644 152
144 184 10000 11043 1100 1359000 43178 184
157 225 10000 11048 560 1362701 40428 98
390 94 10000 11049 180 1363633 40657 37
207 17 10000 11051 180 1370067 40600 37
233 64 10000 10996 900 1298974 111893 152
60 135 10000 11052 560 1371052 40428 98
316 20 10000 11053 3160 1372565 41998 531
137 375 10000 10705 1850000 885585 529562 306661
171 327 10000 11055 560 1375158 40733 98
226 142 10000 11054 10000 1373565 44377 1660
329 92 10000 11057 900 1378693 41159 152
340 30 10000 11059 560 1382354 40836 98
83 152 10000 11060 900 1386536 40857 152
306 121 10000 10993 100001 1297453 132545 16579
2 234 10000 11037 1870 1351402 81043 316
116 48 10001 11064 560 1392022 41032 98
281 286 10000 11076 560 1412973 20214 98
40 207 10000 11001 100001 1302122 131814 16579
322 49 10000 11062 10000 1387395 46572 1660
257 240 10000 11075 10000 1410948 23424 1660
2 342 10000 10913 100001 1180946 254180 16579
298 21 10000 11065 3160 1392975 42228 531
368 331 10000 11005 100001 1306734 132321 16579
95 239 10000 11067 180 1399467 41079 37
149 279 10000 11066 250 1398152 47175 48
332 315 10000 11068 560 1400384 45135 98
71 221 10000 11072 180 1409511 40184 37
331 98 10000 11071 560 1409290 40950 98
154 291 10000 11073 180 1410564 40184 37
140 363 10000 11074 560 1410854 40428 98
50 129 10000 11070 1870 1407568 47577 316
27 286 10000 11077 900 1415041 40644 152
307 263 10000 11018 100001 1326527 133799 16579
252 323 10000 11019 100001 1327402 137295 16579
207 45 10000 11081 560 1425393 40428 98
310 217 10000 11082 900 1425405 40644 152
258 252 10000 11101 560 1446482 20680 98
82 210 10000 11080 10000 1423331 44596 1660
22 202 10000 11087 560 1428092 40779 98
101 329 10000 11086 1870 1427762 41557 316
258 86 10000 11023 100001 1330949 139123 16579
335 3 10000 11088 180 1430529 40260 37
354 290 10000 11089 1100 1432540 40772 184
53 172 10000 11092 180 1434197 40184 37
393 247 10000 11094 180 1435578 40184 37
76 348 10000 11095 560 1436821 40428 98
40 64 10000 11098 900 1443380 40946 152
315 345 10000 11096 1870 1438829 53064 316
33 273 10000 11103 900 1451386 41541 152
241 0 10000 11047 100001 1361311 131814 16579
138 183 10000 11050 100001 1363813 132200 16579
159 311 10000 11106 560 1455729 40763 98
212 373 10000 11107 560 1455813 40687 98
72 106 10000 11105 900 1454301 45867 152
229 162 10000 11108 10000 1459170 44850 1660
282 319 10000 11109 560 1463971 40563 98
345 168 10001 11110 1870 1467000 41565 316
181 381 10000 11112 1870 1471078 41946 316
193 106 10000 11114 10000 1472472 43938 1660
192 268 10000 11115 250 1479341 40458 48
82 214 10000 11119 250 1486263 40449 48
141 42 10000 11117 10000 1483089 43938 1660
98 358 10000 11118 10000 1486208 44200 1660
89 35 10000 11120 900 1489439 41077 152
379 186 10000 11122 900 1491018 40644 152
373 243 10000 11124 900 1492005 40964 152
225 58 10000 11126 1100 1493370 40772 184
307 243 10000 10499 1850000 640881 893979 306661
197 139 10000 11127 10000 1494035 44070 1660
209 137 10000 11128 1870 1499424 41782 316
315 261 10000 11125 180 1492420 52322 37
18 50 10000 11130 250 1505864 40276 48
235 94 10000 10743 1850000 941046 605664 306661
303 294 10000 11133 1100 1509398 40772 184
345 197 10000 11063 100001 1388571 161837 16579
2 74 10000 10772 1850000 980438 571990 306661
144 98 10000 11135 560 1512277 40428 98
32 386 10000 11136 1870 1513243 41513 316
7 173 10000 11137 250 1514879 40228 48
305 240 10000 11132 3160 1508292 49480 531
289 326 10000 11138 900 1517143 40644 152
66 349 10000 10593 1850000 763897 795713 306661
399 115 10000 11085 100001 1427677 132103 16579
95 363 10000 11141 1870 1523936 41868 316
170 185 10000 11093 100001 1434637 133035 16579
153 197 10000 11145 180 1528706 40184 37
196 174 10000 11144 900 1528494 41017 152
306 98 10000 11097 100001 1438882 132681 16579
220 175 10000 11000 400000 1302102 269893 66306
366 335 10000 11090 100001 1432645 139454 16579
147 214 10000 11147 180 1532173 40184 37
307 197 10000 11146 10000 1530806 43938 1660
341 397 10000 11148 560 1534422 40428 98
229 297 10000 11149 560 1535032 40909 98
9 270 10000 11099 100001 1443998 132666 16579
267 313 10000 11150 250 1536741 40435 48
345 94 10000 11151 900 1536956 41211 152
51 105 10000 11152 560 1538320 40610 98
396 146 10000 11153 1100 1538740 40772 184
331 234 10000 11155 900 1542201 40883 152
172 90 10000 11156 180 1543388 42495 37
94 209 10000 10870 1850000 1105213 482634 306661
160 367 10000 11056 100001 1377419 211336 16579
77 206 10000 11157 180 1551043 40184 37
144 84 10000 11158 250 1551466 40228 48
395 64 10000 11140 900 1523667 68199 152
119 151 10000 11160 560 1553691 40658 98
2 338 10000 11069 100001 1405372 191232 16579
216 360 10000 11159 10000 1553028 43938 1660
29 356 10000 11164 250 1557038 40228 48
293 48 10000 11161 10000 1553721 44260 1660
133 386 10000 11154 10000 1541103 57963 1660
355 200 10000 11163 10000 1556733 43938 1660
197 189 10000 11188 10000 1578597 23424 1660
262 372 10000 11167 10000 1559102 45236 1660
368 257 10000 11171 180 1565280 40391 37
194 12 10000 11172 900 1565357 40683 152
354 376 10000 11174 250 1568022 40989 48
273 379 10000 11177 180 1569259 40215 37
309 89 10000 10495 1850000 639150 970585 306661
192 31 10000 11176 1870 1568849 41599 316
7 73 10000 11180 560 1571305 40428 98
137 355 10000 11179 900 1570853 41129 152
198 64 10000 11178 1870 1570685 41513 316
254 101 10000 11181 560 1572948 40988 98
318 111 10000 11116 100001 1481729 132716 16579
72 2 10000 11165 180 1557792 56963 37
393 48 10000 11182 560 1575227 40688 98
330 274 10000 11185 3160 1576289 41998 531
6 152 10000 11187 560 1577688 40660 98
344 32 10000 11175 560 1568029 52004 98
181 312 10000 11184 10000 1576240 43938 1660
328 123 10000 11186 900 1577310 43548 152
82 102 10000 11189 3160 1580816 42310 531
169 10 10000 11190 900 1582512 40644 152
61 19 10000 11123 100001 1491228 132642 16579
68 343 10000 11170 10000 1563781 61066 1660
70 56 10000 11121 100001 1489969 136082 16579
52 139 10000 11192 560 1586572 40428 98
26 280 10000 11194 1100 1588033 41128 184
87 274 10000 11129 100001 1499618 131814 16579
27 167 10000 11197 560 1591023 40776 98
333 327 10000 11217 900 1614782 20658 152
131 42 10000 11200 1100 1598421 40941 184
29 49 10000 11202 560 1600567 40560 98
102 135 10000 11203 900 1600709 41251 152
397 257 10000 11204 560 1601869 40428 98
108 40 10000 11205 1100 1601970 40788 184
240 367 10000 11206 900 1603890 40914 152
182 389 10000 11199 1100 1592412 53677 184
59 235 10000 11208 560 1605343 40762 98
47 334 10000 11191 180 1585910 60844 37
177 137 10000 11210 1100 1608331 40984 184
248 158 10000 11201 1870 1599974 51116 316
386 303 10000 11211 900 1610626 40880 152
387 165 10000 11213 1870 1611132 41513 316
98 30 10000 11215 560 1612095 40883 98
271 285 10000 11216 560 1612845 40428 98
250 102 10000 11218 1100 1614900 40772 184
49 259 10000 11220 250 1615862 40485 48
95 117 10000 11212 10000 1610892 45667 1660
119 24 10000 11221 900 1615987 40827 152
390 142 10000 11219 1870 1615451 41513 316
117 57 10000 11139 100001 1518923 138545 16579
292 393 10000 11222 900 1616919 40644 152
178 48 10000 11223 1870 1618998 41609 316
97 222 10000 11225 900 1620850 40715 152
239 166 10000 10501 1850000 651582 1010693 306661
270 134 10000 11143 100001 1525409 136974 16579
365 145 10000 11226 1870 1622568 42341 316
133 332 10000 11224 900 1620330 44676 152
192 234 10000 11228 250 1624637 40743 48
390 242 10000 11209 10000 1605777 59812 1660
9 262 10000 11229 560 1626398 40609 98
93 385 10000 11091 400000 1433337 234353 66306
308 4 10000 11230 10000 1626913 44215 1660
252 145 10001 11232 1870 1631518 41684 316
185 73 10000 11231 1870 1629607 44369 316
29 259 10000 11234 1100 1633166 41046 184
124 97 10000 11113 100001 1471414 204012 16579
281 288 10000 11250 180 1654703 21813 37
367 13 10000 11236 1100 1637112 40772 184
342 71 10000 11235 10000 1634007 44297 1660
301 371 10000 11243 180 1643391 40184 37
151 209 10000 11242 900 1643194 40964 152
133 122 10000 11013 1850000 1317348 367162 306661
283 89 10000 11241 10000 1641657 45409 1660
370 130 10000 11238 10000 1637796 53264 1660
348 68 10000 11249 900 1654281 40644 152
303 101 10000 11245 10000 1651249 44584 1660
117 72 10000 11162 100001 1555910 141122 16579
134 221 10000 11173 100001 1565779 132190 16579
374 202 10000 11111 400000 1467498 232853 66306
59 72 10000 11253 900 1660736 41308 152
299 213 10000 11252 560 1659104 43288 98
396 32 10000 11254 900 1662088 40788 152
92 17 10000 10632 1850000 808549 896903 306661
352 79 10000 11251 900 1656987 51104 152
0 112 10000 11259 900 1667897 40644 152
165 181 10000 11061 100001 1387226 323420 16579
244 52 10000 11256 10000 1665775 46213 1660
249 351 10000 11258 1870 1667024 45148 316
251 371 10000 11262 250 1671547 40783 48
243 350 10000 11263 900 1672771 40925 152
84 263 10000 11264 560 1673673 40837 98
67 69 10000 11280 1100 1696011 20386 184
329 323 10000 11281 560 1697018 20214 98
47 160 10000 11266 1870 1675670 42350 316
350 50 10000 11269 560 1678759 40981 98
166 119 10000 11265 560 1674248 46677 98
310 289 10000 11196 100001 1589290 132046 16579
351 221 10000 11260 900 1668887 52597 152
45 5 10000 11272 1870 1683632 41760 316
259 303 10001 11271 3160 1681399 44062 531
285 3 10000 11270 1100 1680459 45250 184
9 103 10000 11274 900 1686008 41053 152
132 294 10000 11276 250 1686882 40497 48
231 208 10000 11267 3160 1676470 53175 531
196 191 10000 11290 180 1709933 20092 37
156 151 10000 11289 1870 1709899 21201 316
263 46 10000 11273 560 1684017 48443 98
298 107 10000 11277 10000 1692859 43938 1660
218 153 10000 11246 1100 1652094 85074 184
317 107 10000 11282 1870 1697380 41513 316
235 345 10000 11279 560 1695067 47027 98
20 294 10000 11283 3160 1698459 45777 531
279 137 10000 10600 1850000 767959 977728 306661
241 168 10000 11278 10000 1694668 53238 1660
265 275 10000 11303 180 1728590 20497 37
177 249 10000 11288 1870 1709433 41513 316
330 158 10000 11284 180 1701466 49488 37
85 239 10000 11287 3160 1709132 44079 531
6 165 10000 11293 560 1713422 40428 98
30 335 10000 11292 560 1711901 42548 98
250 290 10000 11294 1100 1714987 41702 184
23 256 10000 11296 1100 1716945 40772 184
291 282 10000 11307 1100 1738339 20386 184
72 232 10000 10949 1850000 1246023 514320 306661
250 238 10000 11298 900 1720121 40644 152
49 331 10000 11299 900 1720472 40797 152
164 75 10000 11233 100001 1631546 131814 16579
226 36 10000 11301 560 1724373 40697 98
176 323 10000 11302 900 1727027 41128 152
77 292 10000 11304 1100 1729367 42233 184
248 118 10000 11306 1870 1730643 41983 316
218 239 10000 10453 1850000 585696 1187628 306661
361 90 10000 10646 1850000 818771 956503 306661
326 35 10000 11308 900 1738947 40961 152
357 101 10000 10977 1850000 1275985 512443 306661
155 292 10001 11311 180 1749066 40436 37
248 23 10000 11313 560 1750110 40706 98
35 256 10000 11314 900 1750412 40894 152
281 153 10000 11312 1870 1749892 41513 316
204 322 10000 11316 180 1752509 40746 37
319 293 10000 11261 100001 1669534 131576 16579
253 118 10000 11319 900 1760485 40675 152
121 40 10000 11318 3160 1760319 43547 531
125 207 10000 11321 560 1767359 40428 98
392 258 10000 11323 560 1768740 40516 98
260 1 10000 11324 900 1769179 40979 152
335 30 10000 11300 560 1721970 88838 98
277 85 10000 11325 900 1770553 40891 152
331 52 10000 11322 10000 1768183 43938 1660
393 106 10000 11327 900 1771304 40935 152
63 32 10000 11330 1100 1774413 40772 184
140 285 10000 11328 1100 1771912 43529 184
199 312 10000 11332 560 1775519 40428 98
329 323 10001 11346 180 1797781 20092 37
140 272 10000 11334 560 1778022 40682 98
179 76 10000 11336 1870 1780341 42874 316
167 203 10000 11337 1100 1783439 40772 184
235 60 10000 11333 1100 1776672 47664 184
302 140 10000 11339 180 1784391 40262 37
82 48 10000 11195 400000 1589235 237311 66306
291 131 10000 11338 1870 1783933 42767 316
154 23 10000 11343 900 1791473 40644 152
129 267 10000 11345 250 1793871 40563 48
3 22 10000 11344 3160 1792256 42387 531
395 102 10000 11340 10000 1785467 50125 1660
323 371 10000 11349 180 1803045 40184 37
314 289 10000 11142 400000 1524741 320113 66306
138 247 10000 11351 900 1804329 40644 152
105 38 10000 11352 250 1804964 40742 48
154 67 10000 11354 560 1806527 40428 98
260 125 10000 11295 100001 1715977 131814 16579
16 44 10000 11350 10000 1804118 43938 1660
373 360 10000 11268 400000 1678510 174546 66306
211 175 10000 11353 1870 1806512 48074 316
56 52 10000 11372 560 1836122 20214 98
74 96 10000 11358 1870 1814757 41690 316
111 345 10000 10656 1850000 835672 1023908 306661
183 304 10000 11360 900 1818850 40846 152
312 306 10000 11315 100001 1750961 111356 16579
228 393 10000 11363 560 1823006 40452 98
224 251 10000 11317 1100 1753177 110529 184
28 83 10000 11367 180 1827512 40184 37
313 380 10000 11368 560 1827706 40628 98
60 187 10000 11364 10000 1824553 43938 1660
123 221 10000 11357 180 1810625 58918 37
131 141 10000 11362 900 1822449 50579 152
392 324 10000 11366 180 1826357 49181 37
69 399 10000 11373 900 1837272 40644 152
322 297 10000 11374 180 1838292 40377 37
220 45 10000 11193 400000 1587257 295868 66306
396 68 10000 11378 250 1845443 40228 48
254 170 10000 11379 900 1845979 41172 152
397 264 10000 11375 10000 1843443 43938 1660
109 389 10000 11380 250 1847221 40228 48
24 315 10000 11370 10000 1833095 54448 1660
325 72 10000 11376 180 1843937 44228 37
47 19 10000 11382 900 1848004 40887 152
78 385 10000 11347 900 1797829 92034 152
378 326 10001 11383 1100 1849108 41367 184
227 218 10000 11355 180 1806782 85765 37
232 61 10000 11078 1850000 1415477 480599 306661
251 33 10000 11387 1100 1855300 41058 184
312 137 10000 11384 10000 1852869 43938 1660
96 146 10000 11084 1850000 1426338 471602 306661
356 95 10000 11388 900 1857306 41289 152
21 212 10000 11247 400000 1652795 245804 66306
105 195 10000 11389 900 1860227 40644 152
358 347 10000 11371 100001 1833781 69641 16579
294 100 10000 11391 180 1864099 40469 37
235 115 10000 11079 1850000 1423290 482053 306661
344 158 10000 11392 1100 1864657 41320 184
289 267 10000 11390 10000 1861882 44238 1660
155 318 10000 11393 560 1865698 40661 98
236 179 10000 11394 560 1868289 41020 98
191 286 10000 11396 560 1871361 40850 98
227 268 10000 11397 560 1871579 41118 98
244 384 10000 11399 560 1873006 41345 98
261 216 10000 11395 250 1869148 46079 48
40 388 10000 11401 1870 1874637 41730 316
275 343 10000 11406 900 1880984 41014 152
237 186 10000 11404 10000 1877652 45781 1660
91 236 10000 11102 1850000 1450975 473606 306661
20 43 10000 11407 1870 1883793 41621 316
399 358 10000 11403 560 1877181 50462 98
184 137 10000 11409 1100 1888382 40925 184
267 105 10001 11405 10000 1880279 50220 1660
192 193 10000 11431 10000 1911941 23432 1660
331 25 10000 11413 250 1897501 40228 48
149 348 10000 11408 560 1885383 55046 98
115 15 10000 11415 900 1900070 40896 152
11 58 10000 11418 560 1902283 41651 98
50 162 10000 11420 900 1902565 41503 152
387 79 10000 11423 250 1905395 40228 48
326 355 10000 11421 1870 1904226 41513 316
246 328 10000 11419 10000 1902323 43938 1660
145 15 10000 11425 900 1907615 41008 152
70 120 10000 11426 1870 1907897 41513 316
48 15 10000 11427 900 1908345 42078 152
309 89 10001 11424 180 1907143 44242 37
267 302 10000 11244 400000 1646217 307558 66306
212 171 10000 11359 100001 1818464 135359 16579
326 21 10000 11432 560 1913106 40932 98
270 269 10000 11450 900 1933810 20650 152
8 284 10000 11365 100001 1824956 131814 16579
243 368 10000 11433 560 1913745 44327 98
305 179 10000 11434 10000 1915592 44531 1660
146 132 10000 11437 180 1920885 40184 37
18 59 10000 11438 560 1921513 40428 98
377 119 10000 11291 400000 1710834 251173 66306
97 128 10000 11436 10000 1919921 44347 1660
133 376 10000 11439 900 1924130 40910 152
251 241 10000 11464 900 1946108 20322 152
375 255 10000 11442 900 1926289 40762 152
239 92 10000 11443 900 1927285 40990 152
331 396 10000 11435 10000 1916315 52228 1660
309 170 10000 11104 1850000 1452142 517071 306661
30 320 10000 11444 3160 1927375 43123 531
115 256 10000 11449 180 1933735 40383 37
276 110 10000 11448 3160 1932322 41998 531
218 303 10000 11451 1100 1934661 41515 184
279 223 10000 11445 3160 1929957 46996 531
16 36 10000 11452 180 1939251 40740 37
111 152 10000 11453 1100 1939374 41079 184
342 68 10000 11455 1870 1940880 41513 316
58 54 10000 11471 900 1952702 29823 152
300 82 10000 11457 560 1942150 40876 98
304 89 10000 11459 900 1942561 40692 152
336 129 10000 11460 250 1943202 40228 48
95 334 10000 11461 180 1943439 40451 37
362 210 10000 11456 1870 1941438 42482 316
350 45 10000 11454 10000 1939793 44300 1660
76 177 10000 11463 560 1945351 40428 98
187 189 10000 11480 900 1965503 20322 152
354 249 10000 11385 100001 1854999 131814 16579
294 22 10000 11462 900 1944053 43143 152
98 346 10000 11466 900 1949495 40877 152
333 369 10000 11468 250 1950159 41415 48
126 48 10000 11470 900 1952219 40644 152
295 324 10000 11473 180 1954662 40828 37
281 275 10000 11472 3160 1954117 42133 531
0 23 10000 11474 900 1956755 40644 152
307 281 10000 11475 10000 1957121 44223 1660
149 276 10000 11361 100001 1818922 185502 16579
122 299 10000 11477 180 1963884 41053 37
30 160 10000 11467 900 1949799 55461 152
355 139 10000 11479 560 1965385 40428 98
296 3 10000 11329 400000 1773464 232615 66306
335 319 10000 11398 100001 1871916 135417 16579
204 172 10000 11481 250 1967259 40228 48
254 398 10000 11478 3160 1965283 43186 531
74 338 10000 11482 560 1968087 41294 98
338 243 10000 11331 400000 1774726 236992 66306
135 347 10000 11486 560 1971644 40428 98
286 318 10000 11484 1870 1970250 41835 316
174 361 10000 11489 560 1975096 40609 98
35 17 10000 11487 3160 1974015 42511 531
224 158 10000 11458 900 1942274 78194 152
237 162 10000 11495 900 1985512 40890 152
110 345 10000 11494 3160 1984005 42521 531
27 306 10000 11496 900 1985886 40644 152
256 306 10000 11497 1870 1986931 41697 316
96 45 10000 11498 1100 1989124 40772 184
376 288 10000 11386 100001 1855299 175745 16579
196 86 10000 11414 100001 1897752 133616 16579
46 99 10000 11499 1870 1991293 41760 316
295 338 10000 11501 250 1993017 40228 48
182 186 10000 11516 1100 2016953 20386 184
40 180 10000 11417 100001 1901404 136367 16579
333 186 10001 11504 560 2000653 40489 98
302 266 10000 11502 10000 1996903 44413 1660
233 344 10000 11422 100001 1904415 137072 16579
4 95 10000 11505 250 2001492 40837 48
216 80 10000 11503 250 1998961 43711 48
301 137 10000 11507 900 2002403 40644 152
26 85 10000 11430 100001 1910621 132527 16579
367 284 10000 11428 100001 1908489 135385 16579
318 198 10000 11508 900 2004070 40644 152
31 95 10000 11183 1850000 1575580 474261 306661
144 199 10000 11512 250 2012251 40228 48
347 271 10000 11509 1870 2009242 43971 316
201 70 10000 11514 250 2016138 40337 48
392 143 10000 11513 900 2015480 41134 152
0 173 10000 11440 100001 1924804 131814 16579
151 134 10000 11517 560 2016957 40711 98
383 133 10000 11518 900 2021088 40644 152
281 354 10000 11511 1100 2011428 50583 184
28 293 10000 11520 560 2022327 40538 98
368 6 10000 11521 900 2022422 40644 152
37 137 10000 11446 100001 1930707 132985 16579
260 87 10000 11523 1100 2022901 41140 184
284 386 10000 11526 180 2025227 40448 37
165 105 10000 11528 250 2026459 40512 48
137 200 10000 11529 180 2026805 40388 37
141 93 10000 11527 10000 2025918 43938 1660
156 262 10000 11530 10000 2028439 44156 1660
165 269 10000 11485 560 1971198 106277 98
398 355 10000 11525 1100 2024659 54246 184
43 143 10000 11536 560 2039976 40820 98
396 120 10000 11539 180 2041904 40184 37
269 266 10000 11547 560 2051881 31680 98
1 256 10000 11535 10000 2038272 45846 1660
289 188 10000 11532 1870 2034877 49762 316
235 128 10000 11540 560 2044645 40627 98
333 63 10000 11542 900 2045200 40653 152
383 89 10000 11543 900 2045632 40644 152
16 295 10000 11537 10000 2041309 45393 1660
328 1 10000 11541 1870 2044800 43131 316
128 158 10000 11369 400000 1830968 257805 66306
2 226 10000 11545 900 2048496 41160 152
170 236 10000 11544 180 2048226 44842 37
167 271 10000 11549 250 2053194 40228 48
160 25 10000 11488 250 1974681 118951 48
177 64 10000 11546 3160 2049848 44845 531
31 228 10000 11553 900 2054796 40644 152
159 388 10000 11552 1100 2054733 40826 184
330 193 10000 11551 900 2054500 41346 152
103 236 10000 11550 3160 2053770 42492 531
124 312 10000 11548 3160 2051967 44731 531
215 117 10000 11227 1850000 1622966 475669 306661
1 241 10000 11554 900 2057835 41068 152
166 332 10000 11557 900 2058864 40933 152
18 396 10000 11556 1870 2058354 41559 316
69 226 10000 11558 1870 2061214 41995 316
76 367 10000 11555 10000 2058031 45871 1660
314 45 10000 11562 180 2066559 40742 37
175 391 10000 11560 10000 2063578 44067 1660
134 361 10000 11563 1870 2066852 41593 316
49 211 10000 11561 10000 2064059 44824 1660
226 353 10000 11534 560 2036042 72918 98
178 142 10000 11510 900 2009419 102074 152
219 197 10000 11564 1100 2069550 43628 184
239 220 10000 11587 560 2095815 20682 98
89 212 10000 11567 1100 2077467 40913 184
136 135 10000 11569 10000 2079397 39819 1660
305 116 10000 11570 180 2079545 40445 37
28 374 10000 11568 1100 2079297 40772 184
288 378 10000 11566 180 2075794 45866 37
152 171 10000 11572 900 2081174 40823 152
240 306 10000 11575 560 2083166 40744 98
134 141 10000 11571 10000 2080833 43938 1660
20 4 10000 11500 100001 1991794 135109 16579
51 232 10000 11580 180 2087091 40204 37
260 385 10000 11573 560 2081993 45762 98
209 175 10000 11574 560 2082794 46373 98
320 291 10000 11577 10000 2084415 45379 1660
397 228 10000 11583 1100 2090493 41840 184
378 151 10000 10008 10000000 12745 2121203 1657602
308 323 10000 11506 100001 2002361 131814 16579
241 373 10000 11586 180 2093735 40664 37
230 240 10000 11585 1870 2093505 44346 316
35 159 10000 11588 250 2097668 40318 48
224 307 10000 11538 1100 2041712 98647 184
394 312 10000 11582 1870 2089513 55451 316
197 243 10000 11590 3160 2105176 42077 531
10 217 10000 11591 1100 2106075 41352 184
179 20 10000 11592 250 2106495 41133 48
322 266 10000 11593 900 2107367 41834 152
320 319 10000 11594 1870 2108176 41513 316
4 124 10000 11595 1100 2109181 41344 184
119 85 10000 11598 180 2111036 40184 37
44 395 10000 11596 1870 2109551 42185 316
106 64 10000 11597 1870 2110469 41513 316
116 83 10000 11531 10000 2032286 122226 1660
342 323 10000 11601 1870 2113496 41513 316
338 195 10000 11602 560 2115259 40428 98
271 382 10000 11605 180 2116362 40231 37
184 206 10000 11441 400000 1925377 232139 66306
381 176 10000 11606 1870 2116918 41513 316
208 161 10000 11607 1870 2117470 41513 316
37 51 10000 11608 900 2119684 41220 152
280 96 10000 11609 180 2121868 40184 37
145 218 10000 11610 180 2122310 40604 37
178 115 10000 11611 180 2123580 40219 37
341 171 10000 11612 560 2124268 40485 98
327 258 10000 11416 400000 1900679 265029 66306
198 166 10000 11615 1870 2129910 41513 316
153 263 10000 11616 3160 2130714 42908 531
222 318 10000 11619 180 2134190 40452 37
273 52 10000 11618 1870 2133436 41716 316
143 204 10000 11620 180 2136255 40184 37
47 120 10000 11621 1100 2139482 40925 184
308 244 10000 11604 250 2116187 65143 48
50 63 10000 11589 180 2100085 85162 37
323 75 10000 11623 900 2142553 47680 152
26 259 10000 11626 10000 2147739 44502 1660
311 339 10000 11629 10000 2150882 43938 1660
190 336 10000 11627 10000 2149593 45546 1660
210 75 10000 11622 900 2140894 56838 152
151 29 10000 11630 1100 2158408 41008 184
326 42 10000 11632 1100 2160684 40772 184
1 256 10001 11633 900 2162379 40854 152
370 255 10000 11614 1870 2125533 81813 316
378 225 10000 11465 400000 1947911 260233 66306
385 284 10000 11634 560 2167456 41286 98
63 261 10000 11635 180 2169464 41014 37
353 76 10000 11638 900 2170182 40921 152
185 43 10000 11637 3160 2170048 43150 531
342 323 10001 11641 900 2173448 40644 152
30 247 10000 11640 560 2173304 41035 98
372 72 10000 11642 1870 2175523 41523 316
326 155 10000 11579 100001 2085803 131814 16579
206 45 10000 11578 100001 2084831 133761 16579
381 82 10000 11581 100001 2088520 132442 16579
48 251 10000 11636 560 2169607 52638 98
138 290 10000 11648 1870 2184042 41828 316
17 121 10000 11297 400000 1718209 507783 66306
392 232 10000 11647 250 2184009 42239 48
278 231 10000 11651 180 2189928 40184 37
243 15 10000 11650 3160 2188811 42237 531
314 149 10000 11646 10000 2180367 53511 1660
214 31 10000 11652 900 2194415 41289 152
98 223 10000 11654 900 2196274 41206 152
105 160 10000 11661 180 2202517 40378 37
164 272 10000 11660 560 2202515 40428 98
157 366 10000 11659 900 2202310 40644 152
164 41 10000 11662 560 2202617 40701 98
328 170 10000 11657 180 2200358 43570 37
126 172 10000 11664 560 2204867 40810 98
236 92 10000 11599 100001 2112193 135356 16579
148 50 10000 11656 3160 2199873 48961 531
88 216 10000 11665 1100 2212624 40772 184
321 122 10000 11655 10000 2199772 56398 1660
91 232 10000 11666 560 2216510 40428 98
220 167 10000 11670 1870 2219832 41741 316
151 343 10000 11667 10000 2218643 44077 1660
201 365 10000 11617 100001 2130943 131814 16579
301 216 10000 11672 1100 2222110 41684 184
170 34 10000 11341 1850000 1788006 478484 306661
353 341 10000 11687 1870 2246387 21278 316
358 75 10000 11675 180 2227729 40559 37
237 303 10000 11677 900 2230947 40644 152
37 338 10000 11533 400000 2035104 236528 66306
343 137 10000 11674 10000 2227670 44278 1660
373 282 10000 11678 1100 2233551 40988 184
324 93 10000 11628 560 2150874 125220 98
107 243 10000 11680 1100 2235653 40772 184
210 133 10000 11624 100001 2146225 134250 16579
233 270 10000 11682 560 2239011 42224 98
185 195 10000 11700 1100 2262168 20386 184
248 384 10000 11684 250 2241827 41816 48
340 342 10000 11704 900 2267198 20322 152
374 180 10000 11286 1850000 1703982 583584 306661
279 127 10000 11685 10000 2242248 45811 1660
212 354 10000 11681 560 2238744 50128 98
313 334 10000 11689 1870 2248246 42207 316
267 111 10000 11683 1100 2240016 51910 184
269 187 10000 11688 560 2248202 44147 98
282 39 10000 11691 1100 2251359 41209 184
167 307 10000 11694 10000 2255401 43938 1660
171 12 10000 11693 560 2255160 44299 98
379 364 10000 11723 250 2283003 20136 48
269 360 10000 11696 1870 2257622 47627 316
189 191 10000 11725 3160 2283945 21603 531
150 252 10000 11703 180 2266502 40359 37
288 395 10000 11698 10000 2259173 50312 1660
350 139 10000 11702 1870 2264139 45663 316
120 99 10000 11697 10000 2258585 51517 1660
19 214 10000 11706 1870 2270181 42390 316
147 190 10000 11705 560 2267853 45631 98
13 220 10000 11716 180 2276525 40254 37
370 64 10000 11715 560 2276116 41169 98
304 11 10000 11707 10000 2270290 47780 1660
184 10 10000 11717 1870 2277030 41513 316
127 335 10000 11712 10000 2275499 43938 1660
345 255 10000 11720 560 2279917 40703 98
68 70 10000 11739 180 2300738 20092 37
107 202 10000 11708 250 2270517 50582 48
387 244 10000 11718 10000 2277226 44049 1660
169 50 10000 11722 560 2281422 40428 98
32 177 10000 11711 10000 2274744 47990 1660
258 247 10000 11738 10000 2299071 23918 1660
84 120 10000 11727 900 2284058 40644 152
360 84 10000 11714 560 2275932 49320 98
393 358 10000 11709 3160 2270795 54887 531
75 304 10000 11728 900 2286274 40713 152
324 15 10000 11658 560 2201151 126283 98
333 352 10000 11713 1870 2275833 53591 316
255 76 10000 11730 1100 2289335 40772 184
56 159 10000 11729 1870 2287710 42914 316
288 132 10000 11732 560 2293553 46987 98
195 303 10000 11737 3160 2298896 41998 531
116 86 10001 11491 100001 1983149 360535 16579
391 166 10000 11515 400000 2016565 327518 66306
57 145 10000 11740 1100 2302860 43245 184
391 215 10000 11692 560 2251678 95369 98
110 207 10000 11742 3160 2305387 41998 531
367 123 10000 11745 560 2308658 40675 98
353 248 10000 11743 1870 2307500 41976 316
149 351 10000 11747 560 2308878 42611 98
37 336 10000 11748 1870 2309881 41899 316
47 150 10000 11669 100001 2219782 132858 16579
267 308 10000 11735 1870 2298531 54206 316
322 155 10000 11741 10000 2304661 48320 1660
136 311 10000 11695 3160 2255824 97368 531
329 68 10000 11750 560 2315015 40428 98
181 41 10000 11752 560 2315133 40485 98
166 184 10000 11753 560 2315332 40682 98
96 211 10000 11751 560 2315016 41054 98
107 310 10000 11749 1870 2310942 45408 316
192 318 10000 11600 400000 2112881 243566 66306
393 221 10000 11746 900 2308727 48000 152
333 12 10000 11754 250 2316434 40895 48
212 75 10000 11755 1100 2318450 43954 184
142 154 10000 11766 560 2342899 20214 98
330 353 10000 11736 10000 2298848 67637 1660
384 383 10000 11771 900 2346466 20492 152
377 290 10000 11412 1850000 1895977 478992 306661
145 195 10000 11756 560 2327533 47623 98
71 234 10000 11762 250 2335104 41520 48
21 343 10000 11763 1870 2335500 42669 316
344 25 10000 11603 400000 2115736 266192 66306
33 60 10000 11765 1870 2339725 42678 316
396 384 10000 11778 900 2362235 20322 152
203 308 10000 11690 100001 2250825 131832 16579
264 152 10000 11767 1100 2343222 42128 184
128 233 10000 11769 560 2344679 40717 98
171 382 10000 11134 1850000 1510493 876218 306661
155 309 10000 11770 1870 2346343 41513 316
361 172 10000 11668 100001 2219776 168263 16579
289 167 10000 11768 900 2343901 47497 152
306 230 10000 11772 250 2352420 40930 48
293 54 10000 11631 400000 2160675 233109 66306
37 280 10000 11773 10000 2352756 43938 1660
364 34 10000 11775 560 2360205 40428 98
3 151 10000 11774 10000 2357031 44294 1660
326 327 10000 11761 100001 2332815 69759 16579
113 392 10000 11777 3160 2361903 43320 531
5 158 10000 11643 400000 2176392 232377 66306
4 374 10000 11782 560 2368493 40428 98
373 264 10000 11781 1870 2367465 41901 316
226 225 10000 11789 10000 2387285 23732 1660
193 343 10000 11719 100001 2279262 132642 16579
194 32 10000 11784 560 2371341 40812 98
214 207 10000 11792 180 2392304 20092 37
275 265 10000 11724 100001 2283738 132411 16579
117 119 10000 11798 250 2402351 20114 48
188 108 10000 11785 180 2382525 40186 37
191 83 10000 11788 1870 2386076 42498 316
223 235 10000 11776 100001 2360418 68961 16579
338 196 10000 11786 10000 2385701 43938 1660
121 258 10000 11790 900 2389597 40971 152
176 245 10000 10906 1850000 1159224 1272313 306661
26 72 10000 11793 560 2393298 41031 98
322 179 10000 11787 900 2385786 50783 152
101 384 10000 11240 1850000 1641300 795453 306661
247 66 10000 11796 180 2398636 40184 37
41 78 10000 11795 560 2398602 40912 98
383 381 10000 11804 10000 2416166 23424 1660
292 82 10000 11794 10000 2394781 45583 1660
153 354 10000 11797 560 2400426 40428 98
26 6 10000 11744 100001 2308122 133047 16579
337 269 10000 11207 1850000 1604762 837217 306661
29 361 10000 11476 1850000 1957823 487275 306661
101 281 10000 11799 180 2404976 40184 37
20 279 10000 11801 560 2405482 40698 98
17 205 10000 11239 1850000 1638478 809606 306661
147 61 10000 11800 10000 2405368 43938 1660
365 37 10000 11803 10000 2408053 45816 1660
32 243 10000 11807 560 2418210 40428 98
321 212 10000 11806 560 2418194 41512 98
125 120 10000 11832 1870 2439081 20999 316
91 8 10000 11808 250 2420450 40403 48
192 384 10000 11809 900 2422372 40715 152
127 163 10000 11810 1100 2423297 40776 184
184 330 10000 11811 900 2423305 40825 152
59 73 10000 11814 250 2424055 40282 48
354 341 10000 11835 560 2444264 20214 98
202 257 10000 11817 1870 2426714 41513 316
381 269 10000 10824 1850000 1039309 1429062 306661
258 216 10000 11819 560 2428694 40433 98
168 48 10000 11812 1100 2423515 46080 184
204 378 10000 11821 250 2429279 40411 48
135 365 10000 11823 560 2433456 40547 98
350 16 10000 11824 900 2434152 41697 152
135 338 10000 11826 900 2435599 41046 152
50 157 10000 11827 1100 2435971 41327 184
364 54 10000 11829 560 2436746 40687 98
315 357 10000 11828 1100 2436385 41313 184
377 141 10000 11822 10000 2433175 45580 1660
312 64 10000 11825 10000 2434981 43938 1660
260 175 10000 11833 1870 2440204 41715 316
316 48 10000 11830 3160 2438669 43916 531
308 329 10000 11834 3160 2441591 42238 531
52 263 10000 11760 100001 2332587 153369 16579
362 181 10000 11836 560 2446931 40757 98
184 250 10000 11837 250 2447392 40771 48
278 275 10000 11856 1100 2468030 20570 184
237 1 10000 11838 180 2450826 40184 37
389 26 10000 11841 250 2453147 40540 48
276 183 10000 11840 1100 2453123 40953 184
127 209 10000 11839 1870 2452379 41906 316
319 390 10000 11779 100001 2362353 132299 16579
347 204 10000 11780 100001 2364897 131814 16579
97 213 10000 11847 250 2458587 41219 48
13 74 10000 11845 10000 2455828 44763 1660
24 6 10000 11850 560 2461843 40646 98
241 131 10000 11849 3160 2460329 42172 531
246 309 10000 11851 900 2462281 40783 152
206 137 10000 11852 180 2464137 40184 37
370 163 10000 11783 100001 2369547 135620 16579
363 280 10000 11853 1100 2465614 40782 184
370 377 10000 11868 900 2485017 22337 152
302 351 10000 11855 560 2466994 41274 98
175 358 10000 11854 1870 2466929 41513 316
59 89 10000 11858 560 2469681 40659 98
124 399 10000 11860 900 2471995 41752 152
264 201 10000 11859 1870 2470955 49439 316
346 332 10000 11862 1870 2478523 42079 316
293 217 10000 11863 900 2480133 40644 152
371 18 10000 11865 1100 2482457 40772 184
350 89 10000 11791 100001 2391927 132455 16579
306 279 10000 11867 560 2484232 40667 98
245 386 10000 11870 180 2486762 40369 37
23 66 10000 11871 560 2486905 40458 98
321 164 10000 11873 180 2487578 40184 37
5 32 10000 11864 900 2480457 47321 152
80 178 10000 11872 250 2487563 40228 48
42 346 10000 11869 560 2485972 43535 98
72 179 10000 11874 180 2489565 40689 37
258 100 10000 11876 900 2489856 40864 152
287 67 10000 11875 10000 2489756 44259 1660
3 98 10000 11734 400000 2296102 240224 66306
297 175 10000 11880 180 2496719 40777 37
347 264 10000 11882 560 2497767 40428 98
172 202 10000 11848 900 2458968 79575 152
349 31 10000 11883 250 2498301 40418 48
208 211 10000 11905 560 2519085 20214 98
43 373 10000 11820 10000 2428930 110990 1660
357 389 10000 11886 560 2501307 40706 98
111 341 10000 11887 900 2501402 40874 152
144 380 10000 11888 180 2502415 40449 37
132 67 10000 11885 1870 2501155 42065 316
164 363 10000 11884 10000 2499432 44804 1660
199 239 10000 11879 560 2495572 48674 98
104 266 10000 11881 1870 2496943 47468 316
383 320 10000 11890 180 2505242 40332 37
128 330 10000 11893 560 2506524 40618 98
43 310 10000 11894 900 2508254 40652 152
227 73 10000 11891 1870 2505918 43450 316
239 53 10000 11889 10000 2502924 46484 1660
122 200 10000 11896 1100 2510775 41130 184
326 72 10000 11900 560 2514913 40428 98
386 356 10000 11899 900 2514625 40804 152
104 124 10000 11559 1850000 2062928 492827 306661
219 71 10000 11898 560 2514089 41963 98
18 114 10000 11902 1100 2515900 41008 184
75 226 10000 11815 100001 2425707 133022 16579
33 361 10000 11895 560 2510529 49480 98
365 21 10000 11901 560 2515350 45854 98
319 264 10000 11909 250 2521818 40649 48
217 397 10000 11906 10000 2519152 43938 1660
141 238 10000 11910 180 2522221 41282 37
307 279 10000 11904 3160 2518779 45408 531
312 395 10000 11907 1870 2519434 46217 316
211 344 10000 11911 3160 2522554 43253 531
261 286 10000 11913 1870 2526674 42288 316
180 172 10000 11915 1870 2528239 41536 316
226 160 10000 11914 1870 2527969 41857 316
310 215 10000 11916 1870 2529657 41523 316
160 281 10000 11663 100001 2204139 367357 16579
111 122 10000 11918 180 2531418 40691 37
288 220 10000 11917 900 2530655 42851 152
319 70 10000 11921 900 2534485 41207 152
299 154 10000 11912 1870 2523650 59918 316
253 384 10000 11922 250 2543428 40426 48
342 223 10000 11759 100001 2331656 253042 16579
222 170 10000 11923 560 2543879 41412 98
235 251 10000 11924 1870 2544094 42933 316
47 146 10000 11843 100001 2454798 133745 16579
182 302 10000 11844 100001 2455366 135344 16579
15 250 10000 11926 560 2550001 40710 98
343 255 10000 11925 10000 2544752 46122 1660
64 110 10000 11927 900 2551434 40644 152
45 108 10000 11928 900 2551579 40856 152
126 28 10000 11930 560 2552765 40428 98
225 115 10000 11931 560 2554859 40503 98
111 190 10000 11933 900 2555584 40872 152
50 56 10000 11944 10000 2572504 24807 1660
100 78 10000 11935 900 2557733 41092 152
260 271 10000 11951 560 2583579 20368 98
301 213 10000 11936 900 2563973 40869 152
87 61 10000 11932 900 2555422 50186 152
142 138 10000 11941 250 2570499 40228 48
206 14 10000 11940 900 2570481 40644 152
133 309 10000 11939 3160 2569542 42217 531
191 185 10000 11958 1870 2589971 22231 316
378 238 10000 11929 10000 2551810 60713 1660
165 395 10000 11701 400000 2263658 349664 66306
253 246 10000 11961 560 2593133 20214 98
225 288 10000 11942 560 2571293 42847 98
298 182 10000 11943 180 2572364 44598 37
108 5 10000 11945 900 2575677 42038 152
343 17 10000 11866 100001 2483592 134380 16579
56 58 10000 11967 1100 2597600 20679 184
185 326 10000 11948 560 2579683 40808 98
122 175 10000 11950 900 2583168 40705 152
110 303 10000 11953 560 2586592 40943 98
149 279 10001 11952 560 2586014 42407 98
5 186 10000 11954 1870 2587094 41513 316
327 49 10000 11956 560 2588685 40428 98
344 42 10000 11957 560 2589189 41050 98
391 190 10000 11377 1850000 1845373 787576 306661
273 218 10000 11960 180 2592316 40707 37
265 377 10000 11878 100001 2495329 139156 16579
132 101 10000 11963 560 2595903 40468 98
35 128 10000 11964 250 2596213 40739 48
238 140 10000 11892 100001 2505954 131814 16579
231 159 10000 11965 900 2597178 41039 152
294 364 10000 11968 900 2598727 41089 152
164 87 10000 11971 900 2599754 40729 152
383 340 10000 11966 560 2597401 46447 98
121 65 10000 11974 1870 2603243 41575 316
91 243 10000 11976 250 2607507 40544 48
178 86 10000 11959 1100 2591480 58199 184
274 396 10000 11980 1870 2609285 41513 316
102 159 10000 11983 900 2611280 40873 152
114 68 10000 11984 1100 2611434 40772 184
22 1 10000 11979 10000 2608985 44191 1660
144 85 10000 11988 180 2613011 40580 37
305 174 10000 11982 10000 2611193 44069 1660
223 133 10000 11989 560 2615058 40829 98
306 365 10000 11990 900 2615290 41146 152
304 197 10000 11493 1850000 1983565 672919 306661
151 117 10000 11991 900 2616942 40886 152
393 191 10000 11992 1100 2617878 40994 184
67 194 10000 11977 1870 2607623 52262 316
292 219 10000 11993 560 2619366 40625 98
330 234 10000 11995 180 2619683 41110 37
321 6 10000 11962 560 2595891 65561 98
368 172 10000 11946 180 2576514 85660 37
374 32 10000 11949 3160 2580730 81616 531
78 272 10000 11733 100001 2294857 369447 16579
82 321 10000 11996 560 2623302 41058 98
372 394 10000 11997 1100 2624873 40772 184
73 205 10000 11978 180 2608945 60261 37
134 262 10000 11998 1100 2630118 40981 184
13 271 10000 11987 560 2612659 61373 98
127 17 10000 11999 560 2633582 40554 98
176 18 10000 11986 900 2611921 63543 152
343 170 10000 12000 560 2636478 40686 98
180 308 10001 12001 900 2637842 40644 152
31 113 10000 12003 560 2639436 40611 98
136 167 10000 11955 900 2588226 93143 152
222 18 10000 12005 560 2641946 40503 98
234 128 10000 12004 560 2641128 41718 98
160 229 10000 11937 900 2565510 119183 152
321 29 10000 12007 560 2644534 40814 98
26 111 10000 11842 400000 2453744 233041 66306
119 294 10000 12008 1870 2646091 41917 316
53 25 10000 11818 400000 2428119 262350 66306
184 195 10000 12030 180 2670351 20305 37
254 156 10000 12009 900 2648757 42272 152
321 230 10000 11994 900 2619634 73865 152
149 357 10000 10457 10000000 588571 2105456 1657602
396 360 10000 12012 10000 2651287 44221 1660
379 145 10000 11671 1850000 2220598 475510 306661
259 238 10000 11285 1850000 1702025 994991 306661
327 93 10000 12017 560 2656692 40704 98
231 41 10000 12019 1100 2656971 40772 184
215 140 10000 11938 100001 2565520 132299 16579
200 390 10000 12011 180 2650909 48813 37
150 295 10000 12022 3160 2658081 42246 531
115 63 10000 12014 10000 2655057 45549 1660
328 187 10000 12020 1870 2656993 45881 316
115 345 10000 12018 10000 2656968 47783 1660
164 338 10000 12027 560 2665641 40446 98
331 334 10000 12041 250 2686641 20331 48
143 68 10000 12026 10000 2665513 44102 1660
26 179 10000 12028 900 2669732 41059 152
259 363 10000 12029 1870 2669811 43336 316
133 203 10000 12033 180 2675589 40184 37
253 367 10000 12031 10000 2674042 44372 1660
305 251 10000 12032 10000 2675310 44300 1660
99 188 10000 12035 3160 2675972 46818 531
246 46 10000 12038 560 2683219 40428 98
43 63 10000 12039 1100 2683420 41176 184
243 296 10000 11877 400000 2492020 233567 66306
371 250 10000 12013 180 2652132 73655 37
68 31 10000 12037 10000 2682476 45636 1660
157 61 10000 12043 560 2687741 40705 98
55 278 10000 12040 1100 2685906 44363 184
103 248 10000 12047 560 2691771 41309 98
43 125 10000 12046 1870 2691597 41513 316
159 203 10000 11970 100001 2599446 133754 16579
143 277 10000 12049 560 2693600 40428 98
52 350 10000 12050 900 2695621 40799 152
359 271 10000 12053 560 2700662 40428 98
391 279 10000 12044 1870 2688068 53997 316
234 78 10000 11625 1850000 2146366 597202 306661
258 272 10000 11469 1850000 1950884 793624 306661
203 350 10000 12052 900 2700208 45051 152
69 330 10000 12055 1870 2705668 41596 316
330 105 10000 12051 10000 2696172 51332 1660
235 107 10000 11676 1850000 2229771 518945 306661
250 195 10000 11861 400000 2475267 273539 66306
222 396 10000 12061 560 2711330 40887 98
313 22 10000 12062 900 2713676 41179 152
21 207 10000 12065 1100 2715936 40805 184
187 177 10000 12067 900 2717056 40780 152
169 185 10000 11726 1850000 2284027 474588 306661
277 317 10000 12068 250 2718136 40533 48
118 62 10000 12064 10000 2714876 44353 1660
355 278 10000 12069 180 2718565 40678 37
295 379 10000 12057 250 2706344 54540 48
43 239 10000 12066 10000 2716650 44527 1660
83 219 10000 12072 180 2721886 40593 37
237 304 10000 11846 400000 2458326 307269 66306
382 215 10000 12073 900 2724877 40853 152
315 300 10000 12086 180 2740986 24829 37
166 26 10000 12074 900 2725453 41046 152
263 394 10000 12063 180 2713983 52867 37
6 380 10000 12076 1870 2728028 41513 316
357 342 10000 12100 560 2750865 20214 98
43 299 10000 12077 900 2731936 41533 152
190 57 10000 12078 560 2733935 40971 98
85 25 10000 12079 250 2735622 40228 48
43 190 10000 12080 1100 2735648 40965 184
16 364 10000 12084 560 2739885 40476 98
46 6 10000 12085 900 2739991 40644 152
391 203 10000 12087 1100 2741009 40971 184
44 235 10000 12091 250 2743334 40582 48
55 326 10000 12093 560 2744388 40600 98
255 363 10000 12094 180 2745414 40404 37
331 240 10000 12092 1870 2744352 41849 316
211 332 10000 11802 400000 2406500 380303 66306
164 18 10000 12010 100001 2650413 137155 16579
317 138 10000 12015 100001 2655713 132535 16579
287 241 10000 12097 560 2747911 40428 98
125 206 10000 12083 10000 2738226 50219 1660
95 62 10000 12021 100001 2657027 131814 16579
360 214 10000 12088 180 2741526 47318 37
387 135 10000 12016 100001 2656444 132410 16579
299 40 10000 12090 10000 2742099 46997 1660
175 194 10000 12095 250 2746008 43442 48
331 271 10000 12098 1870 2748452 43468 316
385 33 10000 12101 1100 2751877 41557 184
128 334 10000 12096 560 2747430 46484 98
126 385 10000 12025 100001 2665081 131814 16579
326 110 10000 12104 560 2757797 40895 98
79 23 10000 12089 560 2741999 57001 98
72 43 10000 11969 100001 2599413 201085 16579
105 70 10000 12106 560 2760098 40428 98
10 300 10000 12103 10000 2756823 44468 1660
61 327 10000 12075 180 2725928 76138 37
165 118 10000 12107 1870 2760168 42573 316
3 177 10000 12108 180 2761812 40961 37
40 311 10000 12056 250 2705818 96998 48
82 194 10000 11645 1850000 2180242 622599 306661
398 276 10000 12109 180 2763040 40184 37
213 26 10000 12111 560 2765122 41037 98
298 240 10000 12102 250 2754630 55940 48
386 136 10000 12112 10000 2767948 44369 1660
291 369 10000 12113 180 2772524 40720 37
260 243 10000 12114 560 2773019 41028 98
95 85 10000 12139 900 2794002 20322 152
51 77 10000 12115 180 2774517 40814 37
320 253 10000 12116 10000 2777524 44956 1660
234 100 10000 12121 560 2782756 40428 98
218 287 10000 12122 180 2784743 40573 37
18 75 10000 12123 560 2785236 40933 98
301 390 10000 12124 1100 2785933 40797 184
278 121 10000 12128 3160 2787645 41998 531
376 83 10000 12036 100001 2679403 150290 16579
62 245 10000 12133 180 2789859 40184 37
185 113 10000 12129 1870 2788782 41823 316
227 181 10000 12132 560 2789431 41474 98
328 162 10000 12125 900 2786468 44650 152
322 248 10000 12134 180 2790284 41134 37
206 68 10000 12136 250 2791714 40228 48
302 366 10000 12135 900 2791388 41006 152
79 359 10000 12131 3160 2789273 43605 531
209 193 10000 12127 10000 2786829 46077 1660
306 202 10000 12130 10000 2789009 44357 1660
222 336 10000 12138 3160 2793460 43230 531
308 237 10000 12140 900 2797114 41002 152
349 82 10000 12144 180 2800898 40184 37
104 371 10000 12145 560 2800923 40428 98
189 278 10000 12146 1100 2802360 40772 184
115 45 10000 12143 1100 2800050 44725 184
98 195 10000 12148 1100 2806164 40962 184
304 17 10000 12060 100001 2709000 139626 16579
291 300 10000 12150 560 2808605 40736 98
58 16 10000 12147 180 2806121 49868 37
52 272 10000 12070 100001 2720539 136189 16579
277 200 10000 12152 3160 2815714 42174 531
15 173 10000 12153 900 2817967 40644 152
61 319 10000 12155 900 2821448 40780 152
264 133 10000 12154 10000 2820338 43938 1660
384 347 10000 12158 180 2824875 40472 37
103 10 10000 12157 1870 2823647 43056 316
6 311 10000 12162 250 2827239 40228 48
63 382 10000 11490 1850000 1981685 886685 306661
377 50 10000 12159 1870 2826361 42238 316
125 226 10000 12082 100001 2737135 132576 16579
296 145 10000 12161 10000 2826777 43958 1660
131 32 10000 12160 900 2826659 44305 152
333 271 10000 12164 1870 2829764 41724 316
152 351 10000 12163 180 2827327 44559 37
104 393 10000 12166 900 2831492 40897 152
221 81 10000 12168 560 2833461 40655 98
235 50 10000 12167 10000 2832860 43943 1660
200 212 10000 12176 250 2852342 25274 48
253 301 10000 12169 3160 2837170 42073 531
332 126 10000 12171 900 2840931 41017 152
288 248 10000 10767 10000000 972579 1909436 1657602
168 131 10000 12172 560 2843727 41270 98
341 278 10000 12165 900 2830646 55488 152
160 372 10000 11897 100001 2513838 376573 16579
240 18 10000 12175 250 2851742 40259 48
64 144 10000 12173 560 2847365 45913 98
244 340 10000 12179 180 2853486 40184 37
294 372 10000 12178 900 2853247 41367 152
37 150 10000 12174 10000 2851157 44133 1660
378 265 10000 12177 900 2853183 42439 152
74 55 10000 12110 100001 2763583 132410 16579
84 229 10000 12034 400000 2675696 220839 66306
68 193 10000 12183 180 2856696 40626 37
96 320 10000 12181 560 2855928 41487 98
93 395 10000 12180 1100 2854578 42896 184
375 371 10001 12199 560 2880848 20465 98
141 294 10000 11816 1850000 2426679 476922 306661
8 224 10000 11653 1850000 2194508 713191 306661
66 371 10000 12188 900 2867420 40644 152
331 76 10000 12189 1100 2868467 41202 184
34 113 10000 12190 1100 2868884 40895 184
220 219 10000 12191 180 2869409 40458 37
262 124 10000 12185 10000 2864396 45975 1660
155 76 10000 11805 1850000 2417514 495221 306661
202 334 10000 12118 100001 2780476 132624 16579
133 61 10000 12193 3160 2872104 41998 531
166 376 10000 12194 560 2873195 42037 98
308 272 10000 12198 900 2879915 40863 152
266 206 10000 12200 560 2881646 41442 98
55 132 10000 12196 1100 2878204 45006 184
179 360 10000 12201 180 2882125 41654 37
281 301 10000 12202 3160 2882542 43377 531
299 369 10000 12187 900 2865357 61135 152
388 329 10000 12204 1870 2884927 41643 316
53 369 10000 12197 1870 2879181 49201 316
58 339 10000 12208 560 2890611 44008 98
41 227 10000 12212 560 2897263 40480 98
156 132 10000 12149 100001 2806432 132321 16579
203 172 10000 12216 250 2900757 40234 48
58 275 10000 12213 900 2898064 44928 152
109 218 10000 12219 900 2906600 40715 152
51 228 10000 12221 560 2907472 41282 98
151 364 10000 12218 1100 2903392 49313 184
28 235 10000 12215 900 2900262 52567 152
75 382 10000 12137 100001 2793076 159975 16579
251 372 10000 12203 10000 2884510 69113 1660
186 259 10000 12223 10000 2910126 44151 1660
56 98 10000 11169 1850000 1563240 1392825 306661
323 21 10000 12217 1870 2901433 55078 316
109 5 10000 12224 10000 2912812 44088 1660
335 70 10000 12222 900 2907668 50962 152
78 97 10000 10145 10000000 184344 2775246 1657602
366 103 10000 12228 250 2919463 40579 48
398 161 10000 12229 180 2919665 41001 37
154 390 10000 12225 3160 2913602 48384 531
207 23 10000 12227 180 2918119 44619 37
288 150 10000 12233 250 2925893 40535 48
195 308 10000 12234 560 2926433 40662 98
210 15 10000 12232 900 2924642 44109 152
320 93 10000 12235 560 2929457 40465 98
356 189 10000 12236 560 2929636 40745 98
164 62 10000 12170 100001 2839718 132144 16579
127 318 10000 12238 1870 2932950 41513 316
143 102 10000 12240 560 2937434 40428 98
175 174 10000 12253 3160 2958493 21727 531
301 33 10000 12230 10000 2920954 60328 1660
47 280 10000 12239 250 2936372 44959 48
331 151 10000 12241 1870 2940947 41795 316
201 263 10000 12242 900 2942393 41482 152
4 334 10000 12244 1100 2946310 41408 184
77 66 10000 12268 250 2968505 20271 48
84 98 10000 12267 3160 2968201 21708 531
58 308 10000 12237 1870 2931365 60485 316
138 45 10000 12245 1870 2950834 41646 316
98 52 10000 12105 400000 2759690 234144 66306
139 167 10000 12184 100001 2862871 131814 16579
158 77 10000 12246 900 2953733 41052 152
223 318 10000 12249 560 2957331 40640 98
97 67 10000 12248 10000 2954126 44171 1660
362 317 10000 12250 560 2957992 40635 98
51 85 10000 12252 560 2958348 41372 98
398 14 10000 12255 900 2959226 40644 152
333 113 10000 12257 180 2959942 40505 37
278 110 10000 12258 560 2961209 40428 98
310 146 10000 12260 250 2962510 40228 48
367 256 10000 12261 560 2963051 40847 98
169 274 10000 12256 1870 2959787 45391 316
255 117 10001 12263 560 2965889 40573 98
78 249 10000 12266 1100 2967450 40987 184
173 255 10000 12259 10000 2962376 47868 1660
233 310 10000 12265 10000 2967270 43938 1660
305 296 10000 12269 3160 2969614 42224 531
120 136 10000 12287 10000 2988240 23633 1660
115 295 10000 12264 1870 2966599 47313 316
317 101 10000 12272 900 2975084 40644 152
350 121 10000 12271 560 2972407 45196 98
77 301 10000 12274 180 2977051 40998 37
260 190 10000 12205 100001 2885644 132644 16579
342 177 10000 12278 560 2979269 40428 98
148 233 10000 12277 1100 2979072 41405 184
334 369 10000 10351 10000000 456300 2565775 1657602
283 194 10000 12275 10000 2978305 44232 1660
225 248 10000 12276 180 2978364 44377 37
66 138 10000 12279 1100 2981560 41212 184
367 39 10000 12280 560 2982446 40428 98
128 273 10000 12273 900 2976392 46743 152
3 14 10000 12297 900 3005028 20322 152
64 60 10000 12024 1850000 2661453 365196 306661
207 171 10000 12285 560 2987651 40428 98
259 306 10000 10557 10000000 705066 2325133 1657602
211 250 10000 12214 100001 2898495 131814 16579
389 224 10000 12286 3160 2988051 43650 531
23 346 10000 12289 560 2991840 41262 98
252 112 10000 12283 3160 2986066 48181 531
97 274 10001 12282 1870 2984800 52468 316
255 384 10000 12292 900 2996714 40847 152
261 282 10000 12296 560 3003760 40598 98
2 100 10000 12295 1870 3003717 41513 316
389 162 10000 12119 400000 2781116 265455 66306
260 318 10000 12301 180 3010696 40983 37
116 46 10000 12226 1100 2915612 136276 184
342 265 10000 12299 900 3008312 43709 152
27 52 10000 12300 10000 3008862 43938 1660
173 47 10000 12306 560 3013012 40922 98
18 275 10000 12307 1100 3014408 41022 184
224 74 10000 12231 560 2922520 132985 98
190 16 10000 12302 1870 3010710 45215 316
260 166 10000 12305 560 3011861 44509 98
300 99 10001 12298 560 3008308 49637 98
92 236 10000 12288 1870 2988304 69704 316
106 28 10000 12308 3160 3015612 42763 531
97 146 10000 12309 1870 3017946 42003 316
11 80 10000 12310 560 3020514 40428 98
295 204 10000 12220 100001 2907126 153998 16579
291 99 10000 12304 1100 3011300 50048 184
230 318 10000 12311 900 3023538 40644 152
47 122 10000 12316 250 3029367 40605 48
301 222 10000 12315 900 3029023 41061 152
156 233 10000 12312 560 3026184 44664 98
379 198 10000 12317 900 3029516 41425 152
54 95 10000 12319 180 3030773 40184 37
235 1 10000 12321 1870 3032704 41869 316
362 8 10000 12318 1100 3030116 44919 184
233 198 10000 12322 900 3034349 41038 152
177 89 10000 12320 900 3031319 44151 152
228 385 10000 12323 900 3034851 40779 152
240 256 10000 12338 1870 3055448 21043 316
239 310 10000 12324 560 3041679 40957 98
131 24 10000 12327 1100 3043991 41220 184
168 97 10000 12328 900 3045014 40644 152
238 219 10000 12330 560 3046278 40554 98
336 345 10000 12314 900 3028995 58818 152
239 370 10000 12329 3160 3045396 43539 531
296 34 10000 12332 900 3048483 41074 152
281 184 10000 12331 1870 3048187 42150 316
0 262 10000 11721 1850000 2281266 809349 306661
35 168 10000 12333 3160 3049187 42018 531
149 341 10000 12334 1870 3049379 42028 316
314 297 10000 12335 1100 3050512 40989 184
335 241 10000 12336 560 3050753 40798 98
149 96 10000 12325 3160 3042457 49960 531
263 383 10000 12326 180 3043467 49606 37
116 148 10000 12048 100001 2691772 402626 16579
329 345 10000 12337 250 3054169 40419 48
128 194 10000 11903 1850000 2518394 576933 306661
173 106 10000 12340 180 3056727 40312 37
282 85 10000 12339 560 3056470 40817 98
301 126 10000 12342 1100 3057417 41196 184
343 96 10000 11981 1850000 2611151 488831 306661
58 223 10000 12344 180 3059959 42013 37
13 20 10000 12343 560 3059861 42744 98
39 389 10000 12270 100001 2970515 132528 16579
60 370 10000 12347 560 3062599 40594 98
360 218 10000 11985 400000 2611665 491699 66306
360 62 10000 12303 560 3011244 93910 98
378 303 10000 12350 1100 3064129 41420 184
163 39 10000 12346 250 3061827 44079 48
198 385 10000 12345 10000 3061318 44644 1660
50 369 10000 12351 900 3065316 41307 152
129 371 10000 12349 560 3064082 43650 98
335 288 10000 12348 10000 3062760 46146 1660
93 377 10000 12352 560 3068423 41228 98
242 103 10000 12355 900 3069117 40891 152
261 59 10000 12356 560 3069624 40788 98
20 374 10000 12354 560 3069090 41336 98
40 245 10000 11613 1850000 2124652 990679 306661
30 113 10000 12353 1870 3068550 48617 316
147 243 10000 12361 560 3079604 40635 98
76 301 10000 12359 10000 3075078 47261 1660
378 364 10000 12374 10000 3099055 23424 1660
8 205 10000 12363 180 3081169 41690 37
27 398 10000 12366 1100 3083740 40772 184
283 183 10000 12059 400000 2708177 416483 66306
282 375 10000 12192 400000 2870441 254337 66306
107 362 10000 12362 1870 3079663 47422 316
384 196 10000 12365 10000 3083078 44270 1660
224 82 10000 12291 10000 2995840 133414 1660
272 362 10000 12367 3160 3088941 42173 531
299 155 10000 12360 900 3075340 55971 152
157 133 10000 12368 900 3090798 40644 152
186 294 10000 12369 180 3091294 40184 37
166 46 10000 12370 1870 3091571 41920 316
209 338 10000 12371 560 3094180 40582 98
144 270 10000 12372 560 3094710 40448 98
96 210 10000 12373 180 3096115 40185 37
55 29 10000 12375 900 3100414 40644 152
44 357 10000 12376 560 3101110 40428 98
383 209 10000 12378 900 3105182 40854 152
191 116 10000 12377 1870 3104587 42853 316
311 3 10000 12380 900 3110514 40644 152
104 21 10000 12379 900 3109819 41901 152
66 189 10000 12382 900 3115077 40644 152
300 24 10000 12383 250 3115929 40826 48
34 226 10000 12206 400000 2888026 277987 66306
285 11 10000 12387 1870 3128473 41645 316
16 224 10000 12390 560 3130064 40630 98
300 37 10000 12391 560 3130148 40636 98
67 66 10000 12413 180 3153360 20861 37
123 222 10000 12394 1100 3133022 41425 184
39 5 10000 12398 180 3136402 40184 37
34 98 10000 12392 10000 3131249 45545 1660
313 148 10000 12397 560 3136030 40975 98
207 155 10000 12400 560 3139759 40428 98
166 339 10000 12401 180 3139843 40422 37
360 308 10000 11973 1850000 2602309 579676 306661
45 128 10000 12402 1100 3141920 40772 184
358 219 10000 12403 180 3143062 41593 37
272 156 10000 12408 560 3146491 40736 98
393 335 10000 12406 1870 3145660 41867 316
6 216 10000 12407 1870 3145920 41657 316
332 268 10000 12411 180 3149264 40680 37
66 212 10000 12410 900 3149124 41019 152
173 23 10000 12393 180 3132446 58881 37
82 202 10000 12412 180 3151264 40184 37
45 289 10000 12416 3160 3160553 42706 531
83 120 10000 12419 560 3163576 40660 98
272 216 10000 12415 10000 3160469 43985 1660
251 131 10000 12054 1850000 2703362 503845 306661
67 370 10000 12414 10000 3160227 47783 1660
323 20 10000 12421 560 3168947 40428 98
363 288 10000 12409 10000 3147666 62648 1660
212 377 10000 12422 1100 3169191 41139 184
24 111 10000 12423 560 3170585 40428 98
349 227 10000 12426 560 3171358 40585 98
98 153 10000 12428 900 3173078 41016 152
211 154 10000 12425 10000 3171293 44129 1660
42 298 10000 12431 900 3175642 40644 152
168 15 10000 12430 180 3175447 41396 37
231 352 10000 12433 560 3176717 41143 98
255 110 10000 12284 400000 2987300 231551 66306
119 248 10000 12432 10000 3176070 44545 1660
169 77 10000 12436 900 3179983 40925 152
154 359 10000 12429 560 3174241 47570 98
252 241 10000 12182 1850000 2856287 366165 306661
189 270 10000 12437 10000 3181341 43938 1660
226 322 10000 12439 3160 3183212 42362 531
351 123 10000 12434 250 3178024 48202 48
236 368 10000 12441 560 3185580 40893 98
9 226 10000 12420 900 3168221 59103 152
67 115 10000 12440 1100 3185145 43254 184
346 319 10000 12404 900 3145338 83777 152
275 14 10000 12358 100001 3073268 156366 16579
394 61 10000 12438 1870 3182252 47529 316
71 150 10000 12442 560 3188646 41952 98
40 314 10000 12424 1100 3170702 60745 184
333 387 10000 12443 10000 3189376 44432 1660
213 5 10000 12446 1870 3192306 41559 316
123 169 10000 12444 10000 3190325 44635 1660
353 231 10000 12447 560 3195033 40945 98
336 330 10000 12469 900 3219993 20623 152
235 363 10000 12448 10000 3196759 47795 1660
87 236 10000 12454 1870 3204972 41946 316
235 166 10000 12455 560 3205009 42125 98
125 22 10000 12450 900 3199352 48574 152
314 138 10000 12456 900 3207913 40851 152
63 74 10000 12477 900 3228506 20640 152
221 225 10000 12478 180 3229120 20092 37
0 108 10000 12451 1870 3201334 50492 316
140 259 10000 12457 1870 3208336 43863 316
335 10 10000 12459 10000 3208362 43938 1660
186 369 10000 12460 3160 3210007 42533 531
27 65 10000 12384 100001 3117017 136149 16579
162 94 10000 12458 10000 3208359 47215 1660
106 274 10000 12463 560 3215451 40698 98
142 245 10000 12462 560 3213535 43823 98
48 307 10000 12435 560 3179537 77969 98
328 235 10000 12467 560 3219072 41446 98
330 294 10000 12464 900 3216581 45426 152
176 295 10000 12473 180 3224277 40435 37
107 64 10000 12466 900 3216917 47831 152
145 162 10000 12470 560 3221569 43725 98
78 103 10000 12418 560 3161023 104713 98
332 1 10000 12472 900 3223699 42904 152
122 352 10000 12471 1100 3223075 43891 184
211 132 10000 12475 560 3226774 40946 98
302 13 10000 12399 100001 3136480 132575 16579
355 37 10000 12479 250 3229608 40228 48
31 200 10000 12474 10000 3226039 44033 1660
321 92 10000 12480 1100 3229862 41002 184
106 394 10000 12481 3160 3231157 42386 531
244 210 10000 12483 560 3234406 40915 98
353 303 10000 12476 560 3227339 48412 98
94 160 10000 12484 560 3235244 40528 98
175 12 10000 12294 400000 3000062 276837 66306
359 128 10000 12485 560 3236893 40428 98
120 52 10000 12405 100001 3145517 131814 16579
210 61 10000 11639 1850000 2172808 1105812 306661
378 350 10000 12482 10000 3234307 46847 1660
218 174 10000 12487 900 3241291 41311 152
299 195 10000 12453 180 3204363 78578 37
303 313 10000 12498 250 3263542 23723 48
275 19 10000 12486 900 3237805 51598 152
129 12 10000 12488 560 3247950 45495 98
97 150 10000 12489 10000 3248894 46604 1660
187 308 10000 12491 900 3255149 40644 152
208 79 10001 12493 560 3256126 40428 98
300 376 10000 12395 100001 3133187 164108 16579
9 361 10000 12494 560 3256748 40676 98
258 201 10000 12495 900 3259032 40644 152
110 92 10000 12492 3160 3255872 45510 531
305 387 10000 12497 1870 3262194 42065 316
124 289 10000 12499 3160 3264059 42780 531
222 335 10000 12503 180 3273877 40566 37
214 245 10000 12504 560 3274977 40428 98
8 371 10000 12427 100001 3171923 143599 16579
106 377 10000 12506 900 3276055 41088 152
374 189 10000 12501 560 3270992 46897 98
87 106 10000 12507 250 3278491 40411 48
70 36 10000 12509 560 3282635 40598 98
21 82 10000 12502 250 3272745 52632 48
15 21 10000 12505 560 3275777 49909 98
150 43 10000 12510 1870 3283619 42067 316
149 86 10000 12513 560 3287541 41398 98
7 174 10000 11679 1850000 2234925 1094853 306661
122 377 10000 12514 560 3287691 42375 98
256 135 10000 12516 3160 3290543 41998 531
239 148 10000 12389 100001 3129440 206202 16579
263 45 10000 12512 1100 3286131 50595 184
325 139 10000 12520 560 3294809 43721 98
337 372 10000 12515 10000 3288749 51145 1660
186 55 10000 12511 10000 3284211 59121 1660
226 238 10000 12533 1870 3322262 21224 316
45 170 10000 12523 560 3302636 40899 98
260 174 10000 12522 10000 3300698 44562 1660
318 4 10000 12526 180 3307615 40184 37
298 206 10000 12525 560 3307540 40796 98
295 115 10000 12156 1850000 2821919 527162 306661
295 128 10000 12524 250 3307104 41986 48
306 116 10000 12528 900 3313560 41363 152
131 142 10000 12529 560 3316575 40935 98
163 346 10000 12186 1850000 2864816 494243 306661
12 236 10000 11565 1850000 2075497 1285163 306661
173 381 10000 12530 560 3320365 40428 98
264 317 10000 12532 1870 3321358 41934 316
326 38 10000 12534 900 3325702 40810 152
146 339 10000 12536 560 3327096 40428 98
114 31 10000 12537 900 3327732 40644 152
244 384 10001 12538 900 3328070 40973 152
307 219 10000 12540 1870 3329746 41513 316
382 276 10000 12539 250 3328311 43198 48
8 107 10000 12542 1100 3335628 41448 184
69 214 10000 12500 900 3269934 108359 152
94 349 10000 12544 1100 3338777 40835 184
337 309 10000 12547 1870 3341892 41907 316
84 76 10000 12548 1100 3343773 40847 184
180 396 10000 12541 10000 3333747 52165 1660
23 141 10000 12517 10000 3290720 99129 1660
67 99 10000 12553 900 3350796 40966 152
317 368 10000 12552 250 3349642 43261 48
155 301 10000 12550 10000 3346422 47105 1660
276 322 10000 12554 250 3354624 40821 48
158 334 10000 12557 560 3358492 40925 98
73 210 10000 12556 1100 3358460 41093 184
263 177 10000 12545 10000 3339980 64327 1660
287 26 10000 12561 900 3363627 41023 152
164 20 10000 12563 1870 3364881 41513 316
242 30 10000 12560 900 3363341 43786 152
36 391 10000 12565 3160 3365834 42198 531
166 234 10000 12566 1870 3366399 41660 316
7 27 10000 12568 180 3369405 40184 37
94 81 10000 12590 250 3390294 20531 48
66 55 10000 12508 100001 3279469 132426 16579
85 230 10000 12570 560 3372480 40512 98
19 148 10000 12571 1870 3372623 41954 316
10 43 10000 12572 560 3373150 41825 98
380 119 10000 12559 900 3363056 52058 152
337 219 10000 12562 900 3364695 52465 152
230 135 10000 12575 560 3377340 40428 98
377 316 10000 12574 560 3374818 49132 98
194 398 10000 12580 250 3384618 40228 48
210 1 10000 12578 10000 3381049 44185 1660
191 48 10000 12582 900 3384741 41416 152
297 382 10000 12576 180 3378427 47811 37
360 298 10000 12584 1100 3385935 41279 184
325 259 10000 12586 900 3387500 40878 152
259 94 10000 12589 250 3389384 40228 48
360 248 10000 12519 100001 3293563 137396 16579
265 333 10000 12579 1870 3382634 50141 316
181 69 10000 12591 3160 3391297 43356 531
38 180 10000 12593 560 3393602 41639 98
84 352 10000 12588 900 3388586 46830 152
112 221 10000 12592 10000 3392691 45935 1660
227 320 10000 12598 3160 3404227 42492 531
327 177 10000 12600 900 3406080 41361 152
3 339 10000 12603 560 3408303 40480 98
3 77 10000 12601 3160 3407029 42724 531
71 388 10000 12606 560 3410264 40847 98
289 249 10000 12243 1850000 2942407 508930 306661
143 311 10000 12607 900 3411298 41085 152
339 248 10000 12597 180 3404161 53331 37
281 151 10000 12609 1100 3413284 45576 184
318 24 10000 12615 560 3420431 40428 98
207 68 10000 12042 1850000 2687572 773391 306661
51 91 10000 12577 560 3380389 82829 98
41 29 10000 12618 1100 3423755 40772 184
277 250 10000 12619 900 3424981 40644 152
288 196 10000 12610 560 3414285 54059 98
390 254 10000 12620 560 3430281 40550 98
126 108 10000 12621 180 3430636 40522 37
288 86 10000 12546 100001 3341098 132581 16579
308 113 10000 12611 10000 3415850 59576 1660
304 139 10000 12622 1870 3432373 43544 316
314 370 10000 12625 1870 3435629 42052 316
8 151 10000 12628 180 3439741 40527 37
181 28 10000 12627 1870 3439498 41557 316
267 36 10000 12614 560 3419818 61697 98
73 322 10000 12626 250 3438349 43820 48
175 159 10000 12549 100001 3344984 137744 16579
301 311 10000 12647 1100 3463250 20386 184
130 388 10000 12632 1870 3443371 41784 316
329 185 10000 12633 900 3446455 40644 152
58 274 10000 12631 180 3442595 44956 37
358 382 10000 12071 1850000 2721714 767342 306661
345 42 10000 12634 560 3448826 40428 98
281 142 10000 12551 100001 3346650 143070 16579
298 274 10000 12636 1100 3451666 40772 184
207 228 10000 12638 1100 3452456 40970 184
253 142 10000 12640 1870 3454410 41513 316
264 361 10000 12639 3160 3453348 44642 531
366 36 10001 12567 100001 3368204 131971 16579
239 217 10000 12605 10000 3410133 90777 1660
287 350 10000 12645 1100 3462682 40772 184
293 371 10000 12641 900 3455356 48584 152
165 80 10000 12646 1100 3463101 41282 184
23 201 10000 12649 250 3464355 40664 48
288 142 10000 12642 10000 3459140 48429 1660
339 11 10000 12651 560 3468471 40561 98
294 55 10000 12648 10000 3464100 45421 1660
360 186 10000 12653 900 3470496 41750 152
56 383 10000 12654 10000 3471293 44234 1660
136 80 10000 12624 900 3433956 83655 152
77 144 10000 12581 100001 3384709 133955 16579
87 139 10000 12656 1100 3478062 41219 184
290 78 10000 12657 1100 3478893 41225 184
184 175 10000 12658 1870 3479684 41513 316
298 345 10000 12662 900 3481435 42277 152
171 149 10000 12661 10000 3480709 46544 1660
162 208 10000 12666 560 3487422 40428 98
211 234 10000 12667 1870 3490082 42000 316
185 43 10001 12670 180 3491741 40640 37
19 263 10000 12668 1870 3490810 41761 316
30 269 10000 12652 10000 3469026 63859 1660
57 260 10000 12655 10000 3477752 55388 1660
13 231 10000 12643 10000 3459164 75405 1660
311 270 10000 12596 100001 3402940 131814 16579
257 30 10000 12673 560 3494813 40974 98
71 235 10000 12675 560 3495889 40761 98
394 61 10001 12671 10000 3492253 44802 1660
132 58 10000 12669 250 3491576 45650 48
299 374 10000 12251 1850000 2958037 579634 306661
45 377 10000 12635 10000 3451183 87365 1660
134 183 10000 12680 180 3502220 40548 37
151 370 10000 12141 1850000 2797374 745889 306661
144 55 10000 12677 10000 3499293 43988 1660
8 221 10000 12602 100001 3407071 136391 16579
342 132 10000 12674 560 3495510 48532 98
392 99 10000 12664 10000 3483718 60727 1660
62 268 10000 12678 10000 3501249 44073 1660
84 125 10000 12681 3160 3504368 41998 531
167 285 10000 12679 10000 3501593 45534 1660
209 366 10000 12608 100001 3412252 135163 16579
207 348 10000 12682 1870 3509912 41962 316
397 283 10000 12357 1850000 3072391 480934 306661
210 372 10000 11908 1850000 2521137 1033842 306661
336 11 10000 12689 900 3514097 41449 152
197 287 10000 12690 560 3514598 41252 98
230 200 10000 12691 250 3515817 40714 48
51 141 10000 11699 1850000 2259905 1297786 306661
281 266 10000 12518 400000 3291385 266326 66306
345 329 10000 12684 250 3511310 52550 48
265 164 10000 12692 1870 3523185 42862 316
191 167 10000 12694 1870 3524755 41513 316
47 158 10000 12665 1870 3484983 83591 316
232 357 10000 12697 250 3531706 40228 48
91 85 10000 12716 180 3551985 20092 37
340 248 10000 12696 900 3530252 42408 152
74 382 10000 12585 100001 3386336 186953 16579
308 300 10000 12715 3160 3551822 22339 531
58 299 10000 11198 10000000 1591249 1985209 1657602
254 96 10000 12701 560 3536860 40432 98
170 72 10000 12630 100001 3442359 135587 16579
172 301 10000 12699 1870 3535910 43605 316
293 96 10000 12702 250 3540095 41368 48
229 344 10000 12683 1100 3509926 71833 184
110 348 10000 12081 1850000 2736175 845615 306661
351 397 10000 12703 1870 3540862 41964 316
140 178 10000 12706 900 3544453 40757 152
244 289 10000 12705 1870 3544066 41513 316
125 22 10001 12707 1100 3545573 40815 184
16 391 10000 12543 400000 3337125 250237 66306
184 303 10000 12704 900 3541768 47236 152
102 232 10000 12711 1870 3548520 41679 316
185 337 10000 12712 1100 3548976 41346 184
314 257 10000 12693 10000 3524275 66300 1660
241 58 10000 12709 10000 3545695 45439 1660
172 150 10000 12713 1100 3550390 44482 184
368 45 10000 12710 900 3546944 48264 152
2 381 10000 12718 560 3556309 40465 98
176 61 10000 12719 560 3556324 41156 98
173 263 10000 12722 900 3558248 41458 152
159 193 10001 12725 900 3559376 41093 152
30 289 10000 12723 10000 3558752 46484 1660
35 250 10000 12708 1100 3545625 59645 184
74 167 10000 12698 1100 3534300 71790 184
198 291 10000 12727 10000 3560009 46531 1660
43 393 10000 12386 1850000 3127500 485216 306661
140 88 10000 12558 400000 3360006 255995 66306
157 399 10000 12729 250 3576593 40228 48
40 213 10000 12714 10000 3551582 67510 1660
77 64 10000 12746 1870 3598022 21089 316
186 375 10000 12731 900 3578896 40919 152
370 26 10000 10047 10000000 75198 3546424 1657602
362 45 10000 12733 10000 3580149 44439 1660
23 348 10000 12734 3160 3582172 42939 531
205 99 10000 12735 1100 3584085 41210 184
149 250 10000 12736 560 3585902 40439 98
185 333 10000 12738 560 3588081 40447 98
300 306 10000 12756 1100 3609705 20386 184
191 152 10000 12739 180 3589375 41294 37
308 62 10001 12676 100001 3496033 134874 16579
345 50 10000 12737 180 3586275 44908 37
132 244 10000 12742 560 3592971 41059 98
150 145 10000 12728 100001 3564308 69960 16579
196 166 10000 12741 1100 3592349 42334 184
151 87 10000 12211 1850000 2893330 745794 306661
314 192 10000 12745 1100 3597785 41523 184
229 110 10000 12721 250 3557306 82853 48
387 362 10000 12744 560 3596877 45922 98
81 53 10000 12750 560 3602769 41016 98
128 300 10000 12751 900 3602952 40867 152
37 41 10000 12747 10000 3598115 46777 1660
380 346 10000 12749 10000 3601802 43938 1660
172 136 10000 12752 1870 3603847 42290 316
385 317 10000 12754 180 3605929 40296 37
158 358 10000 12753 560 3605644 41078 98
67 118 10000 12126 1850000 2786515 860954 306661
230 388 10000 12755 1100 3608847 41069 184
283 189 10000 12759 1870 3613035 41570 316
40 394 10000 11576 1850000 2083595 1571257 306661
259 337 10000 12688 100001 3513639 141559 16579
196 312 10000 12760 1870 3615668 41909 316
178 279 10000 12763 560 3618148 40428 98
248 7 10000 12758 250 3611141 47781 48
120 136 10001 12740 100001 3591295 70147 16579
308 306 10000 12779 1870 3640604 21263 316
195 99 10000 12650 100001 3466494 196160 16579
202 335 10000 12765 3160 3621480 41998 531
200 345 10000 12761 900 3615829 48988 152
397 352 10000 12767 250 3626699 40731 48
176 82 10000 12768 560 3626832 41064 98
296 166 10000 12766 3160 3625966 42704 531
37 196 10000 12770 560 3628125 41074 98
234 206 10000 12773 180 3634214 40670 37
152 158 10000 12796 560 3655641 21105 98
366 209 10000 12777 900 3636417 40644 152
296 96 10000 12617 400000 3422140 255049 66306
107 266 10000 12769 1100 3627010 50689 184
390 215 10000 12771 1870 3630885 47365 316
208 73 10000 12778 1100 3637637 40933 184
170 330 10000 12776 10000 3636231 44784 1660
359 341 10000 12801 900 3660912 20322 152
109 184 10000 12786 900 3643316 41336 152
331 355 10000 12788 1100 3644712 42489 184
228 273 10000 12784 10000 3642744 44713 1660
287 132 10000 12787 1100 3643416 44254 184
117 253 10000 12790 900 3647309 40644 152
6 299 10000 12792 560 3648650 40649 98
349 13 10000 12794 900 3649113 40644 152
194 5 10000 12775 560 3635443 54546 98
317 75 10000 12783 560 3642400 49658 98
56 91 10000 12795 560 3653111 40428 98
61 226 10000 12782 900 3642327 52381 152
119 294 10001 12791 10000 3647921 48319 1660
250 349 10000 12798 180 3658162 40583 37
369 129 10000 12726 100001 3559767 141249 16579
359 332 10000 12799 250 3659742 41945 48
50 323 10000 12802 1100 3662319 41304 184
365 300 10000 12804 180 3663388 40387 37
146 159 10000 12813 3160 3681235 22541 531
258 286 10000 12805 560 3668234 40880 98
342 385 10000 12797 560 3657118 52166 98
246 149 10000 12807 180 3671305 40662 37
120 268 10000 12724 100001 3558765 154106 16579
65 242 10000 12808 1100 3672165 40772 184
313 51 10000 12809 900 3674069 41303 152
194 270 10000 12800 1870 3659925 55814 316
29 393 10000 12811 180 3675927 40262 37
0 44 10000 12810 1870 3674822 44381 316
207 280 10000 12812 560 3680186 40428 98
24 252 10000 12660 400000 3480200 241635 66306
301 324 10000 12814 1100 3681427 41595 184
71 399 10000 12803 900 3662908 62241 152
258 165 10000 12816 3160 3684193 42045 531
310 282 10000 12672 400000 3494791 232139 66306
158 294 10000 12818 180 3687237 40344 37
274 75 10000 12815 10000 3683439 44484 1660
49 345 10000 12819 180 3688322 40184 37
62 254 10000 12821 560 3692087 40520 98
74 25 10000 12780 1870 3641730 92564 316
48 397 10000 12789 3160 3644972 90901 531
92 218 10000 12806 1870 3671033 66318 316
45 47 10000 12842 900 3718567 20806 152
31 348 10000 12730 100001 3576712 163928 16579
79 56 10000 12825 560 3700297 40428 98
315 201 10000 12823 1870 3698671 42337 316
379 177 10000 12826 560 3700500 40885 98
221 307 10000 12828 900 3700789 40644 152
391 158 10000 12822 900 3695725 48162 152
76 99 10000 12824 560 3699054 48457 98
98 73 10000 12762 100001 3617081 132512 16579
245 207 10000 12834 250 3710402 40228 48
170 42 10000 12793 560 3649022 104814 98
140 108 10000 12832 10000 3710133 43938 1660
370 329 10000 12836 560 3712373 41763 98
186 292 10000 12833 3160 3710309 44443 531
106 240 10000 12838 900 3714135 40644 152
138 383 10000 12837 560 3713996 40943 98
101 289 10000 12839 180 3715022 40184 37
53 41 10000 12856 560 3737830 20250 98
312 343 10000 12841 1100 3718296 41158 184
42 152 10000 12844 250 3719577 40793 48
357 10 10000 12846 1870 3721117 41783 316
81 10 10000 12847 900 3721969 41113 152
196 96 10000 12774 100001 3635089 131814 16579
333 328 10000 12863 180 3745934 21145 37
189 335 10000 12845 900 3721076 47099 152
140 210 10000 12849 1870 3727858 41779 316
188 120 10000 12850 250 3729834 40228 48
289 53 10000 12851 560 3732265 40783 98
391 360 10000 12848 900 3726120 47597 152
341 61 10000 12853 1100 3735469 40898 184
207 69 10000 12857 1100 3739457 40772 184
18 159 10000 12293 1850000 2999648 782529 306661
22 167 10000 12855 1100 3735896 48200 184
131 87 10000 12860 560 3743513 41042 98
336 201 10000 12861 1870 3743785 41672 316
312 361 10000 12862 560 3744316 41390 98
353 167 10000 12840 900 3716190 69882 152
64 375 10001 12700 400000 3536835 250652 66306
179 339 10000 12865 250 3751112 40701 48
368 118 10000 12864 3160 3749440 42617 531
1 21 10000 12868 1870 3756856 42140 316
330 236 10000 12843 900 3718801 80408 152
395 141 10000 12785 100001 3643100 160501 16579
241 98 10000 12871 3160 3761521 42337 531
125 222 10000 12869 10000 3756989 47149 1660
369 123 10000 12876 900 3764913 40644 152
57 354 10000 12875 1870 3764609 41568 316
98 129 10000 12873 180 3763302 43247 37
123 284 10000 12877 3160 3765441 42375 531
381 308 10000 12878 560 3767146 40796 98
148 13 10000 12687 100001 3513233 296403 16579
217 108 10000 12874 10000 3764443 46127 1660
293 129 10000 12781 100001 3642294 170073 16579
397 115 10000 12881 180 3774761 40271 37
257 267 10000 12879 10000 3771873 43998 1660
231 255 10000 12883 1100 3776791 40772 184
188 34 10000 12884 560 3778159 40428 98
84 192 10000 12885 250 3780061 40620 48
177 76 10000 12835 1870 3711260 111560 316
245 142 10000 12887 1870 3782028 41513 316
63 306 10000 12867 560 3754509 73652 98
349 42 10000 12890 1870 3791314 41513 316
239 129 10000 12364 1850000 3082763 750213 306661
293 384 10000 11919 1850000 2532391 1301159 306661
204 174 10000 12892 1100 3792615 41621 184
112 301 10000 12891 10000 3792427 44195 1660
274 42 10000 12895 180 3798353 40184 37
11 143 10000 12894 560 3795769 43922 98
151 21 10000 12897 1870 3800043 42789 316
93 164 10000 12898 250 3802796 42836 48
325 222 10000 12831 100001 3706878 139156 16579
175 141 10000 12852 900 3732329 113777 152
26 272 10000 12900 180 3809049 40941 37
27 93 10000 12901 3160 3809422 42164 531
281 240 10000 12903 900 3811967 40884 152
337 391 10000 12908 180 3816789 40746 37
154 313 10000 12906 3160 3815062 44112 531
343 249 10000 12910 250 3819352 40338 48
120 103 10000 12912 560 3822325 40428 98
340 158 10000 12587 1850000 3387930 475519 306661
237 329 10000 12913 560 3822616 41182 98
228 263 10000 12764 400000 3618807 246289 66306
210 7 10000 12757 400000 3610966 255036 66306
187 165 10000 12909 3160 3817184 49660 531
28 319 10000 12914 250 3827378 40635 48
386 42 10000 12915 180 3828790 40653 37
92 29 10000 12899 900 3805807 66557 152
104 18 10000 12916 1870 3833004 41961 316
244 256 10000 12941 1100 3853182 23780 184
277 394 10000 12917 10000 3833353 43938 1660
62 316 10000 12920 560 3837082 40605 98
24 290 10000 12918 180 3833793 44047 37
287 388 10000 12923 560 3839292 40786 98
77 373 10000 12922 560 3839239 40934 98
1 350 10000 12924 1870 3839935 41604 316
216 2 10000 12313 1850000 3026658 857065 306661
164 352 10000 12926 560 3843871 41014 98
375 257 10000 12866 100001 3754250 132191 16579
206 170 10000 12919 10000 3835491 52369 1660
163 229 10000 12925 10000 3843849 44624 1660
370 199 10000 12929 900 3847315 41189 152
101 242 10000 12930 900 3848229 40644 152
382 219 10000 12933 900 3849743 40644 152
46 11 10000 12934 180 3849868 42199 37
298 52 10000 12932 180 3849444 42828 37
15 331 10000 12939 560 3851844 41072 98
397 299 10000 12927 900 3845488 47878 152
206 44 10000 12938 10000 3850533 44099 1660
271 121 10000 12942 1100 3855016 40772 184
47 22 10000 11429 1850000 1909464 1986856 306661
226 75 10000 12935 10000 3850074 46681 1660
85 40 10000 12936 180 3850141 49230 37
13 171 10000 12946 900 3859657 40817 152
380 314 10000 12872 100001 3763048 138547 16579
139 2 10000 12948 560 3861703 40428 98
371 144 10000 12943 10000 3857059 45422 1660
192 30 10000 12944 1100 3857309 46344 184
151 262 10000 12949 250 3864387 40524 48
344 295 10000 12882 100001 3775004 134471 16579
46 192 10000 12952 250 3868689 40973 48
94 364 10000 12953 250 3870315 40228 48
322 366 10000 12950 3160 3866776 44135 531
201 251 10000 12886 100001 3781590 131956 16579
85 159 10000 12954 1100 3872716 40995 184
148 192 10000 12896 10000 3799110 114696 1660
358 26 10000 12951 10000 3868220 47894 1660
201 390 10000 12958 1100 3877770 41068 184
248 387 10000 12955 900 3875286 44500 152
359 12 10000 12959 560 3879134 40731 98
141 352 10000 12961 180 3883121 40810 37
117 111 10000 12977 1100 3903953 20386 184
41 276 10000 12962 250 3883955 40617 48
343 277 10000 12937 250 3850411 75491 48
286 278 10000 12960 900 3880993 48005 152
212 224 10000 12827 400000 3700721 232319 66306
248 336 10000 12966 900 3889425 44669 152
47 95 10000 12968 3160 3895012 42402 531
55 274 10000 12969 1870 3896721 41750 316
122 321 10000 12967 1100 3890488 50134 184
361 299 10000 12970 560 3897671 43247 98
59 43 10000 12992 900 3920843 21392 152
28 100 10000 12972 900 3901592 40644 152
113 155 10000 12976 180 3903583 40668 37
247 333 10000 12975 1100 3903313 40940 184
164 352 10001 12979 180 3904720 40245 37
273 222 10000 12904 100001 3812360 135354 16579
208 46 10000 12980 3160 3906331 41998 531
8 395 10000 12981 250 3908336 42978 48
339 227 10000 12905 100001 3812787 139418 16579
50 190 10000 12985 560 3911651 40607 98
91 370 10000 12986 560 3911825 40897 98
30 289 10001 12963 3160 3885648 69163 531
372 244 10000 12983 10000 3911035 45089 1660
352 387 10000 12117 1850000 2779231 1177092 306661
364 351 10000 12990 900 3916373 40644 152
226 100 10000 12989 1870 3916328 41647 316
223 239 10000 13006 560 3938527 20606 98
186 208 10000 12991 900 3916820 45380 152
276 160 10000 12982 1870 3910751 51943 316
194 95 10000 12988 3160 3915336 52477 531
389 381 10000 13013 10000 3946096 23424 1660
349 61 10000 12997 1870 3929611 41577 316
197 183 10000 13018 560 3950849 21042 98
179 178 10000 13015 10000 3947722 24531 1660
12 1 10000 13021 250 3953688 20312 48
146 247 10000 13000 560 3934574 41332 98
25 357 10000 12998 1870 3930577 47613 316
145 26 10000 12928 100001 3845934 133868 16579
275 296 10000 13008 900 3939613 40877 152
12 396 10000 13005 3160 3938413 42158 531
360 132 10000 13007 1870 3938899 41797 316
287 387 10000 12870 400000 3760157 220697 66306
120 34 10000 13009 900 3940457 40644 152
276 24 10001 12659 1850000 3480186 501006 306661
192 342 10000 12616 1850000 3421052 560489 306661
252 192 10000 13010 250 3941032 41135 48
228 29 10000 12858 400000 3739888 242435 66306
326 310 10000 13011 560 3942108 40924 98
30 42 10000 12921 100001 3838798 144296 16579
209 251 10000 13001 180 3935154 50046 37
220 325 10000 13014 3160 3946388 42938 531
124 283 10000 12987 1100 3913932 79033 184
80 155 10000 13003 10000 3937627 55509 1660
354 280 10000 13020 180 3953606 40365 37
4 195 10000 12911 100001 3819449 175580 16579
276 204 10000 13025 250 3957425 40228 48
215 356 10000 13016 560 3948149 49615 98
63 56 10000 13023 1100 3956563 41808 184
376 228 10000 13028 180 3958836 40383 37
178 64 10000 13026 3160 3957956 42490 531
365 216 10000 13029 900 3960541 40832 152
11 389 10000 13030 250 3961004 40574 48
37 31 10000 13046 560 3982218 20368 98
15 53 10000 13027 560 3958290 45124 98
33 196 10000 13031 3160 3961802 42038 531
186 317 10000 12940 100001 3852936 152174 16579
277 97 10000 13033 900 3964682 40890 152
361 296 10000 13019 10000 3952595 53548 1660
323 275 10000 13036 900 3966999 40854 152
347 86 10000 13037 900 3968496 40805 152
141 52 10000 12957 100001 3877557 132773 16579
66 59 10000 13039 900 3970058 40654 152
100 325 10000 13041 560 3974778 40450 98
159 92 10000 13042 250 3975607 40763 48
266 301 10000 11342 10000000 1789085 2228647 1657602
372 126 10000 13040 3160 3972047 46976 531
187 136 10000 12964 100001 3887822 132187 16579
250 48 10000 13044 900 3979136 41290 152
166 318 10000 13043 10000 3976161 44965 1660
367 392 10001 13045 250 3981938 40928 48
293 204 10000 13053 900 3990151 41560 152
109 258 10000 12720 1850000 3556718 475918 306661
229 283 10000 13038 1870 3969940 63154 316
232 4 10000 13055 1870 3992304 41660 316
193 198 10000 13076 900 4017152 20322 152
104 118 10000 13077 560 4018465 20214 98
26 238 10000 13050 3160 3988205 51066 531
256 120 10000 13057 3160 3997896 42406 531
38 289 10000 13049 560 3987814 52764 98
249 303 10000 13051 10000 3989106 51544 1660
259 129 10000 13062 560 4001314 40719 98
383 317 10000 13052 180 3989227 53731 37
71 36 10000 13024 900 3957027 86538 152
52 114 10000 12973 100001 3901610 142522 16579
227 109 10000 13064 900 4003751 41130 152
221 273 10000 13065 560 4004957 41009 98
171 312 10000 13056 3160 3993360 53556 531
186 71 10000 13059 250 3998766 48172 48
284 252 10000 13066 900 4008059 41022 152
267 146 10000 13063 10000 4003557 45693 1660
179 90 10000 13067 560 4009198 40724 98
63 278 10000 13068 560 4011324 40770 98
157 173 10000 13069 1100 4011761 40881 184
6 100 10000 12994 100001 3922901 131981 16579
82 226 10000 13071 1870 4012171 44217 316
385 187 10000 13075 560 4016170 40588 98
395 115 10000 13070 10000 4011997 48010 1660
81 129 10000 13061 560 3999394 61012 98
106 376 10000 12996 100001 3926285 136006 16579
283 310 10000 13080 250 4024254 40228 48
74 198 10000 13048 3160 3983751 81055 531
116 358 10000 11410 1850000 1889189 2176720 306661
1 380 10000 13083 900 4026526 40942 152
96 42 10000 13082 900 4025391 43609 152
41 344 10000 13002 100001 3937491 132263 16579
175 48 10000 12907 400000 3816207 254204 66306
263 52 10000 12984 100001 3911309 159170 16579
58 22 10000 13084 560 4031053 40668 98
298 354 10000 13078 560 4019196 52724 98
160 0 10000 12993 1870 3922379 150790 316
250 111 10000 13086 1100 4035603 40772 184
349 9 10000 13087 10000 4036013 45249 1660
385 14 10000 13089 900 4040409 42926 152
224 113 10000 12971 560 3901019 183456 98
354 183 10000 13090 10000 4040744 45440 1660
291 391 10000 13091 1870 4043584 42692 316
343 37 10000 13094 1870 4048771 41680 316
66 29 10000 13095 1100 4049994 41160 184
82 214 10001 12945 400000 3857749 237452 66306
144 152 10000 13117 1100 4075685 20707 184
193 7 10000 13098 560 4055108 41338 98
111 240 10000 13096 560 4051082 45691 98
366 20 10000 13099 900 4056804 41355 152
23 149 10000 13073 900 4013214 85369 152
30 237 10000 13101 180 4060105 40184 37
357 82 10000 13100 3160 4058308 41998 531
76 23 10000 13004 100001 3937681 163472 16579
92 97 10000 12262 1850000 2965649 1136021 306661
395 104 10000 13093 1870 4048161 54056 316
118 306 10000 13105 250 4062014 40654 48
313 126 10000 13104 560 4061903 41036 98
352 255 10000 13106 560 4062485 40676 98
4 343 10000 13097 10000 4052773 51553 1660
79 149 10000 13107 180 4062729 41900 37
255 50 10000 12999 100001 3932163 173023 16579
191 51 10000 13103 10000 4061430 43968 1660
258 80 10000 13108 180 4066915 40588 37
324 388 10000 10874 10000000 1115622 2995143 1657602
66 25 10000 13111 900 4070260 40801 152
253 149 10000 13102 10000 4060284 51948 1660
292 29 10000 13114 1870 4072352 41595 316
100 380 10000 13113 1100 4071888 42584 184
199 384 10000 13017 100001 3949593 165246 16579
182 391 10000 13112 10000 4070767 44095 1660
250 8 10000 13116 180 4075117 40184 37
377 320 10000 13121 1100 4078562 42728 184
178 106 10000 13079 1100 4021606 100162 184
56 38 10000 13118 1100 4077631 44935 184
165 133 10000 13120 1870 4077976 45009 316
264 180 10000 13124 900 4083479 41264 152
326 279 10000 13123 10000 4081348 44116 1660
292 99 10000 13126 560 4084901 40880 98
154 79 10000 13127 1100 4085103 41569 184
61 381 10000 13130 560 4086089 42315 98
386 200 10000 13131 900 4088719 41485 152
108 298 10000 13060 100001 3999241 132241 16579
323 311 10000 13122 900 4080389 51457 152
78 254 10000 13058 100001 3998653 134381 16579
253 296 10000 13132 10000 4088942 44254 1660
246 145 10000 13054 100001 3991777 141578 16579
42 134 10000 13133 1100 4092586 40969 184
324 269 10000 13134 180 4093891 40781 37
161 302 10001 13135 560 4094758 40811 98
353 348 10000 13152 900 4117641 20652 152
393 148 10000 13136 10000 4095685 44082 1660
198 298 10000 13137 900 4098919 40938 152
197 175 10000 13138 1870 4102090 41885 316
70 164 10000 11975 1850000 2606022 1538275 306661
28 195 10000 13140 900 4104090 41557 152
186 33 10000 12564 1850000 3365665 780004 306661
354 87 10000 13141 180 4105820 40184 37
22 368 10000 13145 180 4107187 40470 37
335 148 10000 13143 1870 4106100 41721 316
217 162 10000 13146 180 4109975 41423 37
194 309 10000 13139 10000 4102394 49074 1660
56 269 10000 13142 180 4105958 47162 37
21 175 10000 13085 1870 4033266 119912 316
325 22 10000 13147 900 4112874 40960 152
74 257 10000 12595 1850000 3401307 752769 306661
32 142 10000 13149 1100 4114248 40772 184
259 150 10000 12381 1850000 3113164 1042736 306661
308 52 10000 12449 1850000 3199241 956668 306661
216 40 10000 13148 1870 4113212 45058 316
358 391 10000 13155 560 4121700 40920 98
95 321 10000 13154 1870 4121467 41605 316
96 280 10000 13081 100001 4024328 139475 16579
147 105 10000 13156 1100 4122725 41288 184
271 95 10000 13150 560 4115902 52464 98
397 138 10000 13151 1870 4117170 51698 316
222 19 10000 13157 10000 4125060 44918 1660
244 174 10000 13153 10000 4120684 49784 1660
200 364 10000 13115 560 4073583 98721 98
49 354 10000 13160 1870 4130474 43905 316
110 15 10000 13158 10000 4126201 48357 1660
53 126 10000 13161 1870 4133496 41603 316
242 365 10000 12569 1850000 3371467 806836 306661
311 247 10000 13165 250 4138700 40228 48
364 111 10000 13166 560 4140356 40794 98
169 270 10000 13092 100001 4045199 139298 16579
96 225 10000 13169 180 4144762 40184 37
308 358 10000 12974 400000 3902105 283037 66306
368 18 10000 13167 3160 4140388 45208 531
141 387 10000 13168 1870 4143929 41694 316
301 366 10000 13170 1870 4146343 41528 316
397 165 10000 12830 1850000 3704865 483780 306661
337 257 10000 13172 900 4148112 40644 152
390 387 10000 13184 900 4169110 21202 152
13 103 10000 13159 180 4127565 64388 37
66 3 10000 13175 560 4153618 40428 98
316 20 10001 13174 1100 4152755 41390 184
361 367 10000 13188 560 4171927 24952 98
159 115 10000 13177 900 4156692 40970 152
256 194 10000 13176 1870 4156508 41917 316
350 252 10000 13109 100001 4067554 132380 16579
129 121 10000 13194 560 4180297 20583 98
338 228 10000 13179 180 4162731 40464 37
157 370 10000 13180 900 4163891 41615 152
344 323 10000 13162 560 4134036 71626 98
13 247 10000 13182 560 4166614 40732 98
144 61 10000 13183 560 4168619 40825 98
195 82 10000 13185 900 4169278 40965 152
145 177 10000 13187 250 4169737 40515 48
97 140 10000 12859 1850000 3740103 476631 306661
339 298 10000 13190 250 4177367 40603 48
241 231 10000 13129 100001 4085955 132440 16579
365 371 10000 13213 900 4198200 20322 152
130 341 10000 13192 900 4178316 40769 152
255 250 10000 13210 180 4191508 28303 37
56 272 10000 13034 400000 3964818 255067 66306
286 166 10000 13196 560 4181960 40460 98
29 4 10000 12290 1850000 2994072 1229344 306661
125 175 10000 13047 400000 3983636 240397 66306
282 188 10000 13199 1870 4183352 41998 316
306 354 10000 13201 3160 4184201 42179 531
24 71 10000 13128 100001 4085159 142006 16579
97 98 10000 13217 560 4208818 20214 98
221 242 10000 13203 10000 4185931 43938 1660
51 135 10000 13206 1100 4189111 41387 184
231 42 10000 13209 900 4191047 40916 152
28 267 10000 13191 1100 4177849 54216 184
151 325 10000 13211 560 4191980 40612 98
58 169 10000 13207 1870 4190737 41939 316
384 197 10000 13208 560 4191020 42128 98
233 320 10000 13212 250 4194826 40532 48
131 368 10000 13205 10000 4188878 46560 1660
181 306 10000 13214 250 4198385 40412 48
359 394 10000 13215 560 4202527 41006 98
72 55 10000 13216 1870 4205303 41876 316
93 12 10000 11584 10000000 2091092 2157325 1657602
215 293 10000 13218 560 4211475 42940 98
152 119 10000 12604 1850000 3409424 845251 306661
250 54 10000 13220 1870 4212666 42342 316
332 116 10000 13221 1870 4213193 42215 316
15 166 10000 13219 1870 4212533 43008 316
70 326 10000 13224 560 4215800 40428 98
83 374 10000 13225 900 4216562 41493 152
360 27 10000 13227 180 4219443 40664 37
297 372 10000 12396 1850000 3134097 1127199 306661
200 25 10000 12947 400000 3860274 401681 66306
235 93 10000 13226 10000 4218999 43977 1660
128 270 10000 13229 1100 4223008 40848 184
269 54 10000 13228 560 4221753 44926 98
157 210 10000 13231 900 4225873 41035 152
393 307 10000 13163 100001 4135186 133747 16579
314 114 10000 13232 900 4228106 40889 152
73 338 10000 13234 560 4230098 40428 98
183 74 10000 13230 560 4223079 47580 98
94 13 10000 13238 250 4232354 40235 48
183 329 10000 13088 400000 4036180 236419 66306
165 6 10000 13237 1870 4230826 41913 316
353 87 10000 13236 180 4230732 42511 37
186 261 10000 13239 560 4233618 41010 98
352 298 10000 13241 900 4236081 40676 152
219 18 10000 13243 560 4238219 40721 98
66 117 10000 13245 900 4239405 40903 152
15 80 10000 13171 100001 4147543 133676 16579
22 390 10000 13242 10000 4236607 45283 1660
158 394 10000 13246 900 4240074 42125 152
63 236 10000 13248 180 4241558 40829 37
369 294 10000 13251 900 4244336 40793 152
386 146 10000 13249 250 4242653 43027 48
217 86 10000 13252 900 4244572 41400 152
256 7 10000 13254 560 4248811 40800 98
7 315 10000 13253 900 4248380 41288 152
159 193 10002 13255 180 4252101 40704 37
353 377 10000 13256 900 4255696 41700 152
120 216 10000 13258 1100 4257414 40772 184
208 121 10000 13259 1100 4258118 40772 184
19 21 10000 13260 1870 4258221 42392 316
115 395 10000 13257 560 4256014 44962 98
117 38 10000 13263 180 4260650 40477 37
146 135 10000 12594 1850000 3398712 907840 306661
248 373 10000 13012 400000 3944013 365600 66306
367 316 10000 13181 100001 4165686 144412 16579
83 136 10000 13266 900 4270828 41128 152
248 363 10000 13235 900 4230382 82680 152
12 48 10000 13186 100001 4169426 144748 16579
181 171 10000 13198 100001 4182827 132509 16579
395 203 10000 13189 100001 4173969 142810 16579
177 135 10000 13267 560 4271083 47915 98
53 9 10000 13268 1100 4278416 41628 184
398 262 10000 13271 1100 4279963 41070 184
278 364 10000 13269 3160 4278695 42403 531
183 101 10000 13273 1870 4280921 41513 316
114 255 10000 13275 900 4284036 41088 152
362 13 10000 13272 1870 4280751 44813 316
322 294 10000 13270 560 4279190 46619 98
150 22 10000 13278 1100 4287170 40957 184
137 14 10000 13277 10000 4286634 43938 1660
70 379 10000 13276 3160 4286597 45522 531
178 120 10000 13280 1870 4294813 41941 316
343 53 10000 13281 180 4296121 40906 37
71 221 10001 13261 180 4259175 82997 37
73 128 10000 13284 560 4303204 40647 98
308 251 10000 13285 180 4303629 40586 37
289 11 10000 13279 10000 4289705 54611 1660
16 184 10000 13283 1870 4302599 41767 316
290 49 10000 13286 560 4303661 43550 98
75 191 10000 13291 900 4309096 41665 152
118 123 10000 13223 100001 4214657 137285 16579
303 143 10000 13288 3160 4305117 51955 531
280 398 10000 13292 3160 4315585 42444 531
268 38 10000 13293 1870 4316497 41731 316
61 373 10000 12612 1850000 3417770 941233 306661
217 94 10000 13295 900 4318918 42983 152
303 249 10000 13290 1870 4308994 53170 316
298 226 10000 13294 900 4317599 45502 152
146 176 10000 13296 10000 4319832 44257 1660
198 217 10000 13297 1870 4322502 41951 316
39 125 10000 13289 900 4308760 55943 152
91 340 10000 13240 100001 4235112 132022 16579
344 165 10000 13282 560 4299072 68933 98
12 396 10001 13303 900 4330125 40644 152
363 339 10000 13299 900 4324383 49431 152
187 72 10000 13247 100001 4241307 135682 16579
207 382 10000 13310 3160 4336041 41998 531
112 273 10000 13300 10000 4326127 54209 1660
304 380 10000 13301 1870 4329512 51129 316
230 58 10000 13311 1100 4338671 42172 184
368 12 10000 13312 180 4340209 40709 37
90 239 10000 13304 560 4330312 50731 98
28 66 10000 12829 1850000 3703973 678837 306661
114 145 10000 13314 560 4342569 40941 98
307 398 10000 13309 10000 4334840 50606 1660
237 305 10000 13313 10000 4341274 44343 1660
179 5 10000 13317 560 4344370 41247 98
244 48 10000 13308 3160 4334576 51375 531
13 114 10000 13173 400000 4151331 234715 66306
130 315 10000 13306 1100 4333224 52897 184
322 40 10000 11131 10000000 1507937 2878242 1657602
127 4 10000 13274 900 4283675 103425 152
285 187 10000 13318 560 4347479 40521 98
171 322 10000 13305 180 4332713 57067 37
43 66 10000 13322 3160 4352463 42264 531
350 12 10001 13320 10000 4351684 44223 1660
307 168 10000 13325 560 4356301 41225 98
139 309 10000 13327 900 4357570 40644 152
230 8 10000 13326 1870 4356911 41741 316
377 141 10001 13330 180 4362058 40184 37
212 33 10000 13329 10000 4358529 46770 1660
267 290 10000 13332 560 4365833 41550 98
140 117 10000 13336 560 4367830 40428 98
49 206 10000 13334 1870 4367171 42067 316
204 176 10000 13335 1100 4367416 42131 184
364 233 10000 13307 560 4333330 76675 98
121 275 10000 13337 250 4370782 40513 48
31 395 10000 13338 560 4373746 40989 98
148 372 10000 12583 1850000 3384948 1030972 306661
26 111 10001 13339 560 4375039 40978 98
305 62 10000 13340 1100 4375369 42626 184
259 339 10000 13204 400000 4186730 232395 66306
364 71 10000 13341 250 4377512 41742 48
192 153 10000 13344 1870 4378557 41872 316
122 304 10000 13346 1870 4379701 41513 316
383 232 10000 13315 1870 4342651 79495 316
1 52 10000 13342 10000 4378169 44627 1660
232 218 10000 13347 1870 4381536 41736 316
360 34 10000 13343 900 4378478 48790 152
55 222 10000 13348 10000 4384294 44437 1660
379 158 10000 13349 900 4387817 40986 152
195 173 10000 13350 560 4388556 40557 98
385 102 10000 13287 100001 4303805 132006 16579
1 110 10000 13353 3160 4392618 43276 531
129 394 10000 13355 900 4396652 40644 152
38 267 10000 13333 900 4366862 72390 152
316 313 10000 13372 900 4419123 20322 152
36 133 10000 13035 1850000 3965998 474558 306661
59 74 10000 13357 3160 4399261 42257 531
250 162 10000 13359 900 4401880 40889 152
110 359 10000 13351 1870 4392177 51410 316
43 105 10000 13361 560 4405267 40564 98
3 219 10000 13360 560 4405160 40770 98
37 77 10000 13362 180 4405571 40496 37
16 6 10000 13379 560 4428670 20351 98
353 20 10000 13365 1100 4413840 41253 184
273 177 10000 13367 1870 4415452 41685 316
151 210 10000 13368 1870 4415682 41986 316
1 45 10000 13369 250 4416563 41353 48
17 99 10000 13366 900 4415296 44058 152
10 276 10000 13298 100001 4323867 136356 16579
153 235 10000 13233 400000 4228325 233091 66306
113 94 10000 13374 180 4421083 40676 37
277 57 10000 13371 180 4418999 43321 37
247 254 10000 13388 3160 4441197 21495 531
328 301 10000 13378 250 4428307 40786 48
335 380 10000 13377 560 4423736 45359 98
282 123 10000 13380 180 4429689 40455 37
25 224 10000 13382 560 4430204 40759 98
172 69 10000 12956 1850000 3877279 594744 306661
344 186 10000 13381 10000 4429985 46549 1660
124 32 10000 13364 1870 4413161 65267 316
156 317 10000 13385 560 4438781 41362 98
61 154 10000 13384 1870 4438149 42684 316
284 238 10000 13386 250 4439866 41155 48
369 389 10000 13387 900 4440689 40858 152
204 148 10000 13324 100001 4356278 132093 16579
332 314 10000 13390 560 4449936 40737 98
42 95 10000 13328 100001 4358498 134955 16579
239 387 10000 13393 1870 4454765 42758 316
246 26 10000 13395 560 4456998 40935 98
137 57 10000 13397 1870 4458097 41513 316
29 194 10000 13396 900 4457779 42321 152
121 64 10000 13394 900 4456169 46196 152
316 39 10000 13392 900 4454590 48857 152
339 23 10000 13402 180 4468658 40211 37
114 151 10000 13401 3160 4467442 42503 531
240 113 10000 13345 100001 4379627 133080 16579
91 337 10000 13405 560 4472344 40483 98
94 39 10000 13406 1870 4472797 41877 316
128 65 10000 13407 900 4474718 41047 152
255 94 10000 13403 900 4469128 48278 152
206 363 10000 13408 1100 4476844 40772 184
215 288 10000 13400 560 4466415 52639 98
245 314 10000 13414 560 4480121 40933 98
338 263 10000 13411 250 4479534 42342 48
39 94 10000 13412 10000 4479732 43938 1660
283 138 10000 13410 10000 4479421 45115 1660
227 43 10000 13415 3160 4483152 42307 531
202 210 10000 13431 10000 4502091 23620 1660
388 11 10000 13417 900 4484938 41154 152
169 129 10000 13418 180 4486757 41675 37
256 126 10000 13356 100001 4398235 131814 16579
216 263 10000 13250 400000 4243652 286494 66306
72 320 10000 13419 1100 4489322 41185 184
202 339 10000 13420 3160 4489543 42271 531
20 294 10001 13421 560 4493013 40428 98
69 388 10000 13422 900 4494721 41031 152
192 190 10000 13447 1870 4514539 21298 316
350 332 10000 13423 900 4495314 41062 152
157 169 10000 13426 250 4496877 40228 48
251 190 10000 13425 1870 4496039 41690 316
11 101 10000 13409 10000 4477840 61411 1660
85 231 10000 13427 560 4499071 40437 98
343 138 10000 13428 1870 4500011 41625 316
132 313 10000 13430 560 4500153 41557 98
174 34 10000 13429 3160 4500022 41998 531
39 144 10000 13435 3160 4504706 42459 531
11 0 10000 13460 900 4527209 20717 152
93 140 10000 13437 560 4507816 40428 98
9 41 10000 13438 900 4507977 41048 152
208 253 10000 13440 560 4508548 40539 98
371 337 10000 13441 180 4508946 40404 37
210 108 10000 13436 900 4506850 44081 152
226 164 10000 13443 1100 4511092 40947 184
134 16 10000 12965 1850000 3889377 663906 306661
1 343 10000 13444 1100 4512752 41162 184
176 386 10000 13446 560 4514194 40631 98
386 314 10000 13119 1850000 4077634 477283 306661
201 351 10000 13445 3160 4513971 42325 531
273 375 10000 13448 1100 4515546 41050 184
340 398 10000 13450 900 4516739 40644 152
220 129 10000 13451 900 4517579 41110 152
339 269 10000 13370 100001 4418310 142928 16579
119 223 10000 13455 900 4524223 40870 152
92 352 10000 13222 400000 4214265 351996 66306
328 297 10000 13433 180 4503130 63460 37
81 112 10000 13457 1870 4525192 42046 316
54 148 10000 13434 180 4503428 66372 37
56 169 10000 13462 560 4529599 40428 98
327 187 10000 13458 250 4526622 45532 48
326 356 10000 12613 1850000 3417865 1154498 306661
119 13 10000 13459 10000 4527103 45741 1660
109 40 10000 13461 1870 4528415 50671 316
14 271 10000 13464 900 4535740 43609 152
40 53 10000 11519 10000000 2021997 2557502 1657602
344 53 10000 13465 1870 4537281 42333 316
58 208 10000 13468 3160 4538621 42324 531
143 85 10000 13469 180 4540369 41389 37
36 70 10000 13466 1870 4537610 44709 316
25 392 10000 13471 560 4541873 40661 98
328 49 10000 13456 900 4524839 58068 152
56 97 10000 13470 3160 4541207 41998 531
176 79 10000 13472 1100 4542009 41256 184
330 143 10000 13449 560 4515823 67489 98
274 248 10000 13473 900 4544012 40900 152
296 182 10000 13474 180 4544581 40400 37
69 272 10000 13454 900 4522840 63221 152
330 7 10000 12535 1850000 3326727 1261360 306661
131 103 10000 13467 10000 4538260 52702 1660
251 253 10000 13490 180 4571035 20304 37
26 188 10000 13480 900 4553045 40673 152
272 217 10000 13479 1100 4552486 42740 184
47 44 10000 13492 1870 4577203 21172 316
362 316 10000 13399 100001 4464970 134677 16579
20 86 10000 13482 1100 4560560 40826 184
371 184 10000 13483 560 4560987 40670 98
245 24 10000 13484 3160 4564465 41998 531
76 147 10000 13487 180 4566672 41303 37
328 21 10000 13383 100001 4432895 176432 16579
246 295 10000 13486 560 4565995 45372 98
246 313 10000 13489 10000 4569302 44490 1660
84 194 10000 13398 100001 4462359 154422 16579
137 275 10000 13488 560 4566935 51363 98
301 122 10000 13493 560 4578310 41516 98
332 82 10000 13494 560 4582537 41163 98
60 108 10000 13495 1100 4583916 41589 184
345 203 10000 13498 900 4585947 41278 152
153 261 10000 13416 100001 4484399 143218 16579
144 203 10000 13501 900 4587480 41625 152
340 137 10000 13502 560 4589698 40760 98
280 193 10000 13500 1870 4586947 44323 316
127 283 10000 13496 560 4585470 46144 98
114 337 10000 13497 560 4585640 46040 98
269 114 10000 13499 560 4586155 48871 98
358 78 10000 13504 560 4593999 41252 98
71 142 10000 13491 900 4571133 64283 152
369 60 10000 13363 400000 4410786 225475 66306
268 99 10000 13505 900 4594104 42243 152
74 383 10000 13503 560 4593276 43353 98
349 89 10000 13424 100001 4495432 145120 16579
131 19 10000 13323 400000 4355533 285041 66306
56 181 10000 13509 3160 4602624 42189 531
397 56 10000 13510 10000 4604584 44438 1660
254 329 10000 13452 100001 4518421 132336 16579
197 283 10000 13513 180 4611401 40784 37
368 30 10000 13507 10000 4598974 53672 1660
287 363 10000 13514 560 4612300 40456 98
57 169 10000 13516 180 4612495 40383 37
190 225 10000 13517 900 4613226 40644 152
185 222 10000 12644 1850000 3459332 1202670 306661
299 216 10000 13520 180 4622174 40375 37
94 341 10000 13519 3160 4621129 42748 531
81 103 10000 13522 180 4623702 40836 37
107 132 10000 12142 10000000 2797566 1868787 1657602
301 126 10001 13524 250 4630559 40484 48
378 127 10000 13526 560 4631270 40747 98
44 398 10000 13528 1870 4631732 41513 316
301 127 10000 13527 10000 4631338 44632 1660
361 117 10000 13506 180 4594392 81853 37
224 55 10000 13164 100001 4136687 539849 16579
259 80 10000 13475 100001 4545723 132053 16579
220 35 10000 13531 900 4637424 40963 152
84 206 10000 13523 900 4625235 53717 152
327 235 10000 13534 560 4639173 40807 98
186 341 10000 13532 1870 4638607 41513 316
349 121 10000 13358 400000 4400453 279734 66306
53 308 10000 13537 560 4640209 40564 98
361 93 10000 13535 180 4639255 42662 37
363 59 10000 13538 1870 4643232 41513 316
381 307 10000 12817 1850000 3685220 1002256 306661
383 120 10000 13508 900 4601107 88310 152
8 271 10000 13539 900 4644640 45773 152
153 48 10000 13542 1870 4650130 41626 316
217 317 10000 13546 900 4651671 41042 152
51 214 10000 13478 100001 4550530 142998 16579
7 369 10000 13547 560 4653320 40877 98
324 392 10000 13549 900 4654677 41528 152
261 288 10000 13550 180 4654708 42260 37
320 10 10000 13552 250 4660011 40395 48
85 44 10000 13553 560 4661423 40447 98
303 19 10000 13544 10000 4650735 56939 1660
218 349 10000 13511 560 4609545 99152 98
120 262 10000 13555 900 4666280 43688 152
107 9 10000 13559 560 4669955 40934 98
338 359 10000 13561 180 4672906 40516 37
85 290 10000 13556 560 4668096 45818 98
216 80 10001 13560 3160 4672629 43191 531
270 74 10000 13562 900 4674578 41420 152
398 18 10000 13564 900 4675311 40955 152
71 124 10000 13536 10000 4640023 80922 1660
28 197 10000 13572 250 4682993 40349 48
174 43 10000 13571 1100 4682820 40772 184
361 357 10000 13573 180 4685036 41444 37
284 390 10000 13575 250 4686289 40547 48
341 375 10000 13574 560 4685939 40905 98
359 155 10000 13569 1100 4679689 48003 184
35 365 10000 13565 10000 4676664 53567 1660
127 101 10000 13568 560 4678808 51799 98
309 269 10000 13566 900 4676968 54367 152
22 200 10000 13576 560 4687135 44585 98
195 319 10000 13578 560 4691631 40428 98
52 380 10000 13125 1850000 4083782 651525 306661
154 176 10000 13577 250 4691120 44652 48
114 355 10000 13582 1870 4699157 42325 316
121 320 10000 13264 1850000 4265411 476624 306661
358 377 10000 13583 900 4702020 40818 152
342 184 10000 13529 180 4633714 109204 37
244 317 10000 13584 560 4702036 41591 98
249 41 10000 13265 1850000 4268252 476224 306661
237 73 10000 13587 900 4704997 40918 152
117 152 10000 13585 1870 4704911 41749 316
325 277 10000 13586 1870 4704952 42420 316
191 157 10000 13588 560 4707086 41304 98
358 378 10000 13581 1870 4697887 54273 316
148 76 10000 13590 560 4710517 41878 98
179 246 10000 13512 100001 4609667 143153 16579
364 273 10000 13591 10000 4710544 43949 1660
391 271 10000 13570 250 4680437 74984 48
351 2 10000 13594 1870 4713351 42376 316
381 65 10000 13592 560 4712308 43553 98
131 350 10000 13567 3160 4677557 83577 531
254 164 10000 13601 560 4725812 40428 98
42 272 10000 13525 100001 4631008 136895 16579
4 103 10000 13599 3160 4723006 44983 531
86 344 10000 13600 10000 4724290 44147 1660
100 40 10000 13602 560 4726084 42621 98
89 270 10000 13598 10000 4722787 46917 1660
254 48 10000 13604 180 4729874 40634 37
307 79 10000 13072 1850000 4013172 758303 306661
340 283 10000 13610 560 4734316 40428 98
146 97 10000 13612 180 4735258 40634 37
223 117 10001 13607 10000 4732072 43938 1660
46 131 10000 13611 1100 4734771 41368 184
237 176 10000 13613 900 4735560 40747 152
165 69 10000 13615 560 4735994 40428 98
47 118 10000 13617 1100 4737220 41118 184
238 91 10000 13609 10000 4733784 44833 1660
356 81 10000 13606 10000 4732014 46771 1660
256 32 10000 13530 100001 4634349 147920 16579
196 357 10000 13621 1100 4743962 40830 184
24 111 10001 13548 100001 4653632 131973 16579
131 33 10000 13616 900 4736513 49903 152
334 289 10000 13515 1870 4612322 175069 316
62 124 10000 13619 1100 4739872 47744 184
121 258 10001 13625 180 4749346 40307 37
131 170 10000 13623 900 4745768 45923 152
337 347 10000 13627 560 4752182 40428 98
246 164 10000 13622 10000 4744170 49040 1660
205 319 10000 13628 560 4752995 40739 98
345 363 10000 13624 250 4749010 44746 48
282 140 10000 13554 100001 4662128 133615 16579
106 175 10000 13632 560 4757968 40428 98
378 236 10000 12195 1850000 2876092 1922893 306661
80 319 10000 13631 560 4756500 44261 98
231 224 10000 13651 1100 4780122 20774 184
375 114 10000 13635 250 4761127 40437 48
216 362 10000 13626 560 4752073 50290 98
71 296 10000 13597 3160 4719977 83085 531
299 362 10000 13636 180 4762560 41589 37
209 356 10000 11275 10000000 1686225 3121145 1657602
213 364 10000 13633 560 4760323 47266 98
168 180 10000 13640 1870 4766082 41706 316
166 395 10000 13641 1100 4767737 41328 184
320 375 10000 13643 1100 4769418 41313 184
6 220 10000 13638 10000 4764754 49845 1660
95 33 10000 13642 10000 4768869 46117 1660
317 390 10000 13645 560 4774947 41144 98
262 285 10000 13646 560 4775195 41188 98
9 353 10000 13639 10000 4765153 53491 1660
52 55 10000 13669 1100 4800374 20386 184
132 315 10000 13649 10000 4779184 45331 1660
367 299 10000 13647 1870 4775264 49423 316
80 138 10000 13652 180 4780478 44233 37
134 301 10000 13653 3160 4783757 42373 531
337 391 10001 13656 3160 4787221 42827 531
187 270 10000 13321 1850000 4352050 478227 306661
194 31 10000 13658 250 4789423 41026 48
203 245 10000 13660 900 4789480 41727 152
121 12 10000 13662 1870 4791235 41513 316
11 289 10000 13664 1100 4792210 43858 184
397 234 10000 13659 560 4789444 47031 98
173 16 10000 13666 1870 4795888 41533 316
385 262 10000 13667 180 4798751 40643 37
14 193 10000 13668 560 4799925 40534 98
48 1 10000 10775 10000000 984342 3860424 1657602
214 285 10000 13671 3160 4803881 42356 531
165 177 10000 13685 180 4825775 21849 37
17 235 10000 13673 560 4805013 44157 98
34 244 10000 13637 1870 4764455 87234 316
18 358 10000 13596 100001 4715715 138125 16579
212 187 10000 13675 560 4813042 40940 98
210 61 10001 13665 900 4794570 60095 152
27 18 10000 13676 1870 4813303 41668 316
7 385 10000 13521 400000 4623588 231544 66306
8 36 10000 13677 180 4815082 40184 37
331 383 10000 13579 100001 4697547 161309 16579
380 224 10000 13679 10000 4815887 44083 1660
360 377 10000 13696 560 4842044 20539 98
152 68 10000 13680 10000 4819174 44085 1660
7 86 10000 13682 180 4823299 40184 37
140 273 10000 13681 560 4822873 40992 98
67 310 10000 13683 560 4824179 43220 98
129 291 10000 11934 10000000 2557646 2310142 1657602
312 104 10000 13684 10000 4825232 44202 1660
393 340 10000 13686 3160 4827533 41998 531
282 230 10000 13691 560 4835542 40516 98
90 119 10000 13692 560 4835814 40705 98
47 317 10000 13693 1100 4836780 40932 184
282 291 10000 13715 560 4860463 20562 98
242 388 10000 13690 1870 4833788 48028 316
28 247 10000 13697 250 4842459 40228 48
264 149 10000 13694 250 4837393 45865 48
50 309 10000 13695 560 4840261 44072 98
101 209 10000 13699 180 4844332 40254 37
171 395 10000 13701 180 4845656 40184 37
164 334 10000 13700 1870 4844669 41659 316
279 58 10000 13605 100001 4730804 155965 16579
32 134 10000 13702 1100 4846294 40960 184
360 36 10000 13630 100001 4756364 132609 16579
343 124 10000 13545 400000 4650775 238288 66306
10 230 10000 13698 3160 4842760 47003 531
261 202 10000 13705 900 4850890 40780 152
387 41 10000 13707 1100 4854539 40994 184
314 47 10000 13634 100001 4760559 136917 16579
322 286 10000 13711 900 4858339 41114 152
357 252 10000 13703 900 4848542 53312 152
60 92 10000 13716 560 4861686 40623 98
129 299 10000 13541 400000 4649135 253663 66306
312 191 10000 13710 10000 4857745 45669 1660
133 370 10000 13717 900 4862044 41383 152
107 258 10000 13721 560 4864071 40428 98
84 116 10000 13720 1870 4863794 41535 316
28 227 10000 13712 10000 4859992 45793 1660
273 11 10000 13718 560 4863471 44057 98
382 316 10000 13719 10000 4863714 44061 1660
308 11 10000 13722 1100 4866525 41598 184
366 363 10000 13747 560 4890551 20214 98
237 137 10000 13725 1870 4869594 41830 316
61 39 10000 13728 1100 4870935 40772 184
263 212 10000 13724 3160 4869161 43257 531
234 137 10000 13731 180 4872386 40365 37
89 386 10000 13730 3160 4871472 42078 531
235 255 10000 13723 10000 4868937 47506 1660
269 148 10000 13727 180 4869871 46887 37
3 249 10000 13737 560 4877173 40637 98
377 16 10000 13736 900 4876627 41355 152
88 110 10000 13735 1100 4876317 42692 184
311 99 10000 13738 900 4878131 41221 152
191 57 10000 13739 560 4879233 40459 98
246 35 10000 13733 1870 4874495 45708 316
283 396 10000 13714 10000 4860391 62414 1660
266 183 10000 13663 100001 4792051 132524 16579
102 68 10000 13734 900 4875636 49620 152
17 23 10000 13741 900 4884803 41166 152
249 208 10000 13743 180 4886491 40589 37
339 110 10000 13745 250 4887858 40799 48
384 289 10000 13726 560 4869811 61871 98
375 277 10000 13746 10000 4888984 43938 1660
309 201 10000 13740 1100 4880318 53690 184
127 89 10000 13032 1850000 3961912 972331 306661
212 286 10000 13750 900 4895561 40808 152
83 330 10000 13618 100001 4739027 197976 16579
174 333 10000 13749 3160 4893394 45028 531
44 94 10000 13755 560 4900605 40512 98
193 4 10000 13757 560 4902437 41005 98
6 330 10000 13758 560 4902503 41128 98
233 203 10000 13751 560 4895773 48464 98
19 291 10000 13595 400000 4714838 229504 66306
307 348 10000 13761 900 4903992 40787 152
207 172 10000 13762 1100 4904094 41284 184
392 326 10000 13754 900 4899114 49194 152
207 397 10000 13678 100001 4815165 133608 16579
142 163 10000 13764 180 4907732 41629 37
128 280 10000 13768 560 4909868 40428 98
201 113 10000 13767 560 4909212 41130 98
244 356 10000 13766 900 4908865 44154 152
99 108 10000 13404 1850000 4470618 483050 306661
342 68 10001 13709 180 4856329 98754 37
386 389 10000 13787 560 4935291 20214 98
92 133 10000 13654 100001 4786063 169801 16579
21 238 10000 13706 10000 4851704 104246 1660
331 89 10000 13748 1870 4891688 65818 316
235 32 10000 13769 250 4917842 40725 48
70 101 10000 13770 3160 4917869 42173 531
285 49 10000 13771 560 4922089 40800 98
34 49 10000 13773 3160 4922748 42049 531
283 241 10000 13688 100001 4832470 132353 16579
138 192 10000 13689 100001 4833305 131970 16579
113 276 10000 13708 250 4856202 109686 48
235 363 10001 13776 180 4925315 40783 37
242 286 10000 13777 900 4926357 41166 152
362 296 10000 13782 900 4928345 41112 152
139 226 10000 13779 1870 4926684 42982 316
147 214 10001 13780 10000 4926893 43938 1660
190 286 10000 13783 560 4930189 40665 98
35 216 10000 13778 180 4926523 44993 37
254 138 10000 13785 250 4932150 40461 48
342 112 10000 13563 100001 4674786 299362 16579
153 55 10000 13784 10000 4930907 43938 1660
215 341 10000 13788 180 4936058 40664 37
242 45 10000 13789 560 4936662 40724 98
100 354 10000 13790 180 4936947 41155 37
399 258 10000 13791 560 4939657 41081 98
36 42 10000 13792 250 4940977 40228 48
15 23 10000 13704 100001 4850417 132384 16579
145 130 10000 13793 560 4942910 40761 98
146 201 10000 13794 560 4943206 40800 98
6 284 10000 13200 1850000 4184003 807190 306661
227 151 10000 13795 10000 4948633 46425 1660
264 316 10000 13432 1850000 4502379 493717 306661
289 337 10000 13798 1870 4950505 49677 316
351 45 10000 13729 100001 4870969 132431 16579
219 166 10000 11320 10000000 1762132 3241764 1657602
256 320 10000 13648 400000 4777340 233081 66306
299 24 10000 13802 900 4971585 40738 152
203 290 10000 12209 10000000 2891696 2122696 1657602
16 279 10000 13804 560 4975475 40937 98
366 201 10000 13806 560 4976070 40679 98
61 11 10000 13805 1870 4975601 41722 316
103 262 10000 13808 180 4978106 40600 37
374 329 10000 13803 250 4974847 44978 48
84 170 10000 13811 1100 4981270 41262 184
383 151 10000 12521 1850000 3300160 1722458 306661
29 48 10000 13807 900 4977151 46563 152
7 187 10000 13813 560 4983569 40428 98
91 394 10000 13812 1870 4983547 41914 316
305 389 10000 13801 1870 4970181 55780 316
146 209 10000 13816 1100 4985719 41025 184
191 47 10000 13817 1100 4988070 40985 184
27 103 10000 13809 900 4978958 51559 152
92 270 10000 13810 900 4981040 50519 152
334 149 10000 13453 100001 4520195 513108 16579
223 73 10000 13820 10000 4992715 44206 1660
81 331 10000 13822 250 4995711 41392 48
148 22 10000 13823 900 4996622 41328 152
1 3 10000 13838 1100 5018288 21707 184
272 357 10000 13825 1870 4997445 43465 316
303 52 10000 13824 1100 4996907 48204 184
294 344 10000 13829 560 5007317 40672 98
36 57 10000 13818 900 4989596 64857 152
228 6 10000 13832 180 5014023 40506 37
215 392 10000 13836 180 5015850 40699 37
361 179 10000 13831 3160 5011769 45296 531
210 276 10000 13835 1870 5014838 43984 316
71 222 10000 13837 900 5016178 42747 152
147 255 10000 13833 3160 5014809 44363 531
349 44 10000 13834 180 5014809 45412 37
117 78 10000 13841 560 5021924 40792 98
173 383 10000 13687 400000 4828403 234977 66306
117 354 10000 13839 3160 5021203 42483 531
165 365 10000 13589 100001 4709980 357530 16579
332 162 10000 13843 10000 5027893 43938 1660
360 202 10000 13844 1870 5030296 42959 316
192 186 10000 13862 1870 5055573 21276 316
34 320 10000 13845 10000 5031626 46130 1660
182 55 10000 13842 1870 5026688 51142 316
170 178 10000 13868 900 5063531 20760 152
116 398 10000 13846 1870 5034883 49643 316
2 270 10000 13853 1100 5048627 40967 184
130 249 10000 13855 900 5050515 40785 152
287 45 10000 13854 1100 5050076 41409 184
89 194 10000 13799 100001 4960672 132730 16579
23 111 10000 13850 900 5042643 51838 152
306 387 10000 13858 560 5054276 40643 98
150 369 10000 13857 900 5053799 41860 152
277 143 10000 13863 900 5057648 40770 152
81 163 10000 13864 560 5058156 40592 98
92 163 10000 12058 10000000 2707293 2391856 1657602
381 214 10000 13860 900 5055082 44534 152
139 2 10001 13674 400000 4812384 287974 66306
249 251 10000 13875 560 5081115 20214 98
184 94 10000 13861 560 5055393 46133 98
38 8 10000 13867 560 5062793 40428 98
301 231 10000 13866 10000 5062149 44283 1660
66 33 10000 13865 250 5058990 47473 48
202 8 10000 13869 1870 5064836 41748 316
368 365 10000 13881 900 5088886 23693 152
199 238 10000 13657 400000 4788600 324879 66306
352 275 10000 13815 900 4985568 131027 152
135 24 10000 13870 180 5068687 49736 37
155 369 10000 13874 900 5078670 40644 152
121 104 10000 13872 10000 5073775 46434 1660
342 293 10000 13847 1100 5039142 82337 184
378 272 10000 13876 560 5084212 41176 98
163 351 10000 13830 250 5008996 117411 48
270 145 10000 13821 100001 4994493 132285 16579
334 328 10000 11710 1850000 2270952 2856709 306661
382 221 10000 13877 900 5086786 40980 152
351 80 10000 13878 560 5087249 42329 98
40 140 10000 13880 560 5088537 41351 98
98 214 10000 13879 1870 5088202 42032 316
141 50 10000 13882 250 5090113 40312 48
279 191 10000 13884 1870 5092991 41847 316
350 392 10000 13888 1100 5097169 41220 184
130 326 10001 13891 560 5098606 40760 98
256 389 10000 13890 1100 5098025 41476 184
50 336 10000 13892 900 5098613 40956 152
68 81 10000 13886 250 5094715 45802 48
105 110 10000 13907 560 5120290 20408 98
159 124 10000 13883 3160 5092741 48693 531
175 31 10000 13893 900 5100633 41147 152
283 194 10001 13894 1100 5100662 41191 184
151 318 10000 13873 1870 5076991 65490 316
303 274 10000 13819 100001 4990845 151854 16579
80 200 10000 13889 560 5097683 45251 98
278 212 10000 13895 180 5102197 42580 37
384 361 10000 13897 3160 5103999 42243 531
131 44 10000 13885 900 5094356 53152 152
384 165 10000 13898 3160 5104886 42940 531
304 170 10000 13899 3160 5105373 43373 531
182 387 10000 13901 560 5107739 41132 98
31 137 10000 13902 560 5108334 40713 98
123 252 10000 13903 560 5108362 40700 98
85 173 10000 13904 560 5115057 41030 98
281 225 10000 13906 560 5119488 40636 98
374 327 10000 13896 3160 5102394 58146 531
166 46 10001 13786 400000 4932394 228746 66306
272 241 10000 13908 250 5121842 41301 48
128 383 10000 13774 400000 4924442 240225 66306
186 157 10000 13910 560 5125923 40679 98
113 17 10000 13840 3160 5021209 146020 531
39 257 10000 13912 180 5128019 40328 37
34 143 10000 13391 1850000 4452451 717154 306661
376 113 10000 13914 1100 5129027 42059 184
40 342 10000 13848 100001 5040495 135735 16579
377 348 10000 13918 560 5136517 40472 98
231 8 10000 13917 1870 5134988 42887 316
384 150 10000 13920 560 5138137 40428 98
266 304 10000 13851 100001 5045899 133058 16579
316 52 10000 13852 100001 5048258 131814 16579
249 52 10000 13921 1100 5140773 40916 184
271 45 10000 13923 180 5140917 40991 37
37 139 10000 13924 1100 5141843 41031 184
193 309 10000 13919 560 5138111 44907 98
328 374 10000 13911 900 5126208 58035 152
220 37 10000 13925 180 5143746 40976 37
77 379 10000 13922 10000 5140871 44825 1660
65 107 10000 13929 560 5146037 40651 98
312 118 10000 13931 560 5148496 41003 98
329 68 10001 13932 10000 5148962 44510 1660
12 348 10000 13933 10000 5151218 44318 1660
145 100 10000 13936 560 5155407 40713 98
363 52 10000 13937 250 5157116 41061 48
130 13 10000 13934 900 5154112 45488 152
82 179 10000 13938 900 5158726 42376 152
284 378 10000 13941 560 5162852 41027 98
219 302 10000 13942 560 5163404 40702 98
187 147 10000 13935 180 5154169 50719 37
291 258 10000 13945 3160 5168908 42180 531
101 261 10000 13916 560 5132181 79121 98
245 295 10000 13943 10000 5163724 48754 1660
396 399 10000 13964 180 5194379 20558 37
189 262 10000 13940 900 5161173 53866 152
172 166 10000 13963 560 5192942 25609 98
235 186 10000 13949 250 5180177 40701 48
16 271 10000 13781 400000 4927992 293553 66306
331 348 10000 13946 1870 5171752 50053 316
11 46 10000 13950 1100 5180619 41579 184
201 398 10000 13951 1100 5181100 41190 184
213 73 10000 13954 900 5182120 41213 152
249 107 10000 13953 1870 5181797 41537 316
355 113 10000 13955 560 5182781 41328 98
255 7 10000 13952 1870 5181632 44093 316
331 310 10000 13947 900 5175610 50188 152
84 106 10000 13956 3160 5184681 41998 531
293 237 10000 13948 10000 5178281 48676 1660
167 300 10000 13957 1100 5187708 41501 184
240 70 10000 13958 1100 5188467 41301 184
7 179 10000 13959 1870 5189506 42709 316
330 42 10000 13965 1870 5194487 41776 316
112 180 10000 13962 900 5191222 45488 152
79 266 10000 13960 900 5190217 48715 152
28 246 10000 13968 10000 5195734 44218 1660
228 64 10000 13887 100001 5095797 145758 16579
311 354 10000 13972 180 5203869 40356 37
164 386 10000 13915 10000 5129349 116837 1660
135 256 10000 13973 1100 5205709 40820 184
73 180 10000 13971 10000 5202874 44220 1660
27 300 10000 13969 10000 5201321 47247 1660
381 266 10000 13977 1100 5212510 41278 184
128 340 10000 13961 1870 5190259 64946 316
149 244 10000 13976 10000 5211738 44411 1660
341 376 10000 13978 10000 5213012 44883 1660
179 70 10000 13979 560 5213359 45102 98
292 263 10000 13981 10000 5214779 44686 1660
131 252 10000 13983 1870 5218697 42980 316
94 264 10000 13987 180 5222753 40496 37
80 70 10000 13989 900 5224305 40695 152
206 16 10000 13991 900 5224862 40891 152
251 394 10000 13994 180 5229264 40800 37
232 161 10000 13993 1870 5228755 41513 316
376 230 10000 13992 10000 5226808 45218 1660
289 142 10000 13996 560 5233657 40428 98
339 15 10000 13995 3160 5232204 41998 531
135 56 10000 13997 1870 5235089 41513 316
163 300 10000 13999 1100 5235879 41105 184
190 64 10000 14000 560 5237153 40436 98
287 187 10000 14002 180 5237405 40337 37
254 103 10000 14001 1870 5237185 41610 316
150 261 10000 14003 1100 5238876 41450 184
147 28 10000 13763 400000 4907311 375600 66306
0 260 10000 14008 560 5242607 41036 98
388 281 10000 13998 560 5235235 51671 98
15 45 10000 14011 1870 5247015 41649 316
373 133 10000 14007 560 5241779 47663 98
62 283 10000 14005 1870 5239233 50405 316
324 21 10000 10715 10000000 907169 4386120 1657602
239 267 10000 14014 1100 5252739 41106 184
175 324 10000 14009 900 5242622 52308 152
94 207 10000 14017 3160 5255169 41998 531
173 217 10000 14016 1870 5255085 42411 316
314 225 10000 14015 10000 5253425 44401 1660
256 203 10000 13849 400000 5041759 256403 66306
139 194 10000 14018 180 5257141 42433 37
315 342 10000 13800 400000 4965894 336179 66306
32 227 10000 14019 560 5260668 42099 98
283 127 10000 14025 560 5266994 41101 98
233 96 10000 14023 10000 5264677 44270 1660
389 199 10000 14026 250 5269256 40228 48
339 379 10000 14021 250 5262309 47913 48
187 322 10000 14027 560 5270101 40612 98
56 341 10000 14029 900 5270244 40644 152
305 172 10000 14031 560 5274642 40789 98
158 185 10000 14036 560 5276303 40867 98
14 338 10000 14039 560 5277327 40758 98
189 144 10000 13927 100001 5143849 175557 16579
18 83 10000 14042 560 5278696 41584 98
103 331 10000 14037 10000 5276377 44480 1660
305 174 10001 14041 10000 5277907 44373 1660
372 225 10000 14032 250 5274831 47598 48
125 352 10000 14045 3160 5279932 42911 531
264 282 10000 14035 1870 5276299 46644 316
323 332 10000 14064 3160 5302871 21588 531
195 201 10000 14010 1870 5244995 80011 316
317 16 10000 14046 1870 5282784 42283 316
338 303 10000 14044 10000 5279903 45166 1660
383 191 10000 13986 3160 5221351 106800 531
301 253 10000 14049 1870 5286957 41513 316
280 148 10000 14051 560 5288784 40980 98
390 315 10000 14047 10000 5282920 49497 1660
26 9 10000 13975 900 5211017 121893 152
14 173 10000 14054 560 5293929 40898 98
204 261 10000 14038 10000 5276895 58290 1660
167 335 10000 14053 1100 5292247 43278 184
363 282 10000 14057 180 5295531 40505 37
255 378 10000 14059 560 5296367 40515 98
95 387 10000 14055 3160 5294398 43354 531
300 236 10000 13603 1850000 4728537 611278 306661
47 32 10000 14043 1870 5279537 61992 316
72 33 10000 14058 180 5295771 45844 37
319 142 10000 14056 560 5294991 48947 98
210 97 10000 14061 560 5301014 43594 98
172 301 10001 13871 400000 5071310 274031 66306
281 248 10000 14069 560 5304925 40822 98
57 142 10000 14067 1870 5304340 41513 316
164 302 10000 14070 560 5304944 41014 98
242 177 10000 14068 900 5304791 42058 152
6 283 10000 14071 900 5306464 40819 152
140 209 10000 14072 560 5307446 40428 98
152 304 10000 13759 400000 4903059 446326 66306
40 176 10000 14073 3160 5307724 42072 531
251 346 10000 14034 1100 5276102 74039 184
271 385 10000 14077 180 5312523 41087 37
140 74 10000 14079 1870 5312867 41817 316
291 346 10000 14081 560 5314390 40823 98
76 219 10000 14074 250 5307727 47635 48
160 81 10000 13990 900 5224335 131454 152
85 27 10000 14080 1870 5314304 41581 316
301 145 10000 14078 10000 5312854 44084 1660
22 376 10000 14083 900 5317337 41213 152
207 180 10000 14084 1870 5317592 41853 316
373 161 10000 14062 180 5301373 58414 37
116 373 10000 13974 100001 5206424 156969 16579
183 216 10000 14087 560 5325164 40554 98
24 183 10000 14085 3160 5319444 46971 531
370 316 10000 13984 100001 5219659 147818 16579
103 231 10000 14089 900 5328936 41573 152
160 259 10000 14006 560 5239326 131494 98
69 356 10000 14088 10000 5327356 45416 1660
335 64 10000 14092 900 5331668 41269 152
91 263 10000 14093 10000 5331674 44228 1660
59 189 10000 14004 100001 5239061 139607 16579
99 108 10001 14096 3160 5336815 43134 531
283 367 10000 14097 1870 5338617 41737 316
194 204 10000 14060 1100 5297004 86930 184
65 125 10001 14101 900 5345223 40941 152
256 257 10000 14114 180 5366283 20092 37
247 281 10000 14100 10000 5344536 44000 1660
384 387 10000 14119 560 5368868 20872 98
182 1 10000 14103 180 5349479 40696 37
359 324 10000 14104 180 5352196 40314 37
254 311 10000 14105 900 5352790 40644 152
28 380 10000 14099 900 5343332 50113 152
76 92 10000 11649 10000000 2186856 3208320 1657602
186 170 10000 14107 1870 5353745 41726 316
177 219 10000 14052 180 5291217 105476 37
278 266 10000 14126 1100 5378398 20448 184
77 6 10000 14109 1100 5360398 41374 184
154 104 10000 14065 250 5303681 98199 48
362 276 10000 14108 1100 5358937 43919 184
192 369 10000 14112 1870 5363213 41738 316
178 346 10000 14113 560 5364310 41304 98
127 310 10000 14110 1870 5360426 48385 316
204 308 10000 14118 560 5368396 40657 98
63 273 10000 14115 1870 5366976 42130 316
113 55 10000 14022 10000 5263335 146589 1660
155 394 10000 14116 3160 5367681 42262 531
218 101 10000 14086 560 5321938 90372 98
179 58 10000 11237 10000000 1637289 3775534 1657602
55 188 10000 14122 560 5374764 40428 98
383 234 10000 13110 1850000 4069813 1345613 306661
174 145 10000 14117 1870 5368068 47885 316
89 147 10000 14124 560 5377240 40618 98
287 256 10000 14125 560 5377634 40733 98
277 118 10000 14123 10000 5375470 43938 1660
118 270 10000 14121 3160 5374156 45411 531
5 324 10000 13796 400000 4949139 472185 66306
327 113 10000 14048 100001 5285651 136142 16579
165 352 10000 11248 10000000 1654000 3768371 1657602
188 150 10000 14095 900 5335140 91531 152
44 264 10000 14133 560 5388242 41190 98
138 185 10000 14134 900 5390979 40644 152
331 115 10000 14129 10000 5383193 49223 1660
24 108 10000 14132 1870 5385275 47471 316
154 148 10000 14102 180 5346754 86252 37
205 313 10000 14063 100001 5302530 132862 16579
260 205 10000 14135 250 5395865 40503 48
129 237 10000 14013 100001 5249811 186985 16579
258 115 10000 13909 400000 5125005 315939 66306
332 42 10000 14139 250 5400540 43797 48
371 338 10000 14141 1100 5404082 41148 184
195 360 10000 14143 1870 5404581 41576 316
113 373 10000 13772 100001 4922569 525224 16579
393 266 10000 14146 180 5408309 40184 37
277 63 10000 14144 1100 5405777 44470 184
357 28 10000 14148 900 5410923 40776 152
334 291 10000 14094 1870 5332721 120245 316
62 190 10000 14150 180 5413403 40541 37
123 354 10000 14147 10000 5410531 43962 1660
162 34 10000 14152 1100 5414707 40853 184
128 336 10000 14158 180 5421815 40297 37
238 217 10000 14155 10000 5419725 44334 1660
233 302 10000 14159 560 5424143 40721 98
143 393 10000 14091 100001 5329719 135527 16579
110 380 10000 14157 560 5420357 45509 98
280 83 10000 14161 560 5425446 40541 98
240 380 10000 14156 1100 5420207 46426 184
356 112 10000 14160 1870 5425032 41768 316
104 227 10000 14164 560 5428915 40428 98
311 127 10000 14163 3160 5427669 43158 531
372 257 10000 14165 250 5429213 42086 48
65 301 10000 14167 250 5431645 41002 48
208 218 10000 14186 1870 5452050 21475 316
270 110 10000 14171 180 5435490 40508 37
104 336 10000 14172 560 5435660 41252 98
204 183 10000 14169 3160 5434020 43318 531
112 5 10000 14082 100001 5316199 161285 16579
378 355 10000 14173 1870 5435762 42105 316
123 366 10000 14175 180 5438482 40324 37
89 237 10000 14170 10000 5434573 45858 1660
60 398 10000 14177 1870 5440802 42068 316
196 363 10000 14180 900 5443746 40699 152
326 246 10000 13765 1850000 4908652 576009 306661
279 331 10000 14182 560 5444340 41316 98
270 317 10000 14181 1870 5443972 41767 316
149 153 10000 14201 1870 5465863 20999 316
322 309 10000 14183 1870 5445905 41852 316
116 399 10000 11348 10000000 1799351 3691062 1657602
189 325 10000 12531 10000000 3321008 2171136 1657602
232 40 10000 14185 1870 5452019 41530 316
107 359 10000 14111 100001 5362925 133532 16579
195 262 10000 14188 1870 5453485 43531 316
198 1 10000 14192 1100 5457215 40970 184
80 315 10000 14184 10000 5447547 51985 1660
164 221 10000 14187 180 5452998 47017 37
16 355 10000 14194 180 5461069 40478 37
148 215 10000 14142 180 5404168 98009 37
253 313 10000 14193 900 5460501 41855 152
367 395 10000 14189 560 5454070 49355 98
93 246 10000 14197 900 5463129 40644 152
113 278 10000 13557 1850000 4668359 835823 306661
369 242 10000 14198 900 5463288 40909 152
265 9 10000 13980 400000 5214752 289620 66306
304 2 10000 14196 1100 5463019 41479 184
271 245 10000 14179 250 5442529 63795 48
237 186 10001 14202 1870 5466446 41513 316
73 205 10001 14207 560 5469377 40428 98
106 272 10000 14206 1870 5469127 41725 316
356 191 10000 14204 1870 5467212 44717 316
104 85 10000 14195 1100 5461629 52439 184
379 370 10000 13413 1850000 4479895 1034683 306661
383 265 10000 12889 1850000 3790669 1725445 306661
23 103 10000 14205 10000 5467873 48649 1660
17 317 10000 14209 3160 5474956 42740 531
371 143 10000 14131 100001 5385095 132667 16579
20 311 10000 14212 180 5477788 40753 37
248 10 10000 14210 560 5476117 43694 98
16 173 10000 14128 100001 5381894 140255 16579
240 244 10000 14174 100001 5438237 87872 16579
206 197 10000 14208 1870 5474200 54590 316
314 41 10000 14218 900 5488410 40644 152
10 363 10000 14040 400000 5277544 251522 66306
254 64 10000 14136 100001 5395910 133184 16579
397 199 10000 14222 900 5490683 40957 152
258 62 10000 14219 10000 5488874 44108 1660
110 113 10000 12732 10000000 3579073 1954194 1657602
319 345 10000 14214 10000 5480116 54874 1660
262 21 10000 14223 560 5496753 40989 98
47 67 10000 14226 560 5502193 40857 98
353 0 10000 14227 1100 5504764 40772 184
18 154 10000 14225 560 5499708 45863 98
341 319 10000 14224 1100 5498840 47627 184
180 306 10000 14030 400000 5272435 274638 66306
2 172 10000 14153 100001 5415609 132211 16579
63 248 10000 14221 560 5490084 58346 98
256 293 10000 14024 400000 5265423 283553 66306
385 101 10000 14151 100001 5414492 135048 16579
202 224 10000 14127 100001 5380566 169098 16579
8 334 10000 14213 3160 5479710 71210 531
84 232 10000 14228 3160 5508557 42467 531
14 251 10000 14216 560 5485951 66176 98
265 46 10000 14229 1100 5511713 44029 184
44 376 10000 14230 900 5513978 43829 152
209 229 10000 14234 560 5518104 41426 98
206 190 10000 14236 250 5518735 40977 48
208 303 10000 14239 560 5523013 41239 98
123 329 10000 14238 1870 5522137 42399 316
217 47 10000 14235 3160 5518478 46103 531
254 370 10000 14242 560 5530291 40737 98
188 338 10000 14241 900 5529769 41348 152
71 58 10000 14220 3160 5489375 82065 531
129 83 10000 14243 560 5532212 47023 98
148 308 10000 14211 10000 5476214 103588 1660
99 96 10000 14258 180 5562988 20186 37
396 309 10000 13966 400000 5195343 389954 66306
392 265 10000 14248 560 5544336 42194 98
134 216 10000 13744 1850000 4887182 705611 306661
190 69 10000 14249 560 5551934 41296 98
241 116 10000 14254 250 5556424 40322 48
343 76 10000 13650 1850000 4779734 818551 306661
105 365 10000 13913 400000 5128401 473824 66306
75 160 10000 14252 1870 5555813 47243 316
272 26 10000 14256 1100 5561384 41710 184
398 396 10000 14272 560 5580131 26217 98
195 67 10000 14259 900 5566681 40644 152
8 386 10000 14260 560 5566909 40704 98
127 19 10000 14255 3160 5559967 47685 531
45 380 10000 14264 900 5570390 41078 152
274 338 10000 14262 10000 5567635 45880 1660
79 325 10000 14266 3160 5574799 42897 531
35 201 10000 14267 1870 5574857 43791 316
75 80 10000 14199 100001 5463430 156784 16579
129 168 10000 14200 100001 5463815 156953 16579
378 35 10000 14269 560 5577943 43144 98
107 124 10000 14273 10000 5580362 44033 1660
298 361 10000 14275 900 5581245 43809 152
289 15 10000 14215 100001 5484776 140897 16579
137 25 10000 14277 1100 5583529 45542 184
321 138 10000 14279 900 5589136 40644 152
172 55 10000 14280 1100 5589585 41093 184
324 153 10000 14281 180 5590906 40455 37
57 374 10000 14282 560 5591330 41103 98
300 227 10000 14276 560 5581456 51665 98
236 117 10000 14247 10000 5542244 91086 1660
329 170 10000 14283 1100 5592839 41438 184
46 78 10000 14285 180 5595938 41139 37
256 384 10000 14284 1870 5595779 41648 316
134 187 10000 14286 10000 5596791 44002 1660
112 111 10000 14309 560 5623584 20654 98
295 359 10000 14290 560 5601376 43592 98
20 87 10000 14288 900 5598575 47410 152
361 121 10000 14292 250 5604880 41276 48
187 98 10000 14296 250 5607098 40228 48
269 324 10000 14291 560 5603411 44277 98
342 327 10000 13926 400000 5143841 504332 66306
119 114 10000 14317 560 5628131 20382 98
44 0 10000 14293 10000 5606372 44761 1660
36 232 10000 14297 250 5609123 42240 48
121 110 10000 14298 560 5611500 40428 98
264 222 10000 14301 1100 5613191 41283 184
374 159 10000 14300 180 5612662 42373 37
159 6 10000 14237 100001 5521413 133734 16579
315 309 10000 14321 1870 5633913 21492 316
32 95 10000 14295 180 5606915 51025 37
237 335 10000 14294 10000 5606868 51496 1660
258 364 10000 14305 560 5618697 40428 98
73 106 10000 14306 1100 5619311 41013 184
226 260 10000 14302 10000 5617079 45622 1660
35 399 10000 14308 1870 5621848 46471 316
206 277 10000 14304 1870 5618233 50157 316
5 299 10000 14313 1870 5625914 42676 316
309 171 10000 14316 250 5628069 40910 48
5 324 10001 14310 900 5624079 48214 152
57 86 10000 14319 3160 5632128 43418 531
212 263 10000 14322 560 5634197 41419 98
101 106 10000 14338 250 5655581 20114 48
288 296 10000 14337 1100 5655045 20695 184
23 250 10000 14320 3160 5633615 42330 531
240 212 10000 13756 1850000 4900612 776146 306661
140 17 10000 14324 1870 5635096 42065 316
1 34 10000 14325 1100 5635105 42294 184
100 127 10000 14323 10000 5634752 43938 1660
29 304 10000 13760 1850000 4903531 776263 306661
191 171 10000 14274 10000 5580935 99387 1660
137 65 10000 14307 560 5621081 60064 98
252 238 10000 14329 560 5640903 40697 98
164 372 10000 14326 10000 5637182 44952 1660
88 154 10000 14330 250 5642793 41131 48
9 206 10000 14331 3160 5645233 42263 531
162 361 10000 14190 100001 5456074 232376 16579
124 4 10000 14333 560 5647994 40963 98
228 303 10000 14251 100001 5554213 137194 16579
131 338 10000 13752 1850000 4897144 794574 306661
247 168 10000 14335 560 5653077 40575 98
106 144 10000 14334 900 5652625 41052 152
318 114 10000 14268 900 5577207 119053 152
116 44 10000 14339 1870 5657188 41760 316
338 296 10000 14341 900 5658568 40644 152
247 28 10000 14336 900 5654904 44574 152
353 212 10000 14340 1870 5658393 43070 316
370 104 10000 14244 100001 5537312 165972 16579
276 124 10000 14347 560 5668713 40616 98
294 162 10000 14346 900 5668444 41023 152
362 23 10000 14344 180 5665009 45189 37
92 277 10000 14348 3160 5673284 41998 531
371 256 10000 14353 560 5676990 40534 98
300 196 10000 14350 560 5676042 42018 98
24 148 10000 14351 900 5676654 41453 152
23 163 10000 14354 900 5677693 40955 152
82 397 10000 14270 100001 5578562 140907 16579
312 391 10000 14203 400000 5467136 254032 66306
194 186 10000 14345 180 5666899 54414 37
9 222 10000 14328 3160 5640722 80981 531
384 139 10000 14356 560 5681931 42376 98
6 337 10000 14361 1100 5685681 41275 184
207 109 10000 14358 1100 5683536 44053 184
217 125 10000 14363 900 5688524 40710 152
192 312 10000 14355 560 5678439 50952 98
34 16 10000 14364 1870 5688919 42429 316
376 92 10000 14360 560 5685422 45980 98
35 2 10000 14359 250 5684619 48853 48
190 97 10000 14365 10000 5689079 44857 1660
154 268 10000 14303 900 5617870 116302 152
224 115 10000 14245 1870 5537952 197068 316
240 337 10000 14366 3160 5689602 45826 531
254 179 10000 14368 1870 5693930 41628 316
109 183 10000 14362 250 5685996 50121 48
255 218 10000 12820 10000000 3691050 2046605 1657602
321 263 10000 14373 180 5697778 40601 37
285 190 10000 14371 560 5696944 41472 98
346 369 10000 14374 560 5702345 40501 98
26 387 10000 13485 1850000 4565791 1177676 306661
57 109 10000 14376 1100 5705760 40772 184
72 219 10000 14231 400000 5514452 237656 66306
148 12 10001 14349 900 5675753 77222 152
112 274 10000 14378 180 5715101 41126 37
80 379 10000 12599 10000000 3405488 2352043 1657602
315 361 10000 14380 560 5717795 41416 98
29 280 10000 14384 180 5726063 41074 37
376 257 10000 14382 900 5724032 43606 152
178 5 10000 14386 900 5727093 42789 152
52 181 10000 14388 1100 5732124 41136 184
39 354 10000 14390 900 5732950 41065 152
313 336 10000 14394 560 5736355 40889 98
145 213 10000 14397 560 5739270 43010 98
140 287 10000 14392 900 5735415 47152 152
44 345 10000 14402 560 5742696 40486 98
142 1 10000 14401 180 5742425 40915 37
27 368 10000 14381 10000 5721583 62097 1660
278 333 10000 14250 400000 5553781 230799 66306
375 326 10000 14375 10000 5704206 81855 1660
255 307 10000 14400 1870 5742114 44044 316
188 268 10000 14403 560 5745445 40946 98
270 359 10000 14404 1100 5745547 41256 184
340 38 10000 14246 400000 5538963 248929 66306
305 338 10000 14405 3160 5746277 42018 531
159 95 10000 14406 560 5747523 40845 98
311 256 10000 14407 1870 5748221 41513 316
264 393 10000 14409 1870 5748949 41871 316
330 323 10000 14423 180 5770011 21105 37
277 29 10000 14396 1100 5738942 55143 184
109 254 10000 14413 1100 5753355 40951 184
148 112 10000 14385 560 5726259 69905 98
152 256 10000 14411 900 5752951 45340 152
334 184 10000 14191 100001 5456099 342326 16579
295 135 10000 14299 100001 5612332 186106 16579
46 75 10000 14412 10000 5753320 46390 1660
119 195 10000 14398 10000 5739903 60380 1660
97 179 10000 13593 1850000 4713319 1087279 306661
331 112 10000 14387 180 5728768 73682 37
314 344 10000 14415 1870 5762141 41992 316
370 49 10000 14312 100001 5625900 179772 16579
169 368 10000 14418 1100 5764268 41889 184
344 262 10000 14416 3160 5762728 43520 531
227 50 10000 14419 180 5766286 40614 37
10 90 10000 14408 1100 5748940 63302 184
318 11 10000 14370 10000 5695550 118443 1660
70 48 10000 14424 180 5777508 40184 37
158 91 10000 13814 1850000 4985443 832944 306661
47 287 10000 14253 400000 5556110 262385 66306
13 189 10000 14425 900 5777542 41395 152
167 347 10000 14429 180 5779484 40745 37
354 51 10000 14417 900 5763425 59771 152
163 151 10000 14430 560 5782052 42494 98
158 97 10000 14426 180 5778027 47702 37
52 182 10000 14432 900 5783682 46375 152
392 233 10000 14428 10000 5778914 52237 1660
276 134 10000 14438 560 5790721 40636 98
149 364 10000 14433 3160 5785618 46835 531
315 171 10000 14441 180 5794315 40746 37
249 92 10000 14436 1870 5787099 49381 316
309 23 10000 14439 250 5792487 45693 48
150 393 10000 14440 560 5793016 46389 98
377 114 10000 14289 400000 5599878 240932 66306
332 276 10000 14443 1870 5799381 41513 316
160 353 10000 14332 900 5646116 195094 152
236 168 10000 14445 900 5800544 40687 152
151 183 10000 14444 560 5800481 42625 98
392 307 10000 14448 560 5804949 40683 98
174 64 10000 14450 180 5805747 40284 37
140 296 10000 14451 1100 5806664 41253 184
333 360 10000 14453 900 5806829 41399 152
196 279 10000 14456 1870 5809317 41937 316
375 24 10000 14457 250 5811040 40663 48
229 134 10000 14421 900 5768197 83807 152
397 18 10000 13620 1850000 4742747 1110024 306661
305 386 10000 14458 3160 5814034 41998 531
181 201 10000 14459 560 5815394 40864 98
283 27 10000 14460 560 5816857 40976 98
245 99 10000 14461 560 5817375 41263 98
303 72 10000 14176 400000 5439427 421014 66306
325 295 10000 14462 1870 5819221 42878 316
346 175 10000 14452 1100 5806770 55830 184
245 165 10000 14383 100001 5725094 137909 16579
201 49 10000 14463 560 5819873 45829 98
333 42 10000 14467 250 5826471 41018 48
145 379 10000 14466 10000 5824275 43938 1660
288 217 10000 14468 1870 5827699 41941 316
169 270 10001 14472 900 5830506 41070 152
247 270 10000 14474 900 5831517 40644 152
213 345 10000 14469 560 5828061 45660 98
19 259 10000 14449 1870 5805548 68254 316
390 305 10000 14476 1870 5831750 42061 316
114 266 10000 14389 100001 5732408 142634 16579
6 95 10000 14477 1870 5834658 42005 316
348 28 10000 14475 10000 5831585 46926 1660
29 10 10000 14479 1100 5839301 41221 184
131 33 10001 14480 900 5839543 41041 152
303 202 10000 14464 10000 5820465 61245 1660
178 397 10000 12854 1850000 3735623 2146136 306661
260 114 10000 14484 900 5843833 41164 152
155 329 10000 14482 10000 5840543 46349 1660
206 198 10000 14485 1100 5848278 40856 184
339 375 10000 14486 1870 5851097 41513 316
52 216 10000 14488 560 5852441 40681 98
28 261 10000 14487 3160 5851465 43461 531
191 291 10000 14490 250 5855798 40438 48
364 93 10000 14491 180 5856539 40508 37
397 178 10000 14492 560 5856575 40975 98
28 90 10000 14494 560 5857439 40620 98
166 131 10000 14493 560 5857067 41381 98
236 62 10000 14496 180 5858212 40414 37
137 358 10000 14497 900 5858663 41453 152
83 380 10000 14499 900 5862139 41312 152
283 75 10000 14501 900 5864102 41269 152
288 198 10000 14498 10000 5860694 44792 1660
339 142 10000 14500 3160 5863915 41998 531
382 180 10000 14410 100001 5749902 157900 16579
334 157 10000 14265 100001 5572200 335676 16579
225 149 10000 14508 180 5869006 40184 37
6 85 10000 14495 3160 5858086 52657 531
380 219 10000 14502 560 5865334 45470 98
353 397 10000 14481 900 5839603 73212 152
97 250 10000 14511 560 5872608 40702 98
140 280 10000 14509 10000 5870637 43998 1660
359 201 10000 14431 100001 5783312 132607 16579
46 30 10000 14513 900 5875089 40862 152
92 302 10000 14510 10000 5872455 44185 1660
158 253 10000 14514 1870 5876029 42040 316
300 160 10000 14515 3160 5876556 43928 531
186 391 10000 14518 180 5879965 40708 37
352 132 10000 14471 560 5830113 93296 98
3 399 10000 14519 3160 5880205 44206 531
192 101 10000 14377 100001 5706669 217809 16579
46 339 10000 14522 560 5884404 40428 98
263 342 10000 14520 560 5882171 44065 98
166 356 10000 14516 560 5878316 48808 98
374 305 10000 14504 180 5866056 62735 37
255 315 10000 14524 10000 5885735 44003 1660
337 84 10000 14527 900 5889351 40786 152
365 287 10000 14528 250 5889407 41959 48
58 290 10000 14525 10000 5887263 44493 1660
112 258 10000 14530 560 5895009 41985 98
246 49 10000 14526 250 5888356 51482 48
14 292 10000 14537 1870 5899595 41513 316
327 0 10000 14533 1100 5895934 45274 184
354 225 10000 14535 10000 5897260 44018 1660
29 227 10000 14536 3160 5899425 42009 531
308 45 10000 14538 1100 5901176 41502 184
61 380 10000 13988 1850000 5223844 719550 306661
363 290 10000 14543 250 5903393 40428 48
225 204 10000 14478 3160 5837078 107013 531
307 141 10000 14542 3160 5903052 42173 531
50 159 10000 14544 900 5904430 41108 152
34 249 10000 14545 180 5905264 40837 37
231 13 10000 14546 1870 5905952 42733 316
215 144 10000 14506 560 5868707 80518 98
2 301 10000 14548 1100 5908941 41637 184
302 363 10000 14521 900 5883883 66713 152
313 378 10000 14541 1870 5902635 49441 316
323 329 10000 14566 10000 5930691 23569 1660
192 167 10000 14166 1850000 5429773 524570 306661
119 85 10001 14534 10000 5896145 59903 1660
217 67 10000 14367 100001 5692264 264176 16579
140 240 10000 14434 100001 5786127 171534 16579
69 169 10000 14553 1100 5917049 40923 184
338 373 10000 14554 560 5917406 41017 98
21 299 10000 14549 1100 5909024 49752 184
159 378 10000 14352 400000 5676660 282597 66306
194 95 10001 14547 10000 5908442 51504 1660
310 272 10000 14556 1870 5918254 42643 316
1 143 10000 14517 900 5879263 83338 152
215 26 10000 14551 10000 5911447 51420 1660
206 54 10000 14559 900 5922905 41736 152
171 258 10000 14512 1100 5873692 91403 184
174 54 10000 14562 1870 5924832 42066 316
371 77 10000 14564 560 5927452 40922 98
67 170 10000 14563 250 5927086 42064 48
342 307 10000 14552 1870 5914997 62970 316
15 193 10000 14540 1100 5902467 78417 184
75 31 10000 14569 180 5937667 45561 37
368 355 10000 14572 900 5943598 41487 152
354 67 10000 14574 1870 5944001 41642 316
370 82 10000 14568 180 5937338 48388 37
249 253 10000 14587 250 5965759 20332 48
253 103 10000 14391 400000 5735332 253146 66306
247 9 10000 14576 10000 5946249 44546 1660
145 124 10000 14578 3160 5952280 41998 531
217 163 10000 14558 10000 5919657 77918 1660
70 384 10000 14579 10000 5953564 46398 1660
70 184 10000 14581 1100 5957984 42335 184
111 260 10000 14580 1100 5957358 43054 184
318 81 10000 14561 1870 5923555 76884 316
148 170 10000 14571 560 5939774 61740 98
98 131 10000 14585 180 5962008 40751 37
287 253 10000 14582 900 5958942 43983 152
155 9 10000 14577 560 5948853 54620 98
55 259 10000 14550 10000 5909907 93567 1660
86 280 10000 14586 560 5963137 40583 98
65 76 10000 14594 10000 5979199 26009 1660
379 3 10000 14584 10000 5960906 48240 1660
73 229 10000 14588 900 5971671 42527 152
133 272 10000 14590 560 5974937 41244 98
283 371 10000 14414 400000 5756687 259857 66306
66 227 10000 14589 180 5973613 44972 37
188 11 10000 14592 1870 5976924 42009 316
223 229 10000 14609 180 6002169 20365 37
108 79 10000 14597 1100 5981968 41125 184
90 393 10000 14599 560 5983517 40428 98
337 386 10000 14598 1100 5983298 41833 184
301 142 10000 14602 180 5986283 40436 37
256 66 10000 14523 100001 5885589 142765 16579
62 374 10000 14603 1870 5987842 42742 316
302 71 10000 13543 1850000 4650604 1382193 306661
2 169 10000 14447 400000 5804943 231998 66306
254 346 10000 14437 400000 5787452 250126 66306
336 61 10000 14357 400000 5683243 355070 66306
126 323 10000 14539 100001 5901540 138844 16579
289 150 10000 14608 10000 5999412 44262 1660
253 106 10000 14611 560 6005018 40598 98
42 393 10000 14455 100001 5808425 237534 16579
231 5 10000 14613 1100 6010453 40938 184
202 219 10000 14632 180 6031278 20192 37
117 0 10000 14614 560 6011486 40811 98
35 371 10000 14607 560 5998253 54663 98
394 53 10000 14557 100001 5918409 137138 16579
59 64 10000 14612 10000 6007692 48792 1660
253 384 10001 14615 560 6015457 41093 98
113 241 10000 14372 400000 5697774 360856 66306
345 35 10000 14473 100001 5831368 228394 16579
329 283 10000 14620 560 6021205 40672 98
64 83 10000 14435 400000 5786867 276061 66306
193 40 10000 14618 10000 6019171 44038 1660
80 356 10000 14621 180 6022319 40961 37
47 88 10000 14623 250 6023192 40449 48
8 189 10000 14616 10000 6017766 46361 1660
234 92 10000 14622 1870 6022587 42080 316
22 174 10000 14605 900 5994095 72656 152
388 12 10000 14626 900 6026941 40674 152
147 245 10000 14628 180 6027645 40552 37
344 175 10000 14627 1100 6027363 41338 184
217 12 10000 14630 560 6029846 41118 98
341 251 10000 14631 180 6030984 40682 37
162 90 10000 14634 900 6034467 40779 152
294 93 10000 14483 400000 5841239 234491 66306
331 267 10000 14629 900 6029740 46908 152
373 62 10000 14596 560 5979567 97624 98
347 241 10000 14635 1870 6035799 41625 316
210 150 10000 14637 250 6038341 40783 48
376 43 10000 10556 10000000 704581 5378723 1657602
261 60 10000 14641 1870 6041190 42706 316
254 31 10000 14640 3160 6040145 44870 531
265 220 10000 14642 560 6044535 41758 98
214 188 10000 14643 3160 6046673 41998 531
292 298 10000 14656 180 6070479 20247 37
269 267 10000 14657 900 6071208 20421 152
322 284 10000 14644 1870 6049294 42541 316
159 110 10000 14646 560 6050854 41269 98
107 315 10000 14645 3160 6050109 42189 531
325 209 10000 14583 100001 5959391 133477 16579
313 40 10000 14648 900 6054745 42906 152
58 318 10000 14650 250 6057304 40604 48
321 329 10000 14663 560 6077703 20214 98
184 383 10000 14649 10000 6055300 44546 1660
71 45 10000 12685 10000000 3511516 2590668 1657602
84 272 10000 14651 3160 6064759 42413 531
250 275 10000 14653 180 6068165 40490 37
234 392 10000 14652 1100 6064865 44518 184
311 23 10000 14422 400000 5769298 340463 66306
231 214 10000 14655 560 6069787 40544 98
385 81 10000 14658 900 6071345 42268 152
309 95 10000 14661 1100 6074954 41166 184
284 22 10000 14662 250 6075561 40648 48
83 307 10000 14106 1850000 5353329 766839 306661
55 294 10000 14665 3160 6079105 42505 531
214 337 10000 14667 900 6080822 41145 152
261 189 10000 14664 10000 6079043 44512 1660
372 376 10000 14682 900 6105673 21057 152
124 105 10000 14659 10000 6072450 54357 1660
79 349 10000 14670 560 6088871 41339 98
351 397 10001 14271 1850000 5578823 554330 306661
82 265 10000 14672 250 6092819 40682 48
322 102 10000 14675 560 6093665 41232 98
78 208 10000 14677 900 6094050 41450 152
2 310 10000 14678 180 6096436 40905 37
108 225 10000 14674 1100 6093462 47016 184
138 205 10000 14679 10000 6096552 44352 1660
386 212 10000 14507 400000 5868862 275136 66306
205 162 10000 14681 900 6101794 45389 152
146 92 10000 14685 560 6107994 40697 98
327 276 10000 14532 400000 5895728 253533 66306
304 48 10000 14688 250 6110559 40704 48
266 365 10000 14687 1870 6110337 41513 316
268 118 10000 14680 10000 6100547 52414 1660
303 273 10000 14689 3160 6111466 44373 531
235 187 10000 14638 560 6039723 116318 98
144 379 10000 14654 560 6068996 88504 98
179 120 10000 14686 560 6108471 50100 98
195 379 10000 14693 250 6118425 40314 48
192 120 10000 14531 100001 5895236 269688 16579
110 108 10000 14713 250 6145648 20569 48
35 321 10000 14692 560 6115559 51272 98
297 72 10000 14696 3160 6124236 43361 531
111 117 10000 14668 100001 6085378 87171 16579
306 186 10000 14700 1100 6131872 41088 184
155 115 10000 14701 900 6132926 40812 152
230 202 10000 14698 1870 6131507 43332 316
239 227 10000 14718 10000 6151511 25255 1660
159 79 10000 14697 10000 6126234 50664 1660
110 320 10000 14706 1870 6136558 42385 316
212 341 10000 14709 180 6140992 40839 37
303 5 10000 14691 1870 6112988 70220 316
201 258 10000 14702 560 6135091 48403 98
142 258 10000 14712 560 6145179 40428 98
101 372 10000 14705 10000 6136500 49712 1660
112 102 10000 14730 560 6166300 20991 98
314 0 10000 14715 900 6146865 40644 152
252 277 10000 14573 400000 5943736 244833 66306
111 247 10000 14591 100001 5975277 213825 16579
169 42 10000 14647 100001 6052168 137477 16579
286 206 10000 14633 100001 6034263 156322 16579
60 305 10000 14716 180 6150080 40780 37
102 391 10000 14717 560 6150610 40591 98
83 227 10000 14714 1870 6145754 45507 316
54 64 10000 14695 3160 6121580 69809 531
326 225 10000 14720 1870 6153374 41604 316
236 125 10000 14489 400000 5853302 341716 66306
277 82 10000 14669 1870 6086870 108404 316
279 369 10000 14722 560 6154749 40807 98
344 281 10000 14721 3160 6154092 42678 531
105 195 10001 14699 10000 6131692 67877 1660
216 395 10000 14723 10000 6160444 45630 1660
279 256 10000 14393 400000 5736179 470659 66306
325 265 10000 14724 560 6160624 46258 98
200 270 10000 14726 3160 6161683 47161 531
250 119 10000 14731 3160 6166812 42066 531
386 27 10000 14728 10000 6164734 45173 1660
20 51 10000 14711 900 6142430 67746 152
250 42 10000 14734 560 6170033 40587 98
143 213 10000 14733 1870 6167941 42934 316
251 0 10000 14735 560 6171079 41118 98
45 338 10000 14737 560 6175280 40428 98
266 54 10000 14732 10000 6167933 47918 1660
283 90 10000 14725 900 6161194 54873 152
220 216 10000 14736 560 6175095 41015 98
358 208 10000 14232 1850000 5514476 703683 306661
345 310 10000 14738 560 6176599 42820 98
110 312 10000 14666 100001 6080702 149352 16579
54 83 10000 14727 560 6161838 68289 98
334 54 10000 14708 1870 6137772 93337 316
35 364 10000 14741 900 6190765 43878 152
241 44 10000 14742 3160 6192625 42207 531
140 82 10000 14745 1100 6194425 41097 184
73 115 10000 14746 900 6195103 40783 152
327 366 10000 14749 1870 6196632 42003 316
216 206 10000 14769 10000 6214506 24986 1660
396 221 10000 14752 180 6199060 42575 37
22 100 10000 14748 900 6196158 45483 152
324 86 10000 14753 560 6201237 40790 98
35 66 10000 14751 1870 6198030 44425 316
366 98 10000 14420 1850000 5766310 476777 306661
275 340 10000 14757 560 6205430 41042 98
74 47 10000 14595 100001 5979381 269359 16579
87 284 10000 14758 1870 6205541 43748 316
25 311 10000 14760 180 6209430 40337 37
395 196 10000 14759 10000 6207586 44578 1660
201 315 10000 14763 900 6211809 40644 152
46 95 10000 14768 180 6213304 40560 37
1 304 10000 14764 560 6212458 42039 98
348 72 10000 14761 560 6210835 44699 98
79 194 10000 14770 1100 6216004 41162 184
278 370 10000 14774 1100 6222084 40912 184
36 57 10001 14747 900 6196030 67884 152
225 335 10000 14778 250 6224320 40518 48
170 19 10000 14762 180 6211135 53899 37
270 173 10000 14777 560 6223877 41170 98
81 349 10000 14779 900 6226879 41364 152
318 220 10000 13982 1850000 5218042 1053094 306661
272 307 10000 14750 1870 6197384 77971 316
386 316 10000 14781 3160 6232790 42971 531
234 87 10000 14780 560 6230190 46080 98
297 66 10000 14784 1870 6236274 42023 316
150 214 10000 14771 1870 6216796 62350 316
196 310 10000 14782 560 6234017 46622 98
390 140 10000 14785 1100 6239765 41004 184
309 199 10000 14639 400000 6040088 242621 66306
290 78 10001 14786 900 6241996 41356 152
121 375 10000 14776 10000 6223857 62032 1660
99 165 10000 14788 1870 6246368 41626 316
143 150 10000 14798 900 6271199 20807 152
250 303 10000 14792 560 6253063 40862 98
139 243 10000 14719 100001 6152524 141734 16579
120 9 10000 14790 560 6249775 45499 98
0 111 10000 14772 560 6218288 78132 98
375 139 10000 14098 1850000 5339057 960756 306661
40 216 10000 14767 560 6213159 87595 98
380 352 10000 14795 900 6261851 41114 152
172 282 10000 14794 1870 6260943 42642 316
334 234 10000 14775 1100 6222476 82328 184
135 282 10000 14799 1870 6271865 41825 316
293 63 10000 14796 900 6268336 46672 152
141 3 10000 14800 1100 6274429 41161 184
303 313 10001 14787 100001 6245949 75742 16579
103 283 10000 14801 10000 6280241 43938 1660
388 120 10000 14806 180 6285948 40324 37
337 227 10000 14739 100001 6181435 145697 16579
49 166 10000 14802 10000 6282885 44358 1660
51 138 10000 14807 560 6288001 40428 98
61 19 10001 14671 400000 6089863 238689 66306
237 374 10000 14808 180 6288913 40781 37
94 11 10000 14809 560 6289062 40654 98
142 327 10000 14805 10000 6285881 44063 1660
248 279 10000 14810 180 6289262 40986 37
228 70 10000 14811 1100 6292071 40772 184
201 301 10000 14342 1850000 5660083 673190 306661
83 263 10000 14743 100001 6192729 141701 16579
399 307 10000 14813 560 6295087 41957 98
8 192 10000 14814 1870 6295567 41793 316
235 81 10000 14754 100001 6201677 136886 16579
316 112 10000 14818 560 6299554 40806 98
20 91 10000 14819 1100 6301569 40772 184
297 76 10000 14817 10000 6298651 44432 1660
386 20 10000 14821 1100 6302216 40893 184
53 85 10000 14740 100001 6189091 154187 16579
372 224 10000 14217 1850000 5487996 855442 306661
47 187 10000 14756 100001 6203464 140952 16579
234 94 10000 14783 560 6235924 108706 98
242 28 10000 14825 560 6304201 41467 98
4 328 10000 14822 10000 6302398 45643 1660
20 357 10000 14829 560 6308814 40428 98
44 73 10000 14831 560 6309445 40624 98
340 199 10000 14832 900 6311426 40772 152
394 25 10000 14830 1870 6309194 43393 316
76 314 10000 14834 560 6312389 41294 98
271 363 10000 14836 560 6314026 40428 98
324 80 10000 14835 900 6313483 40991 152
114 85 10000 14826 180 6306763 47996 37
294 278 10000 14828 560 6308640 47404 98
273 17 10000 14833 10000 6311600 45511 1660
302 147 10000 14812 1870 6292338 66986 316
342 211 10000 14823 1870 6302653 58386 316
316 9 10000 14824 900 6303503 58053 152
193 195 10000 14856 900 6342667 20322 152
116 44 10001 14839 900 6322517 40644 152
312 193 10000 14838 180 6321655 42516 37
391 119 10000 14837 900 6317959 47928 152
360 67 10000 14840 560 6324021 42061 98
54 250 10000 14820 10000 6302151 65296 1660
168 358 10000 14816 560 6297613 69862 98
227 46 10000 14844 180 6327485 40623 37
140 28 10000 14842 560 6325972 43128 98
260 359 10000 14846 1870 6330415 41514 316
254 175 10000 14847 1100 6331086 42562 184
222 390 10000 14849 560 6333676 40621 98
8 255 10000 14848 10000 6332976 43938 1660
390 117 10000 14851 180 6336975 41624 37
233 394 10000 14852 900 6337799 41050 152
348 398 10000 14815 250 6296950 82344 48
0 2 10000 14868 560 6361042 20214 98
297 399 10000 14854 560 6340621 40724 98
118 51 10000 14855 180 6341450 40846 37
278 276 10000 14871 180 6363137 20092 37
323 319 10000 14853 1870 6340232 46331 316
9 91 10000 14857 900 6345320 41280 152
102 380 10000 14859 1100 6346808 41068 184
18 58 10000 14791 100001 6252223 138586 16579
256 294 10000 14860 900 6347185 45977 152
241 0 10001 14864 560 6355737 41164 98
267 99 10000 14866 1100 6357948 41042 184
156 294 10000 14861 560 6354185 45217 98
351 115 10000 14858 900 6346489 53254 152
74 107 10000 14789 100001 6248887 151681 16579
321 81 10000 14867 1100 6360683 40812 184
114 269 10000 14863 1100 6354584 47756 184
58 219 10000 14797 100001 6270509 132098 16579
67 320 10000 14870 560 6361200 41717 98
57 27 10000 14865 10000 6357703 47004 1660
74 2 10000 14862 3160 6354557 51153 531
203 189 10000 14872 3160 6363972 42147 531
261 294 10000 14873 1870 6364729 41705 316
101 321 10000 14877 250 6369615 40228 48
385 254 10000 14850 180 6334146 76760 37
55 220 10000 14879 1870 6370918 41700 316
126 197 10000 13753 1850000 4897375 1516844 306661
43 323 10000 14880 3160 6372152 42208 531
77 9 10000 14878 3160 6370876 43723 531
31 260 10000 14874 560 6366826 49662 98
190 214 10000 14882 900 6376277 40654 152
214 26 10000 14876 180 6368514 52788 37
164 168 10000 14900 560 6402734 20268 98
250 321 10000 14885 560 6383870 40682 98
322 187 10000 14886 560 6384355 41002 98
12 337 10000 14887 560 6385886 41167 98
79 47 10000 14891 560 6391823 41937 98
47 277 10000 14892 1100 6394430 40836 184
188 379 10000 13732 1850000 4874001 1561620 306661
104 173 10000 14890 1100 6391721 44245 184
20 39 10000 14910 560 6416711 20214 98
163 237 10000 14893 900 6396051 40982 152
127 179 10000 14894 180 6397880 40436 37
285 343 10000 14895 560 6398344 41497 98
316 255 10000 14896 1100 6399562 41015 184
263 268 10000 14908 10000 6414549 26550 1660
307 257 10000 14827 100001 6308570 134126 16579
1 154 10000 14898 1870 6401328 42620 316
223 43 10000 14901 560 6404677 40613 98
150 143 10000 14793 100001 6260816 185185 16579
112 213 10000 13375 10000000 4421452 2024610 1657602
184 22 10000 14899 560 6402504 44233 98
296 246 10000 14905 1870 6407743 41513 316
345 374 10000 14902 180 6404792 45177 37
268 226 10000 14140 1850000 5403335 1047685 306661
268 339 10000 14875 1870 6367647 85313 316
89 166 10000 14897 3160 6400985 53927 531
126 300 10000 14907 1870 6413260 41897 316
163 289 10000 14906 1100 6409086 47283 184
155 339 10000 14841 100001 6324297 133529 16579
314 78 10000 14911 1100 6417027 40934 184
106 46 10000 14912 180 6419880 40184 37
274 267 10000 14926 900 6439634 20437 152
40 396 10000 14888 1870 6386503 76832 316
171 174 10000 14503 1850000 5865510 599333 306661
93 343 10000 14915 180 6425637 40906 37
166 139 10000 14845 100001 6329461 139321 16579
224 167 10000 14843 560 6326533 145282 98
286 169 10000 14917 1100 6428490 44654 184
240 214 10000 14918 1100 6433759 40912 184
132 51 10000 14921 180 6434610 40184 37
170 144 10000 14920 180 6434195 40838 37
254 91 10000 14919 560 6433966 42004 98
21 368 10000 14914 900 6425118 52919 152
156 111 10000 14913 560 6420359 58847 98
30 274 10000 14924 180 6436771 43887 37
328 80 10000 14927 180 6440092 40886 37
84 173 10000 14925 1870 6439093 43156 316
73 154 10000 14928 3160 6440588 42323 531
322 56 10000 14932 560 6443964 40701 98
272 96 10000 14933 560 6444304 41210 98
350 237 10000 14934 560 6445200 41122 98
15 12 10000 14947 10000 6463108 24505 1660
114 60 10000 14929 1100 6441051 48520 184
237 57 10000 14930 3160 6443610 47493 531
221 136 10000 14427 1850000 5778484 713011 306661
114 350 10000 14931 560 6443765 48761 98
145 295 10000 14922 3160 6434896 58000 531
231 318 10000 14937 1870 6453391 42684 316
170 305 10000 14610 1850000 6004406 492975 306661
242 370 10000 14939 1870 6453532 44122 316
224 88 10000 11920 1850000 2534409 3963655 306661
109 195 10000 14943 900 6457727 41194 152
378 61 10000 14944 180 6458897 40833 37
205 375 10000 14936 560 6447519 53297 98
366 302 10000 14938 10000 6453441 50894 1660
12 103 10000 14945 3160 6459650 45367 531
269 262 10000 14961 180 6485557 20694 37
228 327 10000 14949 900 6465896 41022 152
341 152 10000 14940 10000 6453675 54594 1660
315 183 10000 14948 560 6465747 42991 98
236 139 10000 14951 1870 6468444 41513 316
198 357 10000 14883 100001 6380122 132604 16579
275 17 10000 14881 100001 6372153 140722 16579
341 38 10000 14954 180 6473882 40741 37
137 325 10000 14955 900 6475524 42344 152
278 129 10000 14958 900 6478069 40664 152
396 183 10000 14946 250 6462940 57320 48
357 156 10000 14956 10000 6476298 45192 1660
302 272 10000 14957 10000 6477853 44248 1660
116 36 10000 14960 180 6484750 40184 37
223 210 10000 14953 10000 6469184 59430 1660
81 132 10000 14964 560 6488660 40649 98
293 225 10000 14967 180 6490101 41066 37
133 337 10000 13262 10000000 4259716 2271491 1657602
273 204 10000 14968 560 6491495 40428 98
292 22 10000 14963 3160 6488040 43992 531
323 289 10000 14970 900 6492648 41097 152
210 293 10000 14969 3160 6492226 45752 531
232 218 10001 14972 900 6499877 41019 152
275 139 10000 14973 180 6500969 40549 37
93 207 10000 14904 100001 6407580 134188 16579
293 282 10000 14950 100001 6467569 76325 16579
19 141 10000 14974 1870 6503644 41664 316
150 256 10000 14942 3160 6457066 89505 531
97 347 10000 14975 1870 6505507 41590 316
342 280 10000 14966 3160 6489589 58954 531
279 122 10000 14979 3160 6507774 42107 531
238 178 10000 14978 10000 6506495 44258 1660
28 175 10000 14446 1850000 5801366 750085 306661
78 62 10000 15000 10000 6527776 25092 1660
368 191 10000 14986 560 6512310 41314 98
202 51 10000 14982 180 6510748 43086 37
359 131 10000 14981 1100 6508107 45944 184
377 10 10000 14985 1870 6512046 42153 316
159 250 10000 14988 560 6514247 40497 98
35 393 10000 14987 560 6513964 42651 98
83 270 10000 14991 560 6517139 40552 98
222 206 10000 14909 100001 6415477 145387 16579
312 263 10000 14994 1100 6521048 41175 184
375 267 10000 14995 560 6521956 40531 98
250 173 10000 14996 560 6523500 40602 98
93 329 10000 14993 560 6520746 43512 98
75 373 10000 14962 1870 6487870 78408 316
19 209 10000 14998 900 6526049 41250 152
37 388 10000 14999 1870 6527262 41651 316
159 167 10000 15001 180 6530053 40772 37
248 134 10000 14997 10000 6525073 45985 1660
310 282 10001 14766 400000 6212809 359778 66306
349 228 10000 14935 100001 6445876 138447 16579
114 395 10000 15003 900 6538506 49025 152
111 278 10000 15004 560 6540305 47569 98
326 296 10000 15008 180 6547613 40978 37
219 59 10000 15009 1870 6547766 41594 316
328 58 10000 15010 560 6548452 41122 98
200 111 10000 14916 100001 6426818 163440 16579
89 123 10000 15011 1100 6549335 43454 184
319 171 10000 14884 100001 6382683 211650 16579
230 84 10000 15013 1870 6553024 42341 316
110 97 10000 15012 10000 6549851 45643 1660
353 172 10000 14145 1850000 5408000 1188047 306661
301 240 10000 14803 400000 6284200 313657 66306
8 87 10000 15017 900 6558423 40745 152
168 287 10000 15016 3160 6556299 43488 531
277 44 10000 15019 1100 6559904 40947 184
254 256 10000 14773 1850000 6219683 381607 306661
381 53 10000 13481 10000000 4558506 2043039 1657602
316 393 10000 14952 100001 6468838 133357 16579
212 266 10000 14703 1850000 6135448 468769 306661
50 373 10001 14980 10000 6507984 96591 1660
181 297 10000 15021 1100 6566778 42350 184
355 350 10000 15037 1100 6591661 20386 184
260 83 10000 15024 1870 6571639 41746 316
321 32 10000 15025 560 6572754 40751 98
47 207 10000 15026 180 6574407 40290 37
52 202 10000 15027 560 6574522 40505 98
212 182 10000 15023 10000 6569278 45824 1660
87 360 10000 14804 400000 6285151 332593 66306
70 257 10000 15028 10000 6576742 43971 1660
234 377 10000 14965 100001 6489065 131934 16579
119 29 10000 14442 1850000 5798711 825780 306661
141 92 10000 15020 3160 6560984 63537 531
369 275 10000 15031 250 6585423 40634 48
77 158 10000 15033 560 6586351 40896 98
43 146 10000 15032 1870 6585986 41656 316
126 380 10000 15036 560 6588568 40428 98
170 175 10000 15050 900 6609139 20373 152
367 269 10000 15035 3160 6587455 42675 531
353 1 10000 15030 10000 6584577 48835 1660
233 187 10000 15006 3160 6544232 90882 531
236 291 10000 15039 560 6596528 40816 98
115 369 10000 15015 180 6556237 81638 37
63 373 10000 15041 1870 6598668 41657 316
167 39 10000 15034 250 6586682 54411 48
304 398 10000 15045 560 6604445 40876 98
242 235 10000 14983 100001 6511537 133789 16579
37 392 10000 15046 1870 6604823 41513 316
35 196 10000 13439 10000000 4508265 2138575 1657602
278 316 10000 15052 180 6609831 40624 37
365 136 10000 14992 100001 6517370 133398 16579
155 136 10000 15053 560 6610518 40594 98
5 228 10000 15049 1100 6608074 44631 184
229 376 10000 14976 560 6505854 149458 98
111 58 10000 15051 10000 6609390 46808 1660
215 35 10000 14990 100001 6515816 141683 16579
109 100 10000 15070 1100 6637263 20879 184
245 26 10000 15058 250 6620805 41567 48
113 217 10000 15048 900 6606770 56372 152
12 258 10000 15060 900 6624046 40899 152
327 189 10000 15059 1870 6623177 42153 316
157 172 10000 15061 560 6625332 40533 98
300 24 10001 15064 180 6627670 40646 37
399 327 10000 15063 560 6627586 40798 98
99 69 10000 15065 1870 6628342 41523 316
151 111 10000 15055 900 6613748 56127 152
87 50 10000 15066 560 6629847 41123 98
104 135 10000 15056 900 6614995 56183 152
150 121 10000 15038 1870 6594691 78068 316
102 287 10000 15069 560 6633592 40902 98
57 41 10000 14977 400000 6506098 171852 66306
84 287 10000 15071 250 6638216 40999 48
134 321 10000 15068 560 6632459 47627 98
87 348 10000 15073 1100 6644708 40772 184
378 320 10000 15072 560 6642849 47813 98
128 12 10000 15074 10000 6645740 46033 1660
307 32 10000 15077 900 6654185 40720 152
190 234 10000 15078 900 6654250 41318 152
65 152 10000 15079 1870 6657392 41895 316
367 210 10000 15080 900 6658503 41770 152
213 163 10000 15082 180 6660606 40269 37
343 295 10000 15057 1870 6616303 85327 316
266 341 10000 15083 180 6661485 41054 37
272 160 10000 15084 900 6663099 41076 152
208 356 10000 15089 250 6667954 41359 48
378 90 10000 15087 10000 6666903 43948 1660
349 189 10000 15088 1100 6667039 43840 184
368 38 10000 15086 560 6665904 45224 98
389 333 10000 15091 900 6669972 41809 152
293 184 10000 15092 900 6671265 41398 152
241 370 10000 15093 1100 6674947 41591 184
54 103 10000 15075 900 6647256 72716 152
292 23 10000 14889 400000 6387383 332725 66306
316 320 10000 14959 100001 6481093 239287 16579
238 91 10001 15097 3160 6680009 42110 531
11 369 10000 15096 1870 6679877 42934 316
336 374 10000 15095 1870 6679843 44070 316
156 44 10000 15100 900 6686403 40967 152
375 236 10000 15101 560 6686917 40609 98
379 7 10000 15099 900 6685780 41761 152
326 3 10000 15103 900 6687130 41093 152
313 283 10000 15102 1100 6686931 41405 184
59 136 10000 15105 1100 6689456 40893 184
294 120 10000 15107 3160 6690355 42008 531
190 283 10000 15108 900 6692102 41088 152
0 346 10000 15110 560 6693367 41975 98
159 377 10000 15106 10000 6689490 45880 1660
65 39 10000 15111 180 6694502 41216 37
162 245 10000 15112 560 6696076 40969 98
257 318 10000 15113 560 6696134 41502 98
323 214 10000 15098 10000 6685386 53787 1660
247 361 10000 14676 1850000 6093674 645971 306661
340 191 10000 15104 3160 6688326 55805 531
168 219 10000 15115 900 6701298 44195 152
232 225 10000 15129 10000 6722196 23424 1660
273 125 10000 15117 1870 6710325 41880 316
85 108 10000 15120 560 6713612 40428 98
399 379 10000 15118 180 6710961 46195 37
88 351 10000 15123 1100 6716352 41111 184
314 17 10000 15121 10000 6713842 44432 1660
57 61 10000 14593 1850000 5977271 782776 306661
272 372 10000 15127 900 6722075 41344 152
0 279 10000 15132 1870 6724953 41513 316
82 149 10000 15133 1100 6725088 41869 184
382 179 10000 14028 1850000 5270230 1497347 306661
396 313 10000 15131 10000 6723787 44679 1660
307 182 10000 15125 180 6720752 47938 37
130 244 10000 15135 180 6727901 40796 37
33 30 10000 15114 100001 6697940 71083 16579
266 49 10000 15137 3160 6729747 42018 531
202 382 10000 15128 10000 6722179 50047 1660
23 91 10000 15139 180 6732331 40231 37
255 119 10000 15002 400000 6534438 241939 66306
298 318 10000 15126 1100 6721189 55745 184
148 101 10000 15138 900 6730869 47601 152
18 102 10000 15140 1870 6732485 46223 316
203 369 10001 15136 560 6728005 51174 98
31 140 10000 15146 560 6739368 40428 98
152 67 10000 15148 1100 6741860 40837 184
14 143 10000 15144 560 6738006 45586 98
387 252 10000 12496 10000000 3260420 3523211 1657602
216 37 10000 15076 100001 6650863 136889 16579
193 48 10000 15150 900 6747247 40952 152
266 326 10000 15154 900 6750876 40816 152
257 239 10000 15153 3160 6749878 42135 531
157 30 10000 15156 1870 6752106 42271 316
138 207 10000 15159 560 6757006 40750 98
178 108 10000 15155 1870 6751986 46790 316
394 243 10000 14465 1850000 5822987 977099 306661
300 381 10000 14379 1850000 5717580 1083608 306661
36 392 10000 15162 560 6759769 42442 98
241 228 10001 15158 10000 6755867 47233 1660
98 47 10000 15161 1100 6757832 47673 184
75 4 10000 15163 560 6763166 44682 98
393 38 10000 15164 1100 6766908 41449 184
128 70 10000 15166 180 6767483 40950 37
232 63 10000 15165 560 6767280 41787 98
28 186 10000 15168 900 6768405 40896 152
241 228 10000 15151 10000 6747391 62568 1660
359 389 10000 15172 180 6769513 41262 37
323 105 10000 15173 560 6770196 41080 98
213 220 10000 15170 900 6768512 43010 152
50 376 10000 15167 1870 6767810 43962 316
149 232 10000 15157 1870 6755781 56683 316
123 42 10000 15171 10000 6769372 45775 1660
300 362 10000 15175 250 6774485 40750 48
123 314 10000 15176 1100 6774554 41845 184
265 389 10000 15143 560 6734048 82683 98
110 192 10000 15169 1870 6768465 51043 316
320 99 10000 15160 1100 6757054 62594 184
347 19 10000 15177 1100 6779062 40839 184
97 144 10000 15180 900 6780446 41457 152
378 357 10000 15179 560 6780391 41585 98
72 293 10000 15182 560 6782574 41497 98
25 137 10000 15184 1100 6784681 41419 184
49 355 10000 15185 560 6785848 40531 98
285 390 10000 15186 560 6785854 41513 98
223 71 10000 15189 1100 6787673 41054 184
239 52 10000 15109 100001 6692297 137685 16579
130 221 10000 15190 3160 6788707 42688 531
139 303 10000 15191 900 6791665 45025 152
121 184 10000 15193 180 6797672 40606 37
295 246 10000 15192 3160 6795829 45708 531
3 124 10000 15194 560 6800371 41693 98
178 11 10000 15187 900 6787287 55333 152
175 296 10000 15198 1100 6803886 41882 184
226 94 10000 15195 900 6802835 43484 152
86 178 10000 15204 560 6806828 40563 98
292 379 10000 15200 900 6804695 42728 152
277 121 10000 15206 180 6808548 40481 37
170 341 10000 15199 10000 6804456 44742 1660
111 190 10001 15203 3160 6805915 43626 531
231 354 10000 15196 250 6803262 46295 48
324 134 10000 15207 560 6809415 41017 98
368 101 10000 15122 100001 6714529 136495 16579
260 282 10000 15208 3160 6810916 42917 531
293 256 10000 15205 10000 6808452 46740 1660
193 246 10000 15209 560 6815556 40428 98
200 228 10000 15213 180 6821349 40184 37
39 71 10000 15211 3160 6819732 42406 531
302 393 10000 15215 900 6823480 40740 152
182 300 10000 15210 10000 6818361 46550 1660
228 356 10000 15216 1100 6824691 40894 184
385 2 10000 14606 1850000 5996218 875791 306661
193 302 10000 15147 100001 6739575 132691 16579
332 325 10000 15197 100001 6803519 69542 16579
163 300 10001 15218 250 6833319 40228 48
100 170 10000 14560 1850000 5922906 952673 306661
306 106 10000 15217 10000 6831978 44150 1660
101 255 10000 15220 250 6837385 40885 48
218 204 10000 15202 1870 6805619 73071 316
378 140 10000 15222 180 6838918 41039 37
161 31 10000 15152 100001 6748883 135447 16579
301 267 10000 15224 560 6843919 40813 98
78 301 10000 15223 1870 6842235 43739 316
211 60 10000 15221 560 6838350 48210 98
370 340 10000 15225 180 6846554 40918 37
90 33 10000 15141 100001 6733554 154729 16579
67 286 10000 15226 1100 6847725 40993 184
177 274 10000 15201 180 6804743 88224 37
7 189 10000 14505 1850000 5866313 1027911 306661
338 131 10000 15229 1100 6857865 41421 184
301 392 10000 15230 1100 6859462 41260 184
181 242 10000 15231 250 6859629 41287 48
310 393 10000 15232 560 6860420 40949 98
301 274 10000 15233 900 6861420 41186 152
202 94 10000 15228 1870 6855266 48337 316
9 0 10000 15243 900 6885289 20579 152
122 47 10000 15054 400000 6611004 295635 66306
54 18 10000 12555 10000000 3355665 3555625 1657602
271 190 10000 15237 250 6871200 40228 48
8 186 10000 15212 10000 6819774 92673 1660
344 14 10000 15239 180 6873271 40807 37
136 85 10000 15227 560 6851604 64593 98
18 398 10000 14923 1850000 6435787 481155 306661
133 174 10000 15240 250 6876675 40487 48
4 320 10000 15236 560 6869981 47820 98
353 20 10001 15241 560 6878005 40703 98
341 110 10000 15242 1870 6882054 41517 316
308 228 10000 15244 180 6888004 40188 37
40 327 10000 15094 400000 6676163 255439 66306
74 287 10000 15188 100001 6787525 148373 16579
326 136 10000 15246 3160 6893816 42147 531
54 207 10000 15248 560 6897514 40857 98
127 240 10000 15249 1870 6897929 41864 316
341 205 10000 15253 560 6899479 40486 98
321 175 10000 15252 3160 6898645 42129 531
111 228 10000 15250 900 6898089 43836 152
230 126 10000 15254 900 6900983 41000 152
121 302 10000 15255 900 6901340 40644 152
255 353 10000 15256 560 6901554 40501 98
25 141 10000 15257 250 6902317 40734 48
262 355 10000 15247 560 6896783 48080 98
297 123 10000 15259 180 6904436 41936 37
308 347 10000 15258 560 6904225 43220 98
371 252 10000 15261 560 6907207 40817 98
129 396 10000 15263 560 6907643 40923 98
73 393 10000 15260 10000 6904525 45641 1660
207 379 10000 15262 3160 6907404 42834 531
42 263 10000 15265 560 6909488 41365 98
215 271 10000 15266 900 6910045 40891 152
49 345 10001 15234 1870 6867803 83574 316
278 159 10000 15267 900 6910873 41065 152
378 105 10000 15268 900 6911379 40963 152
269 165 10000 15270 1870 6912164 41530 316
364 326 10000 15269 1870 6912149 42211 316
19 69 10000 15264 560 6908732 45828 98
144 160 10000 15214 1100 6821551 139375 184
122 284 10000 15272 1100 6920123 41175 184
65 33 10000 11058 10000000 1380143 5581208 1657602
308 291 10000 15276 560 6924936 40625 98
311 342 10000 15279 560 6926362 40754 98
214 119 10000 15274 250 6923855 44854 48
172 96 10000 15278 10000 6926261 46349 1660
0 49 10000 15280 10000 6928563 44205 1660
396 111 10000 15283 560 6933608 41928 98
328 36 10000 15286 250 6935416 40228 48
143 185 10001 15288 560 6935456 40750 98
63 226 10000 15284 3160 6934476 42211 531
186 273 10000 15219 100001 6837360 139630 16579
106 268 10000 15282 560 6932958 44197 98
167 309 10000 15287 1870 6935448 41760 316
374 309 10000 15238 1100 6871695 105660 184
82 4 10000 15291 180 6936012 41370 37
51 169 10000 15290 1870 6935946 41565 316
290 134 10000 15293 560 6939015 40933 98
248 301 10000 15296 560 6943901 41031 98
182 354 10000 15298 1100 6945609 40995 184
348 349 10000 15314 180 6967197 20092 37
258 303 10000 15300 560 6946745 40673 98
156 314 10000 15301 560 6947159 40611 98
93 324 10000 15302 1100 6947412 43086 184
391 275 10000 15303 900 6949282 41294 152
364 182 10000 15304 1100 6949932 41350 184
291 282 10001 15315 1870 6971122 20999 316
88 125 10000 15294 560 6943559 49760 98
106 111 10000 15042 1850000 6599716 393696 306661
271 254 10000 15295 560 6943778 50719 98
287 191 10000 15297 560 6944919 50094 98
205 351 10000 15310 560 6954543 40587 98
254 79 10000 15285 180 6934992 60276 37
140 134 10000 15309 1870 6954333 41715 316
129 187 10000 15306 1870 6951493 52287 316
14 204 10000 15312 1870 6962887 41623 316
204 147 10000 15311 10000 6958049 47878 1660
386 284 10000 15317 560 6972946 40666 98
22 279 10000 15316 1870 6971394 42740 316
352 369 10000 15277 900 6925794 88917 152
61 291 10000 15319 560 6974783 40617 98
369 135 10000 15308 3160 6954199 61881 531
274 66 10000 15322 900 6976146 40766 152
264 24 10000 15275 250 6923912 93974 48
243 8 10000 15323 250 6976227 42317 48
68 72 10000 15324 560 6977876 41266 98
112 255 10000 15327 560 6980071 40621 98
287 79 10000 15325 1870 6978800 42455 316
284 243 10000 15022 400000 6569084 452408 66306
291 287 10000 15341 1100 7001833 20557 184
353 180 10000 15321 10000 6975539 49027 1660
25 143 10000 15245 100001 6891490 133727 16579
150 372 10000 14673 1850000 6092976 933655 306661
42 206 10000 14369 1850000 5694572 1332242 306661
269 143 10000 15331 900 6988263 40821 152
42 165 10000 15332 180 6988820 40325 37
265 237 10000 15251 100001 6898147 134935 16579
23 82 10000 15335 250 6994613 40424 48
261 347 10000 15330 10000 6983556 52310 1660
195 129 10000 15337 180 6997815 40327 37
348 144 10000 15336 1870 6997724 42101 316
237 80 10000 15338 3160 6998055 41998 531
226 239 10000 15352 900 7021551 20499 152
329 388 10000 15340 3160 7000507 41998 531
133 49 10000 15333 560 6990981 51603 98
331 75 10000 15328 560 6981116 61900 98
205 270 10000 15339 560 7000193 43425 98
375 38 10000 15344 180 7003845 40184 37
174 255 10000 15345 1870 7006549 41967 316
138 106 10000 15346 1100 7008455 40887 184
354 112 10000 15342 560 7002511 50679 98
349 54 10000 15347 560 7013286 41557 98
289 135 10000 15348 900 7018291 40984 152
210 64 10000 15350 900 7019297 40912 152
275 309 10001 15351 180 7020043 41641 37
214 231 10000 15354 560 7023949 40682 98
177 386 10000 15343 250 7003455 61951 48
151 97 10000 15043 400000 6601079 466131 66306
88 10 10000 15353 10000 7022636 44870 1660
293 332 10000 15355 1870 7028327 44947 316
59 183 10000 15358 1100 7036925 42587 184
284 133 10000 15363 900 7044193 40867 152
38 90 10000 15362 1870 7043862 42088 316
8 162 10000 15299 100001 6946645 140277 16579
303 334 10000 15368 900 7047902 42086 152
315 332 10000 15371 560 7051279 40428 98
187 43 10000 15281 100001 6931518 160541 16579
165 208 10000 15369 3160 7050063 42682 531
82 18 10000 15372 1870 7051517 42404 316
223 204 10000 15361 250 7043670 51611 48
308 337 10000 15373 560 7055242 40678 98
25 350 10000 15374 1870 7056799 41831 316
198 187 10000 15392 180 7080008 20092 37
121 71 10000 15375 560 7061200 40428 98
80 48 10000 15376 560 7061610 40428 98
103 266 10000 15377 180 7061752 40404 37
171 126 10000 15273 100001 6923466 180990 16579
8 31 10000 15379 560 7063562 41030 98
282 153 10000 15365 900 7046940 58961 152
296 346 10000 15384 560 7066668 40917 98
361 59 10000 15382 560 7066406 41284 98
392 215 10000 15380 560 7065176 43482 98
95 261 10000 15389 180 7076469 40226 37
62 13 10000 14694 1850000 6120031 996878 306661
216 263 10001 15388 900 7076026 41252 152
395 177 10000 15387 900 7075983 41897 152
119 394 10000 15391 560 7078550 40684 98
245 342 10000 15329 100001 6983343 136948 16579
106 217 10000 15378 180 7062143 58283 37
91 304 10000 15393 900 7081264 41130 152
46 229 10000 15395 1100 7082903 40995 184
227 8 10000 15394 1870 7082312 42220 316
100 297 10000 15396 250 7084288 40991 48
238 213 10000 15401 560 7087451 40477 98
386 102 10000 15400 3160 7085992 42754 531
49 391 10000 15403 560 7089220 41175 98
189 46 10000 15404 180 7090206 40675 37
390 135 10000 15402 1870 7088716 42405 316
65 18 10000 15405 1100 7091796 41345 184
15 134 10000 15406 250 7094011 40365 48
149 65 10000 15408 900 7094939 41360 152
375 160 10000 15412 180 7095971 40562 37
299 305 10000 15413 180 7096462 40191 37
303 388 10000 15399 10000 7085830 52411 1660
14 266 10000 15414 900 7096635 41631 152
290 275 10000 15411 560 7095591 43149 98
201 88 10000 15407 10000 7094767 44092 1660
221 71 10000 15318 100001 6974425 165322 16579
141 134 10000 15409 3160 7094960 47929 531
53 231 10000 15419 180 7103553 41275 37
135 303 10000 15410 560 7095551 49498 98
250 46 10000 15417 560 7102481 44562 98
350 390 10000 15424 900 7107874 41099 152
360 227 10000 15425 900 7108375 41543 152
380 70 10000 15428 560 7109450 40741 98
65 279 10000 15427 900 7109003 41377 152
202 351 10000 15421 1100 7105553 47511 184
71 35 10000 15432 560 7114688 40902 98
70 313 10000 15431 560 7114553 41172 98
22 33 10000 15448 1100 7137348 24334 184
60 81 10000 15434 3160 7119977 42144 531
29 332 10000 14707 1850000 6136724 1026695 306661
234 169 10000 15430 3160 7113653 51091 531
19 397 10000 15433 900 7117869 47600 152
71 21 10000 15437 900 7127216 41856 152
6 68 10000 15356 100001 7030667 139441 16579
306 304 10000 15415 100001 7100666 69557 16579
350 71 10000 15439 1100 7130583 41308 184
36 121 10000 15441 900 7132803 41103 152
130 5 10000 15442 900 7133140 42400 152
186 137 10000 15443 250 7135090 40724 48
109 107 10000 15460 250 7155860 20253 48
173 151 10000 15440 10000 7131644 44569 1660
342 362 10000 15436 3160 7123241 53066 531
391 15 10000 15446 180 7136425 41048 37
79 27 10000 15447 1870 7136522 42131 316
204 16 10000 15444 10000 7136038 44224 1660
149 227 10000 15435 1870 7120972 61342 316
371 264 10000 15451 900 7143313 40815 152
183 303 10000 15452 180 7143923 41103 37
176 38 10000 15453 180 7144491 40854 37
390 270 10000 15367 100001 7047765 139967 16579
79 384 10000 15450 10000 7143299 44659 1660
154 268 10001 15386 10000 7074370 113679 1660
351 163 10000 15454 250 7147357 41388 48
55 226 10000 15455 1100 7147507 41927 184
206 358 10000 15381 560 7066340 124658 98
111 297 10000 15458 900 7153361 41096 152
254 178 10000 15457 560 7151333 46397 98
88 282 10000 15461 560 7157401 42131 98
179 148 10000 15464 900 7160548 41144 152
338 258 10000 15465 560 7161187 40915 98
169 158 10000 15385 100001 7068461 134253 16579
390 371 10000 15466 250 7162319 40779 48
229 333 10000 15364 560 7044511 158824 98
124 120 10000 15423 1100 7107271 101375 184
332 326 10000 15479 560 7189177 20287 98
219 116 10000 15422 900 7105703 104293 152
27 361 10000 15142 1850000 6733816 479176 306661
373 131 10000 15470 560 7175358 41062 98
353 277 10000 15469 560 7173917 44131 98
378 373 10000 15482 1870 7196875 21811 316
386 395 10000 15483 900 7199225 20322 152
158 126 10000 15468 250 7171495 48509 48
76 274 10000 15320 400000 6974900 248154 66306
144 58 10000 15359 1870 7038750 185567 316
384 237 10000 15360 100001 7039456 186376 16579
137 111 10000 15475 1870 7184619 42252 316
285 293 10000 14066 10000000 5303893 1923627 1657602
186 59 10000 15477 1100 7187641 40848 184
84 331 10000 15473 560 7181973 48038 98
63 43 10000 15478 1100 7188871 41793 184
1 7 10000 15488 1870 7206655 27202 316
26 238 10001 15467 900 7162747 74486 152
59 9 10000 15480 900 7196217 41330 152
157 193 10000 15481 560 7196233 44784 98
170 188 10000 15426 100001 7108987 132515 16579
273 322 10000 15485 1870 7201238 42331 316
241 106 10000 15486 1870 7201403 43763 316
193 143 10000 15487 1870 7205240 41513 316
362 214 10000 15490 250 7207884 40572 48
75 163 10000 15307 400000 6953371 296733 66306
233 2 10000 15429 100001 7112162 140809 16579
231 378 10000 14130 1850000 5384814 1870714 306661
286 36 10000 15494 560 7214687 41316 98
122 197 10000 15174 400000 6772654 484224 66306
311 115 10000 15484 1870 7201123 57521 316
291 297 10000 15512 900 7238521 20322 152
171 310 10000 15495 10000 7216956 43970 1660
244 397 10000 15471 10000 7177528 85378 1660
13 390 10000 15499 250 7223822 40280 48
218 204 10001 15516 900 7243275 21192 152
213 373 10000 15462 900 7157853 108691 152
251 133 10000 15500 10000 7223990 43972 1660
376 64 10000 15498 10000 7223182 45108 1660
295 312 10000 15497 900 7221406 48327 152
242 385 10000 15504 900 7231763 40644 152
252 77 10000 15505 180 7232851 40409 37
22 264 10000 15496 900 7218910 55343 152
61 325 10000 15449 100001 7140557 134661 16579
325 393 10000 15509 560 7235487 40563 98
164 71 10000 15510 1100 7236741 41383 184
22 240 10000 11305 10000000 1729612 5549081 1657602
258 219 10000 15507 10000 7234309 44429 1660
365 62 10000 15513 560 7238947 41515 98
119 316 10000 15511 10000 7237787 46681 1660
168 143 10000 15517 560 7244440 40806 98
394 357 10000 15518 250 7244510 41073 48
366 338 10000 15515 3160 7242763 43113 531
188 97 10000 15370 400000 7050984 236923 66306
127 330 10000 15520 560 7247525 40793 98
349 328 10000 15522 1100 7248067 42131 184
93 146 10000 15524 250 7249984 40261 48
188 259 10000 15526 560 7251004 40428 98
241 202 10000 15459 100001 7155532 136991 16579
205 67 10000 15472 1870 7177991 114889 316
265 30 10000 15525 900 7250689 42263 152
292 396 10000 15527 1870 7252831 42084 316
211 47 10000 15503 1870 7231596 63916 316
29 63 10000 12743 10000000 3593945 3702839 1657602
285 231 10000 15532 180 7257333 40374 37
244 196 10000 15501 1870 7224061 73812 316
336 367 10001 15531 900 7257171 41349 152
333 345 10000 15420 100001 7104329 196927 16579
367 358 10000 15533 560 7260333 41926 98
200 341 10000 15529 3160 7255863 46712 531
104 165 10000 15029 1850000 6583829 720558 306661
87 33 10000 15534 250 7264002 44219 48
138 2 10000 15519 560 7245553 66684 98
111 118 10000 15557 1100 7293323 22280 184
116 240 10000 15536 900 7275705 40978 152
75 280 10000 15539 560 7279696 40788 98
233 149 10000 15476 100001 7185583 135455 16579
211 94 10000 15438 100001 7129302 192461 16579
26 312 10000 15514 10000 7242009 79820 1660
95 311 10000 15540 1870 7280006 42577 316
161 114 10000 15543 1870 7283187 41938 316
88 386 10000 15544 3160 7283685 42290 531
105 82 10000 15546 560 7285465 41556 98
270 44 10000 15549 180 7287272 40589 37
307 112 10000 15547 3160 7285832 42260 531
357 30 10000 15548 1870 7286526 41620 316
324 366 10000 15523 10000 7248268 80347 1660
82 250 10000 15550 900 7287447 42101 152
98 397 10000 15555 560 7290986 40428 98
166 299 10000 15552 10000 7288340 45263 1660
317 165 10000 15551 3160 7287946 47146 531
7 260 10000 15553 1100 7290050 45311 184
305 237 10000 15556 1870 7292813 42671 316
317 366 10000 15542 250 7282265 53520 48
294 63 10000 15559 560 7296375 40926 98
135 350 10000 15560 560 7299711 40581 98
187 13 10000 15563 10000 7301052 43938 1660
258 383 10000 15569 1870 7308352 41700 316
379 299 10000 15566 10000 7304726 46194 1660
69 330 10001 15561 10000 7299899 52657 1660
133 239 10000 15572 1100 7311668 40951 184
200 179 10000 15567 180 7305283 47498 37
220 312 10000 15570 560 7308761 48008 98
345 241 10000 15574 900 7315907 42971 152
85 340 10000 15579 1100 7318666 40772 184
161 225 10000 15576 3160 7317000 42483 531
5 251 10000 15578 900 7318302 41205 152
179 99 10000 15581 560 7319286 40946 98
370 212 10000 15568 900 7307463 53743 152
303 45 10000 15580 1100 7318718 43105 184
47 336 10000 15582 1870 7320876 42269 316
7 161 10000 15445 400000 7136283 229054 66306
373 98 10000 15502 100001 7229479 136921 16579
18 129 10000 15586 1870 7325240 42430 316
35 339 10000 15508 100001 7234488 133783 16579
320 316 10000 15591 180 7328580 40376 37
196 106 10000 15588 10000 7325528 44804 1660
23 306 10000 15592 1870 7328982 41888 316
303 54 10000 15593 560 7329898 41258 98
178 398 10000 15585 900 7323407 49686 152
48 100 10000 15596 900 7333349 41110 152
378 335 10000 15599 560 7334096 40825 98
280 238 10000 15595 10000 7331664 44534 1660
379 359 10000 15598 180 7334016 42372 37
162 271 10000 15600 1870 7334869 41922 316
85 350 10000 15601 900 7335260 42330 152
150 96 10000 15397 400000 7084368 295259 66306
172 332 10000 15604 560 7338355 41364 98
10 315 10000 15603 3160 7337774 42991 531
282 359 10000 15575 10000 7316765 64704 1660
199 305 10000 15606 1870 7341082 41513 316
100 58 10000 15602 10000 7337109 46217 1660
375 345 10000 15607 560 7343373 40895 98
298 324 10000 15605 1870 7340201 45067 316
83 216 10000 15608 560 7343795 41697 98
84 269 10001 15609 900 7345345 41375 152
265 108 10000 15610 900 7346747 40869 152
166 145 10000 15528 100001 7255631 132147 16579
182 76 10000 15611 560 7347856 41376 98
75 367 10000 15597 3160 7333566 56856 531
281 194 10000 15614 250 7350251 40522 48
352 130 10000 15562 1870 7300018 91091 316
310 152 10000 15617 180 7352425 40441 37
279 19 10000 15463 400000 7158007 235337 66306
377 282 10000 15615 10000 7350556 45817 1660
294 233 10000 15618 250 7353058 43925 48
334 99 10000 15577 900 7317364 81593 152
63 254 10000 15621 3160 7357401 42430 531
227 378 10000 14684 1850000 6106699 1295517 306661
83 67 10000 15622 1870 7359645 42984 316
188 116 10000 15619 560 7355402 49428 98
208 141 10000 15584 10000 7322980 86437 1660
133 76 10000 15626 1100 7374621 41061 184
151 380 10000 15573 900 7315591 100577 152
236 310 10000 15628 560 7378755 40978 98
161 171 10000 15641 180 7404580 20092 37
392 196 10000 15631 560 7384821 43191 98
353 347 10000 15645 900 7407962 20322 152
238 19 10000 15633 180 7388406 40444 37
366 167 10000 15627 10000 7377905 51641 1660
54 138 10000 15624 3160 7371407 60008 531
350 12 10002 15636 560 7392481 41028 98
220 207 10000 15635 1100 7392293 43874 184
384 133 10000 15638 180 7397112 40184 37
19 389 10000 15640 900 7397364 40749 152
133 202 10000 15558 100001 7296336 145438 16579
395 265 10000 15564 100001 7301336 140629 16579
111 399 10000 15571 100001 7311492 132509 16579
101 153 10000 15639 560 7397341 48229 98
194 214 10000 15642 900 7404960 40751 152
25 63 10000 15643 900 7406389 40975 152
293 139 10000 15644 180 7407261 41014 37
282 52 10000 15646 560 7409492 43175 98
389 118 10000 15649 560 7412025 40741 98
3 367 10000 15653 180 7414775 40507 37
63 178 10000 15651 3160 7414413 42557 531
267 92 10000 15650 3160 7414208 43251 531
327 370 10000 15589 100001 7325594 132931 16579
364 307 10000 15658 1100 7418328 41087 184
216 64 10000 15489 400000 7207872 251778 66306
206 287 10000 15656 560 7417135 43257 98
212 228 10000 15590 100001 7326719 133792 16579
348 256 10000 15587 100001 7325384 135496 16579
82 50 10000 15659 180 7420045 40961 37
185 308 10000 15655 10000 7416851 44400 1660
363 68 10000 15660 1100 7420737 41643 184
97 113 10000 15594 100001 7330473 132347 16579
156 317 10001 15662 180 7423306 40351 37
217 250 10000 15648 1870 7411914 52601 316
175 337 10000 15661 250 7421899 42791 48
222 21 10001 15663 900 7425006 41186 152
201 65 10000 15647 1870 7410667 56289 316
88 336 10000 15666 180 7426563 40701 37
131 290 10000 15665 180 7426190 41516 37
376 325 10000 15506 400000 7234211 235222 66306
305 244 10001 15667 10000 7426978 44125 1660
201 45 10000 15668 3160 7429042 44903 531
159 47 10000 15670 900 7437799 41159 152
160 365 10000 15583 900 7321481 158714 152
79 137 10000 15612 100001 7348757 132302 16579
233 281 10000 15671 3160 7439483 42071 531
379 81 10000 14399 1850000 5740923 1740710 306661
352 235 10000 13376 10000000 4422130 3060036 1657602
247 220 10000 15674 560 7442775 40656 98
359 79 10000 15613 100001 7350009 134993 16579
178 360 10000 15669 560 7435227 50291 98
34 273 10000 15675 560 7445418 40634 98
129 145 10000 15677 900 7447410 40644 152
344 384 10000 15680 560 7449460 40992 98
264 100 10000 15541 100001 7280809 209767 16579
197 235 10000 15673 1870 7442495 48534 316
127 360 10000 15681 250 7451068 40488 48
104 142 10000 15679 180 7448389 43198 37
153 128 10000 15678 10000 7447795 45206 1660
274 301 10000 15682 1870 7451289 42420 316
386 187 10000 15684 560 7453167 40580 98
342 86 10000 15683 560 7451477 43291 98
11 128 10000 15685 560 7454641 40865 98
232 337 10000 15688 560 7456961 40607 98
322 228 10000 15672 10000 7440412 57214 1660
338 132 10000 15686 1870 7455613 42137 316
345 308 10000 15690 900 7460829 40644 152
207 23 10001 15689 180 7458458 43556 37
247 306 10000 15692 560 7461924 40744 98
138 287 10000 15691 560 7461846 41934 98
277 311 10000 15696 560 7466148 40782 98
191 285 10000 15697 180 7467830 41320 37
299 64 10000 15695 3160 7466034 43502 531
322 191 10000 15694 10000 7465036 46120 1660
311 89 10000 15699 1100 7472169 40772 184
284 282 10000 15714 3160 7489291 25098 531
233 316 10000 15701 1100 7474068 40935 184
168 64 10000 15698 10000 7469405 46234 1660
251 68 10000 15629 100001 7379910 137339 16579
396 303 10000 15703 560 7477354 40536 98
194 91 10000 15700 1870 7473748 45309 316
359 21 10000 15090 1850000 6668901 852341 306661
122 341 10001 15708 560 7481148 41409 98
157 391 10000 15707 3160 7479997 44881 531
119 75 10000 15712 250 7485876 41266 48
226 279 10000 15634 100001 7389754 138195 16579
86 178 10001 15637 100001 7393650 135072 16579
232 344 10000 15715 250 7489873 40665 48
364 308 10000 15716 560 7490420 40829 98
143 389 10000 15711 10000 7485758 45556 1660
44 214 10000 15709 560 7481465 50995 98
228 267 10000 15706 560 7479778 54633 98
144 233 10000 15630 900 7381049 155004 152
98 383 10000 15718 1100 7493051 43895 184
182 177 10000 15687 180 7455910 81066 37
58 294 10000 15720 900 7498434 40797 152
165 290 10000 15719 1100 7497217 42955 184
260 186 10000 15722 900 7500750 40932 152
285 39 10000 15723 560 7500809 40878 98
237 229 10000 15742 1870 7519937 23274 316
215 6 10000 15725 1100 7504221 41451 184
288 12 10000 15726 900 7504724 41377 152
103 184 10000 15729 900 7507133 41388 152
368 242 10000 15732 250 7509852 40441 48
262 30 10000 15733 10000 7510363 45155 1660
300 375 10000 15736 900 7514641 41031 152
177 306 10000 15652 1100 7414739 141074 184
291 195 10000 15657 100001 7417638 139860 16579
133 362 10000 15737 1870 7515198 43093 316
117 203 10000 15730 1100 7507869 50833 184
351 77 10000 15124 1850000 6718140 840893 306661
95 40 10000 15734 10000 7512333 46742 1660
125 167 10000 15740 900 7518703 40644 152
40 364 10000 15724 180 7501095 58533 37
311 107 10000 15735 10000 7513215 47501 1660
215 103 10000 15739 10000 7516440 44364 1660
309 217 10000 15664 100001 7426073 136159 16579
351 139 10000 15743 1100 7521610 40772 184
37 197 10000 15492 400000 7211786 352575 66306
184 155 10000 15746 900 7530377 41813 152
105 53 10000 15747 1100 7530923 43609 184
167 242 10000 15717 900 7492416 82924 152
310 164 10000 15183 1850000 6783106 792687 306661
304 377 10000 15748 560 7534091 41802 98
339 132 10000 15752 560 7537638 40672 98
265 169 10000 15751 1870 7536762 42501 316
290 396 10000 15749 10000 7535232 44272 1660
195 253 10000 15565 400000 7303380 277003 66306
77 308 10000 15545 400000 7283796 297743 66306
126 119 10000 15754 1870 7540382 41513 316
111 134 10000 15654 100001 7415670 169061 16579
44 102 10000 15757 900 7547199 40688 152
41 296 10000 15755 1100 7543427 45178 184
242 267 10000 15758 560 7549212 40677 98
190 102 10000 15761 560 7551203 40874 98
156 387 10000 15763 1100 7552589 41365 184
232 376 10000 15760 560 7550064 45231 98
333 186 10002 15759 900 7550052 45724 152
367 147 10000 15765 560 7556398 40559 98
237 64 10000 15756 10000 7544279 55507 1660
105 338 10000 15632 100001 7386928 213049 16579
329 168 10000 15398 400000 7084911 515484 66306
54 181 10000 15768 900 7561223 44063 152
378 337 10000 15764 3160 7556138 49632 531
86 232 10000 15766 250 7558077 48856 48
380 218 10000 15772 1100 7566442 41063 184
227 322 10001 15771 560 7566422 41154 98
169 190 10000 15741 1100 7519027 90177 184
229 218 10000 15705 3160 7479316 130039 531
282 345 10000 15775 1100 7568850 41239 184
211 284 10000 15769 3160 7563039 47566 531
143 387 10000 15770 10000 7566180 44888 1660
130 398 10000 15773 10000 7566910 44422 1660
307 297 10000 15776 900 7574870 40819 152
140 389 10000 15710 100001 7483005 132986 16579
377 242 10000 15778 560 7579989 40428 98
175 108 10000 15620 400000 7356549 265301 66306
10 204 10000 15625 400000 7371714 251830 66306
119 260 10000 15780 1100 7583532 41696 184
187 269 10000 15781 560 7584177 41123 98
277 223 10000 15785 180 7585587 40184 37
375 61 10000 15786 560 7587361 40884 98
346 60 10000 15784 1100 7585529 43983 184
392 320 10000 15787 560 7587363 42237 98
355 145 10000 15788 250 7593069 40228 48
291 377 10000 15721 100001 7499394 134705 16579
331 62 10000 15783 180 7585428 49810 37
167 114 10000 15779 560 7580841 55209 98
9 119 10000 15790 1100 7594320 42096 184
134 352 10000 15791 1870 7595033 42032 316
138 34 10000 15792 560 7596610 40975 98
335 151 10000 15793 180 7597772 41166 37
18 139 10000 15794 1100 7600353 40772 184
349 64 10000 15728 100001 7506945 136491 16579
332 43 10001 15554 400000 7290391 355069 66306
21 24 10000 15808 10000 7622162 25673 1660
129 172 10000 15738 100001 7515903 133949 16579
77 211 10000 15796 10000 7604512 45964 1660
58 265 10000 15731 100001 7508441 143632 16579
210 333 10000 15767 1100 7558974 93123 184
385 26 10000 15800 1870 7610365 42189 316
15 190 10000 15801 1100 7612015 40772 184
302 295 10001 15797 900 7604720 49503 152
86 278 10000 15802 250 7614924 40423 48
141 240 10000 15799 560 7608737 50930 98
278 42 10000 15806 1100 7621054 40773 184
244 50 10000 15774 10000 7568222 94805 1660
150 226 10000 15807 1100 7622015 41342 184
339 31 10000 15798 10000 7606243 59035 1660
73 295 10000 15810 900 7624467 41029 152
382 66 10000 15809 250 7623102 42630 48
237 363 10000 15750 100001 7536040 133680 16579
105 84 10000 15805 1100 7620762 48966 184
257 258 10000 15826 10000 7646915 23454 1660
241 138 10000 15753 100001 7538683 131853 16579
143 57 10000 15812 1870 7633693 41788 316
397 347 10000 15813 560 7635015 42356 98
382 35 10000 15815 3160 7638661 42219 531
385 212 10000 15817 560 7640849 40685 98
121 321 10000 15326 1850000 6979505 702431 306661
308 66 10000 15818 1100 7641251 41035 184
303 168 10000 15816 3160 7640641 42699 531
309 319 10000 15839 250 7663069 20543 48
232 133 10000 15819 1100 7642338 41774 184
50 193 10000 15822 560 7645495 40602 98
174 368 10000 15823 900 7645567 41815 152
142 353 10000 15824 1100 7646104 41629 184
59 247 10000 15474 1850000 7184401 503483 306661
356 122 10000 15825 900 7646773 41303 152
79 275 10000 15828 900 7647870 41517 152
138 290 10001 15831 560 7648785 40964 98
165 79 10000 15830 3160 7648707 42070 531
315 304 10000 15844 10000 7668317 23517 1660
296 225 10000 15827 180 7647524 44926 37
268 188 10000 15833 560 7653748 40577 98
160 102 10000 15745 900 7525482 170814 152
62 145 10000 15836 1100 7656489 40853 184
309 22 10000 15837 560 7660763 40863 98
194 275 10000 15820 900 7643161 59085 152
367 69 10000 15838 180 7661867 40743 37
269 297 10000 15842 560 7665841 40428 98
284 148 10000 15493 1850000 7213179 494829 306661
266 234 10000 15843 900 7667315 40953 152
20 248 10000 15841 10000 7665492 44052 1660
132 204 10000 15847 180 7670359 40290 37
35 94 10000 15845 3160 7668532 42281 531
12 250 10000 15848 1100 7670846 40772 184
347 27 10000 15849 1100 7671925 41363 184
189 121 10000 15811 1870 7628317 87314 316
362 384 10000 15855 250 7676115 40884 48
357 178 10000 15856 1870 7682028 42802 316
136 276 10000 15835 180 7655976 69491 37
278 363 10000 15859 3160 7687032 42009 531
25 390 10000 15860 1870 7687829 41513 316
140 356 10000 15862 180 7688312 41056 37
241 212 10000 15865 560 7689036 40563 98
328 324 10000 15879 900 7709420 20459 152
64 264 10000 15864 1100 7688750 41151 184
196 370 10000 15866 180 7689340 40617 37
229 86 10000 15803 900 7618434 112042 152
363 237 10000 15857 1870 7684608 48340 316
18 298 10000 15871 560 7693897 41018 98
236 297 10000 15832 250 7651151 84149 48
3 68 10000 15834 1100 7653984 81411 184
398 330 10000 15873 900 7697366 41422 152
97 79 10000 15867 10000 7691000 48337 1660
301 333 10000 15869 900 7692891 46931 152
205 108 10000 15872 10000 7695909 43948 1660
219 15 10000 15876 250 7701794 40886 48
149 200 10000 15875 3160 7700983 42851 531
240 319 10000 15877 1100 7707060 41171 184
201 95 10000 15878 560 7707530 42103 98
233 189 10000 15880 250 7710178 40508 48
187 370 10000 15693 400000 7463861 294145 66306
261 120 10000 15884 180 7717819 40590 37
222 217 10000 15851 180 7673547 87886 37
150 294 10000 12995 10000000 3924107 3837388 1657602
210 239 10000 15846 560 7670326 93315 98
373 296 10000 15888 1100 7728944 40906 184
219 216 10000 15913 560 7749669 20483 98
136 284 10000 15782 100001 7584304 186978 16579
82 101 10000 15889 1870 7730461 42136 316
231 141 10000 15890 1870 7730612 42322 316
75 126 10000 15887 10000 7726463 47248 1660
179 7 10000 15883 1870 7714906 59662 316
178 88 10000 13608 10000000 4732203 3042602 1657602
397 322 10000 15894 1100 7736594 40944 184
95 364 10000 15895 560 7736966 40679 98
70 329 10000 15896 250 7737628 40840 48
322 17 10000 15897 560 7739171 41065 98
353 177 10000 15891 1870 7733682 47614 316
179 175 10000 15366 1850000 7047141 734592 306661
343 393 10000 15882 1100 7711348 71176 184
304 180 10000 15900 560 7742259 40831 98
35 364 10001 15899 560 7739966 44299 98
235 309 10000 15905 560 7745345 40672 98
71 227 10000 15909 1870 7747268 41883 316
34 80 10000 15907 10000 7745956 44022 1660
295 144 10000 15908 180 7746720 47406 37
282 125 10000 15804 100001 7619673 174873 16579
270 127 10000 15918 560 7755430 40428 98
7 123 10000 15904 180 7744272 52009 37
113 246 10000 15858 1100 7686114 111700 184
375 147 10000 15920 560 7756852 41349 98
166 36 10000 15906 560 7745896 52815 98
363 278 10000 15917 900 7752921 47115 152
266 231 10000 15919 10000 7755806 44288 1660
76 249 10000 15921 10000 7758665 44226 1660
182 230 10000 15762 400000 7552407 250924 66306
181 351 10000 15923 560 7763890 41889 98
100 111 10000 15933 1870 7784129 21795 316
66 277 10000 15924 560 7765340 40858 98
36 205 10000 15925 250 7765457 41087 48
136 180 10000 15892 250 7735087 72418 48
54 315 10000 15901 10000 7743385 65620 1660
34 36 10000 15938 10000 7788045 23654 1660
180 197 10000 15941 1100 7791263 21123 184
164 287 10000 15928 250 7771555 41878 48
43 145 10000 15931 1100 7777931 41181 184
159 313 10000 14683 1850000 6106388 1713202 306661
313 384 10000 15929 250 7774680 46088 48
353 395 10000 15932 1100 7782118 41499 184
266 234 10001 15935 560 7784751 40428 98
207 285 10000 15936 900 7785685 41099 152
31 292 10000 15937 560 7786621 41523 98
208 228 10000 15902 180 7743655 86501 37
114 396 10000 15934 1100 7784649 46644 184
230 77 10000 15927 560 7767309 65944 98
184 3 10000 15926 180 7765773 68723 37
48 72 10001 15874 100001 7698589 138394 16579
248 377 10000 15863 100001 7688462 148945 16579
156 6 10000 15944 1100 7796456 41466 184
349 328 10001 15914 180 7751163 89052 37
331 115 10001 15915 10000 7751953 89329 1660
29 236 10000 15777 400000 7575769 265674 66306
111 328 10000 15947 1870 7800476 41749 316
257 339 10000 15946 560 7797688 45026 98
212 363 10000 15948 1870 7801723 42218 316
0 47 10000 15949 250 7803164 41093 48
89 382 10000 15950 560 7804260 40585 98
56 305 10000 15952 900 7805945 40644 152
66 394 10000 15881 100001 7710658 136032 16579
158 53 10000 15951 3160 7805232 41998 531
75 197 10000 15953 180 7806437 40974 37
221 356 10000 15954 1870 7806529 42676 316
28 16 10000 15957 250 7809325 41184 48
200 2 10000 15910 900 7747909 102657 152
107 307 10000 15960 560 7811229 40485 98
323 145 10000 15958 3160 7809587 42258 531
313 246 10000 15959 560 7811136 41207 98
306 237 10000 15939 10000 7789000 64763 1660
384 61 10000 15885 100001 7720344 136375 16579
210 377 10000 15945 900 7796619 61693 152
62 135 10000 15964 250 7818163 41075 48
24 14 10000 15966 900 7822567 40829 152
287 201 10000 15967 560 7822701 42041 98
199 327 10000 15965 3160 7819997 44779 531
26 46 10000 15942 180 7792821 74052 37
89 180 10000 15968 10000 7825466 44195 1660
254 6 10000 15969 900 7829325 40874 152
357 270 10000 15970 560 7831673 41109 98
187 258 10000 15971 560 7833011 40699 98
103 306 10000 15975 250 7835641 40718 48
67 167 10000 15976 250 7836352 40712 48
156 153 10000 15991 10000 7853841 23424 1660
398 371 10000 15840 100001 7665229 213372 16579
231 328 10000 15972 10000 7833549 47315 1660
348 257 10000 15978 900 7840815 40894 152
346 145 10000 15981 560 7842176 42372 98
345 111 10000 15983 250 7845110 40438 48
280 391 10000 15984 900 7845298 40968 152
388 135 10000 15977 900 7840602 46049 152
194 77 10000 15943 10000 7794652 93190 1660
56 78 10000 15987 900 7847005 41076 152
378 285 10000 15986 1870 7846880 42658 316
54 165 10000 15982 900 7844988 45434 152
351 252 10000 15989 1870 7849893 41513 316
160 90 10000 15886 180 7724827 169270 37
134 276 10000 15990 1870 7853229 41785 316
324 180 10000 15993 250 7856738 40893 48
218 32 10000 13389 10000000 4445844 3453246 1657602
4 5 10000 16010 1870 7879646 21484 316
119 104 10000 13905 10000000 5115938 2790625 1657602
307 293 10000 15997 180 7866885 41203 37
59 363 10000 15999 560 7868949 40683 98
15 296 10000 15850 400000 7673397 236409 66306
371 1 10000 16004 180 7870014 41170 37
107 371 10000 15992 1100 7854802 56491 184
197 48 10000 16002 900 7869770 41916 152
129 72 10000 16001 560 7869763 42795 98
108 78 10000 16005 900 7871672 41077 152
99 216 10000 15979 560 7841066 71864 98
217 38 10000 16000 560 7869294 44751 98
198 58 10000 16003 900 7869830 46033 152
65 38 10000 16006 1100 7875135 42232 184
29 267 10000 16008 560 7875612 42043 98
26 60 10000 13775 10000000 4924917 2993431 1657602
166 346 10000 15852 400000 7674483 246153 66306
317 98 10000 16012 560 7880949 40428 98
1 396 10000 16009 180 7879560 43460 37
388 298 10000 15416 1850000 7102219 823587 306661
391 207 10000 16018 250 7887992 40302 48
270 387 10000 16021 180 7888870 40923 37
180 42 10000 16020 900 7888813 41501 152
190 15 10000 15988 3160 7848140 82230 531
219 342 10000 15963 900 7815303 115253 152
330 267 10000 16022 900 7892755 41134 152
93 368 10000 16025 560 7893874 40941 98
240 276 10000 16028 560 7903861 40775 98
157 82 10000 16029 250 7904774 40733 48
114 193 10000 16026 1870 7895688 50055 316
44 205 10000 16030 1870 7907124 41639 316
97 78 10000 15940 100001 7789791 160510 16579
293 208 10000 16035 180 7910552 41272 37
232 91 10000 15418 1850000 7103388 850069 306661
121 259 10000 16038 560 7916669 40800 98
48 281 10000 12120 10000000 2782744 5174835 1657602
373 201 10000 16040 180 7918225 40905 37
321 128 10000 16036 1870 7911162 48282 316
335 196 10000 15521 1850000 7247993 712418 306661
359 336 10000 16042 900 7921083 42961 152
35 168 10001 16039 900 7917770 46455 152
343 9 10000 16027 1100 7902726 63640 184
355 334 10000 16047 1100 7927474 41566 184
396 63 10000 16045 1100 7926439 43139 184
79 359 10001 16049 180 7930147 40883 37
70 227 10000 16043 560 7922799 48871 98
222 369 10000 15973 100001 7834684 138436 16579
43 223 10000 16044 180 7924042 49901 37
129 207 10000 16051 900 7935955 40870 152
96 316 10000 16052 180 7937496 41029 37
15 138 10000 16055 560 7941713 40758 98
116 233 10000 15985 100001 7846574 136065 16579
232 2 10000 16056 180 7942688 40184 37
234 288 10000 15955 100001 7808410 175297 16579
68 284 10000 11764 10000000 2337615 5647268 1657602
27 245 10000 16057 560 7944642 40504 98
206 16 10001 16054 180 7938804 48087 37
327 104 10000 16058 180 7944880 43057 37
8 249 10000 16032 560 7908503 81227 98
137 306 10000 16060 560 7950231 40987 98
31 385 10000 15994 100001 7859167 133064 16579
110 296 10000 16063 560 7952951 42192 98
381 52 10000 16065 560 7956150 41136 98
164 350 10000 16033 560 7909438 87952 98
395 205 10000 16062 10000 7952762 45753 1660
202 196 10000 16066 1870 7956301 43876 316
32 298 10000 15149 1850000 6744544 1256333 306661
6 335 10000 16070 560 7960924 40428 98
265 9 10001 16072 900 7961585 40982 152
161 329 10000 16071 1870 7961019 41625 316
322 56 10001 16034 3160 7910507 92529 531
379 358 10000 16073 560 7963183 40970 98
18 4 10000 16081 900 7983571 20747 152
9 133 10000 16068 10000 7959990 46665 1660
259 276 10000 16074 1100 7966334 40872 184
378 239 10000 16050 560 7932400 75168 98
166 235 10000 16076 900 7971151 40908 152
278 380 10000 16077 1100 7973702 42412 184
187 282 10000 16015 100001 7884436 132566 16579
189 330 10000 16079 250 7975642 43465 48
294 291 10000 16061 100001 7950514 72612 16579
115 349 10000 16041 900 7920874 102702 152
366 15 10000 16083 560 7985067 40428 98
378 135 10000 15916 400000 7752491 273139 66306
144 127 10000 15998 3160 7868478 158320 531
220 95 10000 16085 560 7986738 40443 98
93 350 10000 16084 180 7986596 40847 37
113 233 10000 15081 1850000 6659194 1373293 306661
328 97 10000 16090 250 7998927 41002 48
225 28 10000 16031 100001 7908422 131814 16579
369 347 10000 16091 1100 8000180 40911 184
83 95 10000 16080 100001 7978762 68203 16579
267 351 10000 16092 560 8004100 43039 98
387 90 10000 16094 3160 8008609 43390 531
378 394 10000 16082 10000 7984887 68891 1660
55 365 10000 16093 10000 8007087 47820 1660
36 331 10000 16098 1870 8014286 41818 316
397 145 10000 16101 1870 8020344 41513 316
329 348 10000 16046 100001 7927271 139084 16579
291 0 10000 16104 1100 8025974 41149 184
305 269 10000 16103 1870 8023656 43762 316
271 323 10000 16105 900 8026537 40990 152
149 260 10000 14690 1850000 6112790 1957091 306661
232 42 10000 16110 1100 8029470 40851 184
24 279 10000 16111 900 8030764 43078 152
266 115 10000 15930 100001 7777587 296935 16579
41 366 10000 16114 560 8033755 40883 98
371 170 10000 16113 1870 8033535 41513 316
238 355 10000 16053 100001 7938704 137538 16579
14 282 10000 16059 100001 7946355 132012 16579
150 393 10001 15789 1850000 7593611 485290 306661
67 221 10000 16116 560 8038790 40649 98
345 120 10000 16107 3160 8027594 52253 531
258 56 10000 16120 1100 8043405 41262 184
16 40 10000 16118 3160 8041951 43243 531
322 192 10000 15912 400000 7749628 338474 66306
232 265 10000 16067 100001 7958825 133611 16579
171 177 10000 16048 400000 7929807 162811 66306
45 297 10000 16125 560 8052276 40504 98
76 150 10000 16124 10000 8050716 46178 1660
329 61 10000 16128 560 8056554 40502 98
145 9 10000 16130 1100 8056921 40832 184
252 314 10000 16075 100001 7968300 131814 16579
165 37 10000 16132 560 8060247 41011 98
380 183 10000 16127 560 8056046 47889 98
107 376 10000 16136 180 8065429 40184 37
248 134 10001 16138 180 8065608 40555 37
250 297 10000 16135 3160 8064748 42018 531
381 294 10000 16137 560 8065432 42038 98
173 381 10001 16078 100001 7974510 133262 16579
22 180 10000 16140 900 8065917 42366 152
290 77 10000 16142 1100 8068405 40915 184
167 126 10000 16106 560 8026545 82882 98
313 140 10000 16123 560 8050443 59763 98
303 381 10000 16143 1870 8070292 41987 316
339 215 10000 16144 900 8070722 42123 152
285 11 10001 16119 180 8043182 69747 37
173 396 10000 16146 900 8071868 41369 152
383 171 10000 16145 3160 8070825 42691 531
379 1 10000 15181 1850000 6781727 1334359 306661
136 112 10000 16102 10000 8021684 95520 1660
367 295 10000 16147 1870 8074154 43377 316
365 350 10000 16150 560 8078359 40428 98
154 203 10000 16108 180 8027848 96018 37
245 52 10000 16152 560 8084121 40596 98
213 59 10000 14168 10000000 5432430 2692690 1657602
313 130 10000 15292 1850000 6937487 1188427 306661
399 116 10000 16149 1100 8077669 49716 184
94 286 10000 16155 180 8087743 41292 37
342 33 10000 16096 900 8012957 118092 152
121 44 10000 16157 560 8092350 41279 98
4 302 10000 16158 900 8093663 40800 152
174 255 10001 16156 3160 8091565 42952 531
232 292 10000 16122 10000 8049085 86139 1660
230 320 10000 16099 900 8014857 120903 152
218 357 10000 16159 560 8094518 41265 98
376 295 10000 16154 10000 8086550 52681 1660
115 341 10000 13476 10000000 4549010 3591260 1657602
76 333 10000 16162 900 8102835 40817 152
202 115 10000 16161 250 8099238 44525 48
151 103 10000 16115 900 8034432 110171 152
347 103 10000 16097 100001 8013818 132217 16579
325 80 10000 15383 1850000 7066432 1079754 306661
0 370 10000 16100 100001 8015312 133044 16579
8 84 10000 16131 180 8058778 90425 37
111 125 10000 16164 1100 8104304 48921 184
370 181 10000 16166 560 8106778 46643 98
121 322 10000 16171 560 8114913 41415 98
50 212 10000 16172 250 8115222 41832 48
133 142 10000 16163 560 8103452 53832 98
252 282 10000 16175 560 8118411 40936 98
206 57 10000 16178 560 8125096 40428 98
79 17 10000 16112 100001 8033389 133371 16579
285 58 10000 16180 180 8126387 40409 37
85 399 10000 16179 900 8126036 41337 152
204 149 10000 16177 3160 8121166 47305 531
208 173 10000 15357 1850000 7036896 1132045 306661
327 170 10000 16181 1100 8128656 41159 184
194 2 10000 16153 1100 8085348 86599 184
127 231 10000 16176 560 8119250 53828 98
12 39 10000 16183 900 8133091 41504 152
326 26 10000 16139 900 8065673 109051 152
244 53 10000 14984 1850000 6511611 1667964 306661
287 86 10000 16186 560 8140446 40541 98
315 34 10000 16188 900 8141199 42334 152
97 271 10000 15861 1850000 7688300 496874 306661
81 136 10000 16190 560 8143456 43434 98
223 159 10000 16192 250 8149165 40520 48
286 294 10000 16173 560 8117958 75066 98
108 293 10000 16193 3160 8149221 44482 531
319 150 10000 16170 10000 8113997 80263 1660
296 176 10000 16064 400000 7954817 245796 66306
399 230 10000 16196 900 8154152 46968 152
232 179 10000 16199 1870 8159126 41994 316
81 125 10000 16200 560 8160627 40775 98
345 367 10000 16201 1100 8161864 41026 184
373 334 10000 16141 100001 8067984 136445 16579
53 182 10000 16203 180 8165678 40594 37
218 166 10000 16205 1870 8166154 41781 316
41 279 10000 16204 10000 8165919 44689 1660
216 20 10000 15704 400000 7477837 734756 66306
376 34 10000 16195 10000 8149749 65689 1660
157 353 10000 16208 3160 8176060 42028 531
285 362 10000 16207 900 8173708 46331 152
165 192 10000 16151 100001 8082030 138866 16579
259 355 10000 16210 560 8180125 40988 98
151 285 10000 16182 10000 8130365 91030 1660
90 332 10000 16037 400000 7914581 309150 66306
340 161 10000 16202 1100 8161919 68355 184
212 333 10000 16213 1100 8192165 41012 184
124 279 10000 16121 10000 8046420 189057 1660
15 215 10000 16212 10000 8190044 46973 1660
292 291 10000 15962 1850000 7814175 423345 306661
60 325 10000 16217 250 8201365 40424 48
348 3 10000 16218 180 8201687 40976 37
53 128 10000 16167 100001 8107372 136891 16579
180 245 10000 16215 560 8197160 49757 98
282 283 10000 16236 560 8226413 20663 98
313 66 10000 16219 3160 8202700 44502 531
90 227 10000 16086 400000 7987709 261290 66306
282 118 10000 16222 560 8207808 41473 98
159 47 10001 16220 10000 8203449 46680 1660
132 14 10000 16225 560 8211374 40672 98
18 51 10000 16226 250 8211993 40267 48
235 65 10000 16228 1100 8215356 41368 184
46 223 10000 16169 100001 8113208 144439 16579
31 144 10000 16221 180 8207722 51018 37
369 58 10000 16232 250 8222429 40425 48
38 34 10000 16194 100001 8149358 115220 16579
123 161 10000 16233 180 8224504 40454 37
384 246 10000 16235 180 8225542 40354 37
114 262 10000 16230 900 8219545 47795 152
72 11 10000 16238 1100 8228856 40913 184
320 278 10000 16239 1100 8232020 41422 184
263 207 10000 16229 1870 8218356 55800 316
282 333 10000 16234 1870 8224760 51246 316
104 317 10000 16242 180 8238469 40184 37
3 364 10000 16243 900 8238687 41657 152
347 322 10000 16223 560 8208551 71933 98
54 178 10000 16237 900 8226544 55548 152
108 106 10000 16256 1100 8261545 20795 184
303 214 10000 16247 560 8243835 40428 98
131 319 10000 16240 1100 8237516 47902 184
99 1 10000 16246 10000 8242568 47378 1660
291 58 10000 16249 10000 8248292 46592 1660
52 83 10000 16250 3160 8253050 42136 531
390 28 10000 16251 560 8256074 40428 98
102 107 10000 16269 180 8277056 20273 37
105 44 10000 16248 560 8247467 51150 98
248 175 10000 16252 250 8258412 42023 48
25 124 10000 16253 1870 8258850 41667 316
123 177 10000 16206 100001 8166213 134325 16579
163 38 10000 15821 1850000 7644813 655808 306661
76 78 10000 16272 10000 8279904 23664 1660
77 249 10000 16254 10000 8259304 44529 1660
355 113 10001 16258 250 8264307 40346 48
69 198 10000 16148 400000 8075498 229215 66306
380 357 10000 16244 250 8241911 66457 48
168 250 10000 16261 560 8267929 40742 98
219 60 10000 16259 1870 8266961 41950 316
239 170 10000 16263 900 8269449 41201 152
1 245 10000 16264 1100 8269731 41082 184
374 382 10001 16014 100001 7883689 428880 16579
269 264 10000 16284 250 8294197 20436 48
159 296 10000 16265 10000 8270245 44778 1660
193 63 10000 16267 10000 8273791 44111 1660
61 78 10000 16290 560 8297416 20662 98
31 222 10000 16270 560 8277127 41022 98
30 160 10001 16273 900 8280009 41685 152
284 14 10000 16268 1870 8276536 45394 316
79 332 10000 16275 560 8284432 40733 98
79 142 10000 16276 1870 8286404 42235 316
100 28 10000 16260 10000 8267617 61793 1660
310 345 10000 16266 1100 8272702 57083 184
119 168 10000 16277 560 8289963 41335 98
201 166 10000 16279 560 8290544 40769 98
191 236 10000 16282 1870 8292752 42106 316
390 320 10000 16283 560 8293593 41406 98
241 24 10000 16288 560 8297040 41350 98
297 391 10000 16292 560 8298166 40650 98
239 312 10000 16291 1100 8297655 42230 184
133 269 10000 16296 560 8299845 40982 98
390 171 10000 16297 900 8301737 41735 152
387 335 10000 16298 900 8304720 40848 152
13 335 10000 16134 100001 8063461 285991 16579
230 263 10000 16224 560 8210463 139193 98
125 354 10000 16299 1870 8308192 41776 316
214 78 10000 16301 560 8310154 40917 98
398 296 10000 16306 180 8312451 40526 37
75 188 10000 16289 560 8297261 55760 98
352 90 10000 16189 100001 8143078 213727 16579
105 157 10000 16278 10000 8290118 66776 1660
343 171 10000 16286 250 8294715 62266 48
342 128 10000 16241 560 8238327 119556 98
304 10 10000 16307 10000 8313254 45171 1660
200 382 10000 16312 250 8319095 40344 48
149 298 10000 16313 560 8319445 41319 98
93 3 10000 16319 250 8322106 40527 48
24 335 10000 16318 180 8321814 40994 37
221 185 10000 16308 10000 8316182 47704 1660
199 104 10000 16315 180 8320771 43702 37
332 192 10000 16322 250 8324154 41038 48
346 369 10001 16316 10000 8321401 44158 1660
328 216 10000 16310 10000 8318256 47514 1660
302 206 10000 16323 900 8326703 41469 152
86 213 10000 16321 10000 8323338 45655 1660
160 284 10000 16198 3160 8156636 212978 531
332 257 10000 16326 1100 8332286 41712 184
339 79 10000 15744 1850000 7525100 850161 306661
85 358 10000 16331 180 8335627 41428 37
291 146 10000 16165 400000 8106436 270911 66306
355 65 10000 16334 560 8337373 40428 98
379 178 10000 16325 10000 8331583 46536 1660
37 77 10001 16245 100001 8242138 139714 16579
288 183 10000 16335 250 8341441 40432 48
315 41 10000 16336 900 8341681 40644 152
126 255 10000 16024 1850000 7893481 491460 306661
263 372 10000 16329 1100 8334999 51465 184
119 332 10000 16327 10000 8333578 54042 1660
6 200 10000 16337 1100 8344561 43456 184
207 50 10000 16338 1870 8344592 44562 316
85 389 10000 16345 180 8352400 40739 37
118 250 10000 16342 900 8351828 44225 152
93 309 10000 16343 560 8351930 45061 98
339 260 10000 16333 1870 8337051 60311 316
263 76 10000 15898 400000 7739736 659993 66306
86 145 10000 16350 1100 8359266 40772 184
242 300 10000 16349 180 8356925 46852 37
342 263 10000 16281 560 8292224 112012 98
295 115 10001 16355 900 8362384 43095 152
4 33 10000 16356 560 8365465 41039 98
15 261 10000 16341 560 8349447 57678 98
116 280 10000 16354 900 8362365 47019 152
274 33 10000 16359 900 8368575 41040 152
230 295 10000 14178 10000000 5440987 2968854 1657602
309 186 10000 16360 1100 8369206 40772 184
210 263 10000 16317 560 8321506 90183 98
338 239 10000 16348 1870 8356665 56333 316
101 319 10000 16340 560 8346322 66925 98
387 188 10000 16361 560 8373469 40832 98
390 88 10000 16362 560 8373477 40845 98
180 272 10000 16255 100001 8260482 160530 16579
338 97 10000 16358 10000 8366589 57396 1660
95 122 10000 16368 900 8383396 40644 152
381 389 10000 16389 560 8404445 20214 98
122 277 10000 16367 900 8382932 42443 152
44 49 10000 16346 100001 8355498 73431 16579
259 19 10000 16370 560 8388157 40971 98
343 306 10000 14744 10000000 6193845 2236382 1657602
350 170 10000 16376 900 8392402 41038 152
253 339 10000 16293 100001 8299072 135241 16579
285 197 10000 16369 900 8385205 49801 152
19 283 10000 16378 1870 8393436 43048 316
292 85 10000 16372 900 8388978 47823 152
343 288 10000 14604 1850000 5991487 2445817 306661
381 335 10000 16377 1870 8392742 45087 316
179 126 10000 16380 1870 8396162 42099 316
339 308 10000 16366 1100 8382003 57724 184
23 232 10000 16383 180 8401048 40631 37
231 364 10000 16382 1870 8399394 42293 316
377 86 10000 16384 1100 8401841 40772 184
258 224 10000 16302 100001 8310943 133563 16579
81 165 10000 16187 400000 8141035 305327 66306
250 285 10000 16392 250 8406457 40702 48
353 239 10000 16390 1100 8406168 41136 184
392 202 10000 15814 1850000 7635889 813198 306661
332 206 10000 16387 10000 8403789 45527 1660
274 10 10000 16394 1100 8409245 40978 184
145 278 10000 16395 560 8411771 40711 98
131 310 10000 16396 560 8412174 41234 98
69 59 10000 16393 10000 8408428 45551 1660
75 366 10000 16379 1870 8395945 60566 316
268 219 10000 16397 10000 8412699 44461 1660
270 343 10000 16386 10000 8402718 55424 1660
134 137 10000 16371 100001 8388186 70067 16579
397 289 10000 16398 900 8418378 40644 152
182 310 10000 16324 100001 8327295 132521 16579
256 18 10000 16399 900 8419348 40739 152
209 165 10000 15980 1850000 7841984 618426 306661
184 290 10000 16400 900 8419859 42158 152
381 316 10000 16401 1870 8419945 42534 316
203 142 10000 16069 1850000 7960362 504363 306661
251 171 10000 16404 900 8425070 41215 152
200 38 10000 16328 100001 8334466 133313 16579
22 136 10000 16410 900 8428412 41899 152
392 266 10000 16412 900 8432178 41001 152
46 18 10000 16411 10000 8429843 43938 1660
204 331 10000 16415 180 8437591 41772 37
240 180 10000 16405 560 8426844 53227 98
138 180 10000 16417 560 8439617 40597 98
197 331 10000 16408 1100 8427865 53812 184
128 90 10000 16418 180 8441828 40633 37
230 264 10000 16391 560 8406190 78195 98
260 178 10000 16420 1870 8445356 42469 316
213 251 10000 16332 100001 8335728 156777 16579
86 67 10000 16423 1100 8453233 40772 184
19 352 10000 16088 1850000 7996808 497307 306661
206 283 10000 16421 3160 8447497 47253 531
222 300 10000 16425 560 8456237 40541 98
313 358 10000 16427 1870 8456797 43379 316
192 124 10000 16426 1870 8456688 46408 316
268 61 10000 16424 10000 8456211 47844 1660
108 250 10000 16428 10000 8460167 44026 1660
147 358 10000 16432 900 8463856 40753 152
366 108 10000 16109 1850000 8029133 475671 306661
302 198 10000 16429 10000 8460684 44193 1660
129 127 10000 16447 1870 8484848 20999 316
370 63 10000 14020 10000000 5260950 3245039 1657602
315 182 10000 16440 1870 8471400 41790 316
385 130 10000 16365 100001 8381425 132206 16579
299 349 10000 16433 900 8464835 48868 152
167 353 10000 16443 900 8474746 40664 152
30 87 10000 16422 180 8451431 64479 37
280 72 10000 16439 10000 8470818 45439 1660
261 125 10000 16445 3160 8476934 42613 531
368 197 10000 16436 900 8467314 53364 152
324 207 10000 16320 100001 8322666 198054 16579
274 81 10000 16374 100001 8390688 132850 16579
229 111 10000 16419 900 8444615 79252 152
265 94 10000 16446 1100 8483013 40921 184
45 115 10000 16431 10000 8461321 66804 1660
262 221 10000 16450 900 8491027 40792 152
153 207 10000 16448 10000 8485226 46807 1660
211 178 10000 16438 180 8469200 64171 37
116 105 10000 16460 10000 8510767 23748 1660
393 145 10000 16455 560 8497771 40428 98
181 31 10000 16381 100001 8399192 140202 16579
193 146 10000 16457 250 8499762 40228 48
42 276 10000 16458 3160 8500064 43173 531
206 231 10000 16351 100001 8359426 183913 16579
123 160 10000 16456 10000 8498269 45409 1660
117 112 10000 16469 10000 8520990 23424 1660
174 259 10000 16364 100001 8380961 164064 16579
198 357 10001 16459 560 8506293 43406 98
352 34 10000 16441 560 8472608 77933 98
178 35 10000 16311 400000 8318869 233371 66306
238 287 10000 16462 560 8514778 40813 98
79 209 10000 16464 900 8516355 41211 152
94 276 10000 16468 560 8520560 42275 98
362 146 10000 16470 900 8521870 41039 152
204 106 10000 16463 1100 8514857 48804 184
79 307 10000 16471 1100 8523380 41153 184
140 256 10000 16409 100001 8427946 136876 16579
228 368 10000 16467 250 8520491 44745 48
375 52 10000 16472 900 8525155 40644 152
95 236 10000 16474 900 8525684 41400 152
131 32 10001 16475 1100 8525759 41414 184
286 176 10000 15853 1850000 7674544 892787 306661
314 322 10001 16476 1870 8526864 42194 316
223 355 10000 16414 100001 8436331 132895 16579
194 309 10001 16434 250 8465036 107190 48
122 142 10000 16478 900 8530744 41521 152
350 278 10000 16453 180 8495963 77004 37
230 282 10000 16466 1870 8516991 56522 316
165 318 10000 16388 100001 8403791 172448 16579
169 160 10000 16501 560 8558498 20797 98
356 353 10000 16504 900 8559341 20515 152
361 0 10000 16461 560 8514027 65970 98
29 98 10000 16484 3160 8538760 42502 531
70 90 10000 16486 250 8540493 40984 48
335 87 10000 16271 400000 8279105 303084 66306
140 166 10000 16481 10000 8536635 46671 1660
20 228 10000 16485 1870 8538841 44846 316
306 22 10000 16480 10000 8532003 51969 1660
220 225 10000 16509 250 8563965 20566 48
150 9 10000 16482 10000 8537849 46720 1660
299 86 10000 16487 560 8542627 41957 98
61 62 10000 16511 1100 8565472 20752 184
203 279 10000 16490 560 8546916 40952 98
80 318 10000 16491 1100 8547299 41701 184
333 202 10000 16452 1870 8495057 95298 316
216 353 10000 16314 100001 8319689 270846 16579
334 114 10000 16406 1100 8427353 165469 184
365 205 10000 16496 180 8552639 40679 37
168 344 10000 16497 1100 8552873 41312 184
349 202 10000 16492 10000 8548218 46941 1660
235 177 10000 16117 1850000 8041604 553851 306661
176 46 10000 16498 900 8554825 41196 152
270 218 10000 15178 1850000 6779854 1816551 306661
287 394 10000 16493 900 8549306 51345 152
306 355 10000 16503 900 8559337 41730 152
17 11 10000 16525 3160 8579477 21718 531
217 264 10000 16505 900 8560713 41402 152
51 30 10000 16510 1100 8565257 40896 184
335 23 10000 16473 1100 8525261 81454 184
26 82 10000 16508 900 8563937 43060 152
309 249 10000 16502 180 8559297 48945 37
241 22 10000 16516 900 8567031 41829 152
257 41 10000 16413 100001 8435148 176043 16579
66 351 10000 16518 1870 8570154 41927 316
336 58 10000 16520 1100 8570764 41584 184
44 281 10000 16522 900 8572543 41548 152
94 313 10000 16444 100001 8476636 137965 16579
133 232 10000 16519 10000 8570213 46031 1660
56 143 10000 16506 250 8561995 57116 48
113 275 10000 16526 900 8580250 42056 152
240 28 10000 16529 900 8584695 41478 152
197 351 10000 16517 560 8570126 57866 98
325 209 10001 16363 400000 8374236 255602 66306
73 369 10000 16530 10000 8585004 45178 1660
143 334 10000 16532 3160 8589252 43974 531
325 385 10000 16454 100001 8496648 142367 16579
320 147 10000 16514 10000 8566317 72899 1660
7 301 10000 16540 180 8598929 40695 37
230 2 10000 16403 100001 8423618 216384 16579
319 386 10000 16465 1870 8516579 123775 316
108 50 10000 16542 560 8599202 41518 98
365 172 10000 16546 1870 8601841 41513 316
55 235 10000 16544 1870 8600611 43761 316
300 110 10000 16550 560 8604662 40504 98
377 94 10000 16547 1870 8602080 43638 316
380 224 10001 16543 10000 8600562 45664 1660
173 155 10000 16537 10000 8597659 49531 1660
278 340 10000 16549 10000 8602996 44590 1660
358 109 10000 16552 1870 8604801 42856 316
312 115 10000 16554 3160 8606835 42319 531
227 57 10000 16555 1870 8607318 42310 316
0 164 10000 16558 180 8610374 40546 37
323 316 10000 16551 900 8604781 46936 152
207 266 10000 16548 1100 8602539 49767 184
384 41 10000 15996 1850000 7866427 786448 306661
224 121 10000 16495 180 8551743 101509 37
214 373 10000 16559 180 8610472 42899 37
386 250 10000 16536 180 8597472 56228 37
384 368 10000 16535 560 8595593 60788 98
117 123 10000 16513 900 8565794 91112 152
150 39 10000 16561 10000 8611716 50015 1660
255 178 10000 16563 900 8618458 43305 152
11 146 10000 16564 900 8618919 43795 152
136 189 10000 16352 100001 8359630 303793 16579
60 324 10000 16562 900 8613118 50881 152
296 193 10000 16449 100001 8485819 178258 16579
231 217 10000 16567 1100 8622902 41343 184
23 117 10000 16570 180 8624662 40374 37
351 128 10000 16560 560 8611605 53999 98
53 296 10000 16569 180 8623605 43477 37
302 372 10000 16571 1100 8626062 41342 184
114 274 10000 14600 10000000 5983685 2683993 1657602
296 88 10000 16541 900 8599013 69254 152
121 126 10000 16589 560 8647803 21652 98
63 197 10000 16553 560 8606747 63148 98
279 201 10000 16573 900 8628986 41427 152
171 271 10000 16565 10000 8620202 50643 1660
280 394 10000 16576 180 8635467 40241 37
157 50 10000 16488 100001 8544477 132440 16579
219 160 10000 16489 100001 8545957 132767 16579
362 341 10000 16580 1870 8638418 41736 316
146 159 10001 16595 1870 8655487 25006 316
272 353 10000 16528 250 8582290 98208 48
74 165 10000 16582 900 8640865 41136 152
209 314 10000 16583 180 8642092 40184 37
244 371 10000 16577 1870 8635533 47490 316
190 58 10000 16584 1870 8642267 42608 316
58 90 10000 16586 180 8645246 40491 37
388 227 10000 16578 10000 8638073 47678 1660
231 42 10001 16587 1100 8646855 40928 184
35 201 10001 16402 400000 8420925 267900 66306
328 366 10000 16585 10000 8643261 45697 1660
1 194 10000 16590 250 8648372 40860 48
211 217 10000 16353 400000 8361899 330677 66306
381 62 10000 16579 900 8638110 54871 152
39 390 10000 16593 10000 8648803 45065 1660
245 120 10000 16588 1870 8646915 47629 316
237 371 10000 16596 180 8655688 40591 37
388 241 10000 16594 560 8653291 44100 98
303 122 10000 16591 560 8648544 49255 98
8 313 10000 16597 3160 8656991 42529 531
31 264 10000 16599 900 8662417 40993 152
333 276 10000 16598 10000 8659305 45121 1660
162 91 10001 16515 100001 8566987 137767 16579
119 132 10000 16521 100001 8572106 133875 16579
386 161 10000 16602 900 8665966 40738 152
107 23 10000 16601 560 8665479 41643 98
198 226 10000 16604 560 8670326 40979 98
318 34 10000 13644 10000000 4771258 3940414 1657602
68 253 10000 16605 1870 8670645 44054 316
10 160 10000 16606 250 8673746 41213 48
228 119 10000 16607 560 8674103 41231 98
151 123 10000 16592 560 8648682 67648 98
84 199 10000 16603 900 8669583 46799 152
62 278 10000 16611 1870 8677332 41587 316
291 346 10001 16531 100001 8587610 132435 16579
384 275 10000 16613 560 8680879 41077 98
35 31 10000 16545 100001 8600742 122136 16579
85 279 10000 16614 560 8683027 40634 98
44 222 10000 16600 560 8664614 60122 98
168 211 10000 16568 900 8623474 102173 152
243 152 10000 16619 900 8687713 40826 152
92 76 10000 16615 900 8684609 44120 152
391 303 10000 16624 900 8693153 40644 152
112 47 10000 16621 10000 8690726 44011 1660
189 150 10001 16626 560 8696185 40816 98
217 30 10000 16622 10000 8690733 47492 1660
314 251 10000 16620 1870 8689821 49923 316
210 28 10000 16572 180 8626556 116301 37
84 383 10000 16630 3160 8704097 42778 531
263 381 10000 16625 1100 8696016 51049 184
388 324 10000 16629 10000 8699645 48026 1660
267 132 10000 16627 1100 8697872 51051 184
93 234 10000 16636 180 8709239 40303 37
114 299 10000 16635 560 8708972 40590 98
209 311 10000 16632 3160 8708349 42542 531
17 317 10001 16631 1870 8708166 43220 316
342 102 10000 13302 10000000 4329930 4424098 1657602
177 36 10000 16581 180 8640009 114684 37
105 165 10000 16638 560 8714134 40622 98
104 72 10000 16533 100001 8591006 166111 16579
310 164 10001 16640 1870 8716138 42313 316
67 58 10000 16634 10000 8708565 50031 1660
60 166 10000 16639 900 8715247 44850 152
74 0 10000 16641 560 8719504 40864 98
153 37 10000 16512 100001 8565619 196434 16579
317 90 10000 16645 3160 8726971 42492 531
228 217 10000 16644 10000 8724898 44743 1660
391 126 10000 16650 560 8730924 40543 98
351 80 10001 16280 1850000 8290637 481706 306661
158 298 10000 16575 100001 8634553 137905 16579
359 234 10000 16654 180 8732294 40458 37
100 324 10000 16651 1100 8731083 42752 184
196 118 10000 16642 10000 8720721 53725 1660
139 10 10000 16657 560 8735106 40477 98
71 95 10000 16658 180 8736329 40382 37
218 219 10000 16623 100001 8691657 86249 16579
217 197 10000 12468 10000000 3219921 5558608 1657602
40 36 10000 16483 400000 8538413 244634 66306
235 91 10000 16660 1870 8744263 42589 316
191 134 10000 16662 1870 8745837 41523 316
35 269 10000 16656 560 8734411 53204 98
368 236 10000 16300 1850000 8309712 483352 306661
94 283 10000 16665 560 8752612 41317 98
340 273 10000 16670 560 8755405 40641 98
111 180 10000 16668 1100 8754314 41946 184
378 156 10000 13540 10000000 4647005 4149567 1657602
72 191 10000 16675 250 8757978 40668 48
171 57 10000 16671 1870 8756100 42872 316
11 244 10000 16669 180 8754472 45030 37
212 174 10000 16677 560 8759125 40474 98
32 308 10000 16673 560 8756212 43412 98
73 261 10000 16674 10000 8756338 44379 1660
4 276 10000 16652 10000 8731385 70797 1660
20 157 10000 16680 180 8762783 40550 37
121 316 10000 16089 1850000 7997725 806386 306661
204 312 10000 16679 560 8761675 45116 98
262 220 10000 16667 180 8753962 54312 37
185 268 10000 16681 180 8767151 41487 37
120 389 10000 16685 560 8770111 40625 98
26 76 10000 12341 10000000 3057258 5755638 1657602
20 77 10000 16689 180 8773230 40184 37
209 334 10000 16682 3160 8769263 45238 531
227 354 10000 16663 3160 8747369 67215 531
225 399 10000 16684 10000 8769850 45152 1660
288 392 10000 16690 1100 8773677 41361 184
6 149 10000 16691 560 8775389 41061 98
8 131 10000 16694 560 8778017 40754 98
224 186 10000 16628 1100 8698504 120617 184
238 356 10000 16695 180 8779026 40630 37
56 34 10000 16616 100001 8686223 133530 16579
311 117 10000 16692 560 8776326 44179 98
279 165 10000 16696 1870 8779643 43817 316
202 171 10000 16687 1870 8771497 52015 316
287 95 10000 16698 560 8783466 40733 98
161 171 10001 16262 1850000 8268678 556077 306661
346 133 10000 16699 900 8784810 41107 152
58 199 10000 16672 10000 8756185 70184 1660
190 77 10000 16701 1870 8788847 41771 316
120 266 10000 16702 180 8791872 40449 37
32 223 10000 16703 900 8793798 41630 152
267 217 10000 16704 560 8794629 42411 98
44 348 10000 16706 180 8796973 40429 37
272 352 10000 16676 560 8758467 80382 98
52 277 10000 16707 560 8798030 41664 98
58 219 10001 16709 1870 8801840 41671 316
145 322 10000 16705 180 8795027 51122 37
4 137 10000 16686 900 8770961 75235 152
207 360 10000 16633 100001 8708420 140164 16579
0 258 10000 16711 1870 8806029 42861 316
344 307 10000 16710 560 8804900 48070 98
194 99 10000 16678 900 8761525 93165 152
350 104 10000 16713 10000 8807104 48052 1660
284 4 10000 16716 560 8811304 45165 98
178 338 10000 16304 400000 8310978 547160 66306
296 205 10000 16718 1870 8817188 43164 316
62 81 10000 16717 560 8813250 48413 98
241 86 10000 16722 180 8821925 40333 37
359 292 10000 16719 1870 8819953 42398 316
288 132 10001 16643 100001 8724202 139246 16579
66 393 10000 16574 400000 8633657 230067 66306
268 358 10000 16723 1100 8822968 41964 184
316 285 10000 16649 100001 8730671 135254 16579
335 248 10000 16726 560 8826067 40595 98
268 157 10000 16721 10000 8821387 46040 1660
376 173 10000 16655 100001 8732945 135794 16579
397 376 10000 16708 1870 8801355 67396 316
270 37 10000 16294 1850000 8299162 570094 306661
276 285 10000 16727 1870 8829761 41693 316
38 129 10000 16720 900 8821218 51898 152
156 219 10000 16730 900 8832779 41053 152
326 208 10000 16729 560 8832597 41350 98
239 329 10000 16728 10000 8830853 45797 1660
7 119 10000 16733 900 8836330 40966 152
325 304 10000 16732 10000 8833079 44346 1660
18 334 10000 16407 400000 8427754 450157 66306
281 345 10000 16735 180 8838764 40294 37
103 22 10000 16734 900 8838414 42221 152
177 145 10000 16693 560 8776425 106895 98
266 244 10000 16738 900 8843910 40967 152
348 84 10000 16737 10000 8841278 43978 1660
213 141 10000 16739 250 8847847 40364 48
377 9 10000 16736 10000 8839852 49492 1660
382 207 10000 16743 1870 8851609 41575 316
325 109 10001 16742 3160 8851126 42195 531
70 49 10000 16661 100001 8744702 149191 16579
228 261 10000 16745 180 8852970 41184 37
267 277 10000 16760 10000 8870570 23812 1660
230 325 10000 15995 1850000 7860415 1035460 306661
175 144 10000 16749 1100 8857463 41599 184
161 325 10000 16714 3160 8808526 90609 531
380 358 10000 16748 900 8856955 42390 152
67 136 10000 16752 560 8859840 40918 98
354 304 10000 16754 560 8860531 40428 98
55 158 10000 16753 1100 8859891 41413 184
297 369 10000 16740 560 8849280 53012 98
13 127 10000 16747 10000 8856317 46039 1660
201 4 10000 16755 1870 8862457 42281 316
311 128 10000 16756 3160 8863057 42009 531
324 31 10000 16751 10000 8858647 47575 1660
253 56 10000 16608 400000 8674156 235777 66306
257 168 10000 16759 250 8870252 40988 48
351 166 10000 16683 100001 8769587 142920 16579
50 219 10000 15956 1850000 7808950 1104572 306661
364 202 10000 16762 1100 8871068 42968 184
83 260 10000 16274 400000 8280785 633370 66306
90 212 10000 16763 560 8874298 40466 98
235 86 10000 16764 560 8874303 40509 98
361 132 10000 16697 560 8781361 137278 98
82 27 10000 16757 1870 8864978 54222 316
384 272 10000 16769 250 8879815 40540 48
179 75 10000 16731 900 8832860 88289 152
110 89 10000 16766 1870 8877916 43653 316
23 289 10000 16767 560 8878531 43407 98
218 13 10000 16758 560 8868399 55656 98
269 284 10000 16773 250 8885910 40830 48
273 388 10000 16772 10000 8885540 46110 1660
155 95 10000 16776 900 8889133 43460 152
25 314 10000 16777 1100 8891855 42044 184
238 193 10000 16779 900 8892928 41371 152
16 151 10000 11522 10000000 2022633 6913136 1657602
337 228 10000 16780 900 8895253 44900 152
21 345 10000 16774 180 8888188 53810 37
304 83 10000 16781 900 8903194 41435 152
143 119 10000 16715 100001 8811127 137499 16579
231 81 10000 16783 560 8910446 41192 98
31 174 10000 16784 1100 8910932 41323 184
388 252 10000 16785 900 8911726 44693 152
311 374 10000 16771 180 8882833 78532 37
234 15 10000 16790 560 8920465 40962 98
335 342 10000 16788 900 8918598 42964 152
239 332 10000 16786 1100 8917235 45794 184
27 129 10000 16793 1870 8922063 42054 316
312 270 10000 16789 10000 8919389 47779 1660
27 124 10000 16794 1100 8923099 44986 184
39 378 10000 16791 10000 8920479 48211 1660
381 392 10000 16813 180 8948671 20092 37
377 373 10000 16815 180 8948708 21094 37
282 382 10000 16797 560 8925999 43947 98
362 84 10000 16538 400000 8597660 372548 66306
382 397 10000 16816 560 8953466 20405 98
33 346 10000 16792 560 8920679 53232 98
358 34 10000 16798 10000 8927809 48693 1660
39 271 10000 16796 180 8925063 52316 37
292 290 10000 16820 1100 8957436 20658 184
358 257 10000 16801 560 8933765 45812 98
355 123 10000 16795 10000 8923452 57236 1660
168 351 10000 16800 560 8928709 52156 98
106 251 10000 16806 1100 8940865 41046 184
352 181 10000 16809 180 8942769 40769 37
375 266 10000 16808 1100 8942405 41312 184
18 127 10000 16799 1100 8928662 56715 184
256 296 10000 16810 900 8944624 41350 152
255 64 10000 16803 3160 8937399 48855 531
89 119 10000 16744 100001 8852845 133728 16579
260 214 10000 16812 1870 8947110 41624 316
309 37 10000 16814 560 8948678 41480 98
319 32 10000 16765 900 8876862 113844 152
177 168 10000 16648 100001 8730503 260216 16579
205 132 10000 16804 900 8938897 52686 152
376 181 10000 16725 100001 8824888 169751 16579
238 252 10000 16818 1100 8955365 40914 184
60 159 10000 16817 900 8955042 42488 152
27 19 10000 16802 180 8935589 63195 37
91 379 10000 16741 100001 8850996 148069 16579
74 85 10000 16819 560 8956662 42403 98
169 321 10000 16821 900 8959866 40644 152
97 198 10000 16823 900 8961237 40644 152
308 12 10000 16211 400000 8189817 812266 66306
78 242 10000 16700 100001 8788663 213751 16579
122 150 10000 16617 400000 8686732 316118 66306
196 215 10000 14575 10000000 5944283 3061263 1657602
86 12 10000 16822 1100 8960075 45589 184
107 302 10000 16824 3160 8962969 42734 531
359 41 10000 16825 1870 8965380 41555 316
308 7 10000 16826 1100 8967401 40819 184
165 239 10000 16827 560 8969885 40728 98
196 369 10000 16830 180 8971331 40184 37
149 46 10000 16828 1870 8970199 42409 316
296 236 10000 16832 560 8974979 41135 98
44 376 10001 16831 1870 8974649 41757 316
306 338 10000 16833 900 8975537 42632 152
352 379 10000 16836 1870 8976864 42110 316
146 300 10000 16837 560 8977232 42460 98
58 249 10000 16839 1870 8978849 41665 316
47 304 10000 16835 1100 8976541 48406 184
204 35 10000 16841 10000 8980148 44965 1660
380 3 10000 16829 900 8970931 55789 152
181 263 10000 16688 100001 8772993 255204 16579
116 169 10000 16843 900 8987455 41021 152
316 194 10000 16770 100001 8881533 147106 16579
59 202 10000 16849 180 8995282 40431 37
146 213 10000 16782 100001 8903392 132845 16579
103 133 10000 16842 3160 8985182 51479 531
356 7 10000 16848 1870 8994423 42432 316
125 182 10000 16851 560 8997300 40530 98
137 254 10000 16847 1870 8993905 44035 316
201 146 10000 16852 1100 8997858 40772 184
153 173 10000 16853 560 8998690 43009 98
0 2 10001 16869 180 9021854 20092 37
378 33 10000 16855 180 9000937 43190 37
380 208 10000 16858 250 9005670 40735 48
94 219 10000 16854 10000 9000050 48731 1660
286 351 10000 16807 10000 8941172 107659 1660
71 34 10000 16859 560 9008029 40885 98
345 70 10000 16787 100001 8917318 132293 16579
388 383 10000 16875 560 9026495 23770 98
234 285 10000 16860 1870 9008129 42745 316
219 57 10000 16861 1100 9012105 41670 184
338 216 10000 16846 560 8990367 64490 98
306 110 10000 16227 1850000 8214262 842151 306661
120 7 10000 16863 1870 9017011 41768 316
265 267 10000 16844 100001 8988442 70567 16579
324 132 10000 16864 180 9017949 42989 37
156 179 10000 16867 560 9020531 40448 98
6 328 10000 16868 900 9020983 41165 152
330 194 10000 16870 560 9023943 41178 98
248 179 10000 16872 1100 9025152 40920 184
113 81 10000 16876 900 9026875 41033 152
128 365 10000 16873 560 9025274 45009 98
353 100 10000 16871 10000 9024467 46108 1660
382 72 10000 16878 250 9027634 44003 48
162 155 10000 16879 560 9028897 43593 98
8 31 10001 16882 560 9033388 40632 98
271 369 10000 16883 560 9033852 40428 98
128 185 10000 16874 900 9026284 48483 152
335 128 10000 16862 900 9014451 62386 152
344 209 10000 16885 1100 9036379 40861 184
182 256 10000 16887 3160 9039702 42222 531
285 158 10000 16877 1870 9027329 54634 316
311 25 10000 16889 560 9042806 40428 98
251 166 10000 16750 400000 8858543 225088 66306
273 73 10000 16881 10000 9031783 52173 1660
315 226 10001 16886 10000 9038037 46808 1660
224 310 10000 16805 900 8939234 148789 152
320 7 10000 16330 1850000 8335357 755063 306661
72 12 10000 16897 900 9054855 40739 152
278 125 10000 16811 100001 8946940 149132 16579
140 366 10000 16895 180 9051153 45947 37
65 2 10000 16724 400000 8824517 272908 66306
311 241 10000 16899 1100 9057837 41668 184
41 251 10000 16309 1850000 8317922 782850 306661
221 17 10000 16898 900 9055591 50508 152
210 341 10000 16850 900 8995310 111369 152
23 359 10000 16902 900 9068979 40702 152
4 14 10000 16908 10000 9075102 34788 1660
60 116 10000 16900 180 9063273 46701 37
194 244 10000 16856 900 9001076 109072 152
24 192 10000 16891 1870 9043150 67238 316
389 140 10000 16903 1870 9070152 41679 316
290 120 10000 16901 560 9067605 44539 98
238 139 10000 16904 560 9070219 42115 98
326 217 10000 16905 1100 9072322 40806 184
58 207 10000 16910 560 9076740 40504 98
379 209 10000 16907 10000 9073710 44379 1660
84 141 10000 16911 250 9077567 41008 48
143 394 10000 16913 1100 9080028 40967 184
303 318 10000 16926 560 9105478 20214 98
254 60 10000 16909 900 9075244 50605 152
160 214 10000 16834 10000 8976421 149658 1660
44 302 10000 16915 250 9084161 42388 48
228 52 10000 16916 250 9086965 40228 48
275 99 10000 10126 30000000 166578 8966091 4972800
332 203 10000 16918 10000 9088869 43998 1660
236 138 10000 16914 180 9080087 53711 37
104 31 10000 16917 3160 9088532 48993 531
350 58 10000 16920 560 9096874 42554 98
47 84 10000 16287 1850000 8296660 843197 306661
177 209 10000 16892 560 9044884 96706 98
215 244 10000 16921 560 9098235 43370 98
233 177 10000 16923 1100 9100650 41452 184
249 75 10000 16922 1870 9099840 42546 316
4 148 10000 16499 1850000 8555010 588694 306661
368 57 10000 16925 900 9105181 40893 152
314 146 10000 16927 250 9105736 40485 48
151 45 10000 16912 1870 9078586 69924 316
313 304 10000 16942 180 9132163 20611 37
295 136 10000 16928 250 9110685 44040 48
392 22 10000 16929 180 9114168 40798 37
273 35 10000 16931 1870 9116744 42489 316
55 285 10000 16930 10000 9114170 45169 1660
127 126 10000 16948 180 9141877 20092 37
13 359 10000 16933 560 9121654 40974 98
84 269 10002 16934 1870 9121856 41513 316
126 54 10000 16935 900 9124120 40991 152
178 234 10000 16937 560 9125810 43212 98
59 178 10000 16941 560 9131553 41298 98
100 345 10000 16943 900 9136218 41264 152
314 171 10000 16893 100001 9045469 132840 16579
266 75 10000 16944 180 9137261 41412 37
147 179 10000 16945 900 9138019 41126 152
204 354 10000 16894 100001 9046274 133643 16579
121 298 10000 16938 900 9126191 54300 152
119 210 10000 16919 10000 9093136 87842 1660
197 387 10000 16946 560 9141252 41494 98
294 355 10000 16947 250 9141723 41149 48
55 257 10000 16949 560 9146019 40632 98
156 335 10000 16884 100001 9035235 151894 16579
51 155 10000 16479 1850000 8531844 656102 306661
268 88 10000 16890 100001 9042856 146122 16579
170 44 10000 16950 900 9146416 42931 152
213 194 10000 16953 180 9149030 41775 37
204 160 10000 16954 560 9150918 41100 98
66 152 10000 16952 560 9147957 45260 98
388 233 10000 16880 100001 9030490 165130 16579
268 294 10000 16951 900 9147441 48969 152
59 189 10001 16958 1870 9162504 42264 316
391 199 10000 16955 560 9156588 48599 98
345 147 10000 16961 1100 9166191 40904 184
235 39 10000 16960 10000 9165569 44399 1660
247 287 10000 16965 1100 9170496 40918 184
108 371 10000 16957 900 9161713 49779 152
5 58 10000 16964 1870 9169797 41744 316
91 222 10000 16966 560 9171049 42184 98
105 295 10000 16963 1870 9169422 43982 316
32 201 10000 16959 250 9165086 49710 48
220 398 10000 16968 560 9175897 40673 98
290 370 10000 16970 1870 9177312 41647 316
187 66 10000 16972 180 9178698 40914 37
337 80 10000 16967 180 9174190 45883 37
79 298 10000 16973 560 9179989 41045 98
52 210 10000 16969 250 9177222 44345 48
150 61 10000 16373 1850000 8389965 833944 306661
359 269 10000 16976 560 9184317 40453 98
23 7 10000 16975 10000 9183980 44039 1660
376 271 10000 16979 900 9189223 40696 152
201 131 10000 16981 900 9190703 40782 152
201 130 10000 16980 560 9189455 42078 98
209 89 10000 16985 560 9191965 40428 98
124 291 10000 16896 560 9052166 180509 98
248 209 10000 16978 10000 9187280 46685 1660
231 59 10000 16984 180 9191894 42617 37
179 150 10000 16924 100001 9102467 132482 16579
77 192 10000 16990 180 9196978 41401 37
117 66 10000 16986 3160 9194380 44349 531
86 33 10000 16991 180 9199755 40585 37
92 338 10000 16992 900 9200052 41654 152
376 123 10000 16995 560 9204230 41194 98
130 301 10000 16993 1100 9201862 44996 184
366 326 10000 16994 900 9203796 43448 152
349 103 10000 16977 180 9185825 62299 37
308 391 10000 16999 250 9208944 40656 48
248 178 10000 16996 1870 9205497 44226 316
108 246 10000 16998 900 9208861 41263 152
167 89 10000 17000 1870 9210168 42456 316
27 316 10000 17004 560 9212242 40532 98
181 167 10000 17002 3160 9211473 42322 531
363 332 10000 17001 1870 9210814 46102 316
117 239 10000 17008 900 9216050 41288 152
71 359 10000 17006 10000 9213644 44182 1660
294 241 10000 16865 100001 9018704 241441 16579
182 274 10000 17011 560 9219906 40684 98
220 88 10000 17013 560 9221992 40552 98
5 327 10000 17015 1100 9223555 40860 184
315 153 10000 17014 1870 9223240 42139 316
327 178 10000 17012 1870 9220554 45893 316
164 1 10000 17005 1100 9212677 54503 184
266 23 10000 17016 560 9227293 40428 98
116 131 10000 17018 250 9227809 40884 48
255 136 10000 17019 560 9228120 42240 98
207 204 10000 17039 250 9250663 20358 48
19 377 10000 17022 180 9232326 41009 37
230 104 10000 17023 1100 9232768 41328 184
219 324 10000 17025 560 9234667 41053 98
96 276 10000 17007 3160 9215824 59928 531
284 299 10000 17047 560 9257637 20588 98
139 135 10000 17049 1100 9257841 20682 184
363 148 10000 17028 560 9238516 41374 98
129 274 10000 16257 1850000 8264252 1017740 306661
78 337 10000 17010 180 9219433 63904 37
152 267 10000 17029 250 9241919 43847 48
245 81 10000 17032 1100 9245655 40992 184
20 308 10000 17031 1870 9245251 42647 316
243 140 10000 17037 900 9248197 40867 152
342 193 10000 17024 560 9233314 56384 98
328 344 10000 17038 1100 9249526 41759 184
286 314 10000 16997 10000 9205670 86839 1660
257 389 10000 16712 1850000 8806554 486324 306661
69 279 10001 17041 180 9250954 42308 37
212 326 10000 17043 250 9252818 40575 48
393 375 10000 17040 250 9250943 43092 48
264 35 10000 17044 560 9253865 42390 98
110 226 10000 17048 900 9257665 40757 152
111 356 10000 14278 10000000 5585960 3713769 1657602
366 81 10000 17051 900 9260510 42050 152
44 31 10000 17050 10000 9259275 44577 1660
199 214 10000 17055 560 9264181 40695 98
216 304 10000 17053 900 9263730 41515 152
130 39 10000 17056 560 9265621 40651 98
38 315 10000 16956 100001 9158143 149429 16579
55 10 10000 17045 10000 9253933 54646 1660
396 358 10000 17026 560 9234712 77561 98
337 9 10000 16184 1850000 8137212 1175150 306661
224 199 10000 16971 560 9177703 137081 98
53 14 10000 17059 1870 9270386 44871 316
279 266 10000 17073 3160 9292749 22656 531
90 304 10000 17060 1870 9273575 42884 316
127 236 10000 17061 900 9275816 40929 152
292 134 10000 17017 10000 9227503 92955 1660
285 353 10000 17063 560 9281816 40773 98
11 55 10000 17064 1870 9284009 42094 316
184 301 10000 17046 1870 9255401 71357 316
39 111 10000 16983 100001 9191850 135498 16579
309 379 10000 17058 10000 9270325 57215 1660
15 234 10000 17070 900 9290507 41336 152
295 210 10000 17069 560 9287573 44676 98
198 274 10000 17068 1870 9286131 46935 316
152 71 10000 17072 900 9292217 41023 152
354 216 10000 17074 560 9294192 40758 98
149 128 10000 17071 560 9291890 45750 98
49 330 10000 17077 180 9299946 40807 37
104 264 10000 17035 10000 9247319 96055 1660
223 1 10000 17065 900 9284676 63007 152
118 158 10000 17036 250 9247836 100820 48
112 143 10000 17082 250 9311830 41582 48
350 331 10000 17081 1100 9309216 45970 184
122 333 10001 17088 900 9320891 40690 152
298 320 10000 16932 100001 9118080 244778 16579
304 188 10000 17090 10000 9321921 43938 1660
102 284 10000 17091 560 9323472 43547 98
61 223 10000 17085 3160 9317061 51199 531
325 128 10000 17089 560 9321682 46914 98
318 270 10000 17095 560 9326978 41920 98
106 147 10000 17062 560 9278815 92132 98
366 377 10000 17034 400000 9246726 125394 66306
162 394 10000 16974 100001 9181232 192432 16579
17 38 10000 17099 560 9335183 40582 98
148 21 10000 17079 1100 9306231 70162 184
384 172 10000 17097 1100 9334321 42344 184
242 151 10000 17100 900 9335301 41369 152
285 362 10001 17075 250 9294568 84841 48
96 172 10000 17102 560 9342275 41117 98
274 240 10000 17101 560 9342193 43025 98
272 364 10000 17092 10000 9323515 62184 1660
281 146 10000 17104 900 9346271 41070 152
392 99 10001 17107 560 9349288 40428 98
160 230 10000 17033 560 9246579 143374 98
165 331 10000 17080 560 9308656 82498 98
396 68 10001 17106 180 9348963 42258 37
53 289 10000 17108 250 9350109 41602 48
106 28 10001 17109 900 9350346 42081 152
63 25 10000 17111 180 9351903 40744 37
167 270 10000 17098 560 9335095 59274 98
311 209 10000 17115 900 9357507 41116 152
68 183 10000 17113 10000 9352837 46331 1660
330 353 10001 17116 1870 9358100 42445 316
165 380 10000 17120 900 9359730 40982 152
234 367 10000 17110 1100 9350933 49836 184
65 191 10000 17114 10000 9355114 47174 1660
184 15 10000 17121 560 9361941 40534 98
4 287 10000 17057 100001 9265754 137155 16579
73 149 10000 17117 10000 9358366 44687 1660
320 193 10000 17112 10000 9352627 51559 1660
23 54 10000 17123 1100 9363618 40939 184
315 2 10000 17086 900 9317666 89405 152
170 342 10000 17119 560 9359130 47968 98
309 141 10000 16746 1850000 8855422 552585 306661
159 124 10001 17124 1100 9365882 42170 184
264 40 10000 17125 1100 9366530 42824 184
49 182 10000 17122 560 9362769 48760 98
2 105 10000 17126 180 9371038 41468 37
190 139 10000 17128 900 9374913 41106 152
240 365 10000 17129 900 9376186 40644 152
350 324 10000 14318 10000000 5629047 3788593 1657602
392 339 10000 17132 1100 9377522 40974 184
346 221 10000 17103 10000 9343637 75659 1660
152 85 10000 17130 10000 9376851 44289 1660
97 282 10000 17133 900 9380948 41801 152
385 173 10000 17134 900 9382743 43711 152
351 385 10000 17136 900 9385492 40987 152
317 293 10000 17138 560 9388002 40758 98
356 11 10000 17137 1100 9387523 41324 184
321 148 10000 16982 400000 9190813 241598 66306
201 389 10000 17140 180 9392293 40371 37
310 195 10000 17139 10000 9389852 44476 1660
361 41 10000 17105 900 9346478 88539 152
32 301 10000 17135 560 9383709 53903 98
261 302 10000 17142 1870 9398097 41513 316
25 26 10000 17160 10000 9416072 23576 1660
43 364 10000 17143 3160 9399295 42245 531
48 103 10000 17052 100001 9262681 179650 16579
339 21 10000 17146 250 9400673 42465 48
26 213 10000 17149 1100 9402723 40772 184
279 351 10000 17152 900 9404522 40822 152
74 100 10000 17144 10000 9399768 47460 1660
29 181 10000 17151 3160 9404139 43434 531
221 216 10000 17127 180 9374217 73997 37
352 204 10000 17154 1100 9406789 41630 184
325 91 10000 17153 3160 9405332 44144 531
304 277 10000 17148 560 9402502 49820 98
209 232 10000 17155 900 9411729 41234 152
47 20 10000 17158 560 9414310 40428 98
32 282 10000 17150 250 9403925 50993 48
126 205 10000 17157 10000 9413443 43938 1660
220 93 10000 17094 100001 9325627 133753 16579
330 16 10000 17161 1870 9417420 42465 316
394 123 10000 17145 900 9399812 60663 152
250 41 10000 17162 560 9420714 40709 98
88 85 10000 17179 900 9441187 20324 152
399 240 10000 17163 900 9421571 40644 152
378 255 10000 17166 560 9423991 40742 98
76 269 10000 17165 180 9423918 40873 37
114 277 10000 17164 250 9423640 41408 48
399 95 10000 17168 900 9425386 40900 152
277 174 10000 17167 1100 9425216 41215 184
82 255 10000 17170 250 9426329 40697 48
323 207 10000 17171 900 9428333 40960 152
353 66 10000 17169 10000 9425936 46753 1660
133 182 10000 17174 560 9432655 41919 98
33 320 10000 17147 10000 9401620 74736 1660
241 289 10000 16653 1850000 8731744 747087 306661
374 30 10000 15313 1850000 6964612 2514917 306661
386 367 10000 17177 3160 9437381 43640 531
53 114 10000 17003 400000 9211597 269607 66306
270 104 10000 17176 10000 9434940 46829 1660
169 352 10000 17182 560 9442978 40428 98
321 89 10000 17178 10000 9439203 44218 1660
44 71 10000 17180 3160 9441217 42492 531
294 108 10000 17184 560 9450214 40582 98
95 180 10000 17187 1870 9453437 41676 316
54 44 10000 17210 560 9475902 20633 98
297 370 10000 17192 900 9459609 40711 152
179 362 10000 17197 900 9462556 40955 152
54 68 10000 17195 3160 9461857 43731 531
265 95 10000 17188 1870 9454278 51856 316
6 356 10000 17199 560 9465369 40989 98
337 66 10000 17193 10000 9460031 46943 1660
82 263 10000 17194 10000 9460545 46909 1660
33 352 10000 17185 900 9451093 57202 152
72 263 10000 17202 180 9466631 42740 37
319 227 10000 17096 560 9330326 180458 98
83 376 10000 16664 1850000 8751164 759866 306661
23 265 10000 17203 180 9467567 44841 37
364 14 10000 16385 1850000 8402286 1110448 306661
216 364 10000 17208 560 9473923 40807 98
196 309 10000 17209 900 9474343 41167 152
24 90 10000 17175 10000 9434175 82301 1660
80 224 10000 17211 180 9476088 40766 37
63 274 10000 17206 900 9473526 44681 152
288 163 10000 17212 900 9477791 41078 152
241 212 10001 17198 10000 9465283 55886 1660
18 240 10000 16936 400000 9125672 396489 66306
232 383 10000 17215 560 9481612 40840 98
293 146 10000 17214 250 9481552 42908 48
336 42 10000 17218 560 9487580 40805 98
311 135 10000 17219 560 9489150 40515 98
234 31 10000 17220 560 9490442 40983 98
75 241 10000 17221 250 9491104 41011 48
4 189 10000 13944 10000000 5168743 4363448 1657602
142 62 10000 17222 1870 9491665 41613 316
128 75 10000 17217 250 9486879 47924 48
115 18 10000 17216 10000 9485209 50693 1660
233 53 10000 17067 400000 9285665 255256 66306
38 182 10000 17027 400000 9238015 305204 66306
290 285 10000 17247 180 9524471 20919 37
67 115 10001 17227 560 9504980 40807 98
135 354 10000 17226 560 9504614 41249 98
130 243 10000 17225 3160 9504167 42410 531
378 322 10000 17224 3160 9502844 46540 531
314 131 10000 17229 10000 9506688 44200 1660
237 50 10000 17228 10000 9505463 45572 1660
75 328 10000 17232 900 9510601 41675 152
234 201 10000 17233 1100 9511048 41386 184
84 115 10000 17084 400000 9313841 238981 66306
84 316 10000 17223 3160 9497005 57034 531
9 222 10001 17235 560 9513263 40858 98
210 154 10000 17183 3160 9448981 107428 531
337 393 10000 17234 560 9511983 45481 98
45 140 10000 17238 560 9516125 41623 98
223 254 10000 17240 900 9518671 40720 152
263 253 10000 17237 10000 9515351 45509 1660
225 58 10001 17243 180 9520246 41413 37
208 164 10000 17241 560 9519282 43824 98
240 321 10000 17239 560 9516564 46584 98
275 306 10000 17021 400000 9231906 331584 66306
136 342 10000 16013 1850000 7882494 1681807 306661
353 320 10000 17242 900 9520191 44328 152
339 150 10000 17248 180 9525322 40593 37
188 370 10000 17249 560 9525943 40495 98
63 152 10000 17250 1100 9526231 41586 184
371 397 10000 17173 100001 9432004 138482 16579
86 186 10000 17251 1870 9528429 42300 316
262 269 10000 17267 250 9553853 20424 48
200 28 10000 17246 10000 9522184 52510 1660
264 87 10000 17254 560 9533875 41346 98
92 121 10000 17255 1870 9534123 41633 316
10 263 10000 17256 180 9534770 41119 37
121 85 10000 17257 250 9535702 41142 48
86 181 10000 17253 180 9532723 47909 37
275 291 10000 17030 400000 9243660 339322 66306
209 239 10000 17260 10000 9539651 44332 1660
170 323 10000 17258 560 9538353 46566 98
323 176 10000 17186 100001 9451807 133142 16579
398 212 10000 17262 1870 9543366 41760 316
198 72 10000 17263 1100 9544120 41086 184
288 94 10000 17266 180 9545036 40884 37
388 49 10000 17265 1870 9544812 42897 316
378 377 10000 17244 100001 9520285 69681 16579
57 191 10000 17264 560 9544304 50585 98
214 7 10000 17268 250 9555476 40398 48
398 320 10000 17204 100001 9469005 133184 16579
293 392 10000 17269 10000 9556933 47243 1660
17 300 10000 17205 100001 9471871 133083 16579
187 20 10000 17270 560 9565826 40569 98
318 139 10000 17275 560 9573586 40491 98
299 303 10000 17274 1100 9572861 42625 184
20 239 10000 17277 900 9575751 40725 152
44 330 10000 17273 1870 9571075 45512 316
203 158 10000 17278 180 9578034 40471 37
370 10 10000 17280 560 9578707 45171 98
319 384 10000 16214 1850000 8192676 1433784 306661
23 398 10000 17284 3160 9585732 42367 531
287 245 10000 17279 900 9578606 49564 152
90 234 10000 17281 560 9583172 45366 98
331 91 10000 17292 250 9590857 41129 48
260 110 10000 17285 10000 9585835 46355 1660
70 111 10000 17293 250 9591610 40660 48
357 156 10001 17294 900 9591797 40902 152
325 181 10000 16775 1850000 8888813 745263 306661
394 155 10000 17288 3160 9589617 45604 531
50 22 10000 17295 1100 9593645 41598 184
13 230 10000 17296 560 9594929 42104 98
261 195 10000 17297 900 9598073 41017 152
249 194 10000 17118 400000 9359092 281000 66306
348 105 10000 17299 1100 9599847 41338 184
136 394 10000 17290 560 9590557 50667 98
373 308 10000 17300 3160 9600206 42728 531
95 110 10000 17301 900 9602387 41341 152
230 376 10000 17304 3160 9604437 42219 531
67 361 10000 17306 560 9606693 40572 98
158 312 10000 17236 100001 9513797 134110 16579
56 393 10000 17308 900 9607589 40644 152
260 20 10000 17303 560 9603043 45827 98
0 121 10000 17309 250 9612303 40816 48
28 230 10000 17298 1870 9599577 53570 316
92 315 10000 17307 10000 9607400 47269 1660
240 79 10000 17311 3160 9616303 42824 531
35 97 10000 17305 1870 9605505 55248 316
353 329 10000 17313 560 9620690 40654 98
385 262 10001 17310 10000 9615553 45803 1660
50 336 10001 17314 900 9622601 40822 152
286 363 10000 17289 250 9590269 73507 48
13 358 10000 17317 560 9624042 41462 98
251 303 10000 17320 1100 9625627 40967 184
209 266 10000 17321 560 9626768 40810 98
286 285 10000 17312 560 9619250 48707 98
106 363 10000 17319 560 9624601 43570 98
151 109 10000 17286 1870 9587158 82338 316
252 143 10000 17323 180 9629043 40623 37
116 186 10000 17324 560 9631041 40827 98
186 134 10000 17325 900 9631647 41036 152
184 126 10000 17156 100001 9411802 261008 16579
130 144 10000 17326 3160 9632721 45469 531
157 272 10000 17078 400000 9305446 373969 66306
34 28 10000 17339 10000 9658747 23617 1660
390 391 10000 17207 400000 9473776 208843 66306
0 230 10000 17329 560 9637479 45587 98
236 159 10000 16477 1850000 8527505 1157692 306661
332 275 10000 17332 560 9647631 41334 98
294 175 10000 17333 1100 9648387 41485 184
257 203 10000 17331 560 9647229 43682 98
79 200 10000 17334 3160 9650030 42609 531
179 399 10001 17335 560 9652207 40813 98
284 203 10000 17336 10000 9652960 44330 1660
298 278 10000 17330 10000 9640461 57701 1660
366 292 10000 17337 10000 9654554 43938 1660
340 8 10000 17341 900 9660643 41060 152
296 162 10000 17338 180 9655237 47168 37
310 192 10000 17342 1100 9660774 41689 184
122 199 10000 17343 560 9663057 41089 98
368 375 10000 17360 560 9684292 20337 98
206 192 10000 17344 900 9663914 40882 152
360 331 10000 17340 10000 9660543 45481 1660
168 149 10000 17345 180 9666858 40697 37
18 1 10000 17359 10000 9684215 23618 1660
10 378 10000 17346 560 9671100 40428 98
217 166 10001 17348 560 9671454 41282 98
14 81 10000 16168 1850000 8107667 1605358 306661
142 97 10000 17350 560 9673157 41093 98
135 349 10000 17349 560 9673035 43212 98
239 99 10000 17347 10000 9671351 44901 1660
293 332 10001 17351 1870 9674760 42065 316
130 50 10000 17282 100001 9584356 133012 16579
392 377 10000 17354 560 9676862 40949 98
178 51 10000 17355 250 9677276 40592 48
297 78 10000 17356 560 9677756 42478 98
338 290 10000 17315 560 9622752 98770 98
106 165 10000 17322 10000 9628810 94256 1660
294 355 10001 17358 1100 9683230 40809 184
65 117 10000 16778 1850000 8892485 833952 306661
176 320 10000 17362 900 9687001 41183 152
130 68 10000 17363 1100 9687985 42784 184
111 361 10000 17366 1870 9691624 41553 316
296 355 10000 17361 900 9685294 48471 152
310 162 10000 17357 10000 9679913 54669 1660
97 179 10001 16523 1850000 8573257 1165270 306661
218 359 10000 17373 1100 9699138 40994 184
73 326 10000 17364 1870 9688398 53886 316
142 379 10000 17370 1870 9697454 45236 316
250 366 10000 17375 560 9702368 40734 98
223 34 10000 17365 1100 9689989 55857 184
13 251 10000 17376 250 9702409 43635 48
192 169 10000 17379 560 9705705 40709 98
391 287 10000 17382 560 9705945 40910 98
109 346 10000 17381 1870 9705899 42028 316
24 227 10000 17380 3160 9705805 44066 531
14 190 10000 17371 10000 9698261 52016 1660
48 203 10000 17384 1100 9710142 40940 184
313 311 10000 17396 560 9732901 20343 98
320 151 10000 17378 560 9704895 49835 98
128 218 10000 17386 180 9714426 40659 37
264 210 10000 17388 560 9714656 40662 98
135 11 10000 17387 1870 9714627 46168 316
252 270 10000 17391 560 9720620 40428 98
116 164 10000 17390 1870 9719962 42148 316
75 285 10000 17392 1870 9723291 42119 316
182 143 10000 17393 560 9727488 40577 98
172 25 10000 17368 560 9695253 73341 98
217 143 10000 17394 560 9731171 40661 98
329 143 10000 17395 560 9732827 40428 98
301 125 10000 17397 180 9734907 41232 37
373 377 10000 17417 560 9759916 20223 98
65 118 10000 17261 100001 9541492 241847 16579
105 32 10000 17399 900 9739914 44154 152
232 256 10000 17402 1870 9742924 41687 316
264 167 10000 17404 900 9745535 41601 152
26 88 10000 17405 1100 9745564 41613 184
303 172 10000 17408 1100 9748797 41090 184
77 155 10000 17410 180 9753746 40228 37
72 303 10000 17414 180 9755104 40818 37
184 75 10000 17369 560 9695486 101304 98
109 192 10000 17413 10000 9754942 45994 1660
38 329 10000 17418 560 9760053 40904 98
176 328 10000 17419 1870 9764182 41738 316
399 112 10000 17352 100001 9675793 132577 16579
186 209 10000 17421 900 9768107 41010 152
124 200 10000 17318 180 9624601 184646 37
139 168 10000 17424 560 9774079 40428 98
302 258 10000 16566 1850000 8620449 1200096 306661
90 10 10000 17431 250 9781663 41031 48
38 197 10000 17428 1100 9781073 42293 184
301 196 10000 17426 900 9776686 47534 152
109 346 10001 17429 10000 9781322 44099 1660
81 164 10000 17433 560 9783689 42861 98
51 131 10000 17432 10000 9783437 44721 1660
112 183 10000 17435 900 9794672 40644 152
199 376 10000 17437 1100 9797682 41113 184
296 5 10000 17400 560 9741497 98747 98
94 170 10000 17416 1100 9756272 84379 184
323 183 10000 17438 3160 9799801 42144 531
203 102 10000 17439 560 9800528 42124 98
136 154 10000 17440 900 9801035 41893 152
119 141 10000 17447 1100 9814878 41129 184
181 238 10000 17425 180 9774922 82594 37
226 397 10000 17450 560 9820090 40428 98
143 349 10000 17449 1870 9819187 42243 316
305 321 10000 17455 3160 9824087 42563 531
64 103 10000 17452 10000 9820724 46688 1660
187 318 10000 17458 900 9826325 41255 152
119 303 10000 17454 180 9823039 47911 37
249 233 10000 17462 1870 9829279 42248 316
217 257 10000 17466 1100 9830715 41039 184
225 16 10000 17451 3160 9820567 51975 531
293 124 10000 17465 900 9830565 43163 152
364 46 10000 17468 900 9834438 41040 152
69 8 10000 17463 3160 9829684 46076 531
9 371 10000 17443 560 9806643 69933 98
331 139 10000 17446 900 9813958 62675 152
128 174 10000 17471 250 9836684 40624 48
377 213 10000 17398 100001 9738288 139975 16579
63 85 10000 17469 1870 9834634 45738 316
357 351 10000 17484 900 9860393 20338 152
177 266 10000 17441 3160 9801146 80727 531
259 344 10000 17461 560 9828866 56805 98
49 241 10000 17448 560 9818807 67183 98
201 252 10000 17473 560 9846385 40802 98
316 324 10000 17196 400000 9462442 426277 66306
210 124 10000 17427 560 9777745 112923 98
251 39 10000 17477 900 9852001 40984 152
174 104 10000 17411 100001 9754106 138906 16579
60 203 10000 17327 400000 9633955 259378 66306
231 105 10000 17478 250 9852595 41103 48
357 114 10000 17479 560 9853852 41282 98
384 328 10000 17460 3160 9828495 67252 531
46 325 10000 17480 560 9855391 40919 98
104 338 10000 17481 560 9855628 42195 98
178 49 10000 17486 1100 9862088 40987 184
133 301 10000 17474 900 9849843 57771 152
184 118 10000 17483 900 9859257 49927 152
187 100 10000 17488 250 9867552 42026 48
52 302 10000 17482 900 9857032 53588 152
41 371 10000 17491 560 9870612 40428 98
105 376 10000 17487 560 9864124 47022 98
0 144 10000 17464 180 9829721 82485 37
297 269 10000 17430 100001 9781430 132733 16579
296 77 10000 17389 100001 9715054 200394 16579
92 229 10000 17200 400000 9465515 450285 66306
53 282 10000 17495 1870 9875259 42305 316
287 92 10000 17497 3160 9876305 42467 531
287 272 10000 17490 1100 9868074 51183 184
24 237 10000 17493 180 9872977 46754 37
262 327 10000 17489 1100 9868016 52051 184
135 203 10000 17499 180 9880100 40565 37
183 159 10000 17434 100001 9786859 136710 16579
38 278 10000 17498 900 9879993 46571 152
140 90 10000 17503 1870 9887080 41858 316
338 283 10000 15616 10000000 7352048 2577947 1657602
301 64 10000 17485 10000 9861005 69058 1660
150 206 10000 17502 1100 9886870 43248 184
391 343 10000 17494 560 9873190 58482 98
21 66 10000 17506 900 9893758 42337 152
254 64 10001 17508 900 9898002 40863 152
167 24 10000 17507 1100 9895106 46330 184
19 87 10000 17511 180 9903011 40547 37
196 272 10000 17513 180 9905354 40617 37
143 150 10001 17533 1870 9924822 21418 316
47 187 10001 17512 1100 9905292 40983 184
56 73 10000 17510 900 9902052 45009 152
118 91 10000 17459 3160 9827873 120782 531
398 185 10000 17409 100001 9750759 198520 16579
216 365 10000 17504 1870 9889022 60604 316
138 70 10000 17514 560 9905791 45238 98
96 336 10000 17518 560 9912173 40896 98
389 152 10000 17517 10000 9911035 43938 1660
32 110 10000 17519 1870 9913266 43651 316
64 103 10001 17521 900 9917445 40766 152
73 328 10000 17524 560 9918315 41198 98
277 325 10000 17525 1100 9919065 41372 184
70 167 10000 17526 900 9920073 40713 152
355 28 10000 17527 180 9920810 40647 37
281 329 10000 17522 10000 9917738 44449 1660
52 300 10000 17529 560 9921842 40699 98
27 145 10000 17530 560 9922782 40717 98
379 193 10000 17515 560 9909795 54244 98
33 314 10000 16989 1850000 9196580 769106 306661
176 15 10000 17535 250 9927040 40467 48
310 149 10000 17534 560 9926154 41846 98
227 149 10000 17531 10000 9923449 45223 1660
118 70 10000 17475 1870 9850376 120752 316
135 275 10000 16666 1850000 8752634 1219622 306661
156 382 10000 17538 1870 9930247 42922 316
281 223 10000 17541 560 9933736 40712 98
278 131 10000 17528 180 9921243 54334 37
173 277 10000 17542 1100 9934951 41296 184
103 343 10000 17501 3160 9884132 92961 531
22 372 10000 17442 100001 9806341 175836 16579
390 97 10000 17545 560 9942116 40651 98
130 63 10000 17546 560 9943127 40664 98
88 192 10000 17544 1100 9938910 46285 184
330 111 10000 17547 1870 9944410 41895 316
100 136 10000 17509 180 9900855 86696 37
66 62 10000 17563 560 9968144 20386 98
57 196 10000 17550 250 9948104 40608 48
255 146 10000 17539 1100 9930574 58700 184
190 197 10000 17568 250 9971575 20433 48
152 165 10000 17551 3160 9951918 42306 531
88 152 10000 17516 900 9910718 85898 152
381 68 10000 17552 3160 9953481 43495 531
266 222 10000 17548 10000 9945199 52905 1660
203 156 10000 17555 180 9958005 40226 37
77 35 10000 16866 1850000 9018902 979338 306661
323 123 10000 17553 3160 9954993 43666 531
141 32 10000 17556 180 9958710 40911 37
118 337 10000 17532 900 9924554 75762 152
2 205 10000 17558 180 9959981 41140 37
170 174 10000 17574 180 9982188 20929 37
354 199 10000 17492 100001 9870964 132477 16579
167 360 10000 16939 1850000 9127669 876830 306661
264 63 10000 17562 1100 9968070 41260 184
103 111 10000 17575 3160 9983028 27475 531
299 92 10000 17564 900 9969019 41990 152
290 393 10000 17571 560 9975693 40736 98
193 206 10000 17569 10000 9972691 44181 1660
49 394 10000 17557 10000 9959051 59362 1660
299 110 10000 17570 900 9975261 43809 152
178 347 10000 16524 1850000 8575064 1447294 306661
150 232 10000 17573 1100 9980299 42153 184
131 67 10000 17554 10000 9956984 66197 1660
297 348 10000 17505 100001 9891692 132369 16579
87 279 10000 16761 1850000 8871035 1154906 306661
184 244 10000 17565 560 9969360 56841 98
107 156 10000 17579 900 9986502 40984 152
234 212 10000 17540 900 9931256 97315 152
207 140 10000 17580 560 9988244 41502 98
98 338 10000 17581 900 9991336 42871 152
299 396 10000 17578 3160 9986123 48355 531
41 79 10000 17584 1100 9995507 41088 184
316 200 10000 17585 560 9998115 40428 98
145 257 10000 17560 900 9966359 72856 152
11 132 10000 17587 900 10001088 41507 152
267 206 10000 17586 560 10000177 46946 98
211 19 10000 17582 10000 9992545 55041 1660
399 177 10000 17591 250 10007009 40903 48
184 235 10000 17588 560 10005014 44586 98
90 73 10000 17523 100001 9917777 138573 16579
19 121 10000 17592 10000 10011181 45438 1660
264 257 10000 17593 180 10012988 45453 37
33 355 10000 17594 250 10014845 44176 48
113 398 10000 17561 180 9966454 92992 37
355 161 10000 17596 180 10020056 40184 37
383 92 10000 15085 10000000 6664156 3396971 1657602
107 7 10000 17599 1100 10025139 40883 184
45 290 10000 17601 1100 10025448 42511 184
128 290 10000 17600 900 10025343 43176 152
363 69 10000 17603 900 10029193 41038 152
194 247 10000 17566 180 9970212 102006 37
145 345 10000 17083 1850000 9312891 761056 306661
8 220 10000 17604 10000 10029818 44673 1660
227 178 10000 17606 560 10034676 41343 98
320 316 10001 17608 900 10036992 41508 152
57 139 10000 17610 180 10039225 40184 37
243 291 10000 17611 900 10039544 41202 152
197 239 10000 17605 1870 10033949 46856 316
162 260 10000 17609 1870 10039137 42399 316
75 351 10000 17602 900 10026660 56133 152
210 378 10000 17576 900 9983636 100022 152
57 341 10000 17615 560 10043628 40661 98
183 79 10000 17614 560 10041436 43377 98
304 219 10000 17616 180 10046864 40492 37
142 332 10000 17618 560 10048789 40428 98
233 91 10000 17619 180 10050943 40413 37
353 274 10000 17617 10000 10047541 43938 1660
292 274 10000 17456 100001 9824183 268368 16579
377 203 10000 17621 560 10054999 41236 98
327 126 10000 17623 900 10055639 40694 152
147 203 10000 17620 1870 10054596 41848 316
66 327 10000 17622 900 10055561 41383 152
344 74 10000 17583 180 9995409 102584 37
148 321 10000 17612 560 10039851 58884 98
272 33 10000 17613 180 10041360 59042 37
48 353 10000 17626 1870 10058658 41874 316
290 225 10000 17628 560 10061101 41002 98
195 170 10000 17520 100001 9915078 190359 16579
200 225 10000 17631 1870 10067911 41649 316
40 311 10001 17630 3160 10067384 44241 531
141 398 10000 17632 900 10070733 40939 152
325 15 10000 17634 1100 10072103 40788 184
385 379 10000 17572 100001 9976317 139157 16579
114 83 10000 17637 560 10075146 40428 98
69 315 10000 17636 900 10074647 40963 152
55 395 10000 17635 560 10073979 43930 98
215 173 10000 17639 3160 10076848 42065 531
370 134 10000 16940 1850000 9128816 991378 306661
299 82 10000 16185 1850000 8137503 1983452 306661
129 340 10000 17629 560 10065554 56350 98
134 183 10001 17644 1100 10085908 41265 184
22 373 10000 17647 560 10091819 40977 98
160 339 10000 17589 1870 10005518 127408 316
239 378 10000 17648 900 10091947 41040 152
11 100 10000 17624 180 10057182 75838 37
229 179 10000 17627 560 10060277 73771 98
128 360 10000 17645 10000 10091252 43978 1660
309 187 10000 17641 180 10077805 57461 37
360 288 10000 17653 180 10095602 40184 37
72 192 10000 17649 10000 10092215 46532 1660
77 2 10000 17654 560 10097864 41341 98
240 128 10000 17590 100001 10006883 132421 16579
51 95 10000 17656 1870 10098575 41545 316
49 200 10000 17642 1100 10081299 60501 184
214 151 10000 17658 900 10100974 40872 152
211 337 10000 17655 560 10098527 45558 98
245 280 10000 17659 900 10102813 41374 152
365 299 10000 17660 1100 10103001 41215 184
339 316 10000 17663 900 10107009 41196 152
53 280 10000 17664 250 10107512 41203 48
205 105 10000 17665 1870 10107546 41677 316
320 40 10000 17662 180 10106867 42622 37
105 122 10000 17657 250 10099975 50593 48
137 320 10000 17667 1870 10108807 41783 316
302 287 10000 17670 560 10111689 42148 98
10 384 10000 17671 3160 10112243 42878 531
164 58 10000 17666 900 10108719 46742 152
182 292 10000 17669 900 10111159 44977 152
0 48 10000 17638 1870 10075165 83086 316
336 219 10000 17675 560 10119413 41151 98
40 72 10000 17676 180 10120200 40596 37
128 385 10000 17678 180 10121562 40792 37
145 134 10000 16609 1850000 8674524 1488698 306661
180 193 10000 17693 900 10137885 25755 152
174 308 10000 17679 900 10123107 41184 152
98 161 10000 17674 10000 10118920 45967 1660
119 85 10002 17677 10000 10121158 43978 1660
7 398 10000 17680 560 10124786 40711 98
180 381 10000 17422 400000 9768480 398436 66306
314 35 10000 17607 100001 10034812 132552 16579
88 201 10000 17683 250 10126382 41471 48
144 201 10000 17577 560 9984986 184046 98
42 107 10000 12445 10000000 3191210 6980476 1657602
136 355 10001 17682 250 10125571 46775 48
20 373 10000 17650 900 10092245 83204 152
63 359 10000 17685 900 10130093 45950 152
87 74 10000 17141 1850000 9392833 783458 306661
264 137 10000 13985 10000000 5221119 4955538 1657602
384 227 10000 17695 180 10138211 40549 37
135 284 10000 17696 180 10138471 40498 37
323 144 10000 17688 10000 10131536 48907 1660
113 156 10000 17690 1870 10133977 47598 316
336 272 10000 17686 10000 10130752 51034 1660
164 103 10000 17681 10000 10124876 57795 1660
132 17 10000 17694 3160 10138025 45914 531
48 190 10000 17700 1870 10143793 41879 316
227 126 10000 17698 180 10139934 46022 37
263 66 10000 17701 900 10145778 41983 152
394 128 10000 17703 1100 10147046 40772 184
357 308 10000 17692 180 10137568 50966 37
81 182 10000 17704 900 10148495 41191 152
160 154 10000 17406 100001 9746073 445970 16579
8 225 10000 17706 250 10152239 40421 48
179 222 10000 17705 1100 10152111 41154 184
209 397 10000 17707 180 10154180 40671 37
213 325 10000 17709 180 10156043 40468 37
376 126 10000 17712 1100 10162770 41402 184
268 276 10000 17723 180 10188066 20307 37
150 142 10000 17727 180 10191587 20150 37
52 366 10000 17708 900 10155537 56467 152
287 134 10000 17673 10000 10118323 94193 1660
266 40 10000 17715 900 10167921 46088 152
62 240 10000 17717 1870 10171985 42627 316
275 211 10000 17716 560 10170424 44519 98
27 206 10000 17722 560 10184095 42296 98
91 18 10000 17718 250 10182204 44368 48
311 347 10000 16840 1850000 8979199 1250029 306661
187 295 10000 17724 560 10188870 40801 98
379 396 10000 17720 10000 10182416 48701 1660
358 364 10000 17725 1870 10189205 42507 316
341 3 10000 17721 900 10183365 48709 152
255 103 10000 15235 10000000 6869694 3363557 1657602
78 64 10000 17748 560 10218242 20470 98
272 143 10000 17729 1870 10196594 43518 316
72 121 10000 17731 1870 10199298 41879 316
48 16 10000 17730 250 10199122 45035 48
243 258 10000 17751 10000 10221499 23424 1660
201 112 10000 17737 900 10203802 41156 152
325 40 10000 17739 1870 10205451 41513 316
259 62 10000 17741 3160 10206439 42616 531
281 333 10000 17743 1100 10207951 41675 184
296 109 10000 17738 10000 10204974 47769 1660
151 66 10000 17668 10000 10110249 142668 1660
90 15 10000 17746 1870 10214740 43987 316
267 289 10000 17747 1870 10216656 42411 316
103 203 10000 16556 1850000 8609728 1650956 306661
89 44 10000 17749 1100 10220910 40772 184
278 91 10000 17750 1100 10220964 41276 184
333 130 10000 17719 1100 10182258 81024 184
299 11 10000 17496 400000 9876042 388112 66306
369 16 10000 17181 1850000 9441682 824648 306661
240 214 10001 17754 560 10227711 40428 98
36 350 10000 17755 900 10228911 40883 152
37 121 10000 17757 560 10232320 40671 98
316 170 10000 17756 10000 10229527 43938 1660
43 132 10000 17760 560 10234381 40952 98
378 249 10000 17403 1850000 9743542 531852 306661
214 68 10000 17753 560 10226038 50035 98
358 218 10000 14869 10000000 6361089 3915082 1657602
335 285 10000 17742 560 10207360 69048 98
386 256 10000 17759 1870 10234170 42440 316
25 127 10000 17736 1870 10203775 76923 316
99 290 10000 17763 900 10240447 40952 152
216 189 10000 17732 900 10201563 81385 152
262 144 10000 17699 100001 10143018 140298 16579
298 77 10000 17761 1100 10238975 45117 184
202 57 10000 17764 250 10240517 44221 48
244 51 10000 17767 900 10245135 40840 152
155 194 10000 17769 1100 10247591 41488 184
3 281 10000 17768 180 10247251 43414 37
89 377 10000 17770 1870 10247948 42848 316
224 299 10000 17710 250 10158759 132210 48
43 146 10001 17771 250 10250742 40494 48
321 26 10000 17766 560 10244845 46418 98
361 167 10000 17740 1100 10206153 87658 184
213 179 10000 17774 180 10254030 40558 37
253 96 10000 17773 1870 10253792 41832 316
156 385 10000 17772 10000 10251864 45345 1660
156 297 10000 17776 900 10258665 40877 152
164 46 10000 17762 560 10240303 59534 98
385 249 10000 17779 560 10259521 40696 98
64 241 10000 17633 400000 10071469 230210 66306
108 396 10000 17782 3160 10265240 42269 531
395 310 10000 17302 400000 9602729 708652 66306
21 230 10000 17559 400000 9962532 349601 66306
317 169 10000 17784 10000 10267676 46244 1660
114 186 10000 17785 3160 10271598 43304 531
380 110 10000 17777 250 10258761 57217 48
235 196 10000 17789 560 10276042 40700 98
76 207 10000 17790 900 10276082 40986 152
202 83 10000 17652 100001 10095436 223559 16579
372 119 10000 17792 250 10280317 40566 48
86 158 10000 17794 900 10280768 40785 152
177 14 10000 17744 1100 10209518 113326 184
366 24 10000 17793 900 10280698 43392 152
133 364 10000 17796 180 10283830 41151 37
102 196 10000 17791 560 10278275 50658 98
162 198 10000 17795 10000 10283465 45914 1660
383 7 10000 17798 10000 10285922 45355 1660
25 244 10000 17799 900 10289107 42231 152
133 114 10000 17801 560 10291705 41202 98
81 154 10000 17800 1870 10291452 42173 316
181 222 10000 17802 250 10293026 40797 48
173 270 10000 17781 180 10265130 71860 37
368 383 10000 17806 1100 10297754 41807 184
67 88 10000 17803 10000 10296215 45117 1660
257 207 10000 17808 900 10298998 42383 152
358 311 10000 17745 100001 10211394 132103 16579
97 232 10000 17778 900 10258789 87419 152
230 106 10000 17804 560 10297523 53029 98
258 308 10000 17810 560 10311182 40622 98
231 338 10000 17811 180 10312348 43276 37
130 70 10000 17813 900 10315067 40863 152
237 384 10000 17809 250 10299847 58069 48
157 100 10000 17807 900 10298486 60094 152
369 270 10000 17815 1870 10319574 41571 316
248 162 10000 17817 900 10322021 42026 152
359 7 10000 17814 900 10318167 46442 152
11 114 10000 17818 180 10323749 41458 37
83 237 10000 17820 900 10326105 41069 152
341 66 10000 17821 180 10327437 44080 37
130 331 10000 17823 1100 10330437 41188 184
358 335 10000 17824 3160 10331078 42231 531
214 343 10000 17822 10000 10329614 44900 1660
200 264 10000 17825 900 10334242 40871 152
89 300 10000 17827 560 10336451 40428 98
359 395 10000 17423 1850000 9770855 607009 306661
215 278 10000 17828 1870 10336690 42374 316
61 1 10000 16962 1850000 9168380 1210728 306661
49 125 10000 17159 1850000 9415130 965325 306661
17 397 10000 17697 400000 10139280 242125 66306
381 271 10000 17829 3160 10339141 42646 531
198 145 10000 17830 560 10342380 40428 98
79 183 10000 17832 900 10343666 40890 152
161 297 10000 17833 900 10344676 41455 152
135 88 10000 17834 560 10345365 41618 98
238 178 10001 17836 900 10347582 40982 152
94 205 10000 17837 900 10348503 41226 152
294 273 10000 17838 250 10350656 40228 48
354 27 10000 17839 180 10350788 40349 37
19 264 10000 17840 1870 10351018 41702 316
205 298 10000 17841 560 10352220 40752 98
165 390 10000 17844 560 10354952 40923 98
153 317 10000 17842 3160 10352808 43298 531
383 108 10000 17845 560 10355266 42466 98
257 23 10000 17846 900 10360269 41653 152
128 338 10000 17783 100001 10265249 137416 16579
243 223 10000 17848 560 10362263 40630 98
273 115 10000 17849 900 10362596 42272 152
157 315 10000 17853 560 10368160 40825 98
358 372 10000 17852 1870 10366585 42485 316
290 367 10000 17855 250 10369098 41551 48
35 159 10001 17847 900 10361163 53585 152
27 181 10000 17843 900 10354128 61220 152
276 129 10000 17857 180 10372727 43767 37
241 19 10000 17851 10000 10366539 50664 1660
387 110 10000 17640 400000 10077042 341088 66306
107 234 10000 17859 3160 10376741 41998 531
39 80 10000 17797 100001 10285164 134251 16579
55 372 10000 17863 250 10378732 40755 48
301 353 10000 17864 180 10379333 40934 37
47 301 10000 17858 1870 10374924 47034 316
149 56 10000 17714 400000 10165985 256688 66306
117 33 10000 17867 560 10382808 41115 98
82 110 10000 17866 1100 10382765 41280 184
271 155 10000 17862 3160 10378594 46306 531
192 109 10000 17868 1100 10383260 41895 184
67 318 10000 17861 900 10377774 49898 152
279 8 10000 17087 1850000 9320285 1107956 306661
356 14 10000 17869 900 10387633 41763 152
0 133 10000 17871 560 10389128 40735 98
49 154 10000 17865 1870 10382719 48338 316
164 6 10000 17765 100001 10241979 190508 16579
195 130 10000 17874 900 10392460 40780 152
333 114 10000 17875 560 10393190 41629 98
167 152 10000 17876 900 10396846 40644 152
355 216 10001 17076 1850000 9296466 1141992 306661
304 75 10000 17879 1100 10399337 41383 184
254 93 10000 17880 180 10400615 40535 37
125 369 10000 17881 1100 10402541 43550 184
256 292 10000 14619 10000000 6021059 4427969 1657602
22 177 10000 17882 10000 10403037 46252 1660
386 309 10000 17870 1870 10388062 62656 316
280 119 10000 17887 250 10410523 40758 48
28 280 10000 17213 1850000 9477979 975001 306661
13 322 10000 17885 900 10407639 45634 152
386 75 10000 17172 1850000 9431025 1022612 306661
125 296 10000 17889 900 10412933 40973 152
126 169 10000 17890 560 10413783 41280 98
335 112 10000 17733 400000 10201894 253734 66306
55 88 10000 17893 1870 10415903 41760 316
397 109 10000 17891 180 10414489 43257 37
320 371 10000 17895 900 10418600 40778 152
157 227 10000 17886 10000 10410299 49100 1660
181 178 10000 17900 1870 10421406 41328 316
391 191 10000 17901 180 10421603 41172 37
342 381 10000 17883 10000 10406086 56778 1660
384 125 10000 17898 1870 10420927 42073 316
128 38 10000 17905 900 10424764 40922 152
256 332 10000 17819 100001 10325311 141739 16579
67 298 10000 17902 10000 10423185 43988 1660
367 341 10000 17906 250 10427327 40629 48
314 15 10000 17903 10000 10423813 45435 1660
129 64 10000 17908 180 10429293 42301 37
10 64 10000 17909 1870 10429725 42023 316
231 161 10000 17910 3160 10431976 42579 531
212 336 10000 17831 100001 10343593 132614 16579
361 89 10000 17860 1870 10376791 100599 316
148 108 10000 17894 10000 10417054 60572 1660
148 300 10000 17899 1100 10420981 57130 184
49 47 10000 17931 1100 10457293 21049 184
369 165 10000 17915 180 10438384 40664 37
126 73 10000 17914 1870 10437418 42079 316
46 322 10000 17912 10000 10433546 46127 1660
183 334 10000 17884 180 10406825 75935 37
204 129 10000 17920 560 10440798 43936 98
108 202 10000 17916 10000 10438674 46534 1660
12 18 10000 17935 3160 10463754 21552 531
324 375 10000 17922 560 10445729 40808 98
146 76 10000 17923 560 10445748 41497 98
351 125 10000 17921 3160 10445715 43242 531
314 49 10000 17925 560 10449306 41108 98
146 207 10000 17927 1870 10450732 41938 316
123 365 10000 17930 180 10456350 40314 37
367 49 10000 17929 1100 10456157 41972 184
156 399 10000 17933 560 10460146 41031 98
310 330 10000 17276 1850000 9574770 926528 306661
261 240 10000 17896 900 10419511 81992 152
386 364 10000 17932 10000 10457535 44867 1660
353 390 10000 17934 1100 10461164 41527 184
83 272 10000 17907 560 10428718 79517 98
363 345 10000 17937 180 10465000 44364 37
122 191 10000 17936 1870 10464267 45646 316
182 245 10000 17940 560 10469595 40428 98
3 4 10000 17918 100001 10439875 70171 16579
371 156 10000 17938 10000 10467720 44287 1660
336 320 10000 17958 1100 10490441 22022 184
163 399 10000 17919 250 10440465 72035 48
326 43 10000 17942 900 10471384 41280 152
205 366 10000 17944 1100 10473491 41588 184
253 332 10000 17946 1100 10474328 41092 184
363 369 10000 17963 1100 10497185 20386 184
152 397 10000 17951 560 10477214 40594 98
267 149 10000 17950 1100 10476746 41680 184
255 171 10000 17954 1870 10479158 41782 316
216 144 10000 17913 10000 10434678 86765 1660
267 103 10000 17955 560 10479835 41626 98
103 78 10000 17953 10000 10478897 44102 1660
75 42 10000 17949 250 10476577 46832 48
140 81 10000 17939 1870 10468773 55233 316
377 215 10000 17957 1870 10483062 42362 316
379 99 10000 17941 3160 10470536 55254 531
183 129 10000 17835 100001 10347124 182766 16579
106 113 10000 17971 10000 10508613 25023 1660
174 162 10000 17974 1870 10512729 20999 316
179 111 10000 17960 3160 10492339 42205 531
178 75 10000 17945 180 10474275 60476 37
82 262 10000 17961 3160 10494129 41998 531
46 120 10000 17962 3160 10495546 42409 531
367 235 10000 17968 900 10502066 41673 152
106 191 10000 17959 10000 10492078 52484 1660
215 222 10000 17964 10000 10497789 47932 1660
306 395 10000 17969 560 10506194 40970 98
140 165 10000 17972 900 10509524 41286 152
107 153 10000 17377 1850000 9704128 847249 306661
255 213 10000 17453 1850000 9822928 729248 306661
150 344 10000 17973 560 10510461 42321 98
325 80 10001 17897 100001 10419619 134199 16579
224 59 10000 17904 10000 10424486 134649 1660
100 236 10000 17978 900 10519082 41963 152
272 259 10000 17979 250 10519163 43443 48
285 200 10000 17947 900 10475604 87298 152
345 3 10000 17980 900 10524104 41573 152
36 169 10000 17982 560 10528190 41182 98
320 104 10000 17911 100001 10433342 136643 16579
225 373 10000 17970 1100 10506414 64813 184
378 305 10000 17985 1100 10531494 41607 184
11 40 10000 17965 10000 10499428 75340 1660
342 153 10000 17966 560 10501238 76318 98
88 320 10000 17991 560 10542133 40548 98
6 389 10000 17981 900 10524525 58490 152
68 200 10000 17989 900 10539926 44327 152
371 193 10000 17992 900 10544846 40859 152
226 66 10000 17987 1100 10538956 47207 184
28 345 10000 17984 900 10529069 57227 152
299 265 10000 17993 560 10545607 41839 98
175 157 10000 17994 3160 10545638 41998 531
350 117 10000 17999 900 10549522 41056 152
145 68 10000 18003 250 10552254 40660 48
184 13 10000 17816 100001 10320559 272488 16579
380 95 10000 18002 1100 10551899 41719 184
231 39 10000 17986 900 10535681 59158 152
62 119 10000 17988 180 10539278 55690 37
356 101 10000 17420 1850000 9765313 832111 306661
132 105 10000 16435 10000000 8467140 2131483 1657602
357 356 10000 17983 100001 10528943 69906 16579
189 364 10000 18008 180 10558688 40441 37
70 223 10000 18010 560 10560735 40530 98
310 138 10000 15713 10000000 7487941 3113682 1657602
48 303 10000 18011 560 10561373 40668 98
143 115 10000 17997 900 10546588 55940 152
222 356 10000 18009 900 10560273 44930 152
352 300 10000 18013 900 10564845 41293 152
330 357 10000 18007 10000 10558567 48307 1660
78 222 10000 17948 100001 10475816 136018 16579
164 277 10000 18004 250 10552873 59298 48
314 387 10000 18016 560 10572999 40754 98
365 62 10001 17995 10000 10546413 68956 1660
205 73 10000 18018 560 10574756 40789 98
130 305 10000 18015 10000 10566118 50662 1660
100 180 10000 14454 10000000 5808359 4808659 1657602
126 166 10000 18019 900 10575229 41952 152
295 27 10000 17990 180 10540328 78801 37
179 239 10000 18023 560 10579743 40965 98
352 271 10000 18024 1870 10579793 41936 316
200 36 10000 18026 180 10584089 40817 37
31 4 10000 18025 1100 10582615 43752 184
258 378 10000 18030 560 10588467 40652 98
115 210 10000 18021 1870 10576409 53686 316
204 215 10000 18049 560 10607646 22781 98
57 258 10000 18031 1100 10588732 41756 184
109 306 10000 18038 900 10592429 40930 152
346 90 10000 18033 250 10590182 44772 48
162 120 10000 18041 250 10596247 40411 48
299 87 10000 18029 3160 10587762 50096 531
94 3 10000 18040 900 10594249 43621 152
294 177 10000 18035 10000 10591218 47162 1660
199 268 10000 18042 560 10598319 40568 98
239 27 10000 18017 1100 10573871 67294 184
6 36 10000 18028 900 10586824 55133 152
281 393 10000 18006 1870 10554884 87181 316
334 215 10000 17996 900 10546502 96806 152
158 96 10000 18044 560 10603576 40870 98
193 127 10000 18045 1100 10604810 41000 184
212 143 10000 18048 1870 10607417 41514 316
40 287 10000 18050 1870 10608199 41649 316
155 232 10000 18052 180 10609765 40823 37
142 175 10000 18053 560 10610228 41289 98
113 20 10000 18039 10000 10594125 57666 1660
145 274 10000 18055 560 10610909 41340 98
379 51 10000 18051 10000 10608596 43938 1660
11 388 10000 18056 250 10613138 40874 48
69 40 10000 18054 1870 10610706 43576 316
277 390 10000 17661 1850000 10105722 549581 306661
44 176 10000 18047 560 10607053 48991 98
242 113 10000 18060 900 10615822 41167 152
242 294 10000 18058 1100 10615661 41425 184
256 353 10000 18062 1100 10621258 40772 184
232 190 10000 18043 1100 10599723 62408 184
178 78 10000 18063 560 10621729 42783 98
261 251 10000 18065 180 10625025 40443 37
308 88 10000 18064 10000 10621896 43938 1660
284 160 10000 18034 1100 10590258 76159 184
35 368 10000 18057 900 10614210 52839 152
108 380 10000 18066 3160 10626368 42442 531
363 0 10000 18068 1100 10631291 41452 184
151 19 10000 18005 560 10553524 119413 98
294 383 10000 18071 1100 10633606 40772 184
294 383 10001 18072 1870 10634005 41513 316
173 120 10000 18073 900 10634020 41556 152
236 78 10000 18074 1100 10637542 41745 184
194 396 10000 18036 900 10592049 88026 152
7 349 10000 18076 560 10640700 40836 98
163 203 10000 18077 560 10640953 41502 98
77 189 10000 18078 900 10641619 40962 152
186 65 10000 18079 1100 10642719 41977 184
182 119 10000 17888 400000 10411362 275599 66306
302 369 10000 18075 1870 10638130 49006 316
28 55 10000 17967 100001 10501976 191201 16579
381 115 10000 18067 1100 10629114 64455 184
176 315 10000 18081 180 10649256 44610 37
107 328 10000 18085 250 10654526 40595 48
151 288 10000 18020 10000 10575667 123308 1660
49 396 10000 17287 1850000 9589359 1112187 306661
58 231 10000 18090 560 10662101 40544 98
118 45 10000 17788 400000 10275920 427896 66306
6 58 10000 18088 900 10659374 44696 152
118 184 10000 18089 180 10661565 42746 37
27 365 10000 18093 560 10668946 40845 98
383 215 10000 18095 560 10670084 40611 98
102 126 10000 18000 100001 10550675 163551 16579
101 146 10000 18046 900 10605012 109729 152
331 61 10000 18092 180 10668262 47130 37
284 178 10000 18099 180 10676156 40651 37
330 316 10000 18097 900 10674819 42068 152
184 140 10000 17066 1850000 9285037 1432927 306661
257 133 10000 18100 1100 10677250 40876 184
126 93 10000 18091 10000 10666895 52447 1660
256 72 10000 18094 3160 10669697 51228 531
75 85 10000 18101 1870 10677881 46110 316
298 169 10000 18107 1100 10686209 41206 184
193 240 10000 18108 560 10688262 40637 98
288 99 10000 18104 900 10683135 46669 152
393 109 10000 18109 1100 10689064 40772 184
329 50 10000 18105 900 10685018 45006 152
180 113 10000 18110 560 10689077 41038 98
176 10 10000 18112 900 10689259 42954 152
298 67 10000 18115 560 10693917 41917 98
34 71 10000 18114 10000 10691503 45707 1660
18 299 10000 18117 3160 10695486 42147 531
376 106 10000 18116 250 10694324 44837 48
10 18 10000 18136 10000 10715625 26783 1660
145 387 10000 18119 180 10700762 43017 37
93 190 10000 18123 180 10702532 41296 37
247 115 10000 18037 100001 10592392 156501 16579
40 0 10000 18127 1870 10706730 42238 316
378 360 10000 18149 560 10730792 20501 98
169 87 10000 18106 10000 10686156 65336 1660
285 202 10000 18128 1870 10708092 43501 316
371 8 10000 18124 10000 10705439 46829 1660
35 337 10000 18125 1870 10705871 46850 316
258 376 10000 18133 1100 10712033 40772 184
241 380 10000 18132 560 10711769 41232 98
372 105 10000 18130 560 10709845 43890 98
71 96 10000 18126 10000 10706331 47764 1660
291 198 10000 18121 560 10700996 54722 98
155 121 10000 18137 900 10716252 40957 152
250 399 10000 18061 100001 10618768 138803 16579
59 142 10000 18131 1870 10711305 46527 316
364 34 10001 18138 180 10717731 40196 37
287 304 10000 18129 1100 10708320 50868 184
110 393 10001 18139 180 10719435 40184 37
185 65 10000 17401 1850000 9741799 1022143 306661
316 225 10000 18113 3160 10689516 75424 531
198 199 10000 18155 1870 10746393 21059 316
135 51 10000 18147 1870 10727505 41515 316
366 150 10000 18141 10000 10722695 46883 1660
160 0 10001 18083 250 10650976 119205 48
292 15 10000 18145 10000 10726023 44452 1660
145 389 10000 17928 400000 10451005 319643 66306
356 220 10000 18146 3160 10726533 44910 531
180 57 10000 18135 10000 10715584 56531 1660
386 255 10000 18152 1100 10734986 40772 184
359 84 10000 18140 560 10722411 53424 98
39 79 10000 18150 10000 10731095 46093 1660
290 116 10000 18151 10000 10734960 44372 1660
339 172 10000 18082 100001 10650764 133115 16579
131 245 10000 18156 180 10746700 40420 37
8 304 10000 18157 250 10747632 40666 48
238 357 10000 17283 1850000 9585057 1204365 306661
318 44 10000 18159 1870 10749609 41856 316
196 85 10000 18161 1870 10750473 41646 316
346 60 10001 17872 400000 10390263 401928 66306
50 316 10000 18160 1870 10749928 42933 316
346 95 10000 18162 560 10754531 41500 98
230 15 10000 18164 560 10758363 40622 98
103 78 10001 18163 180 10758163 40852 37
54 117 10000 18165 1870 10758859 46272 316
133 190 10000 18171 180 10768941 40783 37
88 339 10000 18172 250 10769315 40788 48
161 249 10000 18169 10000 10766668 44653 1660
188 215 10000 18166 3160 10761062 53117 531
319 306 10000 18153 180 10742719 72474 37
73 317 10000 17500 1850000 9880293 935262 306661
44 388 10000 18170 10000 10768503 47518 1660
347 198 10000 18179 1100 10780079 41314 184
131 364 10000 18177 900 10778158 43271 152
354 320 10000 18173 10000 10769963 52336 1660
253 293 10000 18183 560 10782874 40715 98
98 5 10000 18182 1870 10781784 42851 316
310 217 10001 18185 1100 10783332 41532 184
25 338 10000 18186 1870 10783704 42343 316
283 118 10000 18187 560 10785072 41288 98
310 322 10000 18181 10000 10781709 45155 1660
225 91 10000 18188 3160 10785328 43528 531
61 100 10000 18176 250 10778004 50971 48
258 389 10000 18190 3160 10788021 42246 531
301 96 10000 18111 100001 10689255 141121 16579
92 96 10000 18207 1870 10811862 21035 316
0 158 10000 18175 3160 10776163 57344 531
252 335 10000 18196 250 10793300 40612 48
291 107 10000 18192 3160 10789305 45003 531
150 286 10000 18195 250 10792825 41751 48
145 365 10000 18194 900 10792542 45901 152
176 257 10000 18199 1100 10803010 40772 184
263 127 10000 18198 1100 10802874 40988 184
6 193 10000 18191 10000 10788977 56255 1660
183 380 10000 17643 1850000 10081366 764014 306661
138 324 10000 18134 100001 10714968 131934 16579
61 58 10001 18204 900 10806798 41234 152
249 247 10000 18216 560 10826958 21122 98
326 358 10000 18193 560 10791017 57960 98
11 29 10000 18205 250 10809217 40829 48
384 161 10000 18201 10000 10804866 45263 1660
149 292 10000 18203 3160 10805646 45006 531
262 2 10000 18200 10000 10803159 47627 1660
194 390 10000 18174 560 10774865 76657 98
375 357 10000 17445 1850000 9811377 1040353 306661
12 47 10000 18209 1870 10812289 42262 316
155 56 10000 18211 3160 10814146 43012 531
282 289 10000 18225 560 10841476 20718 98
161 216 10000 18210 10000 10813016 51512 1660
146 42 10000 18069 400000 10632261 232853 66306
141 86 10000 18214 3160 10824146 43877 531
120 60 10000 18215 3160 10825660 42850 531
117 372 10000 18212 10000 10818465 50275 1660
52 262 10000 18218 560 10829105 40856 98
82 100 10000 15062 10000000 6627168 4243889 1657602
6 190 10000 18144 100001 10723401 148798 16579
248 217 10000 18220 1870 10831240 42937 316
355 9 10000 18217 10000 10828367 45892 1660
310 226 10000 18219 10000 10830799 44259 1660
82 177 10000 18223 900 10835328 40924 152
58 395 10000 18222 1100 10835127 42123 184
196 277 10000 18197 180 10799442 83738 37
299 308 10000 18224 3160 10840460 42876 531
227 325 10000 18228 250 10845386 41117 48
168 375 10000 18227 1870 10845343 42434 316
191 161 10000 18230 180 10848771 41501 37
218 205 10000 17812 1850000 10312743 579029 306661
139 123 10000 18246 10000 10872091 23424 1660
26 278 10000 17735 1850000 10203410 692785 306661
196 396 10000 18233 3160 10855331 42731 531
149 179 10000 18235 1100 10858096 41271 184
196 303 10000 18237 1100 10858807 40781 184
298 369 10000 18229 1100 10847588 52320 184
351 328 10000 18231 10000 10854107 47099 1660
74 29 10001 18236 900 10858648 43000 152
67 276 10000 18240 1100 10861860 40882 184
7 148 10000 18213 1870 10820548 83569 316
305 74 10000 18168 100001 10765085 139967 16579
163 352 10000 17412 1850000 9754851 1150708 306661
16 226 10000 18241 180 10864917 42000 37
340 312 10000 18238 10000 10859036 47974 1660
142 82 10000 18243 900 10869729 40763 152
195 71 10000 18245 560 10870165 40428 98
335 62 10000 18014 400000 10565923 345173 66306
233 8 10000 18242 560 10867715 44595 98
254 102 10000 18244 560 10869962 42585 98
103 287 10000 18247 560 10872127 40618 98
325 250 10000 18248 1100 10872988 40772 184
268 110 10000 18250 180 10879234 44287 37
264 269 10000 18260 560 10903013 20602 98
275 115 10000 18022 400000 10576643 347220 66306
376 199 10000 18239 10000 10859528 64898 1660
190 301 10000 18251 180 10884783 40184 37
141 232 10000 17672 1850000 10116233 808990 306661
101 354 10000 18206 1870 10809882 115590 316
244 124 10000 18249 560 10875492 50909 98
96 347 10000 18234 560 10857382 69160 98
39 389 10001 18253 1100 10892782 41901 184
158 22 10000 18254 560 10894417 41639 98
106 117 10000 18275 1870 10915617 20999 316
168 51 10000 18255 560 10896973 41618 98
157 218 10000 18257 900 10898138 40877 152
346 135 10000 18252 10000 10892710 46328 1660
245 226 10000 18256 900 10897511 41921 152
200 244 10000 18258 900 10898723 40862 152
169 236 10000 18259 560 10900009 40493 98
259 80 10001 18208 100001 10811983 132299 16579
278 335 10000 18263 250 10904377 40325 48
12 158 10000 18264 1870 10904838 42051 316
388 113 10000 16494 10000000 8551306 2396922 1657602
86 366 10000 18268 560 10908829 40723 98
315 28 10000 18266 3160 10905841 45194 531
299 78 10000 18270 560 10910540 41319 98
340 218 10000 18272 900 10911526 41194 152
70 150 10000 18276 900 10916127 40872 152
261 297 10000 18274 560 10914672 44012 98
43 116 10000 18279 560 10919838 40907 98
115 128 10000 14903 10000000 6406847 4554352 1657602
228 39 10000 18267 10000 10907423 55880 1660
5 263 10000 18280 3160 10920444 43369 531
208 155 10000 18273 560 10912110 56399 98
271 182 10000 18278 560 10919238 50243 98
65 162 10000 18283 10000 10926096 46677 1660
72 373 10000 18288 1100 10932050 41806 184
277 383 10000 18289 1870 10934397 41900 316
37 106 10000 18286 10000 10930854 46163 1660
365 373 10000 18301 900 10957409 20588 152
246 387 10000 18290 1870 10937043 43542 316
2 193 10000 18292 10000 10938202 45623 1660
119 192 10000 18291 1870 10937233 46779 316
71 21 10001 18293 1870 10939260 45000 316
120 159 10000 18295 900 10944893 41009 152
48 392 10000 18296 900 10944954 41134 152
19 250 10000 18287 250 10931810 54454 48
271 325 10001 18299 560 10947658 40877 98
246 139 10000 18298 900 10947021 46159 152
38 321 10000 18284 560 10927918 66540 98
1 159 10000 13518 30000000 4619078 6375668 4972800
118 87 10000 18265 900 10905022 90588 152
168 265 10000 18261 560 10903324 96207 98
310 173 10000 18303 1870 10958198 41871 316
314 362 10000 18305 560 10965177 40682 98
89 239 10000 18307 250 10967309 40984 48
293 151 10000 18306 1870 10966534 41950 316
271 310 10000 18300 900 10956812 51759 152
385 88 10000 18309 900 10967692 41153 152
363 311 10000 18312 900 10970141 41307 152
191 365 10000 18313 1100 10970802 41242 184
340 272 10000 18314 560 10971575 40812 98
371 344 10000 18122 400000 10701931 311041 66306
202 196 10001 18310 10000 10967771 45906 1660
20 111 10000 18184 400000 10782998 231152 66306
24 240 10000 18178 100001 10779360 237008 16579
107 335 10000 18318 1100 10975925 40896 184
385 150 10000 18321 900 10976244 40862 152
187 323 10000 18317 180 10975813 41520 37
124 194 10000 18232 1100 10855199 162338 184
313 132 10000 18154 400000 10744262 273763 66306
365 350 10001 18323 560 10977831 40994 98
182 180 10000 18331 560 10999260 20214 98
371 141 10000 18322 10000 10977112 44969 1660
13 320 10000 18277 10000 10916696 106109 1660
268 304 10000 18319 560 10976129 48253 98
113 103 10000 18326 250 10987681 38724 48
346 138 10000 18328 180 10995469 40425 37
149 204 10000 18325 560 10985662 52544 98
208 293 10000 18330 1870 10996615 43271 316
313 305 10000 18344 1870 11017936 22945 316
375 41 10000 18332 1870 10999539 41513 316
141 335 10000 18302 10000 10958149 83429 1660
298 201 10000 18333 900 11001157 42421 152
212 263 10001 18335 180 11006245 40539 37
383 393 10000 18352 560 11028674 20214 98
316 300 10000 18355 3160 11030422 21484 531
351 301 10000 17780 1850000 10261269 790944 306661
149 101 10000 18324 1870 10983019 71325 316
9 277 10000 18271 100001 10911498 143276 16579
212 99 10000 18336 3160 11009330 46535 531
98 202 10000 18341 1870 11014088 42120 316
312 96 10000 18343 560 11016290 40755 98
68 26 10000 18337 10000 11010024 50359 1660
320 345 10000 18347 1100 11019931 40772 184
115 146 10000 18262 100001 10903752 157131 16579
337 349 10000 18348 560 11020808 40992 98
13 23 10000 18311 1870 10968302 93637 316
297 117 10000 18346 1870 11019916 42446 316
278 26 10000 18345 10000 11018684 44230 1660
292 252 10000 18349 560 11025035 41113 98
358 34 10001 18350 560 11027469 40841 98
321 53 10000 18351 250 11027859 40548 48
58 223 10001 18353 900 11028808 41022 152
213 85 10000 18282 100001 10923576 147452 16579
13 109 10000 18315 1100 10975109 96746 184
245 258 10000 18371 1870 11053362 20999 316
23 108 10000 18357 1870 11032793 42208 316
393 125 10000 18356 10000 11031606 44045 1660
15 158 10000 18285 560 10930063 147936 98
190 301 10001 18360 560 11039540 40708 98
135 217 10000 18294 100001 10942179 139080 16579
144 327 10000 17042 1850000 9251999 1831231 306661
43 224 10000 18364 250 11048894 40848 48
193 145 10000 18361 1870 11043758 47794 316
378 60 10000 18365 1870 11049733 41868 316
27 173 10000 18366 1870 11049889 42786 316
43 379 10000 18359 10000 11037334 55635 1660
100 397 10000 18370 1100 11053112 41307 184
289 137 10000 18372 1100 11053397 41096 184
72 1 10000 18369 180 11051287 43387 37
170 40 10000 18368 10000 11051193 44065 1660
2 249 10000 18363 1100 11046798 52601 184
37 219 10000 18376 560 11059114 41296 98
173 216 10000 18379 560 11060108 41413 98
213 206 10000 18393 250 11082712 20399 48
75 221 10000 18375 900 11059100 44842 152
196 157 10000 18384 560 11063616 40428 98
68 215 10000 18385 250 11063721 41438 48
278 89 10000 18377 1870 11059170 47399 316
388 164 10000 18386 3160 11065122 41998 531
273 238 10000 18387 1100 11066552 40945 184
257 196 10000 18381 560 11061830 46868 98
279 325 10000 18389 3160 11067487 42525 531
151 92 10000 18327 560 10994866 115719 98
338 38 10000 18367 1100 11050164 61062 184
76 58 10000 18392 1870 11081297 42645 316
73 109 10000 18394 1870 11082734 43559 316
41 61 10000 18395 10000 11083530 45342 1660
139 135 10001 18405 10000 11109133 24149 1660
261 137 10000 18398 560 11092762 40708 98
142 242 10000 18399 180 11093269 40364 37
74 129 10000 18059 1850000 10615796 518767 306661
209 306 10000 18403 1870 11096916 42235 316
220 290 10000 18383 1870 11062083 78839 316
368 352 10000 17728 1850000 10193219 950434 306661
139 358 10000 18334 100001 11001210 145116 16579
190 20 10000 18400 1870 11093595 53014 316
246 163 10000 18406 560 11110382 40866 98
191 23 10000 18339 100001 11013284 138861 16579
61 355 10000 18408 900 11112847 40938 152
166 331 10000 17291 1850000 9590652 1564420 306661
162 195 10000 18342 100001 11015757 142221 16579
321 124 10000 18411 250 11117690 40946 48
271 20 10000 18412 1870 11117853 41513 316
49 0 10000 18407 10000 11112237 47491 1660
193 10 10000 17625 1850000 10058434 1102040 306661
210 105 10000 18358 900 11033243 128540 152
2 174 10000 18414 180 11122808 41023 37
245 38 10000 18415 1870 11123083 41793 316
60 221 10000 18418 560 11125351 41113 98
29 151 10000 18420 250 11126196 40754 48
158 76 10000 18419 10000 11125789 45598 1660
152 306 10000 18417 900 11125272 47358 152
188 312 10000 18423 250 11132402 40993 48
249 53 10000 18424 560 11132719 41001 98
256 92 10000 18425 560 11133711 40480 98
118 49 10000 18390 10000 11073494 101138 1660
272 385 10000 18378 560 11059627 115599 98
33 186 10000 18409 900 11113774 65302 152
372 54 10000 18429 180 11139966 40693 37
375 298 10000 18430 1100 11142084 41248 184
289 27 10000 18410 10000 11117493 66478 1660
104 32 10000 18434 900 11144173 42277 152
31 358 10000 18435 180 11145672 41089 37
214 287 10000 18437 560 11145840 44880 98
168 84 10000 18438 180 11148850 42825 37
176 216 10000 18373 100001 11056379 135305 16579
206 126 10000 18439 1100 11150791 41390 184
190 242 10000 17878 1850000 10398543 796309 306661
233 255 10000 18422 3160 11130011 65089 531
80 371 10000 18442 1870 11151900 43533 316
22 250 10000 18444 560 11154833 41294 98
382 8 10000 18374 100001 11056786 142137 16579
255 350 10000 18441 10000 11151247 47703 1660
103 138 10000 18446 180 11157800 41287 37
323 180 10000 18440 180 11150910 48459 37
346 191 10000 17131 1850000 9376868 1822583 306661
379 193 10001 18448 1100 11158737 42093 184
157 43 10000 18452 180 11161820 41085 37
75 89 10000 18449 560 11158946 46150 98
311 45 10000 18451 560 11161020 45215 98
47 26 10000 18454 900 11165570 41429 152
375 308 10000 18453 10000 11163342 46020 1660
42 97 10000 18457 1870 11171038 41649 316
371 169 10000 18456 1870 11170643 42286 316
266 10 10000 18458 900 11172328 41340 152
230 226 10000 18470 560 11194548 20214 98
68 356 10000 18455 900 11167858 47335 152
285 60 10000 18447 10000 11158078 58621 1660
138 361 10000 18459 900 11172563 44282 152
325 39 10000 18461 180 11177458 40591 37
193 3 10000 18462 560 11178151 41216 98
126 134 10000 18474 1100 11199770 20666 184
325 287 10000 18460 1870 11176660 44559 316
205 178 10000 18463 560 11178435 48223 98
389 222 10000 18464 1100 11186442 40867 184
206 348 10000 17926 1850000 10450059 777874 306661
349 253 10000 18465 560 11187266 41156 98
305 301 10000 18472 10000 11197759 32933 1660
28 218 10000 17711 1850000 10161925 1070205 306661
118 164 10000 18413 10000 11122781 109650 1660
394 89 10000 18466 3160 11189046 44672 531
84 49 10000 18469 1100 11193340 43906 184
309 89 10002 18471 900 11197442 42833 152
225 366 10000 18475 1100 11200564 40772 184
48 46 10000 18496 250 11223176 20114 48
349 84 10000 18477 250 11202377 41297 48
394 277 10000 18479 560 11203192 40708 98
126 382 10000 18480 900 11204423 40702 152
123 49 10000 18476 560 11201701 44598 98
152 55 10000 18340 400000 11014018 232788 66306
368 339 10000 18473 250 11199357 48782 48
206 60 10000 18482 900 11208137 40644 152
240 310 10000 18483 560 11210055 43051 98
49 91 10000 18485 1870 11211413 43147 316
113 38 10000 14570 10000000 5938752 5319761 1657602
173 171 10000 18504 900 11238532 20346 152
116 256 10000 18492 560 11218883 40876 98
288 344 10000 18486 180 11213608 46646 37
130 338 10000 18494 560 11221297 43426 98
41 385 10000 18497 1870 11226092 41513 316
371 66 10000 18498 250 11227519 40425 48
375 188 10000 18495 10000 11222140 47231 1660
388 292 10000 17924 1850000 10445868 825125 306661
99 197 10000 18501 560 11236083 41784 98
355 127 10000 18502 1100 11236683 41613 184
9 46 10000 18432 100001 11143276 135288 16579
209 216 10000 18524 900 11258551 20654 152
370 222 10000 18507 560 11239787 41463 98
12 326 10000 18503 1870 11238021 43271 316
362 48 10000 18436 100001 11145778 137840 16579
160 81 10001 18489 1100 11215366 68468 184
169 26 10000 14149 10000000 5411788 5872117 1657602
21 298 10000 18500 10000 11228947 57652 1660
186 116 10000 18512 560 11247281 41048 98
228 81 10000 18433 100001 11143346 144988 16579
7 292 10000 18510 900 11244498 45117 152
241 392 10000 18513 10000 11248273 44185 1660
381 163 10000 18516 560 11252059 40522 98
125 177 10000 18202 1850000 10805128 488130 306661
372 210 10000 18517 1870 11252106 42084 316
341 243 10000 18515 560 11251745 42475 98
148 260 10000 18509 1870 11242567 51809 316
74 293 10000 18269 400000 10909113 385513 66306
336 97 10000 18514 3160 11251192 43617 531
180 106 10000 18523 560 11257112 40821 98
318 202 10000 18522 900 11256793 41339 152
23 353 10000 18519 10000 11252934 45539 1660
251 164 10000 18526 560 11258959 40708 98
41 90 10000 18527 3160 11259561 42079 531
27 358 10000 18525 3160 11258850 43723 531
225 43 10000 18528 250 11263404 40911 48
195 278 10000 18443 100001 11152353 158947 16579
223 190 10000 18530 250 11268603 43158 48
49 131 10000 17595 1850000 10017870 1294514 306661
171 46 10000 18531 3160 11269262 43274 531
218 164 10000 18533 1100 11272249 41512 184
329 292 10000 18535 900 11274499 40644 152
354 202 10000 18534 3160 11272861 42372 531
205 399 10000 18532 1870 11270374 46236 316
8 183 10000 18529 900 11267025 49967 152
219 77 10000 18505 1870 11239409 78855 316
270 343 10001 18536 560 11277872 40815 98
129 396 10001 18388 400000 11067334 254635 66306
255 120 10000 18537 10000 11278352 47044 1660
319 35 10000 18401 100001 11093743 234152 16579
273 101 10000 18540 1870 11286110 42045 316
382 97 10000 18538 10000 11282953 45392 1660
239 101 10000 18539 900 11284894 44477 152
183 311 10000 18542 900 11289214 40917 152
6 366 10000 18511 1870 11244536 87130 316
384 52 10000 18543 10000 11291861 44100 1660
111 132 10000 18544 1100 11294833 41353 184
127 85 10000 18546 900 11295523 40680 152
45 250 10000 18547 560 11295681 41634 98
203 231 10000 18548 900 11297732 41748 152
367 28 10000 18468 100001 11191959 150314 16579
259 5 10000 18550 180 11301764 40737 37
67 243 10000 18545 10000 11294899 48082 1660
101 325 10000 18506 560 11239732 104185 98
235 118 10000 18553 1870 11305863 41723 316
155 20 10000 18554 560 11307225 40428 98
140 32 10000 18481 100001 11207455 140216 16579
145 118 10000 18555 1100 11310115 41049 184
230 1 10000 18552 1870 11305067 47066 316
44 383 10000 18549 900 11298227 54598 152
13 383 10000 18391 100001 11077755 275428 16579
341 236 10000 18560 1100 11313903 41256 184
84 314 10000 18557 3160 11310373 45748 531
271 314 10000 18493 100001 11219536 136920 16579
115 123 10000 18559 250 11311983 46873 48
219 363 10000 18488 100001 11215186 144465 16579
317 104 10000 18562 10000 11316165 45587 1660
70 256 10000 18568 560 11320931 41234 98
368 59 10000 18565 1870 11318308 45693 316
226 288 10000 18569 560 11321789 42306 98
210 178 10000 18487 250 11214385 152532 48
325 224 10000 18570 1870 11323448 43885 316
84 164 10000 18571 1100 11327133 41457 184
269 155 10000 17956 1850000 10481209 891090 306661
294 83 10000 17646 1850000 10091767 1282701 306661
254 120 10000 18573 900 11334889 41298 152
336 179 10000 18574 3160 11336889 44380 531
48 63 10000 18578 560 11341666 41066 98
269 377 10000 18491 100001 11216786 166448 16579
68 333 10000 18581 560 11342486 40989 98
363 4 10000 18575 10000 11338228 47186 1660
259 64 10000 18521 100001 11253210 135410 16579
12 369 10000 18582 10000 11343681 45836 1660
391 207 10001 18583 180 11350993 41340 37
312 378 10000 18586 560 11354000 40843 98
118 180 10000 18551 1870 11302925 93221 316
22 12 10000 14660 10000000 6073481 5324426 1657602
27 299 10000 18580 10000 11342206 58091 1660
25 239 10000 18584 10000 11351288 51582 1660
1 197 10000 18587 900 11354264 50772 152
347 242 10000 18567 1100 11320131 88815 184
61 65 10000 18610 900 11389230 20322 152
166 157 10000 18590 10000 11361067 48495 1660
68 149 10000 18490 100001 11215453 195396 16579
240 252 10000 18612 180 11392012 20458 37
163 123 10000 18592 1100 11369995 43372 184
114 371 10000 18596 900 11373590 40732 152
363 280 10001 17975 1850000 10516356 898697 306661
366 356 10000 18598 900 11374556 41184 152
264 4 10000 18597 900 11373714 43004 152
261 275 10000 18556 100001 11310322 110061 16579
205 295 10000 18599 10000 11376134 46130 1660
299 304 10000 18541 100001 11287181 136945 16579
60 184 10000 18602 560 11379799 45479 98
236 114 10000 18604 180 11384671 40791 37
298 194 10000 18595 560 11373434 52117 98
101 333 10000 18566 3160 11319315 107001 531
132 321 10000 18605 900 11385761 40992 152
253 383 10000 18607 250 11387015 40623 48
288 84 10000 18606 900 11386030 42677 152
274 279 10000 18624 180 11408404 20465 37
388 330 10000 18609 180 11388972 41180 37
21 199 10000 18600 560 11378276 52249 98
351 331 10000 18608 560 11388367 43201 98
82 112 10000 18613 560 11392471 40871 98
322 70 10000 18611 1870 11391596 42143 316
345 146 10000 18614 900 11393496 40867 152
27 33 10000 18631 900 11414654 20711 152
382 67 10000 18615 900 11393808 42327 152
217 322 10000 18616 3160 11395186 42851 531
367 17 10000 18619 900 11398227 41417 152
60 204 10000 18620 560 11398880 40826 98
350 144 10000 18618 10000 11396974 44410 1660
144 19 10000 18561 10000 11315932 127369 1660
210 147 10000 18167 400000 10762606 683032 66306
266 125 10000 18623 1870 11407733 41523 316
334 298 10000 18143 400000 10723191 727605 66306
248 370 10000 18625 1870 11409052 42849 316
345 59 10000 18629 250 11411711 40265 48
11 200 10000 18630 1100 11411992 41682 184
221 260 10000 18628 560 11410856 43979 98
128 135 10000 18651 1870 11434675 21125 316
82 197 10000 18632 900 11415001 42068 152
109 117 10000 18649 10000 11434401 23854 1660
384 256 10000 18635 560 11418858 40978 98
197 143 10000 18633 10000 11415905 45196 1660
119 4 10000 18637 900 11420302 40930 152
25 1 10000 18638 3160 11420658 44425 531
94 163 10000 18641 560 11424514 40572 98
307 80 10000 18642 1100 11424909 41030 184
318 357 10000 18640 250 11424389 43132 48
227 118 10001 18634 10000 11418783 48996 1660
315 281 10000 18643 180 11427757 40528 37
235 37 10000 18636 10000 11419908 50329 1660
62 281 10000 18645 180 11429931 40731 37
385 388 10000 18671 560 11451303 20218 98
268 378 10000 18189 1850000 10786536 685410 306661
259 291 10000 18647 560 11431338 40803 98
144 47 10000 13661 10000000 4789789 6683687 1657602
221 207 10001 18646 10000 11430030 45977 1660
319 121 10000 18603 10000 11380596 96506 1660
150 207 10000 18652 1870 11435214 41999 316
272 98 10000 18118 1850000 10698898 784635 306661
119 335 10000 18656 250 11438177 45361 48
22 136 10001 18662 3160 11445120 42843 531
297 368 10000 18572 100001 11331453 156681 16579
17 124 10000 18564 100001 11318081 170352 16579
57 336 10000 18663 180 11446913 42289 37
166 300 10000 18655 900 11437903 51617 152
368 379 10000 18688 560 11469885 20282 98
216 165 10000 18626 560 11409183 81219 98
227 14 10000 18668 900 11449746 41034 152
196 339 10000 18672 900 11451852 41393 152
339 293 10000 18674 900 11452675 41056 152
62 251 10000 18669 10000 11449956 44113 1660
277 256 10000 18675 1100 11454008 41014 184
138 304 10000 18658 900 11439977 57254 152
306 393 10000 18677 560 11459521 40665 98
251 23 10000 18679 250 11461164 40993 48
255 81 10000 18664 10000 11447288 55508 1660
317 174 10000 18680 1100 11461801 41692 184
355 257 10000 18682 900 11464360 40843 152
66 230 10000 18684 560 11467630 41184 98
87 138 10000 18687 1100 11469468 41778 184
328 317 10000 18670 3160 11450415 61061 531
156 344 10000 18686 1870 11468826 43301 316
371 290 10000 18673 560 11452253 61210 98
44 361 10000 18683 560 11464700 52054 98
280 132 10000 18691 180 11477085 40413 37
198 195 10000 18709 900 11499978 20322 152
57 377 10000 18692 900 11480999 41745 152
141 146 10000 18281 1850000 10921567 603640 306661
220 366 10000 18690 900 11474255 51571 152
277 218 10000 18696 900 11485422 40855 152
268 246 10000 18693 10000 11483136 44021 1660
386 290 10000 18681 10000 11462060 67281 1660
8 310 10000 18694 1100 11483418 50264 184
176 213 10000 18701 560 11493245 40894 98
116 231 10000 18697 1870 11491000 44789 316
386 192 10000 18705 560 11496418 40939 98
120 192 10000 18704 1870 11495176 42674 316
372 346 10000 18617 100001 11395263 143563 16579
281 38 10000 18706 180 11498127 40833 37
219 371 10000 18707 1870 11498723 41551 316
362 298 10000 18699 900 11491765 49438 152
345 174 10000 18700 1870 11492102 51225 316
229 395 10000 18657 3160 11438448 105140 531
247 16 10000 18702 1100 11494405 51678 184
394 68 10000 18708 1100 11499430 49478 184
249 220 10000 18711 10000 11500893 48594 1660
89 163 10000 18715 1870 11510760 42247 316
301 69 10000 18716 900 11512342 40757 152
252 394 10000 18717 900 11512594 42244 152
389 64 10000 18627 100001 11409268 147349 16579
15 146 10000 18644 900 11428810 127867 152
312 177 10000 18722 1870 11516678 41937 316
138 353 10000 18354 1850000 11029358 529265 306661
284 59 10000 18718 10000 11514098 44616 1660
21 379 10000 18720 900 11515127 43785 152
296 20 10000 18723 180 11516921 42734 37
289 228 10000 18724 560 11518054 43278 98
343 389 10000 18727 1870 11520061 41520 316
15 214 10000 17892 1850000 10415585 1146027 306661
179 44 10000 18725 1100 11518598 43103 184
248 49 10000 18721 900 11515846 47589 152
212 373 10001 18731 1100 11523844 41755 184
51 151 10000 18733 560 11525360 40681 98
190 364 10000 18732 3160 11525111 42030 531
330 2 10000 18734 900 11527555 40953 152
233 252 10000 18621 100001 11402465 170242 16579
26 124 10000 18735 180 11528046 47337 37
155 236 10000 18653 100001 11435518 140880 16579
268 269 10000 18746 3160 11557601 21683 531
13 143 10000 18737 900 11539253 42157 152
272 93 10000 18726 10000 11519962 62088 1660
206 63 10000 18738 250 11539490 42752 48
135 260 10000 18740 1870 11542718 41896 316
305 376 10000 18736 900 11537725 49216 152
291 140 10000 18742 560 11546226 41185 98
151 37 10000 18703 900 11494462 94501 152
213 278 10000 18743 1870 11547162 41816 316
160 213 10000 18713 1870 11508870 80384 316
93 305 10000 18639 100001 11423709 166291 16579
34 273 10001 18588 100001 11355277 234961 16579
217 271 10000 18745 1100 11550038 41724 184
99 92 10000 18766 560 11574756 20444 98
320 126 10000 18601 400000 11379197 221006 66306
58 303 10000 18744 10000 11548224 51989 1660
106 52 10000 18747 10000 11558238 43938 1660
222 115 10000 18676 100001 11459346 143914 16579
386 211 10001 18751 560 11561569 43053 98
68 70 10001 18767 900 11575596 29574 152
60 378 10000 18749 10000 11559034 46781 1660
87 46 10000 18758 900 11567235 40644 152
139 216 10000 18757 180 11567102 40924 37
90 386 10000 18755 1870 11565977 42104 316
177 147 10000 18650 1870 11434428 173811 316
201 227 10000 17856 1850000 10371986 1236351 306661
373 203 10000 18754 3160 11565044 44683 531
159 247 10000 18761 250 11569878 40375 48
271 286 10000 18760 900 11569645 41687 152
229 182 10000 18719 1100 11514135 100011 184
257 325 10000 18768 180 11576141 40796 37
173 219 10000 18756 1870 11566408 50666 316
398 78 10000 18750 1100 11560401 57342 184
333 114 10001 18771 560 11578662 41183 98
209 175 10001 18753 1870 11563879 59829 316
21 368 10001 18764 1870 11573310 50731 316
141 75 10000 18773 560 11583835 40942 98
184 90 10000 18685 1870 11467717 158490 316
143 123 10000 18739 1100 11542522 87024 184
183 157 10000 18695 100001 11484928 145916 16579
315 215 10000 18777 1870 11593659 42043 316
42 144 10000 18778 900 11594546 41207 152
120 65 10000 18775 1870 11587771 49697 316
215 50 10000 18780 560 11597056 40645 98
213 338 10000 18763 560 11572280 66711 98
6 295 10000 18781 1100 11601407 42351 184
212 182 10001 18316 1850000 10975182 669771 306661
93 14 10000 18784 1100 11603115 42496 184
116 267 10000 18785 1100 11605990 41494 184
218 383 10000 18782 560 11602113 45458 98
147 142 10000 18798 1870 11629029 21176 316
332 75 10000 18787 560 11609521 40734 98
95 21 10000 18774 10000 11586657 69883 1660
221 225 10001 18808 3160 11637647 21873 531
199 99 10000 18142 1850000 10723124 937255 306661
64 76 10000 18816 560 11642752 20214 98
81 140 10000 18585 400000 11352873 310173 66306
84 83 10000 18796 900 11626695 37782 152
319 217 10000 15289 10000000 6935633 4729395 1657602
372 23 10000 18794 560 11623221 44299 98
132 80 10000 18795 560 11626430 43111 98
110 368 10000 18788 10000 11609760 59852 1660
384 311 10000 18799 1100 11629245 41252 184
155 83 10000 18789 560 11611862 61818 98
83 280 10000 18800 1100 11629350 44609 184
341 81 10000 18802 560 11633375 40621 98
185 267 10000 16019 10000000 7888605 3786542 1657602
278 74 10000 18804 560 11635910 41096 98
99 186 10000 18803 560 11635564 41965 98
278 102 10000 18807 180 11637163 40378 37
356 205 10000 18806 560 11636918 42493 98
12 20 10000 18810 900 11639201 40876 152
356 241 10000 18812 560 11640171 40474 98
43 34 10000 18797 3160 11628035 53629 531
88 122 10000 18809 1870 11639110 43009 316
232 358 10000 18813 250 11641336 40849 48
205 152 10000 18815 1870 11641670 41687 316
162 18 10000 18805 560 11636896 47567 98
55 361 10001 18793 1100 11622758 61943 184
39 115 10000 17977 1850000 10517669 1169573 306661
161 129 10000 18817 1870 11649377 42118 316
60 179 10000 18819 1100 11650893 41607 184
322 16 10000 18822 180 11654134 41183 37
215 60 10000 18814 1870 11641399 54025 316
106 68 10000 18820 900 11651719 48662 152
365 251 10000 18824 3160 11658227 42198 531
105 120 10000 18730 100001 11523689 176792 16579
135 68 10000 18818 560 11649634 51653 98
193 334 10000 18821 10000 11653501 48261 1660
38 18 10000 18752 100001 11563544 138546 16579
13 84 10000 18084 1850000 10652812 1050310 306661
397 317 10000 18759 100001 11569287 134064 16579
334 256 10000 18776 1870 11588302 115235 316
57 212 10000 18826 900 11662848 41438 152
65 150 10000 18827 560 11664090 41315 98
381 6 10000 18027 1850000 10584914 1120914 306661
333 68 10000 18828 560 11664358 41496 98
114 148 10000 18825 10000 11660229 45994 1660
317 162 10000 18830 180 11671711 41209 37
157 23 10000 18770 100001 11576937 137164 16579
227 190 10000 18829 560 11671607 46737 98
7 4 10000 18844 1100 11698600 20386 184
394 173 10000 18835 900 11678250 40855 152
112 213 10001 18801 180 11632820 87479 37
258 362 10000 18836 560 11679380 41711 98
164 268 10000 16007 10000000 7875286 3847554 1657602
64 228 10000 18838 1870 11686807 41867 316
360 369 10000 18856 560 11713191 20355 98
275 121 10000 18786 100001 11606055 133598 16579
163 357 10000 18843 1870 11698156 41752 316
234 334 10000 18589 100001 11359456 380920 16579
328 3 10000 18845 250 11700777 41288 48
77 232 10000 18847 1870 11702236 41599 316
264 45 10000 18849 1100 11703960 41542 184
143 233 10000 18158 1850000 10748686 1003437 306661
276 10 10000 18508 400000 11241145 512221 66306
284 74 10000 18854 10000 11709562 44460 1660
147 82 10000 18857 1870 11714293 41760 316
221 67 10000 18858 250 11715909 40906 48
254 154 10000 18852 10000 11707599 49282 1660
207 139 10000 18848 560 11702566 54582 98
111 217 10000 18579 400000 11341971 416028 66306
317 79 10000 18855 560 11711018 47031 98
337 130 10000 18666 100001 11449307 310796 16579
255 244 10000 18874 1870 11737775 22569 316
394 191 10000 18853 10000 11708572 52981 1660
211 32 10000 18851 560 11707080 55414 98
128 395 10001 18862 1870 11720346 43147 316
278 388 10000 18864 1870 11724662 41999 316
392 115 10000 18863 900 11722838 46020 152
290 170 10000 18710 400000 11500688 269213 66306
234 103 10000 18831 560 11673208 97314 98
39 390 10001 18861 560 11719711 51043 98
53 251 10000 18867 10000 11727580 45406 1660
211 339 10000 18870 900 11734214 41779 152
23 125 10000 18871 1870 11735111 41852 316
166 89 10000 18834 560 11677407 99583 98
374 214 10000 18840 10000 11691679 86155 1660
264 202 10000 18873 560 11736395 41540 98
396 252 10000 18850 900 11704195 74343 152
300 104 10000 18869 900 11733801 44807 152
122 8 10000 18875 3160 11738923 43046 531
80 160 10000 18881 250 11743616 40571 48
78 163 10000 18772 100001 11583469 201105 16579
223 253 10000 18884 180 11746237 40313 37
243 257 10000 18899 250 11765635 21914 48
292 87 10000 18886 560 11749623 40895 98
272 50 10000 18878 10000 11742738 48455 1660
351 88 10000 18887 900 11751896 41038 152
43 360 10000 18894 560 11754345 40739 98
114 230 10000 14311 10000000 5624940 6170878 1657602
384 371 10000 18888 10000 11752394 43968 1660
104 273 10000 18885 900 11748542 49042 152
264 27 10000 18898 1870 11760358 41813 316
85 306 10000 18895 900 11754884 48155 152
246 344 10000 18897 900 11758614 49018 152
241 348 10000 18901 900 11767315 43931 152
157 46 10000 18896 560 11754903 56666 98
366 389 10000 18903 560 11771375 40902 98
361 184 10000 18833 900 11674536 141835 152
304 297 10000 18904 10000 11772324 44623 1660
97 64 10000 18906 180 11775610 41828 37
379 140 10000 18907 10000 11778079 44681 1660
387 105 10000 18905 1870 11773260 50467 316
386 154 10000 18909 10000 11780367 43950 1660
104 228 10000 18912 560 11784831 41589 98
91 197 10000 18080 1850000 10644379 1182618 306661
181 44 10000 18911 10000 11784452 44634 1660
299 56 10000 18839 100001 11690547 140137 16579
305 186 10000 18914 900 11785671 45621 152
224 310 10001 18846 560 11701862 131920 98
42 367 10000 18919 3160 11792471 42550 531
370 31 10000 18917 180 11790678 44527 37
364 231 10000 18921 1100 11795110 41267 184
253 19 10000 18923 900 11796845 41206 152
44 271 10000 18893 1870 11754050 84840 316
126 268 10000 18922 10000 11796154 43938 1660
272 75 10000 18920 560 11794546 45974 98
213 103 10000 18918 1870 11791655 51984 316
341 52 10000 18927 900 11803234 40671 152
331 99 10000 18891 10000 11753437 91054 1660
314 288 10000 18929 1870 11803353 41568 316
65 53 10000 18934 560 11805014 40478 98
181 277 10000 18931 1870 11804310 42008 316
136 363 10000 18916 560 11789547 56837 98
89 341 10000 18932 1870 11804636 41866 316
69 266 10000 18935 1100 11806151 41381 184
225 80 10000 18937 250 11806890 40821 48
96 233 10000 18926 3160 11800246 49370 531
53 324 10000 18939 900 11808336 42376 152
154 322 10000 18883 900 11745642 106706 152
393 33 10000 18930 900 11804223 50615 152
328 370 10000 18942 1870 11812962 44703 316
223 323 10000 18859 100001 11716674 141051 16579
177 56 10000 18866 10000 11726393 132932 1660
202 74 10000 18924 1100 11797576 61837 184
154 127 10000 18889 560 11753120 106870 98
193 210 10000 18945 180 11816187 45117 37
352 205 10000 18950 250 11821670 40364 48
331 309 10000 18860 250 11719626 143774 48
157 309 10000 18953 1100 11824493 42737 184
248 304 10000 18949 10000 11820859 46552 1660
377 4 10000 18940 180 11809579 58151 37
37 385 10000 18951 1100 11822198 45829 184
314 158 10000 18952 10000 11823327 45526 1660
228 230 10000 18966 10000 11844961 25131 1660
269 148 10001 18941 1100 11809962 60486 184
312 333 10000 18957 900 11829953 41621 152
27 105 10000 18959 900 11832089 40989 152
321 129 10000 18955 10000 11829019 45252 1660
177 207 10000 18877 560 11742258 132354 98
275 12 10000 18928 900 11803340 73497 152
390 97 10001 18961 900 11836887 40844 152
175 68 10000 18925 10000 11800063 77713 1660
316 58 10000 18933 560 11804821 75168 98
52 201 10000 18963 1870 11840705 43297 316
20 120 10000 18964 560 11843628 40660 98
326 169 10000 18880 1870 11743520 140843 316
173 66 10000 18954 10000 11828636 55848 1660
130 271 10000 18965 560 11844451 40877 98
271 143 10000 18968 900 11846458 41309 152
63 394 10000 18962 10000 11839699 48836 1660
164 76 10000 18971 250 11848459 40373 48
161 60 10000 18070 1850000 10632989 1259541 306661
382 157 10000 18975 1100 11852462 41027 184
267 157 10000 18977 900 11854425 41085 152
152 351 10001 18970 900 11847755 48323 152
87 278 10000 18811 400000 11639843 256397 66306
197 11 10000 18967 560 11845110 52121 98
154 81 10000 11947 30000000 2576721 9323902 4972800
311 202 10000 18982 560 11860199 40944 98
387 53 10000 18872 100001 11735314 166077 16579
233 18 10000 18958 1870 11831257 74000 316
84 26 10000 18520 1850000 11253160 652105 306661
91 313 10000 18972 560 11851596 53720 98
113 106 10000 18960 1100 11833071 73006 184
212 108 10000 18976 10000 11853695 52532 1660
340 33 10000 18823 400000 11655445 251536 66306
97 243 10000 18986 560 11867360 41882 98
252 190 10000 18499 1850000 11227526 684187 306661
113 58 10000 18946 1100 11816248 96188 184
63 268 10000 18987 900 11868632 44616 152
301 75 10000 18974 1100 11852041 61671 184
61 4 10000 18984 900 11862452 52702 152
104 136 10000 18988 900 11873283 41955 152
275 292 10000 18989 900 11874683 41073 152
6 338 10001 13826 10000000 5001683 6914287 1657602
70 320 10000 18992 1100 11876694 41480 184
62 326 10000 18915 100001 11786873 132396 16579
37 55 10000 18991 1100 11876247 45677 184
88 302 10000 18876 100001 11741132 183458 16579
25 355 10000 18998 180 11885093 40552 37
346 149 10000 19000 560 11886439 41546 98
361 28 10000 18910 560 11782357 146504 98
367 395 10001 18908 100001 11778586 150405 16579
372 38 10000 18999 180 11885312 43917 37
262 118 10000 18994 10000 11880405 49005 1660
154 231 10000 18978 900 11855392 74184 152
114 184 10000 18993 3160 11879654 50601 531
367 207 10000 19004 1100 11887879 42627 184
152 215 10000 18995 900 11883040 47571 152
153 312 10000 19002 560 11886735 44159 98
89 217 10000 19006 560 11890496 41132 98
39 112 10000 18997 560 11884491 47191 98
323 202 10000 18913 100001 11785187 146997 16579
144 79 10000 18769 100001 11576156 359915 16579
377 133 10000 19008 1100 11892352 43852 184
347 305 10000 19007 3160 11892015 45116 531
257 45 10000 19010 900 11897149 41700 152
109 229 10000 19011 560 11897311 42356 98
215 73 10000 18938 100001 11807384 132651 16579
338 53 10000 19009 250 11893195 48258 48
137 33 10000 18841 400000 11693213 251529 66306
81 124 10000 19015 1870 11905175 41737 316
128 261 10000 18304 1850000 10963072 987936 306661
174 356 10000 19019 900 11911180 42228 152
280 161 10000 19023 900 11913450 42410 152
202 242 10000 19012 180 11901149 54779 37
86 223 10000 19025 560 11917764 40819 98
344 80 10000 19014 560 11901864 57792 98
182 325 10000 19029 180 11920866 40184 37
80 245 10000 19028 1870 11920691 41513 316
136 387 10000 19024 10000 11914206 48101 1660
266 314 10000 19031 560 11921986 40776 98
180 127 10000 18563 1850000 11316351 646546 306661
378 293 10000 19026 560 11918017 44890 98
264 155 10000 19032 1100 11922384 41081 184
119 368 10000 19033 900 11923049 41032 152
5 153 10000 19035 560 11928416 41003 98
300 9 10000 19017 1870 11908614 63811 316
346 22 10000 19037 250 11932512 41297 48
257 222 10000 18762 400000 11571615 407328 66306
117 270 10000 19040 1870 11937276 41862 316
350 115 10000 19038 10000 11935233 44777 1660
217 260 10000 19042 180 11939496 40686 37
193 347 10000 19036 250 11929508 52287 48
210 116 10000 15537 10000000 7276252 4706193 1657602
18 394 10000 19044 1870 11940668 42078 316
350 105 10000 19045 560 11942422 40655 98
207 386 10000 18969 100001 11847092 137131 16579
262 311 10000 19046 1100 11943029 41451 184
256 199 10000 18956 100001 11829916 155468 16579
44 360 10000 19005 180 11889623 96465 37
347 289 10000 17436 10000000 9795164 2191319 1657602
238 294 10000 19049 900 11946115 41489 152
161 51 10000 18979 100001 11856224 132658 16579
73 85 10000 19047 250 11944540 45854 48
333 389 10000 19050 560 11948244 42838 98
279 63 10000 18900 100001 11767241 227701 16579
228 169 10000 19051 560 11951717 43310 98
28 93 10000 19048 900 11946009 52529 152
9 47 10000 19055 560 11958209 40833 98
230 43 10000 18985 100001 11866772 132339 16579
356 183 10000 19054 1100 11957878 41287 184
232 290 10000 19030 1870 11921140 79614 316
16 264 10000 19056 560 11963227 40697 98
315 207 10000 19059 250 11964685 41795 48
135 123 10000 19073 10000 11985680 24931 1660
269 194 10000 18837 400000 11680380 330599 66306
393 65 10000 19062 560 11971309 40435 98
84 123 10000 19064 900 11972566 41275 152
153 360 10000 19068 900 11975302 41896 152
276 320 10000 19066 3160 11974589 42671 531
50 378 10000 19057 1870 11963332 54349 316
31 335 10000 18404 1850000 11106981 911076 306661
120 179 10000 18990 100001 11876042 146452 16579
191 221 10000 19071 560 11981078 41433 98
37 154 10000 18729 1850000 11523637 499371 306661
337 341 10000 18382 1850000 11062020 963938 306661
78 45 10000 19074 1100 11988024 41492 184
146 271 10000 19075 560 11989141 40437 98
319 108 10000 19076 1100 11993752 41076 184
88 17 10000 19077 3160 11997873 42265 531
317 190 10000 19079 560 12001571 41197 98
91 20 10000 19072 1870 11982194 61062 316
389 98 10000 19018 100001 11910130 133183 16579
30 256 10000 18320 1850000 10976235 1071798 306661
57 48 10000 19106 1100 12033825 20401 184
98 299 10000 19084 3160 12012203 43096 531
63 266 10000 19086 560 12013388 42255 98
126 260 10000 19087 1870 12013798 41950 316
83 301 10000 19082 3160 12010470 45630 531
211 105 10000 19080 250 12002275 54210 48
166 338 10000 18689 400000 11472255 584230 66306
200 48 10000 18879 400000 11743451 313264 66306
390 247 10000 19063 1870 11971583 86028 316
367 196 10000 19083 10000 12011470 47371 1660
261 26 10000 19085 560 12012971 46378 98
206 200 10000 19114 560 12041729 20423 98
188 40 10000 19090 900 12022057 41274 152
77 357 10000 19091 560 12023539 40575 98
382 206 10000 19092 1870 12023723 41988 316
366 142 10000 19089 180 12020681 45102 37
383 175 10000 19097 900 12027849 41531 152
212 7 10000 19100 560 12030073 41453 98
165 31 10000 19098 180 12029380 42587 37
137 324 10000 19099 3160 12029953 42279 531
312 255 10000 19102 1100 12031421 41189 184
365 35 10000 19104 560 12032144 40941 98
346 370 10000 19103 560 12031938 41204 98
353 377 10001 19043 100001 11939820 134973 16579
85 92 10000 19124 1870 12054340 20999 316
175 154 10000 19107 1870 12034792 41815 316
324 153 10001 19110 1100 12038034 41032 184
94 261 10000 19111 560 12039873 40943 98
311 202 10001 19112 3160 12040152 42394 531
151 276 10000 19088 3160 12016466 66814 531
178 185 10000 19108 10000 12035379 48943 1660
52 138 10000 19096 560 12027554 56879 98
383 352 10000 19115 560 12043988 40746 98
323 1 10000 19039 100001 11936366 148751 16579
149 301 10000 19118 560 12050860 40505 98
25 258 10000 19119 560 12051062 40654 98
307 174 10000 19123 1100 12053566 41105 184
376 297 10000 19122 900 12053487 41770 152
107 43 10000 19121 900 12052612 42768 152
378 58 10000 19125 1100 12054375 41734 184
330 174 10000 19041 100001 11938766 158345 16579
338 390 10000 19126 1870 12054651 43876 316
339 303 10000 19060 100001 11965528 136046 16579
44 399 10000 19094 900 12026140 79334 152
186 89 10000 19129 180 12066012 40460 37
60 45 10000 19067 100001 11975238 132342 16579
315 9 10000 19130 1100 12066987 41146 184
368 258 10000 19133 560 12070627 40510 98
28 52 10000 19132 560 12070060 41345 98
216 206 10001 19128 560 12064378 47539 98
14 288 10000 19134 560 12071535 40818 98
362 87 10000 19116 1870 12044518 69866 316
25 59 10000 19136 900 12075330 41928 152
14 226 10000 19138 560 12077395 40876 98
183 360 10000 18396 1850000 11091056 1029431 306661
115 217 10000 19127 10000 12061661 59795 1660
394 289 10000 19139 560 12080689 41126 98
240 132 10000 18996 400000 11883069 239778 66306
154 117 10000 19058 100001 11963795 160920 16579
20 23 10000 19161 3160 12103258 21955 531
268 251 10000 19140 180 12085450 40475 37
65 20 10000 19145 180 12086974 40188 37
386 105 10000 19144 900 12086974 40903 152
213 370 10000 19143 900 12086799 41424 152
209 151 10000 18790 1850000 11615246 513076 306661
46 360 10000 19148 3160 12090327 42991 531
309 88 10000 19147 1870 12090112 43483 316
266 180 10000 19152 250 12093749 40571 48
164 260 10000 19149 3160 12090599 43919 531
266 129 10000 19153 560 12094222 40841 98
20 71 10000 19154 900 12094231 40912 152
134 95 10000 19146 10000 12089146 49370 1660
263 356 10000 19155 180 12095408 43900 37
250 321 10001 19151 10000 12093326 46348 1660
321 391 10000 19157 560 12098637 41854 98
113 39 10000 19117 3160 12045181 102589 531
256 108 10000 19163 1100 12106836 41168 184
133 211 10000 19135 1100 12073180 75987 184
195 367 10000 19160 10000 12101459 47791 1660
129 285 10000 19003 400000 11887655 261675 66306
130 189 10000 19165 1870 12112352 41663 316
26 37 10000 17549 10000000 9945255 2210448 1657602
203 362 10000 19158 180 12099691 61850 37
154 139 10000 19164 560 12108163 54370 98
133 187 10000 19109 1100 12035661 130103 184
85 221 10000 19171 1870 12124539 41513 316
313 319 10000 19185 560 12145839 20544 98
274 70 10000 19169 1100 12123382 44425 184
314 267 10000 19174 1870 12130367 43306 316
321 298 10000 19016 400000 11906733 271351 66306
154 28 10000 19170 1870 12124421 54099 316
332 90 10000 19180 900 12139832 42617 152
262 353 10000 19181 560 12142845 40428 98
379 325 10000 19182 1870 12143046 41602 316
201 387 10000 19187 560 12147711 40593 98
340 289 10000 19189 560 12151066 41823 98
54 193 10000 19190 560 12151514 41977 98
341 23 10000 19191 900 12153589 42293 152
385 109 10000 19193 900 12156117 41286 152
375 25 10000 19179 560 12139364 58791 98
246 234 10000 19188 1100 12149843 49869 184
288 234 10000 19178 10000 12137829 62071 1660
212 230 10001 19196 1870 12158119 42181 316
173 61 10000 19131 100001 12067532 133143 16579
253 154 10000 19198 1100 12160304 41112 184
272 268 10000 19210 560 12180482 21235 98
333 1 10000 19199 180 12163973 40911 37
178 268 10000 19197 10000 12159756 45194 1660
376 325 10001 19081 100001 12009775 195402 16579
116 67 10000 19201 1100 12168591 41005 184
100 378 10000 19202 900 12169436 45088 152
280 102 10000 19208 560 12176600 40768 98
115 123 10001 19120 100001 12052190 165180 16579
95 121 10000 19053 100001 11957040 261984 16579
50 74 10000 19206 3160 12175937 43100 531
238 158 10000 19211 560 12180754 41758 98
175 37 10000 19061 100001 11970760 252089 16579
107 380 10000 19001 400000 11886624 338174 66306
52 169 10000 18890 1850000 11753244 472077 306661
84 56 10000 19212 250 12186018 40376 48
312 66 10000 19203 900 12170744 55667 152
30 27 10000 19235 1870 12209444 21702 316
262 62 10000 19213 1870 12188640 43652 316
221 205 10000 19207 10000 12176165 56375 1660
151 209 10001 19204 560 12173572 59374 98
172 262 10000 19156 100001 12098263 136510 16579
266 128 10000 19218 560 12194826 40620 98
54 252 10000 19217 250 12194636 42323 48
211 62 10000 19137 100001 12076000 163395 16579
294 395 10000 19219 1870 12198674 41648 316
97 227 10000 19220 900 12199780 41086 152
13 100 10000 19216 10000 12193487 47727 1660
219 397 10000 19221 900 12201271 40907 152
285 35 10000 19222 900 12202437 42010 152
59 138 10000 19226 900 12204628 41432 152
102 38 10000 19228 250 12205340 41720 48
42 192 10000 19229 560 12206954 40854 98
115 230 10000 19223 1870 12203608 46324 316
339 152 10000 19230 250 12207214 42723 48
253 367 10001 19233 560 12209061 41020 98
67 97 10000 19231 1870 12208099 42558 316
149 21 10000 19232 900 12208170 43113 152
113 254 10000 19192 1100 12155398 95935 184
13 14 10000 19256 560 12231627 21267 98
33 270 10000 17537 10000000 9929452 2323586 1657602
307 226 10000 19236 900 12213050 41437 152
4 91 10000 19239 1870 12214290 42394 316
243 313 10000 19240 900 12216095 42286 152
115 263 10000 19238 560 12213970 44875 98
273 269 10000 19259 1100 12237910 20992 184
239 157 10000 19237 3160 12213468 47484 531
338 298 10000 19242 560 12217052 46294 98
89 42 10000 19247 900 12222359 41094 152
78 146 10000 19246 1870 12222161 41672 316
329 304 10000 19241 10000 12216749 48124 1660
49 360 10000 19248 560 12225371 40775 98
369 165 10001 19250 1100 12226061 41789 184
74 189 10000 19251 900 12227080 41049 152
208 4 10000 19245 560 12221144 48456 98
399 298 10000 19253 10000 12228104 46396 1660
297 80 10000 18329 1850000 10996595 1278886 306661
337 248 10000 19255 250 12231576 45338 48
39 45 10000 19257 1870 12235455 42073 316
170 329 10000 19249 10000 12225752 52930 1660
205 123 10000 19258 1870 12237012 42306 316
288 151 10000 19260 1870 12238619 41768 316
237 135 10000 19159 100001 12099762 182495 16579
314 248 10000 19263 250 12241866 40765 48
144 237 10000 19209 900 12178453 105290 152
150 42 10000 19264 560 12245436 42905 98
162 86 10000 19254 10000 12228471 60500 1660
73 83 10000 19267 560 12248127 41023 98
289 320 10000 19105 400000 12032404 257787 66306
82 60 10000 19265 10000 12245587 44675 1660
219 143 10000 19270 560 12249614 41755 98
273 206 10000 19275 1100 12251321 41119 184
306 171 10000 19269 1870 12248437 44399 316
223 47 10000 19268 10000 12248213 45473 1660
238 105 10000 19271 10000 12249637 44962 1660
82 42 10000 19278 1870 12254133 41851 316
332 104 10000 19279 1100 12255650 40824 184
264 266 10000 19296 10000 12273208 23593 1660
41 398 10000 19276 10000 12253233 44789 1660
208 163 10000 19280 900 12257839 41549 152
170 312 10000 18981 400000 11858621 441999 66306
122 47 10001 19281 1870 12259019 41604 316
174 324 10000 19282 1100 12260015 41778 184
0 161 10000 19244 3160 12218440 85118 531
390 371 10001 19284 900 12263534 41417 152
33 90 10000 19287 560 12265335 41153 98
301 167 10000 19290 180 12267151 40240 37
319 291 10000 19288 1870 12266808 42242 316
243 61 10000 19289 1100 12266889 42914 184
52 84 10000 19293 900 12269631 43291 152
148 48 10000 19285 900 12263814 50186 152
31 173 10000 19292 560 12269411 45320 98
365 54 10000 19297 1870 12273231 42194 316
253 314 10000 19300 1870 12274167 42374 316
367 102 10000 19299 1870 12273917 42741 316
257 395 10000 19283 180 12263344 53740 37
178 267 10000 19295 180 12271556 45658 37
139 205 10000 18678 1850000 11460244 857949 306661
359 63 10000 19303 900 12276442 43929 152
85 256 10000 19305 900 12279697 41153 152
271 179 10000 19309 1100 12283840 41083 184
177 237 10000 19234 900 12209100 117030 152
293 63 10001 19311 1100 12286145 41068 184
363 195 10000 19306 3160 12281324 46825 531
164 178 10000 19332 10000 12304725 23424 1660
308 142 10000 19312 180 12287186 41570 37
212 397 10000 19313 900 12288709 40971 152
178 183 10000 19294 1870 12271518 58764 316
163 91 10000 19308 1100 12283005 49381 184
153 101 10000 19314 1870 12290048 42509 316
34 25 10000 19317 900 12292529 41565 152
3 265 10000 19252 1870 12227412 111015 316
217 139 10000 19224 100001 12204390 135414 16579
20 323 10000 19322 1870 12298670 41895 316
161 316 10000 19324 1100 12300475 40772 184
44 164 10000 19291 560 12268190 73563 98
107 156 10001 19325 900 12301430 41823 152
344 74 10001 19326 1870 12301576 42856 316
170 335 10000 19318 10000 12294475 54273 1660
149 266 10000 19334 180 12308431 40503 37
182 306 10000 19327 10000 12304207 45994 1660
112 361 10000 19333 900 12307749 45172 152
227 190 10001 19331 1870 12304717 48381 316
63 335 10000 19329 250 12304236 52349 48
369 109 10000 19338 560 12316587 41108 98
338 264 10000 19261 900 12238980 121155 152
343 214 10000 19167 400000 12119696 241003 66306
163 232 10001 19336 560 12312455 48533 98
83 302 10000 18712 1850000 11507174 856142 306661
150 90 10000 19339 900 12317311 46703 152
165 86 10000 19340 1870 12323092 42474 316
152 17 10000 18032 1850000 10589849 1775815 306661
394 230 10000 19342 560 12326343 41781 98
13 318 10000 19341 10000 12323911 47466 1660
263 72 10000 19337 560 12314841 63369 98
105 321 10000 19345 1100 12331196 47600 184
166 369 10000 19328 560 12304223 78451 98
392 156 10000 19323 180 12299525 87205 37
54 313 10000 19350 560 12344471 42790 98
241 141 10000 19348 10000 12343056 44440 1660
391 102 10000 19352 560 12349765 44539 98
163 232 10000 19273 100001 12250292 144211 16579
141 375 10000 19349 250 12343826 51189 48
3 136 10000 19310 1100 12285973 109627 184
370 235 10000 19353 900 12353400 42554 152
157 242 10000 19356 560 12357147 40428 98
33 365 10000 19355 180 12354885 45905 37
15 211 10000 19361 900 12360189 41772 152
204 247 10000 19358 180 12358865 44029 37
324 200 10000 19150 400000 12091801 314048 66306
331 258 10000 19215 100001 12191245 215333 16579
66 78 10000 19384 250 12393684 20674 48
254 97 10000 19366 180 12367117 50847 37
75 317 10000 19376 1870 12381362 41950 316
355 183 10000 19372 10000 12378282 45475 1660
152 104 10000 19369 900 12372590 51845 152
99 392 10000 19205 400000 12173753 251428 66306
27 112 10000 19371 560 12375793 50706 98
135 260 10001 19378 900 12382380 45456 152
126 295 10000 19381 900 12386760 41261 152
398 8 10000 19357 900 12357484 74653 152
186 161 10000 19382 10000 12389560 44339 1660
304 331 10000 19385 560 12394019 42072 98
184 58 10000 19272 900 12250130 186061 152
249 377 10000 18714 1850000 11509943 926383 306661
83 56 10000 19304 100001 12276860 159561 16579
261 107 10000 19387 3160 12394827 42209 531
182 1 10001 19388 1870 12396362 42488 316
16 233 10000 19354 10000 12354496 86452 1660
351 323 10000 19391 180 12400775 40593 37
91 320 10000 19386 900 12394163 49903 152
97 264 10000 19394 560 12404264 40718 98
242 132 10000 19389 10000 12397094 48421 1660
326 293 10000 19195 100001 12157239 290810 16579
49 348 10000 19397 560 12408476 40653 98
295 30 10000 19396 3160 12408258 42990 531
55 331 10000 19373 10000 12378837 72567 1660
373 266 10000 19401 560 12417743 41211 98
319 277 10000 19402 900 12418074 41312 152
102 332 10000 19404 1100 12418278 41229 184
54 68 10001 19398 560 12409746 50102 98
348 22 10000 19405 560 12418840 41083 98
376 274 10000 19407 1100 12419395 41599 184
391 119 10001 19406 560 12419378 42435 98
171 103 10000 19395 900 12407776 54204 152
56 398 10000 19410 1870 12423633 42344 316
219 340 10000 19415 560 12426859 40871 98
311 312 10000 19431 560 12449415 20214 98
392 261 10000 19365 1870 12366064 104236 316
262 358 10000 19412 250 12425883 45483 48
325 64 10000 19417 560 12432392 40867 98
95 239 10001 19390 560 12398859 74625 98
85 40 10001 19416 10000 12431042 45789 1660
248 192 10000 19419 1100 12434884 42038 184
1 120 10000 19379 1100 12384891 92319 184
312 87 10000 19421 900 12437490 41141 152
86 331 10000 19422 900 12439997 41184 152
27 84 10000 19425 900 12441996 41082 152
214 333 10000 19424 3160 12441488 43469 531
215 132 10000 19418 3160 12433206 54669 531
362 153 10000 19420 900 12436312 52079 152
379 296 10000 19427 1870 12447503 42048 316
46 273 10000 19430 560 12449026 41060 98
49 233 10000 19435 1100 12452063 41187 184
303 126 10000 19437 900 12452613 41063 152
297 194 10000 19436 900 12452610 41205 152
72 385 10000 19428 10000 12448482 45366 1660
143 167 10000 19429 10000 12448615 45669 1660
245 164 10000 19434 10000 12450715 44291 1660
2 349 10000 19439 560 12453952 41791 98
140 364 10000 19432 10000 12449513 46452 1660
320 103 10000 19442 1100 12456313 41005 184
370 60 10000 19438 180 12453459 46553 37
320 375 10001 19441 180 12455450 44959 37
44 202 10000 19411 1870 12424414 76873 316
70 326 10001 18779 1850000 11595412 905932 306661
267 151 10000 19444 1100 12459890 41634 184
208 367 10000 19440 10000 12454129 47401 1660
145 63 10000 19013 1850000 11901216 600931 306661
258 178 10000 19443 10000 12457254 47439 1660
327 151 10000 19446 560 12463771 40958 98
1 317 10000 19214 400000 12189411 316684 66306
165 366 10000 19448 560 12465704 42197 98
257 229 10000 19367 100001 12369289 140942 16579
119 215 10000 19454 3160 12474421 42437 531
310 277 10000 19456 10000 12475441 44153 1660
155 18 10000 19462 250 12481380 40526 48
250 5 10000 19455 1870 12474793 49853 316
324 167 10000 19457 1870 12476075 49404 316
299 10 10000 19466 3160 12482826 44204 531
244 317 10001 19449 560 12466719 60517 98
47 180 10000 19461 180 12477142 51469 37
380 361 10000 19433 10000 12450368 79946 1660
337 283 10000 19467 900 12484452 46169 152
12 304 10000 19375 100001 12380574 150503 16579
291 104 10000 19469 180 12490148 41397 37
229 254 10000 19426 900 12446591 85372 152
324 261 10000 19472 250 12493166 41459 48
356 392 10000 19475 180 12497396 40492 37
133 380 10000 19274 100001 12251169 287744 16579
363 308 10000 19468 1870 12488840 51031 316
337 72 10000 19473 180 12495593 44396 37
358 105 10000 19471 10000 12492394 47661 1660
202 68 10000 18591 1850000 11369845 1171767 306661
11 199 10000 19477 250 12501836 41145 48
10 397 10000 18832 1850000 11674366 869226 306661
39 122 10000 19470 3160 12491363 52398 531
93 239 10000 19380 100001 12385567 159881 16579
170 149 10000 19480 1870 12504136 44176 316
285 377 10000 19487 180 12510485 40932 37
190 273 10000 19488 900 12510833 40742 152
358 100 10000 19491 900 12513404 41696 152
384 367 10000 19486 10000 12510161 45938 1660
137 166 10000 19492 10000 12516373 45049 1660
239 321 10000 19346 100001 12331234 231064 16579
111 333 10000 19494 1870 12521028 41513 316
116 114 10000 19511 250 12542501 20183 48
389 371 10000 19493 1100 12520011 44050 184
371 377 10000 19514 1870 12546104 20999 316
67 236 10000 19498 900 12526379 41162 152
147 364 10000 19497 3160 12524181 43757 531
150 334 10000 19409 100001 12421667 148077 16579
237 384 10001 19499 180 12528310 41576 37
149 7 10000 19501 250 12529912 42709 48
240 221 10000 19506 900 12534421 41233 152
37 40 10000 19507 180 12535022 40681 37
204 9 10000 19374 100001 12380088 196498 16579
119 248 10001 19476 250 12501078 76231 48
229 230 10000 19496 560 12523823 54282 98
377 217 10000 19504 10000 12533983 47039 1660
386 38 10000 19503 560 12533255 48122 98
196 219 10000 19508 3160 12540027 42310 531
266 320 10000 19510 180 12542368 40190 37
111 86 10000 19370 100001 12373731 218784 16579
243 257 10001 19540 560 12571986 20650 98
265 22 10000 19520 900 12551969 40886 152
311 336 10000 19521 900 12552623 40892 152
140 383 10000 19519 560 12551527 42922 98
338 311 10000 19516 1870 12549132 47151 316
136 319 10000 19485 10000 12509785 87230 1660
50 58 10000 19538 10000 12571019 26493 1660
135 193 10000 19522 10000 12553572 44906 1660
121 262 10000 19523 3160 12556260 42728 531
359 346 10000 19027 1850000 11919448 680073 306661
194 399 10000 19423 1870 12440638 162052 316
196 238 10000 19515 10000 12548721 56063 1660
162 338 10000 19450 100001 12469007 136312 16579
66 288 10000 19532 560 12564771 40989 98
116 169 10001 19344 400000 12329284 276678 66306
23 355 10000 19530 560 12561324 45159 98
121 267 10000 19524 560 12556335 50366 98
283 219 10000 19534 900 12566573 40713 152
54 393 10000 19531 560 12563142 44159 98
330 240 10000 19533 250 12566552 40959 48
150 328 10000 18380 1850000 11061384 1547492 306661
192 204 10000 19495 900 12521820 87640 152
199 37 10000 19459 100001 12476363 133148 16579
244 212 10000 19513 1100 12544924 65199 184
91 166 10000 19502 1100 12532407 77980 184
349 222 10000 19529 250 12560999 53620 48
192 86 10000 18226 1850000 10844079 1771291 306661
116 301 10000 19542 560 12572994 46628 98
110 124 10000 19543 250 12573762 47246 48
143 393 10001 19546 900 12579909 41368 152
318 97 10000 19549 560 12581803 41880 98
156 279 10000 19321 400000 12296940 328411 66306
39 307 10000 19545 250 12579540 46785 48
77 354 10000 19552 560 12585494 41439 98
276 151 10000 19360 400000 12359640 267684 66306
165 291 10000 19550 900 12583920 43449 152
192 177 10000 19377 100001 12381898 245851 16579
370 197 10000 18748 1850000 11559023 1069335 306661
211 81 10000 19479 560 12502603 126837 98
375 204 10000 19553 180 12586307 43523 37
231 125 10000 19243 400000 12218026 414845 66306
133 122 10001 19525 1870 12556358 76902 316
138 349 10000 19556 900 12595438 41208 152
210 302 10000 19537 1100 12571001 69293 184
314 1 10000 19558 1870 12600127 41585 316
115 352 10000 19559 900 12601107 42563 152
206 279 10000 19557 3160 12600090 44190 531
365 237 10000 19483 100001 12507270 137991 16579
69 81 10000 19555 180 12594823 50675 37
95 305 10000 17952 1850000 10477829 2168960 306661
136 244 10000 19383 100001 12390116 256799 16579
144 188 10000 19526 10000 12557970 90324 1660
348 119 10000 19562 1870 12606870 42252 316
306 142 10000 19561 1100 12606595 43506 184
223 383 10000 19563 3160 12607161 43454 531
11 41 10000 19539 900 12571255 82277 152
355 139 10001 19565 900 12612456 41307 152
318 244 10000 12893 10000000 3795360 8860573 1657602
111 372 10000 19566 1100 12615158 41054 184
79 360 10000 19567 1100 12615323 41157 184
129 34 10000 19564 250 12610657 46082 48
246 130 10000 19569 900 12616634 41789 152
152 121 10000 19022 1850000 11911677 746912 306661
143 79 10000 16988 10000000 9196494 3462722 1657602
225 251 10000 19568 1870 12615624 46560 316
6 397 10000 19505 10000 12534074 130014 1660
212 258 10000 19575 180 12625886 40845 37
355 377 10000 19576 900 12628474 41050 152
383 300 10000 19577 900 12628490 42371 152
147 236 10000 19578 1100 12629278 41764 184
388 219 10000 19579 1100 12631299 41158 184
321 35 10000 19363 100001 12363441 309967 16579
99 375 10000 19580 560 12632855 42936 98
170 74 10000 19584 180 12635060 41200 37
209 370 10000 19583 900 12633839 44330 152
244 253 10000 19512 100001 12544162 135334 16579
40 39 10000 19587 180 12637834 43670 37
78 73 10000 19603 560 12661753 20847 98
28 95 10000 19591 900 12642345 41448 152
204 112 10000 19586 3160 12635594 52277 531
397 111 10000 19594 1100 12644359 44966 184
240 292 10000 19597 560 12647933 41467 98
66 122 10000 19593 1100 12642948 46468 184
271 12 10000 19598 250 12649317 41698 48
207 65 10000 19463 100001 12482109 210428 16579
146 58 10000 19489 100001 12512926 182209 16579
188 126 10000 19599 560 12656508 41083 98
34 40 10000 19595 900 12645676 53759 152
287 349 10000 19601 1870 12658054 43026 316
395 285 10000 19343 100001 12326496 375135 16579
304 312 10000 19614 250 12682681 20114 48
349 39 10000 19582 250 12633608 72687 48
242 103 10001 19478 100001 12502257 204774 16579
300 231 10000 19606 180 12664725 43787 37
307 100 10000 19607 560 12667828 40887 98
71 387 10000 19608 560 12668455 41071 98
27 173 10001 19536 100001 12569633 140486 16579
389 144 10000 19393 400000 12402893 307299 66306
140 323 10000 19610 250 12673708 40522 48
88 47 10000 19592 10000 12642480 76523 1660
130 295 10000 19612 1870 12679781 41801 316
107 275 10000 19605 560 12663128 61048 98
387 45 10000 19615 180 12684048 41597 37
228 44 10000 19619 560 12687421 40686 98
71 177 10000 19618 180 12687138 40997 37
383 334 10000 19621 900 12688644 41450 152
48 75 10000 19620 10000 12688082 47023 1660
17 146 10000 19623 560 12695177 40652 98
20 357 10001 19622 900 12692012 45437 152
389 341 10000 19617 1100 12685392 53074 184
319 234 10000 19624 900 12698178 41089 152
153 398 10000 19625 1870 12698505 41513 316
232 225 10001 19638 560 12721896 20431 98
259 97 10000 19286 1850000 12264372 480624 306661
194 374 10000 19547 3160 12581416 165409 531
136 325 10000 19613 180 12681537 66258 37
334 10 10000 19588 180 12639709 108574 37
263 341 10000 19627 560 12700490 48935 98
0 189 10000 19629 10000 12706701 44925 1660
179 360 10001 19631 900 12707476 44891 152
286 338 10000 19630 560 12706990 49966 98
338 252 10000 19626 10000 12699893 59610 1660
133 149 10000 16888 10000000 9041701 3718797 1657602
216 114 10000 19602 180 12660407 102558 37
318 371 10001 19637 1100 12721669 41305 184
133 376 10001 19628 560 12700750 62239 98
397 346 10000 19641 560 12727230 40920 98
362 156 10000 19643 560 12727875 41559 98
252 146 10000 19639 1100 12725387 44057 184
130 110 10000 19647 560 12729916 40865 98
181 312 10001 19642 560 12727439 43536 98
154 314 10000 19640 560 12727166 43851 98
102 199 10000 19635 10000 12718130 54886 1660
328 162 10001 19413 400000 12426646 349154 66306
2 270 10001 19651 250 12733626 43381 48
156 189 10000 19652 1870 12737117 42053 316
163 135 10000 19632 560 12712352 66936 98
178 230 10000 19653 1870 12739028 42101 316
326 374 10000 19645 250 12729335 52138 48
319 2 10000 19560 100001 12601317 183577 16579
312 193 10001 19661 900 12745407 40984 152
360 209 10000 19659 900 12743918 43036 152
283 77 10000 19646 10000 12729647 57463 1660
120 363 10000 18661 1850000 11443060 1344569 306661
50 97 10000 19662 1870 12745452 43092 316
224 266 10000 19572 1870 12620555 171147 316
237 71 10000 19574 100001 12622968 169629 16579
250 185 10000 19660 1870 12745148 47647 316
216 185 10000 15903 10000000 7744169 5048951 1657602
378 301 10000 19663 250 12749962 43683 48
251 244 10000 19676 10000 12770420 24907 1660
217 259 10000 19666 3160 12755156 42842 531
256 139 10000 19517 400000 12549586 249118 66306
47 36 10000 19667 1870 12755251 45214 316
346 54 10000 19669 3160 12759373 42277 531
234 248 10000 19070 400000 11979674 823111 66306
11 305 10000 19671 560 12762649 41535 98
27 251 10000 19673 1100 12764155 40944 184
171 340 10000 19674 900 12764896 40976 152
392 71 10000 19633 900 12716968 93652 152
366 134 10000 19655 180 12741748 69014 37
39 300 10000 19672 1870 12762752 49223 316
15 128 10000 19654 180 12739961 72052 37
301 321 10000 19678 180 12772159 40211 37
22 119 10000 18667 1850000 11449308 1363271 306661
183 144 10000 19679 900 12772215 41122 152
294 158 10000 19665 3160 12753584 60090 531
294 205 10000 19644 1870 12728168 85991 316
374 330 10000 18103 1850000 10682296 2132205 306661
90 18 10000 18576 1850000 11338859 1479691 306661
79 177 10000 19683 900 12778450 41392 152
146 87 10000 19682 1870 12777640 43281 316
244 231 10000 19670 1870 12761967 59647 316
131 43 10000 19680 1100 12772546 49381 184
133 350 10000 19687 560 12781352 41245 98
298 236 10000 19675 1870 12767506 58925 316
216 336 10000 14233 10000000 5514675 7312960 1657602
282 132 10000 19509 400000 12540961 288507 66306
371 198 10000 19688 10000 12782339 47551 1660
371 87 10000 19681 560 12775751 54546 98
173 137 10000 19693 900 12790278 41562 152
299 307 10000 19697 180 12795963 40907 37
54 249 10000 19698 900 12796824 41160 152
281 385 10000 19701 1100 12799501 41108 184
235 97 10000 19699 1100 12799056 41702 184
250 187 10000 19700 3160 12799176 44534 531
382 171 10000 19702 10000 12800139 44354 1660
184 147 10000 19649 1100 12732829 112623 184
93 283 10000 19696 560 12795917 49791 98
119 76 10000 19707 560 12806537 40549 98
319 243 10000 19706 560 12806463 40731 98
253 257 10000 19722 560 12826553 20655 98
360 231 10000 19692 1100 12789324 58328 184
11 49 10000 19708 900 12806570 41794 152
346 276 10000 19704 10000 12803556 45321 1660
196 241 10000 19709 1100 12809429 40828 184
350 309 10000 19634 100001 12717989 133323 16579
94 375 10000 19713 560 12816899 40699 98
54 18 10001 19711 1100 12811523 51950 184
285 99 10000 16129 10000000 8056825 4806865 1657602
3 307 10001 18741 1850000 11543267 1322302 306661
303 337 10000 19717 900 12824983 41022 152
347 86 10001 19719 900 12825569 40690 152
182 359 10000 19648 100001 12731304 135457 16579
361 379 10000 19714 900 12817028 49931 152
57 269 10000 19715 10000 12822865 44938 1660
29 218 10000 19718 560 12825386 48673 98
273 67 10000 19162 1850000 12106095 769729 306661
241 228 10002 19721 900 12826417 51321 152
258 368 10001 19730 560 12835983 41901 98
149 23 10000 19723 250 12827276 51940 48
399 17 10000 19733 1870 12838114 42156 316
12 138 10000 19726 180 12832414 48439 37
274 70 10001 19735 560 12840952 40669 98
255 326 10000 19738 900 12841702 41069 152
246 141 10000 19736 1870 12841259 41741 316
383 127 10000 19728 10000 12833439 51272 1660
218 220 10000 19737 900 12841447 44678 152
65 246 10000 19740 900 12844645 41573 152
178 322 10000 19664 100001 12751242 136370 16579
208 398 10000 19729 1100 12835432 54195 184
372 161 10000 19742 560 12851187 41084 98
60 272 10000 19745 900 12852152 40682 152
226 111 10000 19744 900 12852095 40815 152
144 350 10000 19590 100001 12641985 251089 16579
19 59 10000 19743 180 12851828 42094 37
130 107 10000 19747 1870 12852616 41737 316
212 350 10000 19749 180 12854129 41367 37
347 204 10001 19746 1100 12852564 45866 184
335 174 10000 19748 180 12853813 45772 37
260 282 10001 19751 180 12859114 40810 37
129 0 10000 18944 1850000 11815968 1084337 306661
197 293 10000 19739 10000 12842404 58800 1660
53 260 10000 19734 900 12838745 62994 152
123 301 10000 19677 100001 12770980 133196 16579
56 29 10000 19731 1870 12836508 68160 316
253 371 10000 19752 180 12864589 41166 37
149 282 10000 19753 180 12865462 41450 37
145 130 10001 19758 180 12869836 40661 37
57 69 10000 19757 3160 12868528 42161 531
226 204 10000 19712 1870 12816116 94991 316
348 22 10001 19755 10000 12867446 45501 1660
21 341 10000 19759 560 12873534 40572 98
38 388 10000 19760 560 12874052 41490 98
191 98 10000 19756 10000 12867748 47933 1660
9 321 10000 19685 100001 12779690 136670 16579
92 244 10000 19762 250 12875299 41988 48
282 214 10000 19763 900 12876910 41017 152
136 254 10000 19725 560 12827804 93366 98
215 291 10000 19766 560 12881836 42057 98
167 202 10000 19767 1100 12883363 40947 184
171 133 10000 19691 100001 12788424 136747 16579
399 243 10000 19765 10000 12881141 44509 1660
225 244 10000 18980 1850000 11857505 1068185 306661
44 373 10000 19694 560 12791396 135267 98
36 259 10000 19769 1100 12884506 42764 184
213 187 10000 19770 560 12885887 41721 98
328 340 10000 19772 560 12886688 41325 98
119 62 10000 19768 1100 12883688 44336 184
186 246 10000 19773 1100 12889409 40772 184
5 1 10000 19792 560 12911886 20751 98
266 170 10000 19777 560 12892194 41116 98
283 163 10000 19775 3160 12890741 43420 531
0 176 10000 19741 10000 12849870 85267 1660
211 327 10000 19172 1850000 12125829 814063 306661
81 97 10000 19797 900 12921143 20666 152
298 211 10000 19761 1870 12875147 66680 316
174 7 10000 19780 250 12899769 43638 48
72 374 10000 19782 900 12902841 40912 152
277 137 10000 19783 1870 12903476 41882 316
14 180 10000 19784 900 12903725 41674 152
269 113 10000 19785 1100 12903738 42091 184
398 217 10000 19788 1100 12907931 41350 184
218 280 10000 19793 180 12912760 42132 37
396 207 10000 19790 560 12909027 45871 98
187 359 10000 19786 10000 12904110 52766 1660
133 90 10000 19794 900 12914649 42438 152
364 23 10000 18594 1850000 11371273 1587492 306661
299 366 10000 19803 180 12925590 40951 37
149 398 10000 19650 400000 12733337 233814 66306
232 142 10000 19727 100001 12832942 134863 16579
201 381 10000 19798 10000 12922827 45013 1660
74 96 10001 19141 1850000 12085768 882979 306661
387 386 10000 19820 1870 12952534 21151 316
328 354 10000 19801 560 12923819 51410 98
309 254 10000 19065 1850000 11972862 1002433 306661
275 168 10000 19400 1850000 12416320 560501 306661
161 189 10000 19807 560 12931646 46862 98
178 234 10001 19732 100001 12837734 141990 16579
179 191 10000 19810 560 12938074 44390 98
135 295 10000 19812 560 12942342 41208 98
316 31 10000 19813 250 12944067 40457 48
91 174 10000 19778 560 12898577 86928 98
123 125 10000 19795 100001 12916068 70161 16579
214 302 10000 19815 900 12946303 42100 152
224 60 10000 19750 1870 12857854 132026 316
374 96 10000 19811 1870 12938111 56472 316
168 280 10000 19824 180 12956881 41056 37
78 366 10000 19823 10000 12955667 45009 1660
11 80 10001 19826 900 12959922 41355 152
346 257 10000 19828 900 12960165 41156 152
380 278 10000 19808 560 12932983 69116 98
200 217 10000 19853 560 12983672 20398 98
217 377 10000 19818 900 12951006 53512 152
21 199 10001 19817 180 12949129 56029 37
5 4 10000 19854 1100 12985759 20845 184
203 224 10000 19832 180 12967680 41950 37
356 296 10000 19834 1100 12968971 41454 184
86 49 10000 19831 1100 12965437 45331 184
188 275 10000 19658 400000 12743718 267388 66306
215 271 10001 19686 400000 12780786 231909 66306
14 238 10000 19827 180 12960118 53256 37
326 342 10000 19825 560 12958142 55718 98
92 30 10000 19837 3160 12971557 43295 531
68 34 10000 19836 10000 12969869 45959 1660
306 285 10000 19839 250 12974977 41015 48
271 161 10000 19840 1100 12974985 41262 184
205 228 10000 19835 560 12969263 48115 98
205 321 10000 19754 100001 12867142 150721 16579
136 98 10000 19804 10000 12926150 91998 1660
391 201 10000 19842 180 12977757 41257 37
244 196 10001 19814 10000 12944836 74990 1660
373 180 10000 19833 1870 12968426 51661 316
201 266 10000 19844 900 12979162 40991 152
52 9 10000 19821 560 12953427 68650 98
399 207 10000 19852 1100 12983493 40772 184
81 397 10000 19764 100001 12878943 146199 16579
304 2 10001 19849 10000 12980927 44218 1660
213 398 10000 19841 250 12976344 50566 48
248 267 10000 19851 180 12983364 44641 37
279 380 10000 19845 560 12979645 49009 98
145 111 10000 19857 560 12987209 41571 98
159 113 10000 19855 1870 12986491 42345 316
117 207 10000 19848 3160 12980635 54634 531
105 157 10001 19858 10000 12989477 45796 1660
230 324 10000 19863 900 12997655 40806 152
21 356 10000 19859 900 12991838 47078 152
171 214 10000 19864 180 12998594 41251 37
55 370 10000 19861 1870 12994087 49788 316
57 120 10000 19866 1870 13002839 41877 316
121 14 10000 19868 560 13006700 41000 98
240 46 10000 19870 180 13007635 40184 37
12 16 10000 19474 1850000 12496105 551950 306661
236 37 10000 19830 180 12965357 82809 37
232 85 10000 19872 180 13009134 40435 37
228 168 10000 19816 180 12947977 101595 37
261 383 10000 19865 3160 13000338 49234 531
333 295 10000 19871 560 13008910 40997 98
152 333 10000 19873 900 13011838 41286 152
245 32 10000 19874 1100 13012250 41057 184
85 348 10000 19875 560 13013578 40726 98
160 209 10000 19787 1870 12904394 150319 316
161 360 10000 19796 100001 12919646 135909 16579
101 76 10000 19819 180 12951669 108841 37
15 258 10000 19809 1870 12937393 124988 316
113 311 10000 19690 100001 12785623 277073 16579
56 31 10000 19879 560 13021776 41046 98
3 226 10000 19880 900 13022756 41417 152
333 191 10000 19869 900 13006837 59564 152
151 289 10000 19878 900 13020103 47114 152
200 358 10000 19860 1100 12992259 75148 184
263 40 10000 19876 3160 13016684 53159 531
160 376 10000 19800 250 12923281 148695 48
2 294 10000 19883 3160 13029245 43491 531
252 93 10000 19884 180 13030649 45160 37
19 323 10000 19802 100001 12925073 155458 16579
211 123 10000 19862 900 12995890 86273 152
173 119 10000 19890 1100 13041699 41538 184
341 202 10000 19893 560 13044959 40830 98
195 374 10000 19887 10000 13040509 45830 1660
290 154 10000 19891 10000 13042596 44927 1660
79 368 10000 19885 560 13036788 51029 98
359 368 10000 19892 250 13043081 44956 48
274 65 10000 19896 250 13046916 41495 48
195 144 10000 19897 1870 13047295 43320 316
51 193 10000 19895 10000 13046343 46987 1660
121 96 10000 19899 900 13051541 43266 152
2 43 10000 19901 900 13054978 40971 152
67 191 10000 19903 560 13055731 40933 98
110 136 10000 19900 900 13054384 43655 152
250 325 10000 19905 560 13057470 41310 98
91 229 10000 14971 10000000 6494981 6604492 1657602
375 166 10000 19902 10000 13055402 44842 1660
390 75 10000 19909 560 13064051 41522 98
273 289 10000 19907 250 13061410 44644 48
300 256 10000 19460 1850000 12476696 633109 306661
359 358 10000 19928 900 13089513 20694 152
176 3 10000 19908 10000 13061710 48609 1660
377 196 10000 19829 100001 12961198 149854 16579
96 205 10000 19911 560 13066999 46331 98
333 189 10000 19912 1870 13073328 43488 316
12 10 10000 19934 1870 13096540 21787 316
394 395 10000 19937 180 13100309 20595 37
58 243 10000 19918 180 13081584 40501 37
109 200 10000 19917 900 13081293 40951 152
67 184 10000 19916 3160 13080774 42422 531
234 217 10000 19846 560 12980261 143057 98
353 386 10000 19921 1100 13082862 41249 184
326 182 10000 19913 900 13073450 51320 152
249 169 10000 19920 180 13082601 42241 37
14 7 10000 19940 1870 13100897 24334 316
105 142 10000 19922 560 13084709 40551 98
338 17 10000 19923 900 13086873 40785 152
63 312 10000 19927 900 13089185 41347 152
131 333 10000 19919 1870 13082054 48861 316
50 217 10000 19914 560 13074421 61246 98
180 18 10000 19931 560 13095265 41897 98
214 249 10000 19774 400000 12890529 246906 66306
385 330 10000 19932 1870 13095595 42013 316
206 93 10000 19930 10000 13091794 46477 1660
269 15 10000 19933 1870 13096023 42579 316
110 335 10000 19898 560 13050562 88668 98
194 8 10000 19838 560 12974362 165510 98
98 87 10000 19959 180 13119873 20249 37
278 179 10000 19935 3160 13097743 42537 531
87 302 10000 19936 560 13099271 41064 98
343 159 10000 19939 1100 13100850 41008 184
40 336 10000 19942 560 13102944 40939 98
360 36 10001 19944 560 13104819 40955 98
313 243 10000 19943 180 13104566 41544 37
282 217 10000 19945 560 13106034 41024 98
327 73 10000 19947 250 13106534 40634 48
187 207 10000 19946 1100 13106301 41509 184
140 29 10000 19941 10000 13101752 46775 1660
30 35 10000 19886 1870 13039557 110053 316
289 171 10000 19950 1100 13109105 41442 184
335 86 10000 19684 400000 12778956 371601 66306
155 308 10000 19948 10000 13106677 45325 1660
309 243 10000 19938 250 13100767 52294 48
366 175 10000 19949 900 13108507 45815 152
109 58 10000 19954 900 13113843 40645 152
71 38 10000 19951 1870 13110773 43906 316
144 255 10000 19881 900 13026439 128722 152
18 102 10001 19955 560 13114914 41210 98
112 141 10000 19958 560 13118256 40625 98
221 72 10001 17943 1850000 10472405 2687552 306661
286 138 10000 19952 560 13111495 50370 98
134 358 10000 19961 250 13121928 40569 48
60 32 10000 19960 10000 13121565 44783 1660
81 116 10000 19965 560 13126904 40428 98
70 47 10000 19964 3160 13124589 44169 531
80 223 10000 19925 900 13087287 82448 152
395 6 10000 17009 10000000 9218372 3952755 1657602
293 391 10000 19968 180 13131908 40566 37
4 149 10000 19969 900 13132470 40781 152
371 224 10000 19963 3160 13123547 49710 531
125 59 10000 19970 1100 13133812 41463 184
265 44 10000 19889 100001 13040796 134910 16579
90 129 10000 19929 10000 13089546 86521 1660
6 14 10000 19967 900 13131169 45879 152
86 181 10001 19971 900 13136444 41330 152
354 145 10000 19972 1870 13136870 41630 316
361 152 10000 19910 560 13066433 112263 98
146 388 10000 19977 560 13141812 42624 98
351 32 10000 19976 1100 13141184 43876 184
26 325 10000 19979 560 13144625 41734 98
79 371 10000 19978 1870 13142052 45230 316
138 211 10000 19980 1870 13146524 41606 316
102 273 10000 19926 10000 13089120 99366 1660
214 320 10000 19982 1870 13148939 41587 316
74 181 10000 19983 560 13151361 40854 98
293 44 10000 19906 100001 13058697 136934 16579
172 34 10000 19984 1870 13152181 43588 316
37 19 10000 19986 3160 13154618 42969 531
286 335 10000 19973 1870 13137925 61488 316
173 24 10000 19987 1100 13157088 42659 184
113 24 10000 19953 560 13113675 87728 98
389 21 10000 18892 1850000 11753849 1447632 306661
181 300 10000 19990 3160 13158798 43126 531
252 152 10000 19993 900 13161759 40940 152
146 337 10000 19992 900 13161169 41651 152
246 276 10000 19981 3160 13148263 56275 531
335 318 10000 19316 1850000 12292075 914108 306661
41 261 10000 19996 3160 13167821 42191 531
256 290 10000 19998 250 13168113 42218 48
146 60 10000 19319 400000 12295596 915505 66306
331 234 10001 18660 1850000 11442935 1774255 306661
281 137 10000 19975 560 13140612 81785 98
229 394 10000 19695 400000 12794074 431226 66306
348 350 10000 19518 1850000 12550475 686110 306661
223 244 10000 19789 400000 12908231 333635 66306
156 190 10000 19703 400000 12801531 444791 66306
30 348 10000 19668 400000 12758140 488488 66306
68 275 10000 14075 30000000 5308621 7942628 4972800
228 184 10000 19720 400000 12825844 430296 66306
91 60 10000 18577 1850000 11340988 1916634 306661
125 191 10000 19956 100001 13117287 144520 16579
27 250 10000 19464 1850000 12482545 782194 306661
395 89 10000 19995 560 13165708 104429 98
4 191 10000 19991 560 13159969 115764 98
61 112 10000 19904 400000 13057272 232013 66306
110 248 10000 19320 1850000 12295735 1002671 306661
140 387 10000 19999 100001 13168644 134407 16579
234 179 10000 19988 900 13157222 146937 152
210 68 10000 19194 1850000 12156508 1151055 306661
139 388 10000 19962 400000 13122077 234040 66306
95 188 10000 18001 10000000 10551126 2805885 1657602
44 366 10000 19364 1850000 12365785 1017959 306661
300 205 10000 19997 400000 13167872 222351 66306
314 273 10000 19856 400000 12987106 403965 66306
312 222 10000 18973 1850000 11851623 1542095 306661
115 119 10000 12002 30000000 2637916 10760538 4972800
237 96 10000 17457 1850000 9824728 3580970 306661
319 335 10000 19113 1850000 12041511 1369937 306661
219 135 10000 19484 1850000 12509178 919476 306661
96 24 10000 19985 100001 13152998 276159 16579
88 128 10000 19408 1850000 12421558 1075190 306661
361 64 10000 16430 10000000 8460977 5046166 1657602
34 245 10000 18426 10000000 11135114 2395092 1657602
251 260 10000 19570 1850000 12617913 950640 306661
310 392 10000 19781 1850000 12901421 668723 306661
185 37 10000 19791 1850000 12910905 673813 306661
38 88 10000 16305 10000000 8312215 5302887 1657602
129 78 10000 19445 1850000 12460850 1155119 306661
314 71 10000 19528 1850000 12560545 1059730 306661
34 202 10000 18654 1850000 11437500 2200408 306661
5 375 10000 19225 1850000 12204417 1434030 306661
15 41 10000 19604 1850000 12661863 981258 306661
380 33 10000 19277 1850000 12254121 1392744 306661
83 346 10000 16095 10000000 8012613 5648581 1657602
315 297 10000 18765 10000000 11574164 2135896 1657602
117 393 10000 19805 1850000 12930000 790719 306661
55 361 10000 18648 10000000 11432981 2311867 1657602
46 101 10000 19301 1850000 12274638 1472011 306661
96 362 10000 16612 10000000 8678503 5068768 1657602
143 357 10000 19882 1850000 13028042 725431 306661
103 185 10000 16534 10000000 8591998 5185228 1657602
284 49 10000 19347 1850000 12337253 1461778 306661
166 140 10000 14138 10000000 5399363 8416686 1657602
8 392 10000 19799 400000 12922920 900929 66306
133 307 10000 19315 1850000 12291905 1535893 306661
197 182 10000 19554 1850000 12592005 1242838 306661
47 183 10000 16539 10000000 8598496 5239026 1657602
184 307 10000 18397 1850000 11091078 2789920 306661
43 306 10000 19894 1850000 13045096 902209 306661
367 12 10000 19822 1850000 12955348 1042569 306661
284 365 10000 19989 1850000 13157245 858501 306661
158 329 10000 16344 10000000 8352346 5731235 1657602
131 332 10000 19600 1850000 12657054 1427292 306661
250 82 10000 19173 10000000 12127248 2016409 1657602
40 120 10000 19414 1850000 12426760 1717964 306661
201 53 10000 19779 1850000 12899265 1252174 306661
19 130 10000 18902 1850000 11770403 2438909 306661
6 18 10000 19850 1850000 12981172 1273787 306661
239 94 10000 17826 10000000 10336154 3929522 1657602
275 60 10000 16174 10000000 8118017 6188713 1657602
374 303 10000 12686 30000000 3511561 10814646 4972800
3 244 10000 18882 1850000 11745008 2616222 306661
235 343 10000 19184 1850000 12144230 2268366 306661
223 115 10000 19399 1850000 12414556 2025344 306661
179 306 10000 18427 10000000 11137389 3353609 1657602
321 389 10000 19168 10000000 12121804 2398294 1657602
227 70 10000 19453 1850000 12473375 2099931 306661
190 257 10000 19847 1850000 12980585 1596070 306661
286 24 10000 16557 10000000 8609749 5994196 1657602
274 216 10000 18936 10000000 11806309 2924207 1657602
172 263 10000 10818 30000000 1031314 13808189 4972800
153 335 10000 17467 10000000 9834014 5016147 1657602
216 1 10000 17689 10000000 10132023 4799954 1657602
113 212 10000 18791 10000000 11617904 3386314 1657602
198 199 10001 18792 10000000 11622117 3430754 1657602
86 390 10000 19966 10000000 13128796 1956109 1657602
5 363 10000 15119 10000000 6711869 8434448 1657602
391 4 10000 18698 10000000 11491384 3661082 1657602
30 43 10000 11402 30000000 1875266 13290094 4972800
338 83 10000 17020 10000000 9231212 5998380 1657602
305 194 10000 17726 10000000 10191100 5070511 1657602
207 45 10001 17191 10000000 9457559 5900725 1657602
17 265 10000 10929 30000000 1216433 14167718 4972800
13 33 10000 19535 10000000 12568596 2844469 1657602
302 280 10000 18416 10000000 11124411 4427849 1657602
132 397 10000 19527 10000000 12559096 3033862 1657602
88 126 10000 19359 10000000 12359033 3373487 1657602
180 132 10000 19307 10000000 12281949 3460381 1657602
142 380 10000 18622 10000000 11405255 4418944 1657602
321 309 10000 18665 1850000 11448254 4454150 306661
261 162 10000 19994 10000000 13163744 2791876 1657602
2 29 10000 17444 10000000 9809669 6209391 1657602
359 18 10000 17684 10000000 10129085 6323222 1657602
115 1 10000 19957 10000000 13117508 3443402 1657602
392 131 10000 19177 10000000 12137221 4453952 1657602
363 254 10000 19392 10000000 12401348 4227574 1657602
278 339 10000 19924 10000000 13087204 3650875 1657602
227 118 10000 10676 30000000 854892 15957794 4972800
252 228 10000 19403 10000000 12418111 4410768 1657602
361 257 10000 16295 10000000 8299355 8605995 1657602
14 300 10000 19142 10000000 12086330 5062092 1657602
195 226 10000 19447 10000000 12465393 4773126 1657602
160 39 10000 19362 1850000 12363302 5039369 306661
62 372 10000 19609 10000000 12671895 4902044 1657602
151 319 10000 17374 10000000 9701760 7968998 1657602
194 175 10000 15014 30000000 6555419 11115925 4972800
340 154 10000 19078 30000000 11999864 5678890 4972800
163 195 10000 19069 30000000 11975496 5777194 4972800
227 204 10000 17687 10000000 10130774 7622252 1657602
10 371 10000 19541 10000000 12572282 5455942 1657602
293 368 10000 19724 10000000 12827482 5260646 1657602
28 3 10000 17385 10000000 9711214 8387532 1657602
91 38 10000 19351 10000000 12349272 6130634 1657602
8 65 10000 17786 10000000 10273082 8226278 1657602
144 387 10000 19656 10000000 12742436 5771676 1657602
309 3 10000 16906 10000000 9072537 9860333 1657602
54 27 10000 12663 30000000 3481529 15506015 4972800
13 338 10000 17597 10000000 10022642 9183820 1657602
298 331 10000 13316 30000000 4343656 14960274 4972800
194 117 10000 13828 30000000 5001972 14333874 4972800
78 293 10000 15893 30000000 7735514 11649933 4972800
12 41 10000 18484 10000000 11211059 8435874 1657602
392 235 10000 19183 30000000 12143227 7537404 4972800
298 156 10000 12385 30000000 3117332 17058748 4972800
223 342 10000 17372 30000000 9699071 10579340 4972800
101 134 10000 14765 30000000 6212624 14141128 4972800
91 309 10000 16768 30000000 8878629 11628853 4972800
298 214 10000 19974 10000000 13139665 7528052 1657602
282 54 10000 15271 30000000 6919516 13784397 4972800
30 73 10000 19611 10000000 12674243 8055544 1657602
344 234 10000 18518 30000000 11252636 9726729 4972800
24 228 10000 12099 30000000 2749328 18637863 4972800
360 66 10000 17691 30000000 10137426 11421320 4972800
141 319 10000 19573 30000000 12622790 9510211 4972800
175 21 10000 19596 30000000 12647563 9637875 4972800
54 3 10000 14162 30000000 5426754 17251417 4972800
396 109 10000 13928 30000000 5144990 17826901 4972800
327 264 10000 19551 10000000 12584466 11048721 1657602
218 300 10000 18659 30000000 11440680 12577999 4972800
44 0 10001 17472 30000000 9842959 14371783 4972800
263 313 10000 11100 100000000 1444155 22824567 16576002
23 186 10000 19888 30000000 13040704 11300842 4972800
150 45 10000 16646 30000000 8728475 15694483 4972800
387 322 10000 13827 100000000 5001720 19504507 16576002
13 301 10000 16016 30000000 7885247 16759534 4972800
15 367 10000 17758 30000000 10232760 14540792 4972800
164 219 10000 15134 30000000 6727330 18120702 4972800
349 351 10000 19544 10000000 12575538 12437100 1657602
302 152 10000 19915 30000000 13079589 12091631 4972800
59 231 10000 15727 30000000 7506839 18091751 4972800
56 217 10000 19571 30000000 12618717 13001825 4972800
133 27 10000 18868 30000000 11731904 13990904 4972800
144 49 10000 15044 30000000 6602449 19290205 4972800
117 204 10000 19806 30000000 12930489 13022282 4972800
184 57 10000 18120 30000000 10700858 15317498 4972800
332 124 10000 16416 30000000 8439043 18094372 4972800
170 121 10000 15538 30000000 7277770 19688935 4972800
154 290 10000 13551 100000000 4657732 22516973 16576002
204 349 10000 16160 100000000 8095685 19324507 16576002
10 172 10000 11356 100000000 1807082 26220010 16576002
380 104 10000 17470 100000000 9836154 18219237 16576002
299 9 10000 10374 100000000 479608 27824749 16576002
118 211 10000 16442 30000000 8474099 19895716 4972800
267 49 10000 19335 30000000 12311370 16635986 4972800
92 166 10000 18943 30000000 11813753 17301921 4972800
249 191 10000 15530 100000000 7256831 21907862 16576002
330 239 10000 11757 100000000 2330523 26846442 16576002
231 190 10000 10672 100000000 851903 28466589 16576002
296 39 10000 16231 100000000 8222406 21329907 16576002
166 180 10000 18558 100000000 11311679 18659021 16576002
218 183 10000 10615 100000000 788647 29237992 16576002
3 385 10000 13655 100000000 4786920 25535227 16576002
94 186 10000 17245 30000000 9521118 20839594 4972800
0 252 10000 18180 30000000 10780912 19823719 4972800
267 262 10000 11326 100000000 1771036 28896592 16576002
176 198 10000 19451 100000000 12472050 18337871 16576002
210 77 10000 15145 30000000 6738335 24730409 4972800
150 7 10000 17383 30000000 9710078 21785436 4972800
48 375 10000 18842 100000000 11693467 19859218 16576002
234 66 10000 16347 30000000 8356598 23579391 4972800
30 320 10001 16216 100000000 8200210 23745722 16576002
313 30 10000 14555 100000000 5917912 26046527 16576002
224 257 10000 13202 30000000 4185840 27820548 4972800
73 317 10001 17734 100000000 10202977 21899854 16576002
224 384 10000 10938 100000000 1226301 31074475 16576002
171 279 10000 10171 100000000 210342 32092202 16576002
203 359 10000 17976 100000000 10516452 22390776 16576002
7 329 10000 19490 100000000 12513096 20413508 16576002
79 52 10000 19636 100000000 12719438 21075334 16576002
177 323 10000 13178 100000000 4159621 30407781 16576002
151 58 10000 14624 100000000 6023685 28913615 16576002
136 261 10000 10459 100000000 591086 34352078 16576002
229 71 10000 11447 100000000 1932009 33611416 16576002
96 340 10000 14314 100000000 5626640 30093255 16576002
233 124 10000 16303 100000000 8310944 29007158 16576002
192 281 10000 17543 100000000 9937339 27823075 16576002
286 287 10000 13672 100000000 4803890 33272365 16576002
272 362 10001 15829 100000000 7648626 30444288 16576002
113 222 10000 11483 100000000 1970185 36362423 16576002
333 171 10000 19877 100000000 13017693 25361072 16576002
197 100 10000 14729 100000000 6165414 32446753 16576002
210 184 10000 13463 30000000 4534707 34224583 4972800
255 165 10000 18450 100000000 11159802 28047601 16576002
124 354 10000 16451 30000000 8493011 31008875 4972800
177 31 10000 12461 100000000 3210074 36473851 16576002
14 363 10000 19452 100000000 12472623 27570881 16576002
395 332 10000 10018 100000000 29208 40321050 16576002
162 350 10000 10510 100000000 659144 40377089 16576002
118 396 10000 15005 100000000 6541003 35163090 16576002
326 318 10000 17598 100000000 10024089 31803648 16576002
237 133 10000 14565 100000000 5929912 35945169 16576002
244 22 10000 10269 100000000 348018 42257958 16576002
220 102 10000 17190 100000000 9457173 33466346 16576002
291 305 10000 17407 100000000 9748226 33336257 16576002
32 248 10000 13930 100000000 5146454 38129157 16576002
32 148 10000 18467 100000000 11191567 32424521 16576002
367 144 10000 11255 100000000 1664599 42272385 16576002
377 170 10000 11831 100000000 2438725 42440526 16576002
136 288 10000 10883 100000000 1121578 44308120 16576002
265 203 10000 13373 100000000 4419283 41418939 16576002
160 13 10000 11083 100000000 1426240 44554845 16576002
35 8 10000 15795 100000000 7600964 38882518 16576002
372 333 10000 13533 100000000 4638903 43234120 16576002
362 391 10000 13195 100000000 4181347 43709838 16576002
53 65 10000 15018 100000000 6559813 42668338 16576002
118 178 10000 18297 100000000 10945215 38461784 16576002
162 330 10000 19776 100000000 12892012 36519514 16576002
211 78 10000 14315 250000000 5626928 44443622 41440002
254 225 10000 19302 100000000 12276101 37930266 16576002
279 358 10000 16011 100000000 7880430 43790341 16576002
353 89 10000 11257 100000000 1666096 50700236 16576002
50 373 10000 10881 100000000 1120371 51661883 16576002
390 233 10000 13074 100000000 4014720 48972503 16576002
15 374 10000 16191 100000000 8143685 44995570 16576002
334 221 10000 13144 100000000 4106145 49932999 16576002
193 266 10000 18098 250000000 10675141 43419277 41440002
60 17 10000 19093 250000000 12023911 43432854 41440002
374 382 10000 14704 250000000 6136120 49659238 41440002
124 360 10000 15047 100000000 6605787 49823562 16576002
102 59 10000 16637 100000000 8710568 48084605 16576002
337 291 10000 18102 250000000 10681810 46295873 41440002
35 32 10000 16857 100000000 9001934 48931772 16576002
269 72 10000 10350 250000000 454272 58377105 41440002
33 199 10000 11731 100000000 2290648 56709501 16576002
101 334 10000 15974 250000000 7835394 51469363 41440002
349 292 10000 13797 100000000 4949163 55100017 16576002
338 38 10001 18421 100000000 11127300 50076700 16576002
208 288 10000 15130 100000000 6722226 55872916 16576002
84 24 10000 15702 250000000 7476412 55484114 41440002
396 47 10000 18445 100000000 11156557 52172825 16576002
210 179 10000 12888 250000000 3789227 59700340 41440002
197 131 10000 13244 100000000 4238898 59499032 16576002
229 15 10000 10141 250000000 181497 64519916 41440002
21 68 10000 12207 100000000 2888999 62446297 16576002
334 152 10000 11381 100000000 1847370 64431773 16576002
124 370 10000 12772 100000000 3631765 63787911 16576002
395 88 10000 18096 250000000 10670860 57068410 41440002
124 254 10000 10113 100000000 151780 70756917 16576002
307 321 10000 19616 250000000 12685192 61031914 41440002
40 209 10000 17536 250000000 9928012 64414633 41440002
349 236 10000 19581 250000000 12633591 62611614 41440002
212 242 10000 19330 250000000 12304407 63921095 41440002
15 122 10000 19175 250000000 12134198 64976627 41440002
331 18 10000 14137 100000000 5396448 72036828 16576002
162 139 10000 17651 100000000 10093602 67787291 16576002
35 238 10000 17252 100000000 9530573 69895014 16576002
272 280 10000 13713 250000000 4860350 74895255 41440002
338 211 10000 15870 100000000 7693308 76910430 16576002
333 35 10000 10068 250000000 103602 84818478 41440002
383 22 10000 13354 250000000 4395720 88990534 41440002
234 355 10000 19034 250000000 11927612 86200642 41440002
184 123 10000 12045 250000000 2690578 96173403 41440002
184 231 10000 13742 250000000 4885036 97154368 41440002
286 202 10000 15868 250000000 7692818 106021313 41440002
160 150 10000 10918 250000000 1189181 112526538 41440002
295 10 10000 13900 250000000 5105430 117605865 41440002
42 99 10000 19052 250000000 11953613 111977429 41440002
243 213 10000 18402 250000000 11093974 113675489 41440002
328 83 10000 10108 250000000 145338 132020523 41440002
220 328 10000 17854 250000000 10368178 123529286 41440002
334 166 10000 11972 250000000 2599948 138287780 41440002
144 0 10000 15961 250000000 7813240 136108968 41440002
75 173 10000 12623 1000000000 3433819 169780214 165760002
361 130 10000 10536 1000000000 688799 173957015 165760002
202 11 10000 13967 1000000000 5195698 172860096 165760002
131 227 10000 10144 1000000000 183733 181975464 165760002
228 282 10000 17353 1000000000 9676016 172699672 165760002
145 136 10000 16618 1000000000 8686951 174074870 165760002
115 293 10000 18948 1000000000 11818669 181944221 165760002
331 272 10000 12452 1000000000 3201652 192734162 165760002
21 312 10000 12388 1000000000 3129144 193235009 165760002
344 4 10000 10788 1000000000 995546 196435811 165760002
24 210 10000 16357 1000000000 8366425 189383682 165760002
352 302 10000 10383 1000000000 490568 199241696 165760002
63 220 10000 16339 1000000000 8345201 195163031 165760002
44 115 10000 17752 1000000000 10223672 193741379 165760002
326 343 10000 18308 1000000000 10967507 195916779 165760002
279 157 10000 19589 1000000000 12640183 196363390 165760002
244 113 10000 18338 1000000000 11013092 206633707 165760002
336 253 10000 14941 1000000000 6454473 212552148 165760002
192 98 10000 18947 1000000000 11818194 207855989 165760002
234 36 10000 17805 1000000000 10297701 224088163 165760002
373 192 10000 12006 1000000000 2643080 233279319 165760002
291 103 10000 19710 1000000000 12810055 232355849 165760002
148 285 10000 11411 1000000000 1892423 247738799 165760002
237 259 10000 18362 1000000000 11043976 245035285 165760002
224 229 10000 11310 1000000000 1744065 258362179 165760002
144 364 10000 14257 1000000000 5562842 278514115 165760002
105 380 10000 16845 1000000000 8988503 326032423 165760002
119 267 10000 19771 1000000000 12886274 372122400 165760002
144 155 10000 14033 1000000000 5275736 390209758 165760002
141 260 10000 14343 1000000000 5661220 433718532 165760002
160 238 10000 12717 1000000000 3555967 471064971 165760002
165 95 10000 18221 1000000000 10834389 467080032 165760002
148 12 10000 13856 1000000000 5052216 473179275 165760002
