56 181 10000 10007 1177 5770 40820 196
364 214 10000 10004 37323 4654 86178 6187
16 282 10000 10009 51067 7791 90786 8473
359 167 10000 10011 51067 8789 90786 8473
126 20 10000 10008 37323 7587 92605 6187
389 107 10000 10016 51067 12928 90688 8473
253 137 10000 10081 1177 63948 40820 196
10 70 10000 10027 28000 23736 83026 4644
16 233 10000 10030 28000 24263 83383 4644
346 357 10000 10038 141819 28782 80045 23511
214 181 10000 10021 51067 18612 95151 8473
255 259 10000 10017 237853 13534 100375 39430
173 75 10000 10029 51067 23896 92364 8473
252 7 10000 10094 1177 76432 40820 196
257 340 10000 10040 51067 30354 91006 8473
337 77 10000 10032 51067 25606 97578 8473
56 345 10000 10039 51067 29354 95416 8473
82 57 10000 10044 51067 33996 91164 8473
93 374 10000 10001 74908 1899 123569 12417
238 124 10000 10002 74908 2642 123569 12417
324 40 10000 10003 74908 2847 124212 12417
140 316 10000 10046 51067 36442 91252 8473
185 336 10000 10050 28000 44531 84109 4644
95 65 10000 10006 74908 5621 123569 12417
4 307 10000 10010 74908 7793 123569 12417
192 354 10000 10118 4264 92043 42121 708
120 55 10000 10000 93293 26 134456 15471
149 195 10000 10012 74908 11487 123569 12417
113 111 10000 10121 28000 94467 41523 4644
13 75 10000 10059 51067 48171 90786 8473
398 399 10000 10104 74908 80513 61789 12417
269 205 10000 10013 93293 12109 130256 15471
232 138 10000 10015 93293 12725 129874 15471
56 50 10000 10093 93293 76157 67901 15471
285 161 10000 10025 74908 21166 123647 12417
375 218 10000 10061 51067 54866 90974 8473
328 143 10000 10070 37323 60001 85936 6187
63 169 10000 10074 28000 63006 83026 4644
58 0 10000 10064 51067 56618 91214 8473
208 67 10000 10067 51067 58221 90856 8473
63 386 10000 10033 74908 25728 124184 12417
244 314 10000 10069 37323 59737 90620 6187
356 101 10000 10068 51067 59701 90786 8473
126 119 10000 10005 141819 5386 145932 23511
349 227 10000 10078 51067 63408 90791 8473
384 177 10000 10028 74908 23859 131308 12417
29 192 10000 10043 74908 32932 123569 12417
350 301 10000 10034 93293 26050 132079 15471
136 339 10000 10152 15443 114024 46047 2565
197 166 10000 10042 74908 32821 128840 12417
202 201 10000 10131 74908 98042 63841 12417
14 398 10000 10087 51067 70943 91253 8473
359 5 10000 10106 28000 81117 83026 4644
393 28 10000 10171 1177 126612 40820 196
383 53 10000 10047 93293 38122 129874 15471
72 235 10000 10023 141819 20832 149036 23511
199 67 10000 10037 141819 28503 142393 23511
130 349 10000 10054 74908 46708 124860 12417
52 67 10000 10096 51067 77242 95091 8473
214 188 10000 10097 37323 77963 95505 6187
77 345 10000 10112 51067 86442 91034 8473
25 121 10000 10119 37323 92379 85936 6187
259 136 10000 10058 74908 47349 131333 12417
51 272 10000 10035 141819 26254 153154 23511
309 82 10000 10123 37323 95041 85993 6187
61 186 10000 10057 93293 47092 137102 15471
242 358 10000 10055 93293 46724 137554 15471
64 274 10000 10103 51067 80511 104801 8473
210 15 10000 10048 141819 41402 145156 23511
240 399 10000 10065 93293 56777 130040 15471
113 271 10000 10080 74908 63577 123569 12417
198 217 10000 10079 74908 63467 124049 12417
90 196 10000 10082 74908 65179 123569 12417
175 286 10000 10102 51067 80314 109448 8473
138 117 10000 10083 74908 65615 124360 12417
64 327 10000 10026 141819 22880 167291 23511
71 184 10000 10140 28000 105536 85497 4644
316 236 10000 10132 51067 98134 93696 8473
141 120 10000 10134 51067 100890 91034 8473
365 378 10000 10130 237853 97771 96519 39430
380 45 10000 10138 51067 103029 91639 8473
365 173 10000 10146 28000 110536 85730 4644
15 58 10000 10141 51067 105546 91193 8473
21 26 10000 10172 93293 126911 70063 15471
388 260 10000 10091 74908 74469 123569 12417
343 387 10000 10014 237853 12479 187436 39430
194 3 10000 10052 141819 45407 155094 23511
154 324 10000 10151 37323 112795 90611 6187
367 301 10000 10084 93293 66044 138041 15471
76 114 10000 10099 74908 79489 124635 12417
385 222 10000 10020 237853 17872 186259 39430
276 317 10000 10150 51067 112775 91414 8473
145 245 10000 10105 74908 81001 123569 12417
305 109 10000 10153 51067 114147 90786 8473
168 147 10000 10157 51067 116222 90786 8473
222 270 10000 10019 237853 17744 189662 39430
123 232 10000 10071 141819 62034 145406 23511
82 76 10000 10075 141819 63107 145475 23511
214 251 10000 10024 237853 21062 188347 39430
209 173 10000 10160 37323 119934 89831 6187
165 58 10000 10161 51067 120572 90837 8473
94 324 10000 10170 37323 126164 86159 6187
369 269 10000 10022 237853 20801 191743 39430
233 247 10000 10085 141819 68572 145721 23511
154 275 10000 10108 93293 84664 130573 15471
281 189 10000 10120 74908 92579 124677 12417
352 375 10000 10090 141819 72260 146544 23511
357 347 10000 10209 51067 170182 50707 8473
301 351 10000 10116 93293 91314 130168 15471
367 116 10000 10211 1177 170833 51629 196
286 9 10000 10122 93293 94548 130177 15471
80 393 10000 10101 141819 80285 145590 23511
47 368 10000 10041 237853 32261 193963 39430
254 335 10000 10128 93293 96855 130689 15471
317 220 10000 10109 141819 85288 142841 23511
114 163 10000 10133 93293 98213 130559 15471
198 390 10000 10175 51067 132884 96662 8473
374 206 10000 10051 237853 44562 185709 39430
197 213 10000 10143 74908 106042 124428 12417
337 109 10000 10049 237853 42138 188390 39430
91 383 10000 10100 141819 79499 153942 23511
138 96 10000 10187 51067 143793 91173 8473
96 140 10000 10142 74908 105588 129413 12417
257 94 10000 10154 74908 114405 124474 12417
263 332 10000 10056 237853 46944 192333 39430
309 326 10000 10155 74908 115115 124964 12417
384 185 10000 10113 141819 87604 153203 23511
148 118 10000 10144 93293 108752 132991 15471
21 265 10000 10192 51067 145881 96486 8473
105 30 10000 10107 141819 82667 160285 23511
43 8 10000 10159 74908 118985 124049 12417
367 328 10000 10191 51067 145381 98239 8473
60 275 10000 10196 51067 152247 93741 8473
194 176 10000 10060 237853 48636 197647 39430
46 76 10000 10156 93293 115689 130817 15471
327 259 10000 10063 237853 56188 190936 39430
104 385 10000 10166 74908 124022 123870 12417
43 20 10000 10165 74908 123756 124252 12417
284 67 10000 10167 74908 124541 126085 12417
197 173 10000 10031 237853 24759 226044 39430
219 286 10000 10204 37323 165345 85969 6187
100 109 10000 10240 74908 190816 61789 12417
250 24 10000 10198 51067 161863 90786 8473
336 347 10000 10195 51067 148516 106853 8473
297 130 10000 10280 1177 216329 40820 196
214 141 10000 10210 37323 170522 86873 6187
105 154 10000 10163 93293 122564 135423 15471
333 363 10000 10282 1177 217440 40820 196
375 383 10000 10206 51067 169255 90938 8473
313 197 10000 10149 93293 112741 149907 15471
215 350 10000 10184 74908 141694 124690 12417
389 304 10000 10212 51067 173177 93211 8473
148 129 10000 10076 237853 63121 203667 39430
159 309 10000 10179 93293 135267 133243 15471
329 266 10000 10089 237853 72126 197514 39430
378 15 10000 10169 141819 125154 145434 23511
39 72 10000 10147 141819 111555 159416 23511
37 360 10000 10168 141819 124658 146714 23511
189 63 10000 10086 237853 69931 203467 39430
104 111 10000 10299 37323 229468 44908 6187
346 369 10000 10225 51067 182487 92805 8473
20 218 10000 10173 141819 130765 144631 23511
153 274 10000 10114 237853 88722 186849 39430
251 210 10000 10239 37323 189942 85936 6187
258 278 10000 10110 237853 86217 190491 39430
356 372 10000 10230 51067 185970 91104 8473
266 181 10000 10188 93293 144074 137612 15471
19 255 10000 10125 237853 96061 188860 39430
332 278 10000 10238 37323 189885 95130 6187
147 196 10000 10241 51067 192933 93155 8473
196 277 10000 10231 51067 186898 99645 8473
257 220 10000 10124 237853 95599 191849 39430
294 124 10000 10111 237853 86258 202660 39430
232 357 10000 10203 74908 165342 124467 12417
289 180 10000 10139 237853 103754 186218 39430
70 373 10000 10189 141819 144399 146106 23511
36 204 10000 10242 51067 193326 98069 8473
69 158 10000 10261 37323 204801 86928 6187
166 357 10000 10190 141819 144695 147180 23511
314 28 10000 10260 51067 202331 90786 8473
319 5 10000 10207 74908 169437 123789 12417
148 234 10000 10259 51067 201858 92068 8473
78 214 10000 10274 28000 210850 83079 4644
391 79 10000 10137 237853 102290 192950 39430
105 257 10000 10249 51067 197129 99259 8473
262 372 10000 10186 141819 143615 153146 23511
10 69 10000 10247 51067 196323 101160 8473
196 207 10000 10115 237853 89792 208162 39430
272 28 10000 10213 74908 174167 123896 12417
94 252 10000 10248 51067 196665 102099 8473
248 289 10000 10127 237853 96562 203264 39430
211 341 10000 10215 74908 176123 125845 12417
377 39 10000 10218 74908 177991 124142 12417
243 173 10000 10117 237853 91522 210983 39430
122 62 10000 10148 237853 111689 191083 39430
163 288 10000 10045 573344 34916 268892 95044
101 70 10000 10278 51067 213242 91242 8473
178 50 10000 10164 141819 123061 181665 23511
248 119 10000 10197 74908 154252 150671 12417
243 91 10000 10228 51067 185134 121013 8473
145 298 10000 10223 74908 180981 125978 12417
209 335 10000 10205 93293 167261 140406 15471
312 337 10000 10293 28000 224856 83268 4644
162 321 10000 10018 573344 16710 291923 95044
349 229 10000 10201 141819 162827 146151 23511
210 55 10000 10229 74908 185500 123569 12417
315 383 10000 10221 93293 180345 130602 15471
225 106 10000 10237 74908 189114 124237 12417
332 159 10000 10220 74908 178956 136178 12417
367 280 10000 10208 74908 170112 145055 12417
164 307 10000 10226 93293 184729 131292 15471
313 165 10000 10174 237853 130825 186916 39430
145 22 10000 10279 28000 215754 102317 4644
26 271 10000 10246 74908 196208 123656 12417
231 102 10000 10250 74908 197318 123569 12417
59 183 10000 10234 74908 188045 133615 12417
323 79 10000 10245 74908 195895 126119 12417
357 282 10000 10162 237853 122433 199970 39430
190 325 10000 10224 74908 181308 141320 12417
304 41 10000 10217 141819 177344 145394 23511
47 176 10000 10202 141819 162949 160868 23511
180 116 10000 10257 74908 200801 123632 12417
276 28 10000 10304 51067 234507 90883 8473
158 303 10000 10305 51067 234785 91026 8473
106 24 10000 10181 237853 139693 186328 39430
227 383 10000 10352 15443 275006 52292 2565
301 328 10000 10366 4264 285713 41998 708
345 233 10000 10303 51067 234281 94699 8473
77 317 10000 10310 51067 238219 91316 8473
209 93 10000 10185 237853 142553 187923 39430
282 381 10000 10266 74908 207096 123907 12417
322 395 10000 10313 37323 244406 86632 6187
68 162 10000 10290 51067 223737 107746 8473
218 132 10000 10227 141819 185078 146550 23511
380 55 10000 10309 51067 237542 94466 8473
87 236 10000 10284 51067 218236 113818 8473
47 183 10000 10264 74908 206046 127786 12417
338 135 10000 10255 93293 199843 134044 15471
81 354 10000 10371 1177 292181 41724 196
64 276 10000 10073 573344 62596 272342 95044
141 213 10000 10263 93293 205462 129874 15471
239 342 10000 10276 74908 211746 123767 12417
357 319 10000 10315 37323 248290 87839 6187
395 107 10000 10178 237853 135143 202264 39430
333 74 10000 10253 74908 198426 140550 12417
398 133 10000 10324 28000 257221 83026 4644
231 393 10000 10316 51067 249662 91110 8473
67 26 10000 10268 74908 207551 133676 12417
256 173 10000 10273 93293 210826 130601 15471
341 181 10000 10319 51067 251468 91044 8473
214 240 10000 10321 51067 252028 90926 8473
385 211 10000 10285 74908 220747 124049 12417
367 207 10000 10295 37323 226749 118765 6187
69 252 10000 10256 93293 200234 145760 15471
180 334 10000 10323 51067 255205 91053 8473
399 140 10000 10331 37323 260102 86495 6187
345 395 10000 10251 141819 197615 149557 23511
10 326 10000 10330 37323 259509 87876 6187
332 131 10000 10327 51067 259014 91052 8473
357 207 10000 10291 74908 223814 127703 12417
298 233 10000 10095 573344 76872 274826 95044
17 116 10000 10286 93293 221404 130799 15471
83 3 10000 10298 74908 228409 123902 12417
350 237 10000 10294 74908 225006 127680 12417
359 127 10000 10283 93293 218109 135495 15471
291 366 10000 10334 51067 262515 91363 8473
226 249 10000 10336 51067 263127 90971 8473
19 32 10000 10200 237853 162442 191824 39430
63 125 10000 10300 74908 230877 123569 12417
68 241 10000 10289 93293 223143 131586 15471
168 334 10000 10338 51067 263915 91703 8473
34 113 10000 10297 74908 228289 127777 12417
193 117 10000 10272 141819 210707 146124 23511
170 152 10000 10129 573344 97318 260718 95044
261 217 10000 10404 1177 318900 41043 196
377 22 10000 10332 51067 260200 100906 8473
303 399 10000 10301 93293 231565 131383 15471
70 205 10000 10343 51067 268114 96185 8473
115 107 10000 10445 1177 344194 20627 196
336 260 10000 10267 141819 207200 158145 23511
176 23 10000 10135 573344 101376 264623 95044
201 287 10000 10354 51067 276228 91538 8473
190 171 10000 10092 573344 75713 292084 95044
131 314 10000 10308 93293 237249 130643 15471
227 168 10000 10398 1177 315876 54053 196
364 132 10000 10358 51067 279059 90996 8473
298 139 10000 10351 51067 274224 96600 8473
18 314 10000 10314 74908 247276 124018 12417
181 124 10000 10413 15443 325415 46180 2565
294 18 10000 10182 237853 140912 230739 39430
39 326 10000 10344 28000 268832 104090 4644
384 357 10000 10222 237853 180903 192162 39430
348 106 10000 10350 51067 273756 99563 8473
38 331 10000 10219 237853 178027 195703 39430
376 302 10000 10235 237853 188355 185469 39430
274 191 10000 10232 237853 187199 187236 39430
195 368 10000 10317 74908 250668 123789 12417
277 35 10000 10357 51067 278308 96528 8473
183 329 10000 10320 74908 251525 123596 12417
300 270 10000 10360 51067 281344 94435 8473
329 65 10000 10430 1177 336302 41185 196
150 140 10000 10254 573344 199224 182804 95044
242 221 10000 10307 141819 236669 146420 23511
309 354 10000 10126 573344 96095 287465 95044
60 97 10000 10233 237853 187821 195878 39430
367 274 10000 10088 573344 71195 313865 95044
220 154 10000 10443 1177 343961 41198 196
136 241 10000 10375 51067 294495 91586 8473
104 123 10000 10374 51067 293819 93327 8473
351 239 10000 10333 74908 262348 126918 12417
227 21 10000 10158 573344 118373 271289 95044
156 148 10000 10438 51067 342757 49758 8473
362 252 10000 10335 93293 262843 130356 15471
333 84 10000 10329 74908 259430 134000 12417
215 54 10000 10346 74908 269877 123884 12417
29 388 10000 10340 93293 265503 129874 15471
136 167 10000 10389 37323 309514 86225 6187
248 273 10000 10244 237853 194774 201189 39430
23 68 10000 10269 237853 207664 188372 39430
173 154 10000 10382 51067 304884 91480 8473
46 77 10000 10270 237853 209720 187040 39430
273 98 10000 10342 93293 267341 129874 15471
311 4 10000 10322 141819 253551 145554 23511
380 121 10000 10262 237853 205011 194167 39430
378 177 10000 10400 28000 316246 83026 4644
204 329 10000 10353 74908 276086 124499 12417
49 276 10000 10391 51067 309852 90786 8473
47 24 10000 10388 51067 308856 92677 8473
126 386 10000 10356 74908 278011 124539 12417
165 185 10000 10275 237853 211416 192078 39430
327 40 10000 10348 93293 272449 131750 15471
319 369 10000 10287 141819 221536 182769 23511
204 355 10000 10326 141819 257831 146634 23511
210 176 10000 10355 74908 277121 127890 12417
225 106 10001 10386 51067 307298 98332 8473
249 7 10000 10397 51067 314684 91020 8473
119 211 10000 10361 74908 281452 124662 12417
377 128 10000 10384 51067 305683 101389 8473
331 398 10000 10385 51067 306748 100777 8473
108 222 10000 10337 93293 263229 144317 15471
6 184 10000 10367 74908 286176 123619 12417
347 319 10000 10292 237853 223978 186391 39430
294 5 10000 10302 93293 233011 179627 15471
139 339 10000 10370 74908 289636 123584 12417
373 113 10000 10258 237853 201727 211565 39430
198 37 10000 10473 15443 367022 47333 2565
259 107 10000 10265 237853 206813 209471 39430
246 106 10000 10372 74908 292695 123619 12417
346 301 10000 10421 37323 330569 86062 6187
327 207 10000 10341 74908 265650 151466 12417
210 134 10000 10362 93293 281858 135441 15471
9 228 10000 10288 237853 223130 194341 39430
143 282 10000 10183 573344 141427 276527 95044
211 378 10000 10376 74908 296164 124115 12417
39 242 10000 10379 74908 299076 123704 12417
377 13 10000 10423 51067 330853 92224 8473
303 149 10000 10373 74908 293077 132252 12417
272 269 10000 10471 74908 365949 61789 12417
278 373 10000 10428 51067 333886 95916 8473
377 82 10000 10383 74908 305376 124739 12417
304 199 10000 10380 74908 301970 128446 12417
352 347 10000 10469 93293 364111 67751 15471
355 13 10000 10439 51067 343105 91410 8473
243 322 10000 10359 74908 281220 153803 12417
303 185 10000 10369 141819 288481 146548 23511
147 318 10000 10446 51067 345095 90786 8473
372 181 10000 10214 573344 174210 263448 95044
358 367 10000 10252 237853 197940 239745 39430
294 361 10000 10281 237853 217170 220739 39430
76 309 10000 10448 51067 347696 91174 8473
300 347 10000 10396 74908 314491 125021 12417
105 21 10000 10444 51067 344015 95536 8473
251 354 10000 10394 74908 313810 125928 12417
332 360 10000 10450 51067 348801 91344 8473
321 57 10000 10180 573344 137472 303005 95044
126 108 10000 10451 51067 349784 90786 8473
227 1 10000 10442 51067 343699 98127 8473
65 174 10000 10403 74908 318516 124033 12417
50 314 10000 10377 141819 297112 145729 23511
194 153 10000 10312 237853 243881 199607 39430
59 162 10000 10458 51067 355598 90970 8473
135 268 10000 10457 51067 355316 91324 8473
306 358 10000 10412 74908 324962 124284 12417
27 158 10000 10453 51067 350858 99129 8473
26 151 10000 10378 141819 297690 154292 23511
202 336 10000 10436 51067 342140 110140 8473
56 58 10000 10483 141819 373536 79288 23511
355 95 10000 10454 51067 352327 100521 8473
223 125 10000 10411 74908 324506 128534 12417
175 192 10000 10417 74908 328733 125329 12417
346 13 10000 10464 51067 359787 94700 8473
229 379 10000 10339 237853 264152 190715 39430
88 99 10000 10485 141819 375102 80072 23511
175 27 10000 10409 93293 321450 134067 15471
166 197 10000 10392 141819 310496 145599 23511
221 41 10000 10425 74908 331988 125291 12417
359 83 10000 10194 573344 147835 311725 95044
302 64 10000 10478 51067 368923 90786 8473
321 158 10000 10420 93293 330519 130032 15471
176 210 10000 10419 93293 330373 130276 15471
282 58 10000 10429 74908 335549 125670 12417
112 365 10000 10401 93293 316486 144916 15471
187 43 10000 10481 51067 370646 91042 8473
63 325 10000 10482 51067 370756 90946 8473
203 285 10000 10544 1177 423224 41329 196
230 263 10000 10468 51067 364078 100755 8473
34 181 10000 10466 51067 361861 104148 8473
286 130 10000 10475 28000 367460 98775 4644
265 394 10000 10410 141819 322139 145979 23511
136 192 10000 10491 51067 378668 90800 8473
18 258 10000 10490 51067 378461 91136 8473
243 96 10000 10216 573344 176807 292908 95044
373 229 10000 10365 141819 285535 184482 23511
375 105 10000 10406 93293 319720 150834 15471
100 259 10000 10422 93293 330638 141163 15471
256 101 10000 10547 15443 427485 46546 2565
85 307 10000 10193 573344 146681 328155 95044
379 356 10000 10447 93293 347455 130004 15471
32 83 10000 10426 141819 332110 146290 23511
196 154 10000 10427 141819 333048 145394 23511
0 362 10000 10098 573344 78626 400645 95044
227 95 10000 10455 74908 354504 126233 12417
2 87 10000 10452 74908 350849 129922 12417
260 385 10000 10459 74908 356183 124765 12417
305 253 10000 10408 141819 321314 160438 23511
15 194 10000 10243 573344 193618 290166 95044
243 269 10000 10456 51067 355314 128713 8473
242 4 10000 10504 51067 393457 91267 8473
15 80 10000 10435 93293 341925 142829 15471
84 260 10000 10496 51067 382800 102352 8473
389 55 10000 10381 141819 302463 182895 23511
369 59 10000 10431 74908 337384 148367 12417
77 85 10000 10472 74908 366644 123735 12417
13 82 10000 10463 93293 359713 130778 15471
10 222 10000 10368 237853 287208 203522 39430
165 313 10000 10578 1177 450687 40820 196
373 72 10000 10349 237853 272741 218942 39430
313 355 10000 10460 93293 356336 135806 15471
103 258 10000 10345 237853 269095 223928 39430
172 102 10000 10479 74908 369311 124324 12417
260 264 10000 10495 237853 382166 111919 39430
59 192 10000 10470 74908 365712 131873 12417
203 293 10000 10484 74908 374737 123569 12417
396 75 10000 10592 1177 458125 40952 196
346 67 10000 10449 141819 348181 151388 23511
290 143 10000 10364 237853 284262 216921 39430
193 153 10000 10461 74908 357238 144529 12417
385 368 10000 10399 237853 316028 186185 39430
307 328 10000 10525 51067 411428 90858 8473
247 280 10000 10390 141819 309834 194204 23511
392 138 10000 10600 1177 463590 41006 196
101 15 10000 10520 51067 406779 99596 8473
353 280 10000 10533 51067 416492 90966 8473
22 181 10000 10476 93293 367977 142136 15471
54 173 10000 10538 51067 420554 91257 8473
98 7 10000 10522 51067 408922 103855 8473
169 3 10000 10502 74908 389571 123569 12417
118 209 10000 10546 28000 426491 87282 4644
137 261 10000 10416 237853 327581 187346 39430
116 54 10000 10497 93293 384507 133855 15471
261 150 10000 10550 51067 427695 90796 8473
94 287 10000 10549 51067 427652 91146 8473
105 141 10000 10424 237853 330981 188021 39430
103 209 10000 10277 573344 212458 306790 95044
356 263 10000 10480 141819 370274 153089 23511
335 182 10000 10512 74908 399720 123813 12417
235 70 10000 10488 141819 377930 146534 23511
5 288 10000 10541 51067 421262 103670 8473
257 101 10000 10503 93293 391349 134141 15471
298 249 10000 10493 141819 379331 146337 23511
86 2 10000 10347 573344 270031 258411 95044
72 249 10000 10407 237853 319881 209877 39430
263 293 10000 10440 237853 343305 186505 39430
17 52 10000 10565 51067 440858 90965 8473
27 330 10000 10441 237853 343544 188289 39430
356 315 10000 10508 93293 396648 135422 15471
23 204 10000 10575 37323 447519 85936 6187
151 120 10000 10487 141819 377199 156611 23511
205 234 10000 10564 51067 438715 95100 8473
84 134 10000 10311 573344 242371 291750 95044
231 365 10000 10387 237853 308403 226788 39430
19 386 10000 10554 51067 431341 103880 8473
241 166 10000 10526 74908 411682 123616 12417
250 355 10000 10523 74908 409064 126417 12417
113 306 10000 10518 93293 403962 135095 15471
72 224 10000 10501 141819 387503 151955 23511
238 244 10000 10489 141819 378352 161821 23511
355 45 10000 10506 141819 395304 145709 23511
180 131 10000 10573 51067 446297 95024 8473
68 292 10000 10579 51067 451102 90797 8473
257 141 10000 10524 74908 411159 131462 12417
218 342 10000 10641 1177 501776 41269 196
165 56 10000 10527 93293 413161 130367 15471
215 102 10000 10577 51067 449531 94507 8473
297 353 10000 10462 237853 358635 185921 39430
113 62 10000 10529 93293 413655 131222 15471
112 118 10000 10602 141819 465839 79361 23511
383 334 10000 10532 93293 416097 130044 15471
99 298 10000 10535 28000 417323 128832 4644
234 276 10000 10509 141819 397243 149046 23511
180 4 10000 10563 51067 438390 108266 8473
371 107 10000 10325 573344 257260 289717 95044
216 321 10000 10543 74908 423007 124133 12417
358 155 10000 10465 93293 361390 186989 15471
3 56 10000 10590 51067 457597 91411 8473
7 301 10000 10593 51067 458279 90846 8473
185 71 10000 10539 93293 420786 130844 15471
395 58 10000 10548 74908 427608 124838 12417
253 334 10000 10607 28000 469954 83026 4644
114 314 10000 10477 237853 367987 185614 39430
354 337 10000 10136 573344 102246 452026 95044
369 146 10000 10557 74908 432599 123603 12417
293 45 10000 10605 37323 467632 90336 6187
357 161 10000 10552 93293 428471 130229 15471
370 256 10000 10553 93293 429517 130041 15471
310 74 10000 10560 74908 434666 125153 12417
246 182 10000 10599 51067 463209 97395 8473
146 57 10000 10609 51067 470629 90985 8473
249 19 10000 10608 51067 470273 92210 8473
392 47 10000 10606 51067 467848 95818 8473
194 90 10000 10486 237853 375498 189857 39430
386 75 10000 10612 51067 474918 91144 8473
100 78 10000 10562 74908 437619 129390 12417
247 84 10000 10271 573344 210354 356901 95044
363 249 10000 10616 51067 477266 90786 8473
180 60 10000 10614 51067 475884 92593 8473
274 34 10000 10617 51067 477331 91549 8473
161 397 10000 10571 74908 445357 123902 12417
224 272 10000 10494 237853 381764 188052 39430
43 198 10000 10515 141819 403092 166918 23511
67 336 10000 10528 93293 413224 157277 15471
193 331 10000 10498 237853 385355 185174 39430
4 389 10000 10619 51067 478242 92317 8473
202 168 10000 10511 93293 397930 174709 15471
0 240 10000 10328 141819 259242 313425 23511
306 298 10000 10567 93293 442543 130130 15471
300 25 10000 10536 141819 417848 155391 23511
73 384 10000 10574 74908 446471 126800 12417
29 91 10000 10626 51067 483991 90865 8473
73 322 10000 10627 51067 484058 92223 8473
254 306 10000 10629 51067 485610 90786 8473
153 35 10000 10500 237853 387118 189496 39430
20 2 10000 10555 141819 432008 145545 23511
69 285 10000 10623 51067 483199 95047 8473
61 88 10000 10568 74908 442960 136602 12417
18 83 10000 10588 74908 457254 123734 12417
193 47 10000 10632 51067 491031 91110 8473
203 75 10000 10561 141819 434963 147204 23511
270 79 10000 10507 237853 396574 185947 39430
303 136 10000 10581 93293 453353 129874 15471
120 286 10000 10624 51067 483767 99706 8473
259 45 10000 10517 141819 403852 180175 23511
25 77 10000 10597 74908 460927 123698 12417
240 10 10000 10551 141819 428419 156340 23511
119 166 10000 10513 237853 399915 186368 39430
154 52 10000 10595 74908 458730 127956 12417
125 105 10000 10591 93293 457844 129961 15471
340 90 10000 10601 74908 464034 123823 12417
98 207 10000 10519 141819 404126 184199 23511
243 153 10000 10505 141819 393967 194794 23511
375 255 10000 10634 51067 491924 97091 8473
149 292 10000 10640 51067 497913 91119 8473
247 376 10000 10405 237853 319313 270023 39430
205 121 10000 10603 74908 466932 123569 12417
155 226 10000 10556 141819 432408 158277 23511
22 194 10000 10631 51067 489175 102098 8473
305 134 10000 10474 237853 367048 226424 39430
326 110 10000 10644 28000 508056 86324 4644
219 88 10000 10569 141819 443863 152915 23511
49 98 10000 10610 74908 472707 124429 12417
104 210 10000 10434 573344 341306 256656 95044
191 112 10000 10499 237853 386913 212796 39430
332 83 10000 10645 51067 509078 90786 8473
183 2 10000 10646 51067 510959 90786 8473
162 39 10000 10566 141819 441542 160758 23511
266 116 10000 10514 237853 402877 199726 39430
329 244 10000 10639 51067 497532 106024 8473
4 312 10000 10648 51067 513041 90946 8473
310 384 10000 10534 237853 416549 187802 39430
145 96 10000 10576 74908 449435 155148 12417
7 206 10000 10625 74908 483816 123794 12417
152 318 10000 10402 237853 318246 291684 39430
250 6 10000 10620 93293 481313 129874 15471
296 138 10000 10598 141819 462825 148500 23511
98 66 10000 10630 74908 487049 124601 12417
10 84 10000 10545 237853 425440 187666 39430
145 199 10000 10418 573344 330145 283681 95044
35 3 10000 10621 93293 482169 132559 15471
375 296 10000 10604 141819 467570 149741 23511
303 238 10000 10652 51067 518017 100187 8473
209 271 10000 10611 141819 473372 146276 23511
152 347 10000 10582 37323 454225 165751 6187
248 170 10000 10558 237853 434511 186185 39430
11 34 10000 10663 51067 529209 91998 8473
191 224 10000 10665 51067 529693 91791 8473
252 49 10000 10673 28000 533417 88170 4644
160 312 10000 10537 237853 418685 203106 39430
129 178 10000 10656 51067 525628 98064 8473
53 298 10000 10637 74908 494965 130415 12417
46 214 10000 10618 141819 477998 147593 23511
342 216 10000 10414 573344 326157 299736 95044
252 367 10000 10613 141819 475506 151901 23511
246 43 10000 10642 74908 503086 124434 12417
164 344 10000 10734 15443 583216 45878 2565
327 171 10000 10677 51067 537051 92130 8473
266 366 10000 10628 141819 484135 145394 23511
217 189 10000 10638 74908 496154 134250 12417
155 285 10000 10737 15443 585193 45985 2565
53 233 10000 10669 51067 531843 99640 8473
380 50 10000 10437 573344 342648 288865 95044
307 97 10000 10686 37323 545607 85936 6187
278 42 10000 10666 51067 530128 103269 8473
337 161 10000 10684 51067 543192 91792 8473
269 164 10000 10647 74908 511386 124394 12417
131 116 10000 10687 51067 545868 90989 8473
26 272 10000 10690 51067 547024 90948 8473
32 224 10000 10689 51067 546783 92738 8473
162 73 10000 10572 237853 446087 194532 39430
287 132 10000 10649 74908 513258 129406 12417
0 45 10000 10542 74908 421947 220804 12417
181 15 10000 10633 141819 491377 152383 23511
215 5 10000 10696 51067 552919 90928 8473
40 194 10000 10587 237853 457237 187089 39430
186 92 10000 10650 74908 515279 129073 12417
328 206 10000 10697 51067 554731 90786 8473
325 236 10000 10636 141819 494794 150784 23511
281 399 10000 10692 51067 547445 98931 8473
268 348 10000 10654 74908 522933 123609 12417
13 317 10000 10698 51067 555640 91320 8473
371 284 10000 10531 237853 415366 231795 39430
397 111 10000 10699 51067 557510 90786 8473
380 58 10000 10516 141819 403738 245277 23511
29 336 10000 10701 37323 558407 91374 6187
245 155 10000 10433 573344 341122 308875 95044
99 172 10000 10594 37323 458704 191324 6187
194 314 10000 10643 141819 503162 148829 23511
129 265 10000 10655 74908 524562 127554 12417
23 192 10000 10695 51067 552173 100156 8473
139 183 10000 10706 51067 561700 91141 8473
187 245 10000 10667 74908 530223 123801 12417
136 28 10000 10705 51067 561351 95110 8473
63 312 10000 10672 74908 533380 123569 12417
71 88 10000 10718 28000 572072 84952 4644
240 265 10000 10659 74908 526443 130591 12417
222 234 10000 10742 74908 594884 62833 12417
134 64 10000 10719 28000 572996 84920 4644
304 252 10000 10716 37323 571732 86565 6187
300 278 10000 10708 51067 566769 91901 8473
283 338 10000 10711 51067 568323 90786 8473
302 372 10000 10676 74908 537050 124587 12417
312 149 10000 10714 51067 569417 92239 8473
205 163 10000 10615 237853 476297 185571 39430
92 341 10000 10510 573344 397560 264838 95044
32 377 10000 10725 37323 576488 85936 6187
82 326 10000 10679 74908 539041 123674 12417
141 118 10000 10671 93293 532938 130287 15471
5 310 10000 10415 573344 327249 336921 95044
102 236 10000 10683 74908 540538 123813 12417
23 378 10000 10722 51067 573839 90864 8473
94 145 10000 10728 37323 578660 86755 6187
33 30 10000 10748 93293 599238 67144 15471
382 4 10000 10724 51067 576023 91043 8473
11 232 10000 10559 237853 434640 233172 39430
3 133 10000 10727 51067 578171 90786 8473
371 263 10000 10580 237853 451174 217830 39430
317 356 10000 10733 28000 582561 86490 4644
292 246 10000 10691 74908 547083 123569 12417
250 134 10000 10467 237853 362405 309012 39430
337 144 10000 10662 141819 528678 145554 23511
339 312 10000 10738 51067 585443 91168 8473
281 255 10000 10675 93293 534076 143628 15471
66 69 10000 10769 51067 629146 49970 8473
241 359 10000 10782 4264 638504 42854 708
319 356 10000 10521 573344 408277 273600 95044
364 356 10000 10693 93293 547875 134550 15471
21 262 10000 10740 51067 592050 90786 8473
127 358 10000 10658 141819 526043 158832 23511
144 162 10000 10749 28000 602158 83220 4644
242 142 10000 10681 93293 540053 145491 15471
202 142 10000 10530 237853 414436 273285 39430
270 145 10000 10694 93293 548003 139767 15471
263 181 10000 10743 51067 597562 91069 8473
104 382 10000 10746 51067 598396 91292 8473
346 211 10000 10682 93293 540370 150165 15471
125 342 10000 10703 74908 561104 129921 12417
222 48 10000 10709 74908 566935 124200 12417
290 104 10000 10540 573344 421104 272001 95044
32 76 10000 10741 51067 594730 98867 8473
391 27 10000 10752 37323 607854 85936 6187
8 207 10000 10702 51067 560452 133502 8473
305 54 10000 10715 74908 571185 125615 12417
281 238 10000 10720 93293 573338 129874 15471
242 48 10000 10732 74908 581040 123742 12417
244 115 10000 10712 93293 568451 136822 15471
160 55 10000 10717 74908 572070 134285 12417
335 1 10000 10653 237853 522307 186185 39430
319 173 10000 10704 141819 561325 148281 23511
71 128 10000 10710 141819 567693 143728 23511
165 145 10000 10759 51067 622034 90786 8473
374 248 10000 10767 37323 627850 85936 6187
300 276 10000 10762 51067 623729 91431 8473
369 46 10000 10764 51067 624775 90834 8473
102 91 10000 10765 51067 625597 91213 8473
389 213 10000 10589 573344 457286 260191 95044
340 347 10000 10833 1177 698663 20410 196
395 245 10000 10680 141819 539787 180014 23511
39 287 10000 10768 51067 628447 91488 8473
351 231 10000 10583 573344 455244 266941 95044
244 315 10000 10745 74908 598335 124312 12417
234 16 10000 10657 237853 525860 197070 39430
157 398 10000 10735 93293 583284 140587 15471
45 266 10000 10778 51067 636520 91057 8473
379 253 10000 10678 237853 538198 189441 39430
265 175 10000 10758 51067 621186 106511 8473
274 336 10000 10661 237853 528486 201086 39430
54 124 10000 10783 51067 639101 90945 8473
202 218 10000 10176 2076744 133466 598674 344245
58 216 10000 10784 51067 640500 91874 8473
375 10 10000 10786 51067 642312 90999 8473
305 97 10000 10753 74908 609446 123940 12417
5 352 10000 10674 237853 533515 200453 39430
321 312 10000 10781 51067 637674 98829 8473
159 274 10000 10596 573344 459627 277811 95044
249 64 10000 10750 93293 607554 129924 15471
99 65 10000 10432 573344 338326 401018 95044
63 397 10000 10837 1177 701334 41139 196
274 66 10000 10730 141819 580343 163056 23511
294 41 10000 10756 74908 617520 126191 12417
216 73 10000 10831 15443 697869 45960 2565
52 332 10000 10785 37323 640863 103032 6187
44 353 10000 10793 51067 653945 90899 8473
202 321 10000 10739 74908 587827 158528 12417
271 333 10000 10792 51067 653519 93710 8473
111 164 10000 10763 74908 624292 123569 12417
132 311 10000 10761 74908 623292 125126 12417
368 7 10000 10622 573344 482883 267771 95044
194 128 10000 10757 93293 620883 129936 15471
349 264 10000 10747 141819 598517 152599 23511
195 257 10000 10766 74908 627803 123569 12417
156 201 10000 10760 74908 622451 129109 12417
398 300 10000 10670 141819 531876 222648 23511
31 329 10000 10804 51067 663204 91479 8473
251 380 10000 10713 237853 568630 186940 39430
93 120 10000 10754 141819 611518 145414 23511
285 290 10000 10846 51067 707785 49542 8473
280 145 10000 10775 74908 635352 124931 12417
143 74 10000 10776 74908 636064 124518 12417
271 378 10000 10810 37323 674320 88698 6187
350 15 10000 10800 51067 660289 103805 8473
127 290 10000 10723 237853 575413 188966 39430
271 135 10000 10805 51067 664158 101886 8473
34 316 10000 10296 2076744 227559 539546 344245
180 49 10000 10731 237853 580626 186568 39430
253 213 10000 10779 93293 637516 129956 15471
278 124 10000 10729 237853 580129 188879 39430
52 179 10000 10774 93293 634060 135716 15471
359 196 10000 10721 237853 573347 196941 39430
347 289 10000 10773 93293 632916 137506 15471
399 216 10000 10787 74908 642344 129057 12417
392 352 10000 10790 74908 648412 123950 12417
288 8 10000 10726 237853 577412 195781 39430
1 301 10000 10816 51067 683723 90786 8473
40 317 10000 10812 51067 675831 100990 8473
58 194 10000 10796 74908 654695 123668 12417
68 168 10000 10795 74908 654602 123846 12417
369 368 10000 10863 74908 720958 61864 12417
233 58 10000 10834 28000 699856 83026 4644
293 18 10000 10825 51067 692414 90786 8473
270 219 10000 10770 141819 630005 153211 23511
263 104 10000 10801 74908 660373 123735 12417
165 6 10000 10823 51067 691685 92982 8473
223 37 10000 10799 74908 658707 132634 12417
56 238 10000 10802 74908 660810 131055 12417
109 244 10000 10806 74908 666588 125438 12417
290 31 10000 10829 51067 694932 97986 8473
255 25 10000 10807 74908 670228 124493 12417
10 38 10000 10850 37323 708616 86272 6187
126 180 10000 10791 141819 648813 146709 23511
287 260 10000 10830 51067 695552 101248 8473
299 76 10000 10803 74908 660833 136729 12417
196 92 10000 10842 51067 705870 91839 8473
324 40 10001 10819 51067 688894 108965 8473
356 95 10000 10751 237853 607648 190455 39430
85 190 10000 10668 573344 531514 268955 95044
255 45 10000 10813 74908 676986 124552 12417
274 181 10000 10855 51067 711836 91196 8473
394 131 10000 10798 141819 656565 147919 23511
79 155 10000 10811 93293 674837 130337 15471
57 364 10000 10856 51067 715176 91369 8473
309 162 10000 10664 573344 529255 278746 95044
310 322 10000 10858 51067 718369 90786 8473
240 48 10000 10585 573344 456279 353555 95044
36 69 10000 10864 51067 720958 90786 8473
274 193 10000 10861 51067 719593 92654 8473
299 276 10000 10820 74908 689489 124138 12417
344 337 10000 10865 51067 721145 93665 8473
297 225 10000 10755 237853 615577 199283 39430
284 150 10000 10822 74908 691609 124128 12417
327 172 10000 10771 237853 630197 185947 39430
139 243 10000 10772 237853 631231 186185 39430
259 105 10000 10826 51067 693183 125356 8473
115 29 10000 10884 28000 735846 83026 4644
178 216 10000 10871 51067 727744 91335 8473
246 106 10001 10808 74908 672275 147258 12417
144 325 10000 10824 93293 691701 130539 15471
281 299 10000 10915 51067 769177 53829 8473
245 59 10000 10886 37323 737115 85936 6187
394 4 10000 10875 51067 730532 94391 8473
0 345 10000 10685 237853 545324 280040 39430
238 112 10000 10881 51067 734723 90812 8473
205 397 10000 10874 51067 730514 95407 8473
189 171 10000 10832 93293 697911 129874 15471
81 149 10000 10841 74908 705071 123569 12417
234 56 10000 10817 93293 684567 144828 15471
250 337 10000 10868 51067 726700 102708 8473
329 339 10000 10876 237853 730674 99228 39430
0 244 10000 10036 2076744 27922 802346 344245
113 217 10000 10893 37323 744171 86226 6187
185 378 10000 10836 93293 700337 130844 15471
395 367 10000 10885 51067 736580 95151 8473
104 206 10000 10849 74908 708463 125879 12417
296 199 10000 10789 237853 646012 190203 39430
380 182 10000 10700 573344 557712 280155 95044
332 259 10000 10895 51067 747059 91559 8473
398 344 10000 10584 573344 455274 386358 95044
339 61 10000 10862 74908 719875 124085 12417
309 149 10000 10827 74908 693468 150666 12417
287 201 10000 10177 2076744 134447 711644 344245
222 219 10000 10906 37323 760546 86853 6187
39 38 10000 10913 141819 768274 79479 23511
224 150 10000 10854 93293 711300 137816 15471
382 99 10000 10814 93293 677512 173796 15471
64 18 10000 10944 15443 801637 50041 2565
291 107 10000 10736 573344 583345 272262 95044
237 257 10000 10911 37323 764770 91525 6187
325 72 10000 10688 573344 546676 310942 95044
372 284 10000 10912 51067 766390 91720 8473
337 92 10000 10920 37323 772254 86053 6187
45 320 10000 10883 74908 735309 123569 12417
357 387 10000 10897 51067 749281 110276 8473
32 200 10000 10879 74908 733075 127240 12417
133 131 10000 10952 51067 807378 54197 8473
123 54 10000 10882 93293 734825 129874 15471
389 157 10000 10860 141819 718850 145958 23511
395 371 10000 10887 74908 738330 126669 12417
366 259 10000 10866 141819 725801 139428 23511
309 321 10000 10870 74908 727328 138206 12417
269 66 10000 10873 93293 728382 137594 15471
158 163 10000 10891 74908 742851 123569 12417
229 38 10000 10927 51067 776455 90786 8473
70 138 10000 10888 93293 739147 129874 15471
63 124 10000 10928 51067 781699 90786 8473
238 221 10000 10985 37323 832109 44631 6187
140 149 10000 10980 51067 829412 49758 8473
304 60 10000 10902 74908 756288 123569 12417
98 51 10000 10828 237853 693648 186276 39430
66 105 10000 10853 141819 710740 169361 23511
162 308 10000 10898 93293 750320 129874 15471
36 32 10000 10964 74908 815434 64869 12417
230 67 10000 10892 93293 743391 137017 15471
91 56 10000 10880 141819 734365 146139 23511
132 367 10000 10903 74908 757518 125712 12417
233 97 10000 10938 37323 793305 90904 6187
61 69 10000 11001 28000 842621 41761 4644
85 295 10000 10894 93293 745425 139468 15471
27 191 10000 10940 51067 794298 91013 8473
97 48 10000 10900 93293 753391 132155 15471
370 200 10000 10946 28000 804704 83369 4644
94 234 10000 10840 237853 704915 186791 39430
328 16 10000 10844 237853 706665 185434 39430
248 259 10000 10931 237853 784260 108567 39430
390 298 10000 10942 51067 795890 97777 8473
216 15 10000 10848 237853 708430 185396 39430
303 261 10000 10947 51067 804739 91756 8473
300 303 10000 10963 141819 815098 81420 23511
211 212 10000 10923 237853 773635 125562 39430
398 355 10000 10660 573344 528407 371694 95044
132 329 10000 10744 573344 597973 304352 95044
83 87 10000 10990 93293 834770 67857 15471
187 298 10000 10924 93293 773780 129874 15471
189 334 10000 10919 93293 772004 132546 15471
346 168 10000 10961 51067 813797 91498 8473
54 72 10000 10905 141819 759862 145574 23511
76 345 10000 10845 237853 707529 198039 39430
231 11 10000 10967 51067 816835 91492 8473
116 263 10000 10969 51067 819116 91532 8473
127 71 10000 10970 51067 819948 90786 8473
155 210 10000 10777 573344 636416 274978 95044
256 154 10000 10929 93293 782062 129874 15471
41 170 10000 10907 141819 761294 151859 23511
344 91 10000 10843 237853 705953 207848 39430
238 205 10000 10960 51067 813456 100767 8473
279 37 10000 10914 141819 768725 145694 23511
396 237 10000 10859 237853 718521 196164 39430
146 115 10000 10872 237853 728094 187151 39430
71 325 10000 10978 37323 828118 88854 6187
385 254 10000 10877 237853 731128 186205 39430
221 389 10000 10939 74908 793741 124617 12417
323 123 10000 10921 141819 772946 145517 23511
61 378 10000 10959 51067 813040 107692 8473
168 354 10000 10922 141819 773371 148193 23511
353 262 10000 10926 74908 776436 146561 12417
67 187 10000 10945 74908 802805 123718 12417
292 305 10000 10987 37323 832441 94246 6187
194 280 10000 10983 51067 831631 96583 8473
383 338 10000 10984 51067 831761 97098 8473
31 376 10000 10950 74908 806187 123569 12417
169 252 10000 10949 74908 806134 124077 12417
341 143 10000 10788 573344 644620 285881 95044
206 120 10000 10932 141819 785122 145394 23511
153 263 10000 11000 51067 842462 91093 8473
379 369 10000 11022 141819 855207 79152 23511
273 14 10000 10937 141819 790644 146755 23511
393 391 10000 11102 1177 918958 20570 196
382 134 10000 11013 51067 847901 91690 8473
258 57 10000 10966 74908 816156 123746 12417
275 107 10000 10954 93293 808715 133293 15471
51 88 10000 10852 237853 709758 233518 39430
216 291 10000 10958 93293 812261 131117 15471
213 263 10000 10936 141819 790339 153674 23511
313 5 10000 10971 74908 820734 124379 12417
252 48 10000 10972 74908 821575 123569 12417
111 323 10000 10943 141819 799910 148909 23511
60 49 10000 10935 141819 787809 161994 23511
91 326 10000 11028 51067 859629 90786 8473
283 337 10000 10993 51067 839160 111628 8473
325 181 10000 10930 51067 783879 168332 8473
181 213 10000 10979 74908 828688 123657 12417
176 40 10000 10941 141819 794684 157769 23511
225 370 10000 11031 51067 862328 90791 8473
177 360 10000 11037 37323 868823 87036 6187
145 144 10000 11083 51067 905530 50411 8473
305 193 10000 10916 237853 770487 185947 39430
296 305 10000 10955 141819 811072 145779 23511
4 128 10000 11017 37323 850768 108875 6187
233 169 10000 10951 141819 807141 152569 23511
23 222 10000 10991 74908 835927 123785 12417
168 165 10000 11077 74908 898525 62266 12417
261 105 10000 10992 74908 837263 123569 12417
196 161 10000 10965 141819 815493 145474 23511
234 149 10000 10962 93293 814254 147062 15471
264 64 10000 11108 1177 922270 40997 196
325 338 10000 10997 51067 841024 122760 8473
339 390 10000 11039 51067 873031 91074 8473
176 78 10000 10995 74908 840614 124126 12417
50 129 10000 10968 141819 817581 147163 23511
22 5 10000 11046 28000 882616 83026 4644
139 133 10000 11078 93293 899189 67931 15471
135 116 10000 10986 37323 832345 135755 6187
348 225 10000 11004 74908 843619 124617 12417
319 273 10000 10996 93293 840919 131433 15471
218 99 10000 10847 573344 708163 265991 95044
370 241 10000 11120 4264 932353 41998 708
251 340 10000 10982 141819 830433 145429 23511
396 280 10000 11019 74908 853203 123642 12417
361 30 10000 11062 37323 890158 86744 6187
177 118 10000 11014 74908 848461 129112 12417
141 397 10000 11020 74908 853617 124169 12417
208 304 10000 10994 51067 840303 139490 8473
356 110 10000 11042 51067 877086 103325 8473
26 3 10000 11063 51067 890431 90786 8473
88 114 10000 11026 74908 858157 124093 12417
314 34 10000 11069 51067 892882 91090 8473
346 189 10000 11012 74908 847576 137259 12417
298 112 10000 11049 51067 885706 99832 8473
73 234 10000 11070 28000 893346 92280 4644
266 355 10000 11061 51067 889818 96382 8473
5 267 10000 10957 141819 812047 175538 23511
140 92 10000 11023 93293 856267 131560 15471
320 90 10000 10973 141819 823672 165503 23511
35 348 10000 11081 37323 901477 88100 6187
93 178 10000 11021 93293 855132 135859 15471
399 296 10000 11088 28000 908378 83169 4644
318 233 10000 11044 51067 881845 109939 8473
43 212 10000 10857 237853 715608 276222 39430
383 3 10000 11075 51067 897837 94621 8473
148 283 10000 10998 141819 841366 151323 23511
304 295 10000 11034 74908 867475 125319 12417
240 217 10000 11068 51067 892668 100438 8473
165 219 10000 10953 237853 808236 185952 39430
263 126 10000 11015 93293 849839 144772 15471
213 292 10000 11066 51067 891812 103184 8473
59 0 10000 11076 51067 897892 97549 8473
8 265 10000 11080 51067 899559 96062 8473
188 387 10000 10976 141819 827222 168479 23511
248 213 10000 11006 141819 845382 150549 23511
201 167 10000 11016 93293 850078 146204 15471
128 285 10000 11082 51067 904992 92197 8473
298 303 10000 11002 93293 842687 154782 15471
30 312 10000 11086 51067 906974 90946 8473
341 189 10000 11033 93293 864959 133272 15471
67 296 10000 11024 93293 856512 142742 15471
32 209 10000 11157 1177 959314 40820 196
292 104 10000 10838 573344 701646 298930 95044
325 398 10000 10999 51067 841932 158740 8473
203 59 10000 11097 37323 912941 88023 6187
331 171 10000 11090 51067 910616 90786 8473
242 136 10000 10867 573344 726096 279286 95044
1 23 10000 10908 237853 762888 242939 39430
288 386 10000 10851 573344 708944 298252 95044
372 71 10000 11040 93293 876362 130870 15471
103 225 10000 11089 51067 908535 98858 8473
43 27 10000 10878 237853 731266 276816 39430
194 137 10000 11048 74908 884480 124429 12417
147 16 10000 11007 141819 845799 164176 23511
66 62 10000 11133 93293 943520 67619 15471
245 365 10000 11055 74908 888074 123797 12417
390 165 10000 11054 74908 888065 124215 12417
294 356 10000 11116 28000 929729 83257 4644
285 19 10000 11105 51067 920823 92333 8473
54 273 10000 11060 74908 889572 123774 12417
295 290 10000 11139 93293 946371 67367 15471
124 108 10000 11173 1177 973009 40914 196
58 109 10000 10977 237853 827879 186185 39430
258 217 10000 11064 74908 890580 123569 12417
170 367 10000 11038 141819 870606 144137 23511
141 147 10000 11141 93293 947281 67763 15471
243 111 10000 11051 93293 886238 131804 15471
233 164 10000 11057 93293 888571 129874 15471
82 329 10000 11053 93293 887042 131535 15471
160 168 10000 11150 74908 956138 62846 12417
78 17 10000 11115 51067 928647 90786 8473
238 130 10000 11100 51067 914074 105979 8473
348 223 10000 11114 51067 927777 92533 8473
213 184 10000 10934 237853 786451 235440 39430
304 139 10000 11117 28000 929882 92348 4644
131 332 10000 11119 51067 931791 90820 8473
277 158 10000 11079 74908 899399 123608 12417
203 206 10000 11178 37323 978247 45201 6187
103 125 10000 10988 237853 833530 190362 39430
228 169 10000 11122 51067 933237 90786 8473
348 245 10000 11129 37323 939097 85936 6187
303 377 10000 10956 237853 811446 214772 39430
349 21 10000 11073 93293 896647 129636 15471
392 224 10000 11131 37323 941470 85936 6187
358 287 10000 11118 51067 931471 98705 8473
75 231 10000 11085 74908 906609 124057 12417
26 309 10000 11072 93293 893679 139650 15471
321 113 10000 11035 141819 867738 165727 23511
59 343 10000 11059 141819 889073 145589 23511
292 175 10000 10989 237853 834281 200996 39430
258 159 10000 11132 51067 942600 93832 8473
154 17 10000 11056 141819 888100 148720 23511
305 155 10000 11137 51067 945595 91266 8473
392 230 10000 11134 51067 943648 93237 8473
234 364 10000 11071 141819 893609 146436 23511
321 322 10000 11171 51067 971791 68491 8473
363 6 10000 10974 237853 824173 217448 39430
108 342 10000 10925 573344 775417 266223 95044
370 388 10000 11087 74908 907483 134266 12417
151 40 10000 11050 141819 885749 156306 23511
212 195 10000 11045 74908 882605 159765 12417
156 8 10000 11154 37323 958239 86720 6187
273 329 10000 11109 74908 923776 124539 12417
352 48 10000 11098 93293 913788 135060 15471
102 379 10000 11058 141819 888699 160628 23511
2 131 10000 10901 573344 754049 295593 95044
331 101 10000 11210 15443 1005693 45878 2565
169 185 10000 11104 93293 920184 131500 15471
341 213 10000 11107 93293 921506 130992 15471
132 354 10000 11005 141819 844944 207757 23511
367 319 10000 11161 51067 962918 90786 8473
27 203 10000 11111 93293 924514 130110 15471
79 56 10000 11092 141819 910756 145554 23511
148 320 10000 11166 51067 966272 90787 8473
2 123 10000 11155 51067 958959 99184 8473
210 377 10000 11151 51067 956275 102987 8473
286 90 10000 11112 93293 924766 135034 15471
390 337 10000 11227 1177 1018862 40997 196
230 268 10000 10933 573344 785719 274201 95044
145 74 10000 11106 93293 921253 138779 15471
290 103 10000 11008 237853 846337 213890 39430
85 109 10000 11121 74908 933153 127591 12417
265 267 10000 11180 141819 981585 79996 23511
91 205 10000 11094 141819 911495 150522 23511
39 219 10000 11126 74908 935924 127926 12417
106 244 10000 11174 51067 973442 90836 8473
322 29 10000 11096 141819 912201 152906 23511
304 330 10000 11043 237853 880104 186481 39430
325 161 10000 11149 37323 955529 111477 6187
47 172 10000 10948 237853 805743 262831 39430
339 175 10000 11136 74908 945538 123843 12417
351 218 10000 11047 237853 882935 189338 39430
261 119 10000 11036 51067 868268 204845 8473
369 150 10000 11158 51067 960275 113778 8473
111 60 10000 11145 74908 951742 123940 12417
188 237 10000 10917 573344 771257 305287 95044
242 105 10000 11093 93293 911361 166196 15471
309 211 10000 11065 237853 891160 187083 39430
383 74 10000 11123 93293 934865 144161 15471
19 239 10000 11003 141819 842937 236557 23511
191 112 10001 11184 37323 984524 95184 6187
171 355 10000 11198 28000 992323 87909 4644
217 62 10000 11187 37323 985563 94971 6187
90 192 10000 11143 93293 951212 129934 15471
243 347 10000 11152 74908 956809 125097 12417
162 186 10000 10910 573344 764641 318200 95044
352 339 10000 11197 51067 991640 91261 8473
263 31 10000 11127 141819 938112 145830 23511
343 43 10000 11195 51067 991324 92817 8473
134 354 10000 11110 74908 923819 160364 12417
25 328 10000 11200 51067 994724 91019 8473
113 30 10000 11160 74908 961011 124967 12417
205 336 10000 11162 74908 963204 124054 12417
244 135 10000 11113 141819 926895 160586 23511
174 146 10000 11144 93293 951216 136978 15471
24 4 10000 11163 74908 963972 124525 12417
166 125 10000 11165 74908 964903 123604 12417
99 277 10000 11067 74908 892032 197870 12417
32 140 10000 11130 141819 939158 150803 23511
161 298 10000 11213 28000 1008565 83046 4644
11 222 10000 11204 51067 1000839 90926 8473
345 46 10000 11203 51067 1000245 91975 8473
71 181 10000 11029 237853 859779 235197 39430
242 36 10000 11095 141819 911801 183968 23511
164 79 10000 11207 51067 1004703 91121 8473
81 360 10000 11208 51067 1005086 90786 8473
360 7 10000 11205 51067 1003363 93053 8473
307 374 10000 11091 237853 910672 186296 39430
38 277 10000 11167 93293 966981 130287 15471
145 156 10000 11190 237853 987236 112126 39430
271 169 10000 11140 141819 947067 153789 23511
235 51 10000 11099 237853 913985 187507 39430
288 156 10000 11225 28000 1018440 83323 4644
289 78 10000 11172 93293 972828 129874 15471
280 117 10000 11219 51067 1012867 91389 8473
355 80 10000 11224 37323 1018109 86222 6187
125 245 10000 11276 1177 1063553 40820 196
284 182 10000 11179 74908 980324 124313 12417
117 15 10000 11232 37323 1020987 87808 6187
90 2 10000 11230 51067 1020158 90730 8473
208 60 10000 11216 51067 1010942 100141 8473
355 384 10000 11189 74908 986487 125356 12417
222 340 10000 11183 74908 984209 127652 12417
46 85 10000 11164 93293 964751 147616 15471
208 178 10000 11169 74908 968352 144186 12417
194 390 10000 11237 37323 1025985 87545 6187
65 116 10000 11182 93293 983552 130256 15471
382 183 10000 11238 37323 1027516 86375 6187
376 151 10000 11192 74908 988349 127509 12417
106 130 10000 11186 93293 985494 130470 15471
242 146 10000 11138 141819 946183 171789 23511
189 163 10000 11220 51067 1012984 105596 8473
389 110 10000 11168 141819 967398 151278 23511
377 184 10000 11240 51067 1028337 90786 8473
273 369 10000 11103 237853 919003 201311 39430
328 103 10000 11170 141819 971272 149166 23511
306 41 10000 11175 141819 975106 145791 23511
158 396 10000 11249 37323 1036362 86267 6187
153 12 10000 11251 37323 1037305 85936 6187
262 11 10000 11245 51067 1033302 91726 8473
71 168 10000 11202 93293 998217 130026 15471
318 8 10000 11181 141819 982678 145906 23511
118 302 10000 11030 573344 860832 268621 95044
391 154 10000 11199 93293 994454 137643 15471
72 145 10000 11188 141819 986069 147754 23511
146 255 10000 11101 237853 915670 218536 39430
194 397 10000 11135 237853 944221 190134 39430
232 189 10000 11074 237853 897747 238199 39430
352 376 10000 11211 74908 1007801 129074 12417
205 53 10000 11194 93293 990482 146969 15471
293 174 10000 11142 237853 948834 189355 39430
269 141 10000 11260 51067 1047774 90786 8473
255 122 10000 10896 573344 748781 392217 95044
382 241 10000 11266 51067 1051645 90786 8473
170 199 10000 11146 237853 953012 190767 39430
308 327 10000 11257 51067 1044720 99665 8473
43 81 10000 11272 28000 1061385 83333 4644
357 294 10000 11221 93293 1015525 129874 15471
102 169 10000 11316 1177 1105217 40820 196
211 215 10000 11299 74908 1085007 61789 12417
229 92 10000 11235 74908 1023500 123579 12417
78 345 10000 11159 237853 960490 186589 39430
151 251 10000 11270 51067 1057086 90998 8473
1 143 10000 11228 93293 1019577 130374 15471
200 250 10000 11212 74908 1008480 141932 12417
52 255 10000 11222 93293 1015674 135028 15471
390 228 10000 11264 51067 1050755 104098 8473
68 118 10000 10975 573344 825612 331354 95044
155 291 10000 11256 51067 1044613 112595 8473
222 332 10000 11280 51067 1065431 91833 8473
247 179 10000 11218 141819 1011284 146511 23511
307 294 10000 11274 51067 1062382 97436 8473
354 287 10000 11243 93293 1032124 130024 15471
20 87 10000 11231 74908 1020527 141884 12417
311 272 10000 11279 51067 1064847 98001 8473
49 250 10000 11223 141819 1017615 145933 23511
308 134 10000 11248 74908 1036086 127772 12417
232 118 10000 11294 28000 1080184 84413 4644
96 12 10000 11177 237853 977744 187292 39430
107 116 10000 11315 74908 1104222 61789 12417
208 88 10000 11242 74908 1029603 137544 12417
81 376 10000 11244 93293 1032753 135906 15471
246 46 10000 11254 51067 1042321 127072 8473
157 38 10000 11300 28000 1085073 84832 4644
18 299 10000 11250 74908 1036377 133580 12417
113 370 10000 11259 74908 1046051 124146 12417
253 50 10000 11293 51067 1079043 91363 8473
387 304 10000 11185 237853 984652 187077 39430
23 292 10000 11295 51067 1080814 91153 8473
188 157 10000 11255 93293 1043176 130293 15471
132 253 10000 11234 141819 1022931 151595 23511
35 202 10000 11298 51067 1084326 91618 8473
301 292 10000 11305 37323 1089947 86648 6187
45 146 10000 11236 141819 1023817 153651 23511
60 32 10000 11258 93293 1045283 132845 15471
273 92 10000 11267 74908 1052460 125833 12417
30 384 10000 11303 51067 1088248 91934 8473
362 305 10000 11148 237853 954227 226894 39430
67 240 10000 11201 237853 996464 184994 39430
266 260 10000 11330 74908 1118231 65566 12417
146 235 10000 11215 141819 1010428 173734 23511
181 133 10000 11268 93293 1052926 131859 15471
111 243 10000 11027 573344 859533 326282 95044
85 300 10000 11246 141819 1033869 153154 23511
62 255 10000 11156 237853 959090 227998 39430
17 186 10000 11278 74908 1064787 123633 12417
346 397 10000 11253 141819 1041456 147090 23511
115 275 10000 11281 74908 1065556 123814 12417
384 284 10000 11229 93293 1019786 170097 15471
7 96 10000 11052 573344 886653 303428 95044
379 260 10000 11307 51067 1092443 97960 8473
145 163 10000 11239 93293 1028023 163598 15471
218 381 10000 11209 237853 1005514 187011 39430
348 398 10000 11309 51067 1094440 98188 8473
270 314 10000 11214 237853 1010178 188282 39430
213 27 10000 11265 141819 1051404 149411 23511
19 138 10000 11261 51067 1047972 155445 8473
33 395 10000 11325 51067 1113379 90970 8473
72 226 10000 11247 93293 1035375 171035 15471
115 88 10000 11324 51067 1113204 93251 8473
279 115 10000 11291 93293 1078140 129964 15471
341 226 10000 11288 74908 1074716 135226 12417
226 348 10000 11282 141819 1065687 145961 23511
327 91 10000 11302 74908 1088105 123751 12417
264 333 10000 11403 1177 1171951 40820 196
172 342 10000 11241 237853 1028937 185716 39430
74 89 10000 11297 74908 1083972 131280 12417
278 318 10000 11406 1177 1175686 41373 196
288 278 10000 11308 74908 1094265 123569 12417
18 157 10000 11335 51067 1123991 100746 8473
323 148 10000 11286 141819 1071866 153972 23511
243 342 10000 11337 28000 1127979 98365 4644
95 88 10000 10809 2076744 673364 553011 344245
295 35 10000 11313 74908 1099495 128409 12417
320 183 10000 11285 141819 1068981 159497 23511
39 182 10000 11353 51067 1138340 93278 8473
53 253 10000 11018 573344 851277 381292 95044
259 349 10000 11367 28000 1149847 84387 4644
320 257 10000 11290 74908 1077762 156812 12417
60 6 10000 11262 237853 1049928 186697 39430
190 137 10000 11311 93293 1099374 138647 15471
263 186 10000 11352 51067 1137935 100602 8473
109 319 10000 11321 93293 1109794 129890 15471
170 394 10000 11327 74908 1115704 124011 12417
175 187 10000 11348 51067 1137278 103161 8473
149 299 10000 11304 93293 1089287 151254 15471
374 123 10000 11357 37323 1140545 100676 6187
139 150 10000 11320 93293 1109211 132089 15471
71 380 10000 11333 74908 1118943 124231 12417
365 71 10000 11233 237853 1022576 220864 39430
364 196 10000 11343 51067 1134195 110807 8473
53 187 10000 11252 93293 1038733 208036 15471
19 41 10000 11319 37323 1107879 139781 6187
314 376 10000 11368 51067 1150214 100073 8473
129 118 10000 11378 51067 1159517 91195 8473
167 266 10000 11277 237853 1063718 188752 39430
285 87 10000 11191 237853 988158 264962 39430
60 289 10000 11448 1177 1213293 40820 196
165 184 10000 11263 237853 1050621 204368 39430
195 159 10000 11326 93293 1114229 140863 15471
66 308 10000 11283 237853 1065805 190430 39430
95 385 10000 11391 51067 1165000 91367 8473
191 186 10000 11366 237853 1149476 109745 39430
160 376 10000 11125 573344 934988 324451 95044
144 271 10000 11196 573344 991520 268061 95044
76 37 10000 11381 51067 1160554 99076 8473
16 232 10000 11346 74908 1136069 124108 12417
283 144 10000 11271 237853 1058173 202831 39430
55 42 10000 11379 141819 1159700 101420 23511
38 365 10000 11273 237853 1061665 201074 39430
243 190 10000 11011 573344 847506 415577 95044
146 31 10000 11400 51067 1169517 94169 8473
238 66 10000 11395 51067 1165843 99269 8473
190 95 10000 11332 74908 1118769 147303 12417
91 291 10000 11361 74908 1142741 124773 12417
172 155 10000 11414 37323 1181254 86269 6187
160 337 10000 11351 93293 1137698 130968 15471
9 40 10000 11393 51067 1165792 104606 8473
302 279 10000 11342 74908 1133478 137372 12417
277 81 10000 11411 51067 1180490 90786 8473
390 242 10000 11206 573344 1004000 267328 95044
395 181 10000 11370 74908 1150694 123569 12417
358 334 10000 11338 141819 1129986 145394 23511
178 173 10000 11447 74908 1213267 62186 12417
208 174 10000 11217 573344 1011003 266642 95044
102 226 10000 11415 51067 1183558 95120 8473
79 21 10000 11423 37323 1193543 86017 6187
276 226 10000 11427 28000 1196752 83026 4644
141 155 10000 11449 93293 1214038 67191 15471
276 271 10000 11428 141819 1199257 82028 23511
170 35 10000 11377 74908 1158211 123967 12417
145 118 10000 11421 51067 1191668 90949 8473
259 302 10000 11310 237853 1098758 184237 39430
209 52 10000 11322 141819 1109922 173084 23511
39 116 10000 11359 93293 1142286 140883 15471
91 155 10000 11124 573344 934885 348531 95044
198 369 10000 11422 51067 1192455 91576 8473
374 241 10000 11147 573344 954086 330193 95044
70 320 10000 11374 93293 1155192 130735 15471
171 109 10000 11384 74908 1162622 123843 12417
98 251 10000 11385 74908 1162788 123782 12417
32 37 10000 11314 573344 1104129 182473 95044
112 383 10000 11226 573344 1018448 268921 95044
39 357 10000 11356 93293 1140442 148547 15471
381 324 10000 11375 93293 1156099 133208 15471
323 309 10000 11317 237853 1106026 184105 39430
274 354 10000 11350 141819 1137403 153315 23511
274 227 10000 11386 74908 1163460 129683 12417
336 288 10000 11354 141819 1138476 154761 23511
14 215 10000 11383 93293 1162119 131271 15471
338 103 10000 11401 74908 1170034 123724 12417
28 289 10000 11362 141819 1145219 150971 23511
80 163 10000 11373 141819 1151979 144974 23511
234 392 10000 11289 237853 1074913 223645 39430
104 359 10000 11436 51067 1204953 94181 8473
94 314 10000 11396 74908 1167234 132038 12417
215 146 10000 11442 51067 1208901 90995 8473
335 360 10000 11363 141819 1146178 153831 23511
212 256 10000 11451 28000 1218804 85190 4644
27 224 10000 11435 51067 1203525 100538 8473
59 19 10000 11292 237853 1078341 226045 39430
85 237 10000 11331 237853 1118666 187306 39430
72 167 10000 11358 141819 1141275 165429 23511
249 205 10000 11334 237853 1119371 190467 39430
365 345 10000 11193 573344 990110 320126 95044
125 254 10000 11416 74908 1186705 123569 12417
130 125 10000 11490 74908 1248394 62027 12417
111 10 10000 11440 51067 1208179 102889 8473
4 337 10000 11153 573344 956910 356204 95044
374 125 10000 11425 37323 1195368 118267 6187
212 314 10000 11389 141819 1164356 150568 23511
199 301 10000 11407 93293 1178282 137718 15471
27 75 10000 11355 141819 1140170 176018 23511
292 191 10000 11468 28000 1231467 85892 4644
398 148 10000 11463 51067 1226290 91227 8473
144 302 10000 11409 93293 1179805 138760 15471
344 188 10000 11329 237853 1117744 201057 39430
318 29 10000 11388 93293 1164025 155036 15471
305 216 10000 11426 74908 1196332 124273 12417
7 309 10000 11176 573344 975655 345227 95044
205 379 10000 11345 237853 1135403 185918 39430
351 241 10000 11340 237853 1132989 188464 39430
103 230 10000 11466 28000 1231082 90506 4644
230 189 10000 11336 141819 1125406 196249 23511
374 371 10000 11494 51067 1251180 71001 8473
311 45 10000 11479 37323 1236283 85936 6187
131 2 10000 11430 74908 1199521 123835 12417
121 63 10000 11349 237853 1137368 186102 39430
175 240 10000 11347 237853 1136542 187147 39430
311 218 10000 11429 74908 1199274 124807 12417
231 251 10000 11392 141819 1165523 159397 23511
394 198 10000 11025 573344 856976 468352 95044
50 390 10000 11344 237853 1134821 191732 39430
48 287 10000 11341 237853 1133160 194703 39430
153 245 10000 11399 141819 1169269 159142 23511
332 40 10000 11444 51067 1210098 118379 8473
294 363 10000 11418 93293 1189529 139659 15471
76 88 10000 11398 141819 1168232 162185 23511
171 69 10000 11477 51067 1235425 99386 8473
285 142 10000 11446 74908 1211607 123662 12417
249 0 10000 11488 51067 1244516 90816 8473
209 132 10000 11498 28000 1251650 84225 4644
203 159 10000 11369 141819 1150414 188921 23511
184 55 10000 11410 141819 1180421 159153 23511
201 219 10000 11528 74908 1278072 62415 12417
306 140 10000 11437 74908 1205849 135792 12417
104 11 10000 11495 51067 1251369 91218 8473
232 55 10000 11318 237853 1107416 235334 39430
184 353 10000 11453 74908 1219926 123735 12417
47 114 10000 11458 74908 1222551 124361 12417
132 56 10000 11457 74908 1222269 124754 12417
209 86 10000 11459 74908 1222585 125709 12417
325 15 10000 11128 573344 938612 409897 95044
161 386 10000 11454 74908 1220381 128268 12417
309 134 10000 11445 93293 1210492 138504 15471
375 13 10000 11487 51067 1243832 105492 8473
132 286 10000 11493 51067 1251156 98292 8473
3 347 10000 11439 93293 1206910 143580 15471
374 149 10000 11404 74908 1172929 178335 12417
218 340 10000 11432 141819 1201272 150395 23511
275 16 10000 11438 141819 1206068 146195 23511
84 71 10000 11464 74908 1228743 123923 12417
274 81 10000 11433 141819 1201316 152740 23511
167 63 10000 11380 237853 1160448 193966 39430
319 263 10000 11520 37323 1269480 86114 6187
49 178 10000 11509 51067 1260185 96602 8473
151 187 10000 11402 237853 1171433 186414 39430
76 32 10000 11504 51067 1256673 101799 8473
243 115 10000 11360 237853 1142288 217391 39430
89 6 10000 11424 141819 1193777 166288 23511
20 94 10000 11460 93293 1223869 137592 15471
213 13 10000 11524 51067 1271037 91254 8473
237 175 10000 11517 51067 1267297 95359 8473
165 162 10000 11570 51067 1310507 52993 8473
302 361 10000 11586 1177 1324589 41225 196
16 188 10000 11387 237853 1163899 202776 39430
373 172 10000 11455 141819 1220526 146836 23511
286 168 10000 11482 93293 1237386 132885 15471
306 310 10000 11620 15443 1345247 25404 2565
178 246 10000 11529 51067 1279642 91509 8473
147 37 10000 11489 74908 1247856 123678 12417
383 284 10000 11465 93293 1229442 142496 15471
3 211 10000 11469 93293 1231862 143179 15471
157 229 10000 11382 237853 1161754 214006 39430
290 142 10000 11526 51067 1276574 99218 8473
181 334 10000 11486 93293 1240986 134855 15471
245 94 10000 11390 237853 1164631 212428 39430
124 372 10000 11456 141819 1221484 155585 23511
108 339 10000 11523 51067 1270786 107611 8473
235 366 10000 11467 141819 1231325 148980 23511
49 318 10000 11491 93293 1249762 130699 15471
207 8 10000 11547 51067 1289847 90949 8473
374 260 10000 11476 93293 1235370 145767 15471
196 194 10000 11462 573344 1226228 154989 95044
182 29 10000 11546 51067 1289315 92121 8473
202 44 10000 11548 51067 1290967 90786 8473
223 299 10000 11328 141819 1116804 265104 23511
263 10 10000 11505 74908 1257433 124862 12417
51 115 10000 11484 93293 1237769 145625 15471
342 350 10000 11568 93293 1309274 74122 15471
345 143 10000 11507 74908 1259106 124833 12417
359 393 10000 11553 51067 1294227 92132 8473
297 82 10000 11549 51067 1291689 94759 8473
303 33 10000 11496 93293 1251411 135634 15471
292 200 10000 11323 573344 1112940 274766 95044
7 96 10001 11480 141819 1236453 152172 23511
12 322 10000 11515 74908 1265810 123569 12417
103 385 10000 11470 141819 1232130 157532 23511
337 351 10000 11556 51067 1295961 94427 8473
381 97 10000 11500 93293 1254901 136208 15471
357 110 10000 11516 74908 1266958 124250 12417
370 123 10000 11312 573344 1099392 292572 95044
6 159 10000 11417 237853 1189096 203138 39430
353 86 10000 11511 74908 1261759 134209 12417
237 167 10000 11518 74908 1268711 127415 12417
103 166 10000 11521 93293 1269517 130331 15471
328 80 10000 11481 141819 1236503 164032 23511
264 210 10000 11513 74908 1265107 135460 12417
284 230 10000 11563 51067 1304432 96879 8473
372 162 10000 11634 15443 1357518 47476 2565
286 35 10000 11483 141819 1237489 167589 23511
160 369 10000 11510 141819 1260446 145456 23511
292 111 10000 11583 28000 1322616 83495 4644
229 321 10000 11534 74908 1282031 124275 12417
13 308 10000 11628 4264 1354024 53185 708
263 343 10000 11535 74908 1282233 125702 12417
6 166 10000 11565 51067 1306292 101947 8473
340 147 10000 11571 51067 1314011 95977 8473
54 138 10000 11573 51067 1314854 95455 8473
278 235 10000 11450 237853 1217048 194770 39430
86 153 10000 11540 74908 1285635 126595 12417
399 285 10000 11527 74908 1277190 135161 12417
44 363 10000 11589 28000 1327823 84544 4644
250 163 10000 11475 93293 1235019 177657 15471
349 339 10000 11533 93293 1281796 132655 15471
221 183 10000 11539 93293 1283537 131852 15471
354 63 10000 11576 51067 1318853 96643 8473
302 34 10000 11587 51067 1325003 90841 8473
19 126 10000 11522 74908 1270607 145776 12417
51 333 10000 11471 141819 1233900 183453 23511
180 64 10000 11461 237853 1225609 193084 39430
359 140 10000 11592 51067 1328537 90786 8473
34 291 10000 11550 93293 1291926 129874 15471
143 327 10000 11557 74908 1297819 124186 12417
318 223 10000 11602 28000 1337537 87885 4644
161 193 10000 11561 74908 1302213 123655 12417
344 55 10000 11525 141819 1273609 152363 23511
121 189 10000 11591 51067 1328271 97794 8473
33 27 10000 11658 37323 1376261 50214 6187
115 178 10000 11562 74908 1302305 124752 12417
286 70 10000 11616 28000 1342941 84776 4644
293 214 10000 11601 51067 1337411 90982 8473
270 310 10000 11501 28000 1255135 174787 4644
64 326 10000 11603 51067 1338427 91603 8473
162 330 10000 11566 74908 1306465 124094 12417
42 258 10000 11604 51067 1339344 91258 8473
122 260 10000 11560 74908 1301943 129610 12417
165 301 10000 11544 93293 1288850 143022 15471
51 188 10000 11443 237853 1210001 223842 39430
357 24 10000 11542 141819 1285938 149693 23511
155 28 10000 11519 141819 1269315 167554 23511
310 375 10000 11472 237853 1234141 203764 39430
65 313 10000 11405 573344 1173034 265313 95044
111 102 10000 11555 237853 1294505 144109 39430
188 80 10000 11567 93293 1308836 131311 15471
10 27 10000 11408 573344 1179755 260795 95044
326 48 10000 11572 74908 1314158 126498 12417
70 356 10000 11499 237853 1253618 188407 39430
305 375 10000 11623 51067 1350032 94682 8473
20 324 10000 11434 237853 1201546 243965 39430
248 309 10000 11543 141819 1288128 159001 23511
383 12 10000 11665 15443 1381392 65843 2565
40 389 10000 11485 74908 1238180 210795 12417
284 167 10000 11554 141819 1294235 155091 23511
335 319 10000 11584 74908 1323307 127373 12417
254 24 10000 11569 93293 1310089 140687 15471
316 41 10000 11648 28000 1368011 83100 4644
315 331 10000 11636 37323 1358311 93186 6187
85 83 10000 11686 51067 1397297 55831 8473
298 28 10000 11578 51067 1319222 134288 8473
330 306 10000 11622 51067 1348198 106047 8473
156 391 10000 11595 74908 1330462 123989 12417
30 45 10000 11653 28000 1371510 83700 4644
230 86 10000 11564 141819 1305703 150133 23511
90 28 10000 11575 93293 1316886 140213 15471
314 232 10000 11420 573344 1191620 267013 95044
309 26 10000 11497 237853 1251460 208578 39430
378 143 10000 11371 573344 1151419 310046 95044
84 268 10000 11597 74908 1334196 127756 12417
53 39 10000 11656 28000 1374692 87421 4644
372 145 10000 11585 93293 1324103 142891 15471
122 292 10000 11718 15443 1420183 47016 2565
224 19 10000 11579 141819 1319360 148653 23511
342 219 10000 11537 237853 1283350 186107 39430
74 123 10000 11662 51067 1379095 90786 8473
157 165 10000 11512 237853 1262123 208460 39430
394 234 10000 11593 93293 1329181 141424 15471
110 248 10000 11664 51067 1381154 91379 8473
128 272 10000 11667 51067 1382575 91669 8473
23 198 10000 11613 74908 1342188 132475 12417
165 340 10000 11654 37323 1373980 101287 6187
9 250 10000 11625 74908 1351273 124768 12417
286 67 10000 11619 74908 1345187 131784 12417
223 158 10000 11508 51067 1259748 218077 8473
39 24 10000 11732 51067 1428328 49656 8473
399 306 10000 11627 74908 1353957 124041 12417
334 45 10000 11615 93293 1342718 135858 15471
320 351 10000 11541 237853 1285913 192687 39430
295 94 10000 11596 141819 1333542 145394 23511
84 32 10000 11631 74908 1355926 123654 12417
330 69 10000 11599 141819 1335600 145191 23511
27 67 10000 11626 74908 1353765 127206 12417
165 324 10000 11502 237853 1256151 225097 39430
62 37 10000 11661 51067 1378725 104019 8473
249 12 10000 11594 141819 1329660 153517 23511
239 69 10000 11674 37323 1386238 97520 6187
125 272 10000 11618 51067 1343838 140120 8473
281 155 10000 11545 93293 1289067 195165 15471
185 147 10000 11641 74908 1360694 123569 12417
334 58 10000 11608 93293 1340766 143627 15471
288 132 10000 11670 51067 1383438 101223 8473
381 350 10000 11605 141819 1339356 145934 23511
194 376 10000 11600 141819 1337171 148300 23511
312 212 10000 11010 2076744 846803 639277 344245
225 333 10000 11632 93293 1356286 129874 15471
101 299 10000 11680 51067 1391490 95378 8473
10 88 10000 11682 51067 1393587 94058 8473
169 323 10000 11751 4264 1446213 41998 708
86 254 10000 11612 141819 1342115 146196 23511
312 111 10000 11683 51067 1393730 94775 8473
364 127 10000 11644 74908 1361498 127193 12417
6 317 10000 11536 237853 1282802 205922 39430
365 90 10000 11606 93293 1340060 149133 15471
365 142 10000 11666 51067 1381748 107930 8473
261 158 10000 11647 74908 1367995 123569 12417
120 162 10000 11643 93293 1361038 131025 15471
24 392 10000 11607 141819 1340106 152801 23511
233 180 10000 11639 93293 1359217 138427 15471
246 308 10000 11663 51067 1379920 119629 8473
307 340 10000 11611 141819 1341945 159103 23511
71 236 10000 11703 51067 1410501 91762 8473
135 22 10000 11659 74908 1378020 124635 12417
309 97 10000 11687 51067 1397756 105240 8473
328 392 10000 11651 93293 1370051 134987 15471
262 370 10000 11657 93293 1375051 130109 15471
343 398 10000 11707 51067 1414817 91110 8473
138 314 10000 11685 51067 1397250 109015 8473
75 332 10000 11558 237853 1301437 205005 39430
228 19 10000 11708 51067 1415086 91735 8473
93 277 10000 11776 1177 1466357 40820 196
211 225 10000 11669 74908 1383207 124637 12417
353 389 10000 11719 37323 1421484 86597 6187
73 93 10000 11306 573344 1090779 418672 95044
119 345 10000 11676 74908 1387686 123623 12417
252 223 10000 11473 237853 1234440 277129 39430
352 193 10000 11649 141819 1368416 145394 23511
237 314 10000 11695 51067 1402169 112237 8473
317 286 10000 11609 141819 1341297 173521 23511
365 184 10000 11577 237853 1318900 196263 39430
395 284 10000 11723 37323 1423435 92113 6187
369 262 10000 11624 141819 1350977 165037 23511
296 191 10000 11598 141819 1334639 181796 23511
182 221 10000 11672 93293 1384098 133145 15471
174 50 10000 11729 51067 1426660 92336 8473
276 282 10000 11503 573344 1256202 264855 95044
282 256 10000 11673 93293 1384910 136545 15471
270 111 10000 11722 37323 1423390 98399 6187
36 83 10000 11633 141819 1357428 164594 23511
189 332 10000 11590 237853 1328012 194397 39430
371 133 10000 11684 74908 1396543 126668 12417
91 20 10000 11690 74908 1399735 124103 12417
131 87 10000 11660 51067 1378125 147100 8473
275 396 10000 11574 237853 1315016 210312 39430
119 331 10000 11735 51067 1433781 91659 8473
40 364 10000 11675 74908 1386420 139627 12417
101 349 10000 11740 51067 1436479 93544 8473
329 392 10000 11742 51067 1436920 93770 8473
6 273 10000 11741 51067 1436493 94352 8473
362 79 10000 11638 141819 1358747 172914 23511
147 25 10000 11701 74908 1409928 123569 12417
356 303 10000 11749 51067 1443092 91092 8473
14 140 10000 11688 93293 1399148 135375 15471
102 9 10000 11339 573344 1132904 401969 95044
145 27 10000 11621 237853 1346044 189440 39430
394 298 10000 11506 573344 1257952 277575 95044
127 59 10000 11699 74908 1407184 128793 12417
209 360 10000 11702 74908 1410479 125932 12417
136 170 10000 11629 93293 1354640 182329 15471
219 100 10000 11700 74908 1408004 129468 12417
293 41 10000 11678 141819 1391155 146340 23511
73 242 10000 11492 237853 1250904 286622 39430
190 361 10000 11698 93293 1406307 132094 15471
202 199 10000 11709 74908 1415847 123569 12417
329 108 10000 11754 37323 1447433 92163 6187
230 69 10000 11650 74908 1369246 171684 12417
373 152 10000 11760 37323 1455141 86475 6187
96 94 10000 11804 51067 1491989 49850 8473
232 305 10000 11761 51067 1455372 91771 8473
325 113 10000 11765 28000 1458486 89221 4644
358 269 10000 11646 237853 1363127 184802 39430
20 353 10000 11714 74908 1417618 131288 12417
325 178 10000 10780 2076744 637633 912270 344245
146 180 10000 11757 51067 1450414 100504 8473
176 277 10000 11731 74908 1427896 123569 12417
272 122 10000 11610 237853 1341486 209995 39430
324 187 10000 11530 573344 1279764 272128 95044
109 213 10000 11768 51067 1462515 91316 8473
244 309 10000 11710 93293 1415930 138785 15471
85 38 10000 11637 237853 1358693 196023 39430
330 372 10000 11816 1177 1513911 40869 196
136 15 10000 11726 93293 1424975 130849 15471
46 116 10000 11693 141819 1401231 155521 23511
329 294 10000 11717 93293 1419981 138157 15471
114 282 10000 11770 51067 1462844 95390 8473
193 282 10000 11739 51067 1436470 121796 8473
124 55 10000 11737 74908 1434558 123764 12417
288 96 10000 11514 573344 1265161 293248 95044
255 244 10000 11689 237853 1399185 159858 39430
398 232 10000 11655 237853 1374231 185908 39430
64 386 10000 11706 141819 1414731 145561 23511
368 15 10000 11668 93293 1382996 177595 15471
189 57 10000 11721 74908 1422943 139254 12417
125 108 10000 11478 573344 1235669 326555 95044
392 182 10000 11697 141819 1405507 157224 23511
84 107 10000 11691 141819 1400576 163384 23511
143 291 10000 11777 51067 1470708 95165 8473
321 273 10000 11394 573344 1165794 403299 95044
2 284 10000 11734 93293 1432088 137262 15471
344 158 10000 11785 51067 1479152 91264 8473
304 44 10000 11716 141819 1419737 151820 23511
218 314 10000 11419 573344 1189554 382184 95044
397 192 10000 11728 141819 1426253 147096 23511
367 61 10000 11764 37323 1458427 115031 6187
214 369 10000 11797 37323 1487401 87032 6187
184 382 10000 11790 51067 1482749 91865 8473
198 0 10000 11750 93293 1444723 130460 15471
50 342 10000 11743 93293 1436981 139207 15471
159 218 10000 11752 93293 1446688 130329 15471
92 157 10000 11744 74908 1437064 141810 12417
354 240 10000 11705 141819 1411946 169655 23511
158 238 10000 11801 51067 1489207 93374 8473
384 180 10000 11730 74908 1426875 156055 12417
53 292 10000 11736 93293 1434102 148881 15471
381 103 10000 11805 51067 1494393 90786 8473
291 135 10000 11803 37323 1490226 95032 6187
237 64 10000 11763 74908 1457486 127796 12417
267 84 10000 11781 51067 1476385 109469 8473
251 389 10000 11782 51067 1476736 109922 8473
334 147 10000 11755 93293 1448254 138956 15471
367 387 10000 11771 74908 1462986 124308 12417
59 376 10000 11773 74908 1463477 123846 12417
384 127 10000 11581 237853 1321785 265820 39430
8 242 10000 11720 141819 1422810 165144 23511
20 74 10000 11733 141819 1428538 159654 23511
268 320 10000 11774 74908 1465514 123873 12417
153 364 10000 11679 237853 1391476 198020 39430
295 149 10000 11808 51067 1500107 90806 8473
283 59 10000 11802 51067 1490116 101471 8473
181 151 10000 11671 237853 1383733 209280 39430
329 351 10000 11614 237853 1342468 251260 39430
334 110 10000 11746 141819 1440455 153554 23511
11 252 10000 11772 51067 1463190 131520 8473
117 278 10000 11811 51067 1504739 90786 8473
321 22 10000 11084 2076744 905562 690760 344245
44 244 10000 11538 573344 1283454 314009 95044
78 211 10000 11813 37323 1509699 87787 6187
243 202 10000 11783 74908 1477494 123768 12417
111 77 10000 11756 74908 1449624 152089 12417
326 384 10000 11775 74908 1465749 137740 12417
130 3 10000 11704 237853 1410988 194515 39430
266 373 10000 11758 51067 1451339 155396 8473
92 71 10000 11588 573344 1326541 281600 95044
359 291 10000 11795 74908 1487057 123637 12417
207 37 10000 11788 93293 1481597 129874 15471
5 21 10000 11766 141819 1458518 153468 23511
33 93 10000 11727 237853 1425235 186758 39430
120 319 10000 11812 51067 1506809 105561 8473
267 157 10000 11826 37323 1523623 88763 6187
323 358 10000 11868 15443 1566860 45878 2565
91 378 10000 11870 15443 1567463 46369 2565
147 94 10000 11875 1177 1573293 40820 196
182 252 10000 11712 237853 1416604 199222 39430
72 44 10000 11745 141819 1438469 179852 23511
252 377 10000 11852 15443 1547539 71553 2565
81 156 10000 11832 51067 1529592 91016 8473
314 245 10000 11798 93293 1488205 132838 15471
163 0 10000 11580 573344 1319697 302988 95044
322 38 10000 11724 141819 1424242 201772 23511
143 107 10000 11779 141819 1473367 155563 23511
129 93 10000 11799 93293 1488276 141104 15471
363 53 10000 11831 51067 1529240 100234 8473
244 299 10000 11786 141819 1479539 150061 23511
163 225 10000 11791 93293 1483059 146901 15471
129 350 10000 11738 237853 1435409 195426 39430
362 5 10000 11784 141819 1478049 153375 23511
307 354 10000 11807 74908 1498314 134275 12417
54 10 10000 11895 4264 1588333 46865 708
355 260 10000 11793 93293 1486151 149587 15471
5 210 10000 11848 51067 1545048 91840 8473
66 232 10000 11850 51067 1546495 91160 8473
376 321 10000 11817 74908 1514301 124503 12417
366 209 10000 11769 74908 1462581 176259 12417
87 301 10000 11617 93293 1343402 296647 15471
301 30 10000 11552 573344 1293988 348139 95044
337 99 10000 11843 51067 1541531 100649 8473
363 245 10000 11787 141819 1480479 163479 23511
290 105 10000 11818 74908 1515507 128973 12417
210 180 10000 10918 2076744 771871 872646 344245
145 180 10000 11824 74908 1520805 124311 12417
334 167 10000 11815 93293 1512669 133615 15471
33 275 10000 11919 1177 1606163 40820 196
237 156 10000 11861 51067 1554430 92580 8473
251 257 10000 11753 573344 1447027 200392 95044
301 43 10000 11856 51067 1551126 96546 8473
77 76 10000 11890 93293 1581101 67381 15471
15 268 10000 11810 141819 1504246 146624 23511
250 22 10000 11853 51067 1548778 104233 8473
386 166 10000 11792 74908 1483192 170120 12417
299 318 10000 11822 93293 1518232 135980 15471
201 316 10000 11929 1177 1612418 41893 196
94 24 10000 11834 74908 1531712 123608 12417
169 295 10000 11872 37323 1569516 86084 6187
73 142 10000 11696 74908 1402468 256703 12417
197 316 10000 11829 93293 1526834 132551 15471
173 257 10000 11871 51067 1568323 91152 8473
350 137 10000 11780 237853 1473691 186185 39430
68 134 10000 11837 74908 1534438 125659 12417
31 38 10000 11923 51067 1609858 51333 8473
224 304 10000 11845 51067 1543518 118859 8473
347 123 10000 11876 51067 1574057 90786 8473
75 88 10000 11821 141819 1517792 147668 23511
397 251 10000 11796 141819 1487117 178617 23511
327 170 10000 11841 74908 1539004 127931 12417
247 231 10000 11849 74908 1545071 123569 12417
298 204 10000 11287 2076744 1072681 596645 344245
341 75 10000 11846 74908 1544733 127544 12417
250 187 10000 11858 51067 1552526 120065 8473
369 178 10000 11767 93293 1460574 213505 15471
282 66 10000 11855 74908 1551042 124290 12417
141 106 10000 11891 51067 1582699 97576 8473
102 242 10000 11842 93293 1541356 138978 15471
369 94 10000 10904 2076744 758093 922629 344245
151 177 10000 11844 93293 1542725 138035 15471
316 26 10000 11893 51067 1586580 95381 8473
272 130 10000 11652 573344 1371419 314200 95044
209 352 10000 11904 51067 1593504 92180 8473
309 281 10000 11866 51067 1565383 120711 8473
138 113 10000 11711 573344 1416423 270600 95044
232 43 10000 11862 93293 1555551 131494 15471
183 85 10000 11899 51067 1590970 96619 8473
369 130 10000 11809 93293 1501779 186950 15471
148 222 10000 11847 141819 1544794 145621 23511
360 194 10000 11825 141819 1523249 168455 23511
250 351 10000 11901 51067 1591306 101103 8473
364 170 10000 11640 573344 1359580 333137 95044
372 118 10000 11840 141819 1536800 156104 23511
251 379 10000 11922 28000 1609068 84236 4644
25 355 10000 11914 51067 1601803 91699 8473
83 319 10000 11835 141819 1532266 162258 23511
149 133 10000 11778 237853 1472351 222462 39430
343 230 10000 11908 51067 1596482 99255 8473
230 239 10000 11965 51067 1647517 49959 8473
183 365 10000 11869 93293 1567352 132721 15471
305 281 10000 11879 74908 1575547 125676 12417
128 369 10000 11857 93293 1551622 150925 15471
24 388 10000 11927 51067 1611506 91070 8473
236 180 10000 11883 74908 1577641 125548 12417
324 252 10000 11851 141819 1547217 156271 23511
15 267 10000 11887 74908 1579761 123933 12417
219 334 10000 11828 141819 1525630 178619 23511
239 129 10000 11933 51067 1614482 90956 8473
86 310 10000 11864 141819 1560376 145651 23511
277 392 10000 11886 74908 1579539 126544 12417
345 236 10000 11859 141819 1552624 153527 23511
214 360 10000 11823 237853 1520649 186676 39430
54 336 10000 11269 2076744 1055884 652799 344245
257 397 10000 11935 51067 1617489 91353 8473
144 47 10000 11936 37323 1619241 89918 6187
320 285 10000 11926 51067 1611471 98270 8473
2 192 10000 11747 573344 1441019 269689 95044
33 138 10000 11944 51067 1622304 90906 8473
183 97 10000 11938 51067 1620523 92769 8473
227 363 10000 11984 15443 1668266 46125 2565
249 167 10000 11715 573344 1418126 296499 95044
313 336 10000 11939 51067 1620643 94960 8473
38 77 10000 11894 93293 1587216 130385 15471
358 351 10000 11990 28000 1675185 42453 4644
88 122 10000 11953 37323 1631818 88705 6187
330 302 10000 11839 237853 1536249 184335 39430
189 305 10000 11900 74908 1591101 130634 12417
371 396 10000 11582 573344 1322575 399367 95044
389 251 10000 11882 141819 1577280 146053 23511
249 9 10000 11958 28000 1638370 85300 4644
384 211 10000 11884 93293 1577775 147552 15471
223 344 10000 11635 141819 1358069 367852 23511
370 155 10000 11948 51067 1627868 98772 8473
111 162 10000 11943 51067 1622073 106719 8473
236 0 10000 11867 141819 1566196 163689 23511
369 7 10000 11865 74908 1561061 170391 12417
349 64 10000 11921 74908 1607150 124437 12417
294 9 10000 11916 74908 1603898 127776 12417
371 219 10000 11912 74908 1601214 130675 12417
23 328 10000 11913 93293 1601783 130624 15471
195 267 10000 11880 141819 1575877 156970 23511
322 347 10000 11949 51067 1628408 104936 8473
81 148 10000 11896 141819 1588772 145946 23511
34 28 10000 11898 237853 1589594 145553 39430
137 214 10000 11888 141819 1580408 154989 23511
38 18 10000 11915 93293 1602122 133927 15471
57 293 10000 11874 74908 1571688 164560 12417
87 386 10000 11681 141819 1391572 346599 23511
69 366 10000 11947 28000 1626078 112777 4644
327 135 10000 12006 4264 1686462 53232 708
322 17 10000 11892 141819 1585525 154609 23511
222 286 10000 12013 15443 1692750 47475 2565
168 300 10000 11930 93293 1613553 130717 15471
170 0 10000 11931 74908 1613843 131701 12417
238 373 10000 11800 237853 1489163 256424 39430
367 171 10000 12016 15443 1696061 51451 2565
340 372 10000 11934 93293 1617470 130559 15471
324 228 10000 11910 141819 1598653 150401 23511
115 394 10000 11789 573344 1482426 267640 95044
360 216 10000 11907 93293 1596399 154928 15471
306 194 10000 11937 93293 1620118 131362 15471
333 147 10000 11946 74908 1626062 126249 12417
1 158 10000 11968 51067 1649448 103938 8473
154 5 10000 11977 51067 1656491 97051 8473
1 255 10000 11909 141819 1597598 156273 23511
55 276 10000 11940 93293 1621480 133716 15471
252 116 10000 11873 141819 1569729 186051 23511
238 356 10000 11911 141819 1599103 158124 23511
318 252 10000 11952 93293 1629638 133356 15471
194 172 10000 11999 28000 1680922 83026 4644
17 54 10000 11945 93293 1625417 139316 15471
141 380 10000 11860 237853 1552953 212088 39430
202 194 10000 11985 51067 1670115 96413 8473
102 239 10000 11960 74908 1640593 126890 12417
163 16 10000 12003 28000 1684002 83647 4644
318 189 10000 11955 93293 1633579 134750 15471
9 239 10000 11957 93293 1637449 130961 15471
181 182 10000 11987 237853 1671371 98709 39430
193 195 10000 12021 74908 1699654 71664 12417
266 76 10000 11981 51067 1659393 112188 8473
369 128 10000 11878 141819 1574358 197397 23511
159 64 10000 11963 74908 1646145 126774 12417
101 300 10000 12001 51067 1682151 91387 8473
297 88 10000 11950 141819 1629348 146007 23511
321 158 10001 11972 74908 1651967 124233 12417
203 82 10000 11814 573344 1511886 264595 95044
387 45 10000 11902 237853 1592737 185709 39430
347 340 10000 11994 237853 1679555 99444 39430
319 57 10000 11967 93293 1648674 130775 15471
184 352 10000 11969 93293 1649531 130393 15471
297 327 10000 12063 4264 1738366 42018 708
394 31 10000 11885 93293 1577978 203702 15471
245 329 10000 11956 141819 1637439 145394 23511
119 221 10000 11970 93293 1650604 132699 15471
302 385 10000 11877 237853 1574063 210042 39430
354 122 10000 11995 37323 1679665 104518 6187
7 190 10000 11897 237853 1589397 194840 39430
167 14 10000 12070 1177 1744441 40820 196
2 192 10001 12012 51067 1692506 92886 8473
139 253 10000 11903 237853 1592801 193216 39430
155 140 10000 12062 51067 1737790 49967 8473
323 28 10000 11806 237853 1495443 294271 39430
232 3 10000 12020 51067 1698400 91514 8473
262 3 10000 11971 74908 1651171 141839 12417
147 258 10000 11920 237853 1606957 186188 39430
20 73 10000 11692 573344 1400589 393035 95044
134 122 10000 12038 93293 1715678 78426 15471
73 29 10000 11961 93293 1644185 150607 15471
192 97 10000 12030 37323 1709443 86376 6187
184 204 10000 11983 93293 1666771 130440 15471
56 269 10000 12009 37323 1688736 109148 6187
274 150 10000 11905 237853 1596030 205310 39430
107 75 10000 11976 141819 1656432 145394 23511
151 282 10000 12032 51067 1711049 91130 8473
47 8 10000 12085 15443 1756858 45878 2565
97 257 10000 11838 573344 1535865 267205 95044
164 315 10000 12083 1177 1755445 47900 196
268 237 10000 12017 51067 1696783 107477 8473
304 146 10000 11997 74908 1680386 124110 12417
339 278 10000 12031 51067 1711048 94626 8473
83 197 10000 12029 37323 1708992 96765 6187
180 354 10000 11932 141819 1614158 191979 23511
216 164 10000 11962 141819 1644973 162146 23511
89 357 10000 12037 37323 1715667 93671 6187
75 6 10000 12005 74908 1686322 124382 12417
104 226 10000 12043 51067 1720211 90786 8473
48 200 10000 12041 51067 1718303 92704 8473
219 199 10000 12039 51067 1715837 96147 8473
142 219 10000 12018 51067 1698193 113931 8473
34 150 10000 12000 93293 1681290 131251 15471
267 0 10000 12057 28000 1729336 84005 4644
198 372 10000 12049 37323 1724986 89156 6187
396 307 10000 11836 237853 1533042 282357 39430
338 344 10000 12004 93293 1684556 131663 15471
208 98 10000 11988 141819 1671608 146326 23511
7 305 10000 12028 51067 1708891 109473 8473
156 380 10000 11951 237853 1629441 189135 39430
30 126 10000 12014 74908 1695081 123569 12417
19 264 10000 12046 51067 1722702 96303 8473
142 26 10000 12036 51067 1715641 103544 8473
226 50 10000 12053 51067 1728283 91295 8473
31 123 10000 11954 237853 1633145 186591 39430
322 74 10000 12055 51067 1729217 90940 8473
15 323 10000 11991 141819 1675487 147637 23511
191 23 10000 11827 573344 1525038 298765 95044
143 226 10000 12008 93293 1687917 136304 15471
90 24 10000 11996 141819 1679869 145745 23511
365 4 10000 11794 573344 1486626 345417 95044
174 66 10000 12125 15443 1783889 48216 2565
312 21 10000 12066 51067 1743035 90786 8473
5 270 10000 12065 51067 1742501 91333 8473
128 282 10000 12067 51067 1743375 90910 8473
132 279 10000 12002 141819 1682530 151806 23511
2 10 10000 12095 93293 1766141 70893 15471
218 299 10000 11925 141819 1610765 226999 23511
217 378 10001 11975 141819 1652906 185518 23511
57 348 10000 11820 573344 1517639 321998 95044
156 314 10000 12011 93293 1691064 149957 15471
196 51 10000 12075 37323 1749971 91215 6187
68 182 10000 12033 93293 1711434 130347 15471
365 389 10000 11998 141819 1680621 161607 23511
274 127 10000 12076 51067 1750974 91544 8473
357 379 10000 11989 74908 1674317 168526 12417
160 100 10000 11974 237853 1652690 194719 39430
96 276 10000 12027 141819 1707490 142759 23511
214 275 10000 11979 74908 1657007 193722 12417
221 130 10000 12051 74908 1727676 123569 12417
46 195 10000 12044 93293 1721769 129874 15471
166 159 10000 12025 141819 1704171 147528 23511
40 154 10000 12024 74908 1703892 148584 12417
282 351 10000 11942 237853 1621761 231157 39430
84 166 10000 12047 93293 1723319 130273 15471
352 323 10000 12058 74908 1729990 124674 12417
243 356 10000 12054 74908 1728302 127079 12417
283 156 10000 12082 51067 1754007 102057 8473
273 101 10000 12050 74908 1727249 130777 12417
247 110 10000 12034 141819 1712720 145394 23511
35 97 10000 12166 4264 1815692 42605 708
320 245 10000 12056 74908 1729327 129101 12417
53 386 10000 12093 37323 1764383 95410 6187
281 153 10000 12096 51067 1766602 93200 8473
117 37 10000 12169 1177 1819635 40820 196
271 331 10000 12098 51067 1766968 94413 8473
57 398 10000 11918 237853 1604475 257005 39430
27 380 10000 12099 51067 1766984 95701 8473
317 285 10000 12102 51067 1768201 95712 8473
334 335 10000 12164 51067 1814740 49520 8473
188 88 10000 12103 51067 1768712 95639 8473
295 374 10000 12087 51067 1759861 105637 8473
295 255 10000 12035 141819 1715254 154609 23511
119 197 10000 12117 51067 1777723 93411 8473
163 292 10000 12118 51067 1779286 92726 8473
216 77 10000 12022 93293 1701368 171753 15471
368 120 10000 12007 237853 1687168 186256 39430
253 300 10000 12129 37323 1786162 87574 6187
12 263 10000 11762 573344 1457124 417375 95044
210 32 10000 12107 51067 1773114 102399 8473
49 210 10000 12127 51067 1785511 90786 8473
311 279 10000 12081 74908 1753324 123911 12417
239 184 10000 12187 1177 1834069 43903 196
216 43 10000 12105 51067 1770769 107952 8473
220 314 10000 12074 93293 1748922 130198 15471
163 344 10000 12128 51067 1785631 93656 8473
386 199 10000 11881 573344 1576923 303401 95044
371 336 10000 11917 573344 1604379 276137 95044
22 208 10000 12139 37323 1792730 88579 6187
8 301 10000 12068 74908 1743549 138879 12417
205 335 10000 12040 93293 1715989 166657 15471
272 93 10000 12010 237853 1690531 192122 39430
275 90 10000 12130 51067 1786771 98293 8473
32 108 10000 12080 93293 1753129 132469 15471
302 16 10000 11928 573344 1612300 273613 95044
141 198 10000 11964 237853 1646172 240216 39430
33 345 10000 12144 51067 1795528 91040 8473
142 389 10000 12149 37323 1799535 89022 6187
320 239 10000 12015 237853 1696003 193078 39430
220 305 10000 12086 93293 1759132 131102 15471
2 281 10000 12019 237853 1698289 193222 39430
22 249 10000 12090 93293 1762137 130442 15471
290 376 10000 11978 237853 1656643 237320 39430
235 366 10001 12094 93293 1766012 129874 15471
100 319 10000 12106 74908 1772033 125455 12417
144 24 10000 12060 141819 1732410 165322 23511
167 177 10000 12204 51067 1847712 50043 8473
61 268 10000 12111 74908 1774348 124075 12417
11 383 10000 12078 141819 1752053 146549 23511
342 164 10000 12101 93293 1768195 130413 15471
341 352 10000 12168 141819 1819184 79892 23511
110 353 10000 12113 74908 1775315 123966 12417
126 326 10000 12157 51067 1808754 91238 8473
180 303 10000 11924 237853 1610760 289488 39430
341 12 10000 12088 51067 1760645 139886 8473
212 139 10000 12217 4264 1859164 42307 708
384 289 10000 12116 51067 1777311 124308 8473
348 19 10000 11959 141819 1638481 263619 23511
16 14 10000 12210 51067 1852153 50145 8473
212 91 10000 12218 4264 1860960 42547 708
133 59 10000 12153 51067 1803784 100815 8473
20 180 10000 12119 74908 1780329 124434 12417
51 313 10000 12072 141819 1748415 157424 23511
293 99 10000 12136 51067 1789510 118033 8473
171 31 10000 12180 28000 1825364 83026 4644
301 208 10000 12175 37323 1823072 86466 6187
18 8 10000 12199 74908 1844653 66394 12417
327 59 10000 12171 51067 1820322 91651 8473
353 139 10000 11993 237853 1676791 235414 39430
107 186 10000 12109 93293 1773511 140611 15471
130 34 10000 12176 51067 1823652 90786 8473
393 197 10000 12230 1177 1873903 41081 196
214 108 10000 12052 237853 1727999 187388 39430
297 366 10000 12177 51067 1823961 91666 8473
45 246 10000 12084 141819 1755582 160602 23511
93 156 10000 12123 93293 1781517 135602 15471
6 77 10000 12135 93293 1788364 130486 15471
284 208 10000 12110 74908 1773560 146108 12417
380 153 10000 12092 141819 1763431 156749 23511
255 148 10000 12184 37323 1829325 91558 6187
56 136 10000 12138 74908 1791600 130805 12417
113 152 10000 12162 51067 1814428 109705 8473
78 189 10000 12151 74908 1801250 123569 12417
125 7 10000 12243 1177 1884499 41099 196
25 272 10000 12145 93293 1795700 130031 15471
257 245 10000 12238 37323 1881598 44908 6187
246 356 10000 12146 28000 1795991 130564 4644
322 34 10000 12133 93293 1788138 139279 15471
143 62 10000 11863 573344 1559397 370409 95044
205 199 10000 12071 141819 1745420 185535 23511
9 91 10000 12156 74908 1805636 128013 12417
73 159 10001 12185 28000 1830571 103230 4644
209 229 10000 12178 51067 1824381 109809 8473
180 299 10000 12124 141819 1782095 152856 23511
163 230 10000 12208 37323 1851606 86139 6187
304 24 10000 12203 51067 1847118 90946 8473
370 61 10000 11992 573344 1675903 264008 95044
108 307 10000 11441 2076744 1208354 732293 344245
199 63 10000 12115 93293 1775679 165884 15471
224 154 10000 12147 141819 1797101 145856 23511
289 370 10000 12143 74908 1795273 147989 12417
76 328 10000 12091 237853 1763245 180587 39430
338 53 10000 12163 74908 1814497 129585 12417
150 5 10000 12121 93293 1780607 164901 15471
21 258 10000 12137 141819 1791510 154817 23511
288 263 10000 12140 93293 1793695 153616 15471
398 217 10000 11833 573344 1531150 418199 95044
367 139 10000 12122 141819 1780708 170958 23511
235 13 10000 12173 93293 1822087 130825 15471
232 369 10000 12273 1177 1912573 40887 196
265 205 10000 12150 141819 1800053 154518 23511
265 396 10000 12216 51067 1858880 98601 8473
344 18 10000 12089 237853 1761906 196188 39430
292 289 10000 12266 51067 1908514 49758 8473
74 284 10000 12183 74908 1829238 129113 12417
18 196 10000 12097 237853 1766820 191593 39430
385 381 10000 12247 93293 1891394 67024 15471
255 344 10000 12186 74908 1831989 128377 12417
29 167 10000 12152 141819 1802131 160241 23511
276 233 10000 12209 28000 1851624 111119 4644
222 259 10000 12190 74908 1839137 124723 12417
371 53 10000 12194 74908 1840986 125711 12417
150 118 10000 12069 237853 1744415 223026 39430
21 78 10000 12201 74908 1844828 123908 12417
263 10 10001 12174 141819 1823063 146183 23511
119 158 10000 12023 573344 1702093 269262 95044
301 247 10000 12236 51067 1878542 93160 8473
191 3 10000 12197 93293 1841603 130176 15471
55 259 10000 12239 51067 1881780 90940 8473
221 21 10000 12232 51067 1875539 97236 8473
147 220 10000 12235 51067 1877739 95831 8473
243 124 10000 12205 74908 1848862 124766 12417
221 147 10000 12227 51067 1870762 105408 8473
295 194 10000 12200 93293 1844731 132331 15471
363 81 10000 12229 51067 1873743 104674 8473
268 95 10000 12182 141819 1828721 151115 23511
243 82 10000 12246 51067 1886634 93741 8473
80 279 10000 12211 74908 1856561 123986 12417
306 22 10000 12206 93293 1851449 129874 15471
93 48 10000 12131 237853 1787210 194760 39430
170 211 10000 12198 74908 1844141 138123 12417
386 119 10000 12214 74908 1858117 124607 12417
64 144 10000 12148 237853 1797542 186993 39430
226 87 10000 12254 37323 1898743 86881 6187
164 73 10000 12244 51067 1885323 100789 8473
358 208 10000 12192 141819 1840673 145618 23511
67 11 10000 12245 37323 1885937 100724 6187
274 166 10000 12220 74908 1863300 123569 12417
227 165 10000 12132 237853 1787471 200982 39430
162 330 10001 12196 141819 1841392 147156 23511
231 280 10000 12195 141819 1841290 147918 23511
344 239 10000 12213 93293 1857282 132000 15471
70 108 10000 12223 74908 1866167 123791 12417
218 316 10000 12134 237853 1788229 202434 39430
60 300 10000 12222 74908 1866003 125174 12417
309 157 10000 12202 141819 1845558 148211 23511
115 210 10000 12252 51067 1895727 99012 8473
381 249 10000 12219 93293 1862211 134590 15471
340 329 10000 12079 237853 1753128 244180 39430
188 16 10000 12154 237853 1804240 193285 39430
184 174 10000 12228 74908 1871050 127885 12417
20 30 10000 12311 51067 1946419 53454 8473
274 359 10000 12233 74908 1876511 123938 12417
366 69 10000 12271 28000 1911477 89392 4644
301 127 10000 12237 51067 1881157 119758 8473
105 393 10000 12265 51067 1906772 94710 8473
138 63 10000 12212 141819 1856820 146364 23511
363 222 10000 12167 237853 1815941 188163 39430
203 198 10000 12275 51067 1914466 91159 8473
334 11 10000 12334 1177 1965090 41295 196
137 80 10000 12189 141819 1838450 169837 23511
328 220 10000 12159 237853 1811114 198035 39430
388 83 10000 12155 237853 1805020 204747 39430
321 74 10000 12141 141819 1794505 215416 23511
22 328 10000 12287 37323 1924752 86219 6187
158 65 10000 12289 28000 1925343 86044 4644
269 14 10000 12281 51067 1920260 91460 8473
246 95 10000 12108 141819 1773215 244063 23511
98 216 10000 12215 141819 1858719 159335 23511
213 290 10000 12249 74908 1894602 124808 12417
381 76 10000 12207 93293 1851537 167912 15471
213 346 10000 12276 51067 1915148 104747 8473
29 294 10000 12158 237853 1810143 209971 39430
272 34 10000 12250 74908 1895185 124965 12417
178 355 10000 12114 237853 1775588 245374 39430
144 396 10000 12253 74908 1898041 124079 12417
73 28 10000 12104 237853 1769485 254084 39430
24 328 10000 12256 74908 1900101 124596 12417
389 230 10000 12306 28000 1941928 83514 4644
23 208 10000 12259 74908 1901447 124001 12417
235 8 10000 12291 51067 1929495 96244 8473
59 73 10000 12283 51067 1923482 102959 8473
293 340 10000 12165 237853 1815440 211206 39430
308 331 10000 12295 51067 1934824 92236 8473
260 0 10000 12260 74908 1904720 124166 12417
157 293 10000 12300 51067 1937329 91979 8473
207 45 10000 12242 93293 1884449 144902 15471
54 198 10000 11941 573344 1621575 408630 95044
356 125 10000 12301 51067 1937521 92797 8473
286 306 10000 12293 51067 1933243 97814 8473
200 111 10000 12064 51067 1741729 289913 8473
60 82 10000 12298 51067 1936076 96934 8473
381 154 10000 12234 141819 1877624 155405 23511
110 293 10000 12303 51067 1938329 94981 8473
383 53 10001 12313 28000 1947211 87575 4644
233 147 10000 12310 28000 1945521 90358 4644
386 72 10000 12264 93293 1906643 132035 15471
37 323 10000 12248 141819 1893678 145702 23511
348 310 10000 11854 573344 1549387 490707 95044
96 26 10000 12269 74908 1910700 130404 12417
337 110 10000 12241 141819 1884176 157857 23511
281 306 10000 12279 51067 1918700 124600 8473
366 369 10000 12346 93293 1977590 67483 15471
32 290 10000 12304 51067 1938788 106914 8473
59 167 10000 12073 573344 1748813 298169 95044
342 208 10000 12320 37323 1954115 93547 6187
210 235 10000 12188 237853 1834687 214013 39430
116 296 10000 12257 74908 1900519 148435 12417
39 4 10000 12317 51067 1951418 98230 8473
140 386 10000 12290 74908 1925770 125077 12417
89 362 10000 12284 93293 1923757 130684 15471
175 151 10000 12251 74908 1895224 160285 12417
227 376 10000 12224 237853 1868756 186786 39430
312 132 10000 12333 51067 1965040 90946 8473
280 44 10000 12258 141819 1900586 155430 23511
102 83 10000 12316 51067 1951074 105978 8473
164 265 10000 11725 2076744 1424498 633480 344245
174 325 10000 12336 51067 1966444 91693 8473
338 88 10000 12226 237853 1868864 190255 39430
66 254 10000 12026 573344 1706086 353247 95044
159 312 10000 12274 141819 1912763 147125 23511
193 286 10000 12331 51067 1960731 99526 8473
63 209 10000 12297 74908 1936007 124942 12417
264 191 10000 12231 237853 1875359 186190 39430
279 84 10000 12339 51067 1971140 90909 8473
256 130 10000 12349 28000 1978885 83166 4644
215 211 10000 12379 74908 2001375 62279 12417
378 71 10000 12341 51067 1972935 91049 8473
349 3 10000 12318 51067 1952232 112031 8473
106 206 10000 12402 1177 2023144 41200 196
268 65 10000 12142 74908 1794937 270984 12417
53 148 10000 12286 51067 1924709 141444 8473
252 266 10000 12288 74908 1925330 141894 12417
65 382 10000 12302 74908 1938301 130653 12417
326 368 10000 12061 573344 1735674 334580 95044
153 320 10000 12225 237853 1868798 201852 39430
310 118 10000 12312 74908 1946462 124405 12417
371 182 10000 12314 74908 1948253 124091 12417
200 168 10000 11694 573344 1401865 670516 95044
218 321 10000 12282 141819 1920555 151917 23511
113 58 10000 12362 37323 1986844 86039 6187
337 232 10000 12267 141819 1908938 164144 23511
130 18 10000 12361 51067 1985385 90786 8473
121 163 10000 12370 28000 1993261 83026 4644
170 28 10000 11973 573344 1652051 425184 95044
98 399 10000 12240 141819 1884059 194085 23511
341 343 10000 12285 573344 1923836 154883 95044
309 8 10000 12322 74908 1955600 123569 12417
237 25 10000 12353 51067 1980400 98913 8473
332 345 10000 12321 74908 1955502 124315 12417
70 159 10000 12292 141819 1930317 149667 23511
123 13 10000 12326 74908 1957285 123578 12417
280 157 10000 12261 141819 1904728 176160 23511
131 394 10000 12309 93293 1943964 138359 15471
83 242 10000 12354 51067 1980491 102047 8473
179 157 10000 12191 237853 1840198 242605 39430
345 242 10000 12367 51067 1991032 92615 8473
354 246 10000 12161 573344 1813605 271388 95044
182 117 10000 12323 93293 1955722 129874 15471
325 295 10000 12299 141819 1936562 149274 23511
288 135 10000 12221 237853 1865780 220604 39430
254 127 10000 12381 37323 2002150 86274 6187
111 378 10000 12319 74908 1953734 136029 12417
89 399 10000 12308 141819 1943884 147306 23511
143 371 10000 12372 51067 1995794 97069 8473
224 103 10000 12263 237853 1906570 186670 39430
184 135 10000 12338 74908 1968689 126251 12417
94 281 10000 12388 37323 2009611 86676 6187
83 279 10000 12345 74908 1975546 123894 12417
91 61 10000 12344 74908 1975163 124614 12417
103 265 10000 12343 74908 1975019 124804 12417
118 174 10000 12170 573344 1820248 281044 95044
57 58 10000 12472 1177 2081086 20410 196
34 78 10000 12385 51067 2005824 96468 8473
24 36 10000 12401 141819 2022238 80474 23511
287 300 10000 12390 51067 2012149 90786 8473
63 107 10000 12375 51067 1999021 104346 8473
397 338 10000 12350 74908 1979237 124175 12417
68 323 10000 12352 74908 1980095 123576 12417
107 83 10000 12330 141819 1959032 146577 23511
232 200 10000 12391 51067 2014384 91722 8473
363 228 10000 12358 74908 1983081 123734 12417
50 276 10000 12268 237853 1909992 197765 39430
58 253 10000 12342 93293 1974601 133508 15471
220 183 10000 12296 141819 1935742 172559 23511
163 305 10000 12360 74908 1984754 123569 12417
101 286 10000 12374 51067 1998285 111456 8473
331 314 10000 12126 573344 1785408 324682 95044
279 163 10000 12351 93293 1979710 130664 15471
271 38 10000 12365 74908 1988352 123569 12417
77 32 10000 12328 141819 1958268 154370 23511
168 239 10000 12270 237853 1911269 202131 39430
192 144 10000 12463 4264 2071513 42123 708
313 351 10000 12348 74908 1977769 137995 12417
220 262 10000 12278 237853 1917148 199654 39430
157 145 10000 12452 51067 2059713 59009 8473
245 384 10000 12369 74908 1992420 126351 12417
210 177 10000 12332 93293 1961447 158965 15471
73 346 10000 12395 51067 2016435 104805 8473
140 272 10000 12100 573344 1767005 354695 95044
203 293 10001 12337 93293 1967886 154545 15471
55 82 10000 12413 51067 2032098 90786 8473
159 30 10000 12411 51067 2030492 92653 8473
108 155 10000 12377 74908 2000188 123835 12417
43 124 10000 12340 141819 1972386 152357 23511
97 316 10000 12357 141819 1982355 145810 23511
68 117 10000 12425 37323 2041457 87003 6187
223 40 10000 11397 573344 1167912 960580 95044
343 374 10000 11906 573344 1596033 532628 95044
129 398 10000 12398 51067 2019767 109194 8473
209 291 10000 12355 74908 1980992 149238 12417
73 174 10000 12399 51067 2020677 109796 8473
20 86 10000 12307 237853 1943740 187402 39430
335 386 10000 12383 74908 2003569 128273 12417
263 143 10000 12423 51067 2041124 90786 8473
317 211 10000 12478 1177 2086172 45822 196
51 142 10000 12424 51067 2041336 90786 8473
15 256 10000 12376 93293 1999542 132617 15471
320 346 10000 12359 93293 1983503 149028 15471
26 143 10000 12384 74908 2003671 128980 12417
259 140 10000 12387 74908 2009212 124165 12417
304 237 10000 12363 93293 1987648 146554 15471
319 136 10000 12430 37323 2044656 90870 6187
42 150 10000 12366 141819 1989253 146504 23511
126 172 10000 12315 237853 1950902 186358 39430
216 352 10000 12443 28000 2053616 84522 4644
248 331 10000 12380 93293 2001416 136860 15471
314 209 10000 12438 37323 2051722 86801 6187
225 209 10000 12386 93293 2008468 130220 15471
263 317 10000 12392 74908 2014555 124250 12417
228 397 10000 12364 141819 1987955 151930 23511
16 176 10000 12393 74908 2015181 125168 12417
77 323 10000 12419 51067 2039263 101148 8473
154 115 10000 12446 37323 2055082 89337 6187
262 96 10000 12400 74908 2021007 124647 12417
131 250 10000 12407 74908 2025384 124250 12417
40 344 10000 12305 141819 1941648 208566 23511
308 369 10000 12447 51067 2055283 94986 8473
239 282 10000 12378 141819 2000904 152049 23511
367 328 10001 12112 573344 1775234 378417 95044
49 383 10000 12445 51067 2054430 99234 8473
128 278 10000 12397 93293 2018957 135416 15471
264 329 10000 12462 28000 2071350 83415 4644
17 30 10000 12405 93293 2024564 130361 15471
148 371 10000 12440 51067 2051932 104231 8473
193 356 10000 12455 28000 2063036 93684 4644
311 99 10000 12414 74908 2032119 125994 12417
116 283 10000 12394 93293 2015639 143702 15471
277 97 10000 12520 1177 2120243 41101 196
154 149 10000 12415 237853 2032203 130320 39430
330 259 10000 12426 74908 2042342 123672 12417
191 228 10000 12468 51067 2075268 91275 8473
195 366 10000 12469 51067 2077474 91284 8473
126 71 10000 12294 141819 1933889 235582 23511
384 184 10000 12460 51067 2070015 99918 8473
318 242 10000 12465 51067 2072203 98401 8473
203 227 10000 12431 74908 2045858 125565 12417
168 14 10000 12433 74908 2046443 125237 12417
192 132 10000 12473 51067 2081882 91256 8473
196 115 10000 12484 37323 2090355 85936 6187
242 235 10000 12477 37323 2084547 91819 6187
284 248 10000 12439 74908 2051737 124630 12417
40 171 10000 12347 74908 1977664 200239 12417
150 267 10000 12444 74908 2054285 123986 12417
373 206 10000 12437 93293 2049731 130781 15471
128 119 10000 12546 1177 2140678 41492 196
173 41 10000 12277 573344 1916920 265982 95044
162 240 10000 12493 37323 2097617 87225 6187
96 101 10000 12371 93293 1994807 190102 15471
184 178 10000 12487 51067 2092132 93411 8473
302 16 10001 12373 237853 1998120 188015 39430
256 291 10000 12389 93293 2010969 176451 15471
121 385 10000 12486 51067 2091853 95809 8473
166 163 10000 12525 74908 2126180 61879 12417
28 208 10000 12502 37323 2102219 86630 6187
140 72 10000 12555 1177 2148160 41359 196
325 170 10000 12417 141819 2037195 154388 23511
117 184 10000 12498 51067 2100177 91618 8473
24 342 10000 12382 237853 2003392 188755 39430
211 56 10000 12408 141819 2025807 169474 23511
169 391 10000 12456 93293 2065796 129874 15471
301 297 10000 12453 93293 2062187 133540 15471
381 197 10000 12435 141819 2048164 147622 23511
373 159 10000 12500 51067 2101239 94781 8473
360 256 10000 12461 74908 2070829 125268 12417
251 272 10000 12457 93293 2066960 130073 15471
110 69 10000 12514 28000 2114229 83678 4644
13 327 10000 12432 141819 2046014 152669 23511
274 289 10000 12458 93293 2068983 129874 15471
306 4 10000 12466 74908 2072716 126712 12417
29 229 10000 12255 573344 1899007 302887 95044
92 112 10000 12508 51067 2111907 91690 8473
224 128 10000 12510 51067 2112745 91396 8473
238 139 10000 12448 141819 2056087 149204 23511
149 205 10000 12512 51067 2113735 92153 8473
257 31 10000 12504 51067 2107012 99826 8473
338 354 10000 12475 74908 2083759 123569 12417
168 296 10000 12434 141819 2047953 159397 23511
375 134 10000 12518 51067 2116868 91092 8473
22 167 10000 12403 141819 2023326 186575 23511
240 173 10000 12523 37323 2123990 86039 6187
162 392 10000 12507 51067 2109671 101012 8473
63 252 10000 12429 141819 2044545 166901 23511
288 58 10000 12474 93293 2082344 130123 15471
328 332 10000 12587 28000 2170286 42203 4644
265 91 10000 12521 51067 2121782 90786 8473
211 339 10000 12272 573344 1911962 301241 95044
184 343 10000 12527 37323 2127936 86194 6187
67 276 10000 12450 141819 2058699 156145 23511
155 241 10000 12409 237853 2030260 184633 39430
187 313 10000 12471 93293 2079915 135234 15471
348 382 10000 12179 141819 1825294 391623 23511
39 390 10000 12517 51067 2115910 103261 8473
136 388 10000 12491 74908 2096565 124700 12417
399 56 10000 12412 237853 2032017 190986 39430
297 43 10000 12497 74908 2098932 124726 12417
370 146 10000 12532 51067 2130854 93476 8473
231 326 10000 12538 51067 2133792 92010 8473
280 22 10000 12541 51067 2135199 91273 8473
393 275 10000 12542 51067 2136160 91325 8473
215 368 10000 12480 74908 2087158 140372 12417
316 306 10000 12609 28000 2185442 42224 4644
270 144 10000 12511 51067 2113579 115395 8473
291 357 10000 12406 237853 2025086 204139 39430
329 288 10000 12428 237853 2043199 186170 39430
302 312 10000 12578 74908 2163993 68319 12417
50 132 10000 12421 237853 2040311 193054 39430
222 90 10000 12418 237853 2037679 196247 39430
264 322 10000 12503 93293 2102800 133361 15471
10 358 10000 12509 74908 2112553 124215 12417
193 44 10000 12476 93293 2084176 155925 15471
286 10 10000 12160 573344 1812404 427958 95044
77 395 10000 12416 237853 2033266 207157 39430
113 114 10000 12614 51067 2193239 47388 8473
180 166 10000 12559 51067 2150135 90927 8473
30 371 10000 12442 237853 2052534 188968 39430
233 104 10000 12556 51067 2148775 94226 8473
113 19 10000 12567 37323 2154516 91446 6187
121 22 10000 12522 74908 2123156 125502 12417
317 298 10000 12396 237853 2017707 231022 39430
77 187 10000 12526 74908 2126408 124512 12417
372 242 10000 12572 51067 2160182 90786 8473
127 232 10000 12637 1177 2210155 40935 196
299 355 10000 12529 74908 2128921 125640 12417
371 348 10000 12482 93293 2088675 166926 15471
148 71 10000 12524 93293 2126038 130057 15471
337 246 10000 12335 573344 1966315 290106 95044
179 307 10000 12571 51067 2159744 97134 8473
321 338 10000 12573 237853 2160388 98262 39430
55 83 10000 12583 51067 2168486 91292 8473
242 157 10000 12451 237853 2059571 200289 39430
310 184 10000 12496 141819 2098899 161453 23511
88 261 10000 12454 237853 2062750 197702 39430
76 358 10000 12586 51067 2170212 90923 8473
165 56 10001 12543 74908 2139209 123755 12417
129 304 10000 12539 93293 2133876 131886 15471
305 165 10000 12549 74908 2142727 123569 12417
284 217 10000 12602 37323 2179655 88696 6187
14 207 10000 12470 237853 2077633 191452 39430
39 64 10000 12368 573344 1991906 277471 95044
293 308 10000 12599 51067 2179154 91538 8473
71 0 10000 12591 51067 2173745 97682 8473
133 299 10000 12534 93293 2131613 141812 15471
108 239 10000 12563 74908 2150512 123604 12417
6 239 10000 12610 37323 2188563 85936 6187
282 63 10000 12612 28000 2190362 84468 4644
365 373 10000 12618 141819 2195243 80381 23511
341 37 10000 12533 141819 2131081 144944 23511
302 150 10000 12545 93293 2140526 135867 15471
227 7 10000 12547 93293 2141647 135862 15471
325 206 10000 12601 51067 2179616 98097 8473
162 233 10000 12566 74908 2154261 124513 12417
172 245 10000 12488 237853 2093130 186854 39430
62 386 10000 12562 74908 2150503 131061 12417
154 208 10000 12537 141819 2132723 149434 23511
320 35 10000 12570 74908 2158665 123627 12417
116 243 10000 12564 93293 2152181 131005 15471
221 279 10000 12595 51067 2176095 107772 8473
56 263 10000 12531 141819 2129751 155023 23511
384 329 10000 12492 141819 2097246 190772 23511
273 303 10000 12574 74908 2161634 126883 12417
52 292 10000 12577 74908 2162746 125801 12417
270 103 10000 12569 93293 2157680 131199 15471
230 33 10000 12580 74908 2165972 124404 12417
13 387 10000 12501 237853 2101451 189057 39430
3 180 10000 12536 141819 2132279 158897 23511
179 147 10000 12327 573344 1958020 334397 95044
298 252 10000 12575 93293 2162499 129961 15471
203 143 10000 12427 93293 2043156 249551 15471
337 139 10000 12535 141819 2131882 162670 23511
2 135 10000 12585 74908 2169488 125808 12417
128 173 10000 12548 141819 2142187 153135 23511
345 277 10000 12623 51067 2198817 96962 8473
60 367 10000 12505 237853 2107393 188721 39430
164 151 10000 12590 74908 2173461 124399 12417
1 63 10000 12483 237853 2089137 208858 39430
183 69 10000 12633 51067 2207804 91409 8473
163 359 10000 12513 237853 2114020 185729 39430
310 284 10000 12584 93293 2168823 131093 15471
49 227 10000 12594 74908 2175893 125254 12417
168 200 10000 12634 51067 2209525 93093 8473
391 333 10000 12554 93293 2147796 154939 15471
277 178 10000 12588 51067 2171184 132320 8473
142 79 10000 12516 237853 2115714 188597 39430
144 149 10000 12701 51067 2252180 52464 8473
124 240 10000 12540 141819 2134998 169967 23511
315 311 10000 12677 93293 2233815 72523 15471
273 133 10000 12606 74908 2182812 124677 12417
147 115 10000 12651 28000 2220172 87413 4644
108 2 10000 12718 1177 2267347 41111 196
257 318 10000 12494 237853 2097960 210507 39430
157 192 10000 12422 573344 2041083 268465 95044
284 190 10000 12630 51067 2205778 104595 8473
220 163 10000 12650 51067 2220054 91310 8473
166 165 10000 12663 141819 2226728 86040 23511
344 201 10000 12579 74908 2164776 148197 12417
222 146 10000 12467 237853 2073856 239699 39430
231 378 10000 12655 51067 2223823 90786 8473
310 273 10000 12611 74908 2189701 124985 12417
337 59 10000 12662 51067 2226396 91441 8473
151 351 10000 12603 93293 2180634 137311 15471
29 387 10000 12666 51067 2227662 90828 8473
292 304 10000 12649 51067 2218480 101881 8473
333 91 10000 12589 141819 2173239 147619 23511
318 18 10000 12671 51067 2229811 91579 8473
181 378 10000 12605 93293 2181071 142220 15471
348 328 10000 12550 28000 2144093 179694 4644
271 201 10000 12515 141819 2115031 209880 23511
166 274 10000 12674 51067 2231024 94525 8473
63 229 10000 12626 74908 2200494 125145 12417
245 345 10000 12616 74908 2195089 130581 12417
52 346 10000 12627 74908 2201132 125013 12417
279 10 10000 12530 237853 2129551 196649 39430
398 78 10000 12628 74908 2202576 123814 12417
365 237 10000 12738 15443 2281609 45878 2565
146 6 10000 12678 51067 2234158 93336 8473
355 250 10000 12481 237853 2088381 240895 39430
269 167 10000 12629 74908 2204168 125254 12417
399 371 10000 12620 93293 2197704 135739 15471
199 223 10000 12625 74908 2200206 133689 12417
119 134 10000 12600 141819 2179266 156867 23511
247 46 10000 12683 51067 2237848 98526 8473
317 289 10000 12592 74908 2173768 163041 12417
31 207 10000 12694 51067 2245697 91124 8473
157 99 10000 12676 37323 2233378 103511 6187
371 11 10000 12621 93293 2198132 138812 15471
59 243 10000 12635 74908 2209549 127449 12417
191 339 10000 12642 74908 2212376 124680 12417
264 209 10000 12598 74908 2178911 159160 12417
41 261 10000 12646 74908 2214947 123569 12417
250 80 10000 12490 237853 2096072 242986 39430
270 151 10000 12654 51067 2221811 118527 8473
156 193 10000 12690 51067 2242560 98602 8473
0 119 10000 12619 141819 2195745 146628 23511
366 91 10000 12643 93293 2213176 129379 15471
302 75 10000 12558 141819 2149802 193227 23511
148 132 10000 12697 51067 2250600 93079 8473
77 123 10000 12698 51067 2250642 94337 8473
6 218 10000 12638 74908 2210825 134262 12417
126 159 10000 12613 93293 2190588 154791 15471
360 52 10000 12557 237853 2149778 196785 39430
292 73 10000 12604 93293 2180752 167434 15471
28 221 10000 12699 51067 2251720 96482 8473
255 325 10000 12703 51067 2256936 91402 8473
132 41 10000 12659 74908 2225367 123569 12417
181 132 10000 12647 93293 2217505 131466 15471
206 69 10000 12684 51067 2238757 110446 8473
203 30 10000 12552 237853 2144353 205179 39430
301 212 10000 12528 237853 2128052 221660 39430
82 358 10000 12656 74908 2224483 125246 12417
330 16 10000 12652 74908 2220496 129378 12417
282 38 10000 12716 37323 2264185 85936 6187
206 155 10000 12045 2076744 1722146 628283 344245
24 312 10000 12631 141819 2206298 145485 23511
354 242 10000 12653 93293 2221244 131610 15471
124 107 10000 12644 74908 2214031 138884 12417
113 164 10000 12568 237853 2157089 195881 39430
369 308 10000 12711 51067 2261412 91565 8473
126 285 10000 12673 74908 2230668 123569 12417
68 175 10000 12581 237853 2166933 187811 39430
182 399 10000 12764 15443 2305364 49753 2565
24 284 10000 12675 74908 2231716 123750 12417
53 132 10000 12726 28000 2271752 83779 4644
187 364 10000 12329 573344 1958307 398064 95044
149 5 10000 12661 93293 2226034 131258 15471
290 199 10000 12325 573344 1956347 401605 95044
191 166 10000 12719 51067 2267669 93439 8473
174 39 10000 12657 93293 2224856 136436 15471
399 272 10000 12672 93293 2230606 130777 15471
304 147 10000 12597 93293 2178222 183766 15471
269 202 10000 12722 51067 2270499 91643 8473
294 251 10000 12639 141819 2211051 154079 23511
64 63 10000 12784 28000 2324586 42192 4644
247 183 10000 12731 51067 2276035 91475 8473
199 143 10000 12648 141819 2217601 151105 23511
205 157 10000 12682 51067 2237512 132068 8473
328 86 10000 12720 51067 2268972 100674 8473
307 334 10000 12685 93293 2239416 130565 15471
102 290 10000 12479 237853 2087030 283964 39430
47 185 10000 12660 141819 2225494 146055 23511
210 180 10001 12608 141819 2185175 186862 23511
134 37 10000 12193 573344 1840947 531847 95044
76 160 10000 12695 74908 2249168 125058 12417
48 274 10000 12749 28000 2291183 83131 4644
245 306 10000 12729 51067 2273167 101425 8473
203 128 10000 12721 51067 2269965 107157 8473
392 332 10000 12724 51067 2271135 106672 8473
77 351 10000 12743 51067 2285402 94848 8473
235 246 10000 12748 51067 2289375 90921 8473
342 252 10000 12596 237853 2177118 203578 39430
159 164 10000 12752 37323 2294225 86839 6187
84 104 10000 12750 51067 2291239 91542 8473
179 19 10000 12707 74908 2260127 124336 12417
12 118 10000 12702 93293 2253857 130694 15471
216 355 10000 12745 51067 2286934 97840 8473
186 78 10000 12681 141819 2236378 148601 23511
164 241 10000 12624 237853 2198908 188142 39430
110 397 10000 12689 141819 2241906 145714 23511
339 234 10000 12753 37323 2295255 93254 6187
134 375 10000 12404 74908 2023896 364863 12417
387 294 10000 12806 15443 2342327 48372 2565
276 295 10000 12708 93293 2260657 130661 15471
239 356 10000 12679 93293 2236090 156233 15471
37 381 10000 12759 51067 2302989 90786 8473
124 223 10000 12485 237853 2090787 304306 39430
266 12 10000 12769 37323 2308627 88037 6187
113 95 10000 12761 51067 2303837 93140 8473
9 56 10000 12715 74908 2263373 135498 12417
228 118 10000 12615 237853 2194387 205229 39430
348 72 10000 12495 141819 2098380 302118 23511
197 99 10000 12732 74908 2277122 124198 12417
56 317 10000 12640 237853 2211629 191382 39430
156 196 10000 12704 141819 2256985 146909 23511
137 270 10000 12737 74908 2280785 124914 12417
334 177 10000 12645 237853 2214393 191432 39430
134 102 10000 12449 74908 2057120 349333 12417
187 262 10000 12742 74908 2283605 123933 12417
137 202 10000 12710 141819 2261295 146829 23511
166 201 10000 12262 573344 1905777 503155 95044
203 398 10000 12767 51067 2306704 103573 8473
2 308 10000 12785 37323 2324937 86119 6187
115 153 10000 12775 51067 2316218 95496 8473
128 344 10000 12746 74908 2288234 124586 12417
290 94 10000 12582 74908 2168227 244634 12417
23 293 10000 12436 573344 2048349 364802 95044
247 25 10000 12741 74908 2282460 130991 12417
134 303 10000 12410 93293 2030456 384983 15471
177 279 10000 12709 141819 2261144 155318 23511
334 222 10000 12739 93293 2281916 134797 15471
213 281 10000 12670 237853 2229609 189096 39430
117 20 10000 12789 51067 2327972 91047 8473
291 149 10000 12459 573344 2069026 351852 95044
101 172 10000 12667 237853 2228209 192963 39430
293 380 10000 12780 51067 2323106 98168 8473
136 221 10000 12790 51067 2330577 90805 8473
274 235 10000 12665 93293 2227605 194105 15471
131 14 10000 12688 141819 2241879 181578 23511
104 216 10000 12565 573344 2153336 271059 95044
305 150 10000 12843 15443 2378825 46071 2565
370 117 10000 12751 74908 2292742 133098 12417
147 354 10000 12740 74908 2282008 145876 12417
177 278 10000 12747 93293 2289120 138895 15471
316 146 10000 12576 573344 2162729 265495 95044
376 222 10000 12735 141819 2278771 150226 23511
10 372 10000 12777 37323 2318005 111942 6187
350 303 10000 12804 51067 2339953 90810 8473
82 243 10000 12809 37323 2345089 85936 6187
369 325 10000 12791 51067 2331807 99377 8473
281 399 10001 12668 141819 2228608 204264 23511
34 284 10000 12760 93293 2303107 129874 15471
135 351 10000 12632 237853 2207771 226112 39430
172 356 10000 12733 141819 2277215 156668 23511
98 87 10000 12788 237853 2327308 108479 39430
172 363 10000 12798 37323 2334057 102983 6187
340 191 10000 12691 237853 2244090 193086 39430
348 395 10000 12693 51067 2244636 193407 8473
308 320 10000 12862 1177 2396533 41582 196
184 337 10000 12813 51067 2347320 91137 8473
342 396 10000 12773 74908 2314088 124426 12417
282 239 10000 12865 4264 2396921 41998 708
51 33 10000 12700 237853 2252139 186811 39430
32 125 10000 12857 1177 2392239 47447 196
311 314 10000 12734 573344 2278124 161689 95044
172 163 10000 12808 141819 2343629 96815 23511
303 138 10000 12818 37323 2356157 86400 6187
375 204 10000 12772 93293 2312256 130837 15471
299 252 10000 12728 141819 2272605 172315 23511
210 140 10000 12499 573344 2100635 346398 95044
355 171 10000 12617 141819 2195139 252391 23511
272 389 10000 12817 51067 2354609 93096 8473
5 299 10000 12781 74908 2323354 124765 12417
88 23 10000 12758 141819 2302521 146124 23511
245 168 10000 12464 573344 2072188 376557 95044
158 162 10000 12811 51067 2345992 102815 8473
371 175 10000 12712 237853 2262088 187055 39430
337 307 10000 12763 141819 2303947 145864 23511
23 347 10000 12762 141819 2303914 146582 23511
139 208 10000 12807 51067 2343059 108446 8473
128 256 10000 12664 237853 2227094 225544 39430
185 375 10000 12705 237853 2258985 193917 39430
360 379 10000 12881 28000 2411392 43063 4644
263 367 10000 12754 51067 2295445 160107 8473
74 348 10000 12706 237853 2259720 196444 39430
3 20 10000 12723 237853 2271084 185947 39430
76 47 10000 12736 141819 2280703 176464 23511
265 108 10000 12725 237853 2271527 186353 39430
313 47 10000 12828 51067 2365254 93142 8473
74 43 10000 12887 1177 2417474 41111 196
309 176 10000 12756 141819 2298051 160861 23511
320 139 10000 12832 51067 2368230 91061 8473
379 240 10000 12799 74908 2335883 123569 12417
274 104 10000 12744 141819 2286931 172618 23511
89 203 10000 12796 74908 2333241 127270 12417
325 364 10000 12768 93293 2308356 152485 15471
206 110 10000 12774 141819 2314937 146023 23511
391 175 10000 12829 28000 2366345 95078 4644
191 68 10000 12794 93293 2332163 129961 15471
230 14 10000 12696 237853 2250468 211698 39430
260 177 10000 12560 237853 2150391 313415 39430
200 247 10000 11980 573344 1658504 805718 95044
63 196 10000 12782 93293 2324261 140692 15471
193 326 10000 12692 237853 2244504 222069 39430
258 2 10000 12801 37323 2338306 129206 6187
134 39 10000 12836 37323 2370743 97017 6187
12 220 10000 12783 141819 2324391 144916 23511
388 249 10000 12810 74908 2345107 124876 12417
43 151 10000 12489 573344 2095247 375536 95044
247 222 10000 12805 74908 2341566 129989 12417
143 67 10000 12787 141819 2327062 147211 23511
341 28 10000 12842 51067 2376281 98137 8473
294 376 10000 12845 51067 2381138 95581 8473
192 260 10000 12839 51067 2375641 103017 8473
388 301 10000 12850 51067 2386477 93242 8473
374 173 10000 12797 141819 2333351 146471 23511
213 177 10000 12553 237853 2146608 333819 39430
91 55 10000 12855 37323 2391157 89400 6187
236 189 10000 12820 74908 2358899 123569 12417
60 144 10000 12816 74908 2354293 128372 12417
215 129 10000 12856 51067 2391308 91603 8473
148 285 10000 12858 51067 2392251 91793 8473
187 217 10000 12860 51067 2394792 91889 8473
217 141 10000 12838 51067 2375247 111655 8473
386 369 10000 12861 51067 2396018 90887 8473
132 183 10000 12815 93293 2351504 137607 15471
352 207 10000 12622 573344 2198494 290888 95044
76 358 10001 12866 51067 2398360 91208 8473
361 226 10000 12544 74908 2139415 350312 12417
290 161 10000 12717 93293 2264658 225246 15471
262 337 10000 12853 51067 2389156 102288 8473
8 59 10000 12844 51067 2379780 114867 8473
236 371 10000 12826 93293 2363511 131451 15471
173 317 10000 12837 74908 2371708 124575 12417
70 337 10000 12863 37323 2396556 100125 6187
218 342 10001 12883 28000 2413272 83614 4644
367 83 10000 12686 237853 2240026 257605 39430
399 294 10000 12827 93293 2364023 134559 15471
174 275 10000 12766 237853 2306111 192774 39430
290 145 10000 12757 93293 2302290 199106 15471
96 162 10000 12867 51067 2399537 103741 8473
71 21 10000 12803 141819 2338968 167345 23511
289 112 10000 12886 51067 2416609 91482 8473
225 213 10000 12848 74908 2384670 124915 12417
37 144 10000 12891 37323 2423659 85936 6187
308 76 10000 12938 1177 2469148 40820 196
192 289 10000 12823 141819 2361593 149713 23511
66 92 10000 12812 141819 2346225 165218 23511
261 80 10000 12834 93293 2369326 142971 15471
7 385 10000 12849 93293 2385390 129995 15471
75 305 10000 12884 51067 2413944 101880 8473
99 154 10000 12420 237853 2040037 478231 39430
354 80 10000 12776 237853 2316469 203050 39430
206 296 10000 12895 51067 2429113 91217 8473
214 378 10000 12441 573344 2052360 469597 95044
160 223 10000 12847 93293 2381301 140799 15471
314 360 10000 12902 51067 2433784 90971 8473
339 187 10000 12854 93293 2390488 134577 15471
250 50 10000 12908 37323 2439602 86553 6187
210 394 10000 12778 237853 2320713 207120 39430
42 3 10000 12873 74908 2405277 123694 12417
198 283 10000 12864 93293 2396869 132214 15471
210 324 10000 12802 141819 2338791 191997 23511
298 29 10000 12911 28000 2445666 85565 4644
14 325 10000 12814 141819 2351275 180182 23511
127 219 10000 12903 51067 2435154 98197 8473
278 256 10000 12879 74908 2409606 124539 12417
354 159 10000 12878 74908 2408989 125408 12417
50 308 10000 12840 141819 2375647 159293 23511
91 133 10000 12907 51067 2439283 96530 8473
361 290 10000 12561 141819 2150419 385608 23511
281 327 10000 12919 28000 2453375 84176 4644
214 293 10000 12786 237853 2326873 210851 39430
153 290 10000 12917 51067 2450033 91159 8473
96 83 10000 12765 573344 2305411 238702 95044
98 97 10000 12955 74908 2481769 62666 12417
270 385 10000 12714 237853 2263220 281622 39430
253 120 10000 12923 51067 2454597 90858 8473
379 85 10000 12921 51067 2453679 92104 8473
119 246 10000 12821 237853 2359444 188930 39430
286 377 10000 12930 28000 2463915 85139 4644
234 111 10000 12927 51067 2458529 91242 8473
21 131 10000 12882 93293 2411407 138776 15471
391 52 10000 12890 74908 2422900 128292 12417
203 28 10000 12888 93293 2419314 132670 15471
354 324 10000 12892 74908 2423912 128987 12417
146 379 10000 12993 1177 2512663 40820 196
87 39 10000 12730 51067 2274210 281216 8473
397 168 10000 12928 51067 2458687 96788 8473
132 98 10000 12929 51067 2460322 95542 8473
346 98 10000 12931 51067 2464701 91731 8473
328 290 10000 12922 51067 2454561 102694 8473
96 106 10000 12899 74908 2432421 125071 12417
161 117 10000 12825 237853 2362643 194850 39430
324 126 10000 12868 141819 2399978 157647 23511
99 91 10000 12792 28000 2331838 225848 4644
118 348 10000 12933 51067 2466608 91351 8473
171 67 10000 12934 51067 2467025 90976 8473
288 68 10000 12822 237853 2361399 197483 39430
101 54 10000 12935 28000 2467411 91851 4644
336 307 10000 12896 74908 2430214 130025 12417
190 332 10000 12939 51067 2469445 91451 8473
348 140 10000 12852 51067 2388091 173234 8473
343 154 10000 12941 51067 2470691 91205 8473
299 122 10000 12727 573344 2271852 291535 95044
72 390 10000 12833 93293 2368716 195090 15471
371 170 10000 12915 51067 2448238 116640 8473
141 51 10000 12943 51067 2474226 91277 8473
86 169 10000 12910 74908 2440337 126822 12417
147 101 10000 12172 2076744 1820829 746836 344245
53 300 10000 12875 51067 2407055 161096 8473
397 348 10000 12876 141819 2407283 161305 23511
93 172 10000 12771 573344 2309751 259019 95044
62 51 10000 12819 237853 2356516 212651 39430
54 311 10000 12912 74908 2445712 125962 12417
83 275 10000 12946 51067 2476641 96997 8473
109 43 10000 12851 237853 2387047 187161 39430
89 365 10000 12956 51067 2481824 93078 8473
181 53 10000 12913 93293 2446724 129988 15471
62 99 10000 12824 237853 2361721 216468 39430
180 61 10000 12859 237853 2392491 185709 39430
50 151 10000 12885 141819 2415222 163033 23511
101 264 10000 12920 74908 2453549 124710 12417
304 191 10000 12894 141819 2427951 150688 23511
194 141 10000 12835 141819 2369811 210076 23511
23 221 10000 12905 93293 2436386 143731 15471
28 261 10000 13017 1177 2539605 41321 196
40 121 10000 12869 141819 2400113 183434 23511
151 291 10000 12969 51067 2494258 91019 8473
318 297 10000 12965 51067 2491233 95490 8473
100 37 10000 12924 93293 2456940 129874 15471
43 81 10001 12872 237853 2401233 185621 39430
131 129 10000 13001 93293 2520666 67846 15471
276 8 10000 12932 74908 2465826 125063 12417
367 304 10000 12713 573344 2262608 328748 95044
38 162 10000 12897 141819 2431157 161145 23511
390 135 10000 13027 15443 2546672 46094 2565
166 105 10000 12976 51067 2497294 97539 8473
195 279 10000 12978 51067 2499773 95209 8473
309 6 10000 12519 573344 2119314 477237 95044
52 118 10000 12995 28000 2513452 84643 4644
50 290 10000 12973 51067 2495181 103237 8473
0 268 10000 12936 93293 2467982 131275 15471
63 79 10000 13022 51067 2542773 56785 8473
122 141 10000 12959 37323 2482809 117006 6187
221 78 10000 12974 51067 2497212 103504 8473
19 58 10000 12830 237853 2366782 234427 39430
266 176 10000 12948 74908 2478263 125006 12417
329 231 10000 12906 93293 2437553 167017 15471
298 226 10000 12987 51067 2507400 97178 8473
246 99 10000 12954 51067 2480440 124360 8473
270 367 10000 12942 51067 2472108 134065 8473
371 258 10000 12889 141819 2422661 185194 23511
312 329 10000 12958 74908 2482305 126273 12417
392 181 10000 12909 141819 2440027 169490 23511
333 233 10000 12947 93293 2477812 132606 15471
221 24 10000 12952 93293 2478890 132153 15471
144 158 10000 12985 237853 2505451 106430 39430
357 83 10000 13000 51067 2520665 91431 8473
36 158 10000 12960 74908 2486362 126884 12417
326 15 10000 12953 93293 2480206 133602 15471
77 201 10000 12964 74908 2490918 123873 12417
314 187 10000 12994 51067 2513035 101781 8473
228 394 10000 12961 93293 2486727 130600 15471
392 207 10000 12971 74908 2494853 124167 12417
114 318 10000 12901 237853 2433383 187424 39430
138 300 10000 12898 237853 2431896 190137 39430
253 237 10000 12999 37323 2520442 103474 6187
173 63 10000 13018 28000 2540144 83921 4644
140 284 10000 12977 74908 2498874 125965 12417
396 304 10000 12945 93293 2475941 149050 15471
393 383 10000 13052 74908 2563670 62812 12417
95 131 10000 13069 4264 2581142 46547 708
50 97 10000 12972 93293 2494993 134789 15471
371 380 10000 12980 51067 2502521 127435 8473
133 91 10000 12925 51067 2457505 173866 8473
35 165 10000 13008 37323 2529401 104134 6187
398 316 10000 13023 51067 2543230 90786 8473
41 285 10000 13024 51067 2543747 90796 8473
252 373 10000 12949 141819 2478329 156320 23511
260 377 10000 13034 37323 2548939 86110 6187
307 143 10000 13035 37323 2549347 85936 6187
298 71 10000 12755 573344 2296266 340670 95044
274 165 10000 12793 573344 2332032 305223 95044
304 273 10000 13025 51067 2546082 91931 8473
155 313 10000 13031 51067 2547227 90786 8473
282 220 10000 13029 51067 2546961 91381 8473
116 345 10000 12957 141819 2481955 156978 23511
284 221 10000 13033 51067 2548774 91175 8473
119 338 10000 13046 28000 2557481 83026 4644
330 128 10000 13030 37323 2547044 93544 6187
266 320 10000 13026 51067 2546221 96794 8473
334 152 10000 13092 4264 2601664 42231 708
57 149 10000 12770 573344 2308740 335455 95044
254 286 10000 12963 51067 2490777 153637 8473
317 219 10000 12982 74908 2503921 140913 12417
300 251 10000 12996 74908 2516777 128982 12417
263 0 10000 13049 37323 2559489 86507 6187
72 5 10000 11982 2076744 1661055 985966 344245
127 122 10000 12940 237853 2469632 179341 39430
76 287 10000 13047 51067 2558657 91017 8473
294 38 10000 12950 141819 2478380 172641 23511
116 69 10000 13057 28000 2566281 84823 4644
359 226 10000 13103 1177 2610608 41339 196
192 322 10000 13100 1177 2607906 45157 196
209 286 10000 12970 141819 2494269 159497 23511
150 306 10000 12937 237853 2468397 185478 39430
253 249 10000 13078 74908 2592000 62275 12417
14 54 10000 13044 28000 2555982 99109 4644
75 137 10000 12900 237853 2433242 223791 39430
270 354 10000 13041 51067 2554183 104861 8473
329 361 10000 13003 74908 2525276 133897 12417
296 213 10000 12983 141819 2504617 154793 23511
373 157 10000 12990 141819 2511055 149298 23511
293 384 10000 13063 37323 2574478 86829 6187
233 131 10000 12997 74908 2517026 145064 12417
27 130 10000 13013 51067 2533949 128587 8473
314 103 10000 12918 237853 2452678 210659 39430
352 281 10000 13009 93293 2529557 134962 15471
296 127 10000 13011 74908 2529977 134596 12417
136 140 10000 13020 74908 2541573 123569 12417
27 232 10000 12916 237853 2448352 217094 39430
129 331 10000 13038 51067 2553392 112436 8473
130 92 10000 12914 237853 2446746 220088 39430
98 18 10000 13066 51067 2577385 90886 8473
298 374 10000 13051 51067 2562567 106818 8473
147 366 10000 12800 573344 2335932 334568 95044
196 342 10000 13028 74908 2546887 124619 12417
152 282 10000 12951 237853 2478662 193090 39430
59 304 10000 12779 573344 2321733 352222 95044
133 246 10000 12874 237853 2405375 270416 39430
254 305 10000 12880 237853 2410533 267351 39430
269 264 10000 13087 141819 2597767 80521 23511
29 20 10000 13122 51067 2629273 49868 8473
259 46 10000 12841 573344 2376265 305629 95044
362 197 10000 13037 74908 2552869 129157 12417
107 273 10000 13010 141819 2529630 154984 23511
223 333 10000 12831 28000 2367618 318099 4644
47 231 10000 13138 15443 2639961 46370 2565
278 296 10000 13081 51067 2594778 91682 8473
38 49 10000 12979 237853 2501517 185114 39430
169 124 10000 13015 141819 2536701 150457 23511
32 391 10000 13021 141819 2542469 145394 23511
39 133 10000 13086 51067 2596875 91106 8473
272 110 10000 13048 93293 2559278 130049 15471
1 247 10000 12944 237853 2475194 218363 39430
31 160 10000 13032 141819 2547994 145794 23511
370 338 10000 13096 37323 2604766 89783 6187
243 348 10000 12962 237853 2489399 206505 39430
195 259 10000 13016 141819 2537464 158460 23511
210 396 10000 13036 141819 2550164 145907 23511
289 220 10000 13055 93293 2565646 131639 15471
221 211 10000 13056 93293 2566050 131678 15471
233 186 10000 13062 51067 2571409 127043 8473
321 210 10000 13043 93293 2555167 143836 15471
266 107 10000 13095 51067 2604461 96968 8473
349 91 10000 13061 93293 2570884 130923 15471
314 99 10000 13099 51067 2606655 95153 8473
205 324 10000 12551 573344 2144283 558526 95044
207 352 10000 13042 93293 2555074 148051 15471
161 183 10000 13019 141819 2540175 163151 23511
195 138 10000 13064 93293 2575391 130581 15471
173 248 10000 13114 37323 2622616 85958 6187
223 143 10000 12324 573344 1956043 754147 95044
178 221 10000 13073 74908 2585759 124766 12417
392 36 10000 13101 37323 2608722 102562 6187
116 52 10000 12967 237853 2493995 221123 39430
257 43 10000 13004 237853 2525813 190240 39430
289 118 10000 13121 37323 2629241 87991 6187
17 92 10000 13168 1177 2677655 40907 196
51 23 10000 13012 237853 2531932 186945 39430
65 246 10000 13007 237853 2528903 190286 39430
216 206 10000 13152 74908 2655732 63730 12417
395 327 10000 13106 51067 2615770 103903 8473
172 245 10001 13124 51067 2631780 91470 8473
194 328 10000 12506 2076744 2107560 616088 344245
192 0 10000 13085 74908 2596438 128025 12417
64 174 10000 13054 141819 2564993 160911 23511
257 95 10000 13084 93293 2595434 131526 15471
343 276 10000 13091 74908 2600992 129470 12417
121 57 10000 13153 1177 2655833 77932 196
260 52 10000 13080 93293 2593709 140412 15471
178 306 10000 13077 93293 2591361 142806 15471
50 299 10000 13089 93293 2600442 133748 15471
193 68 10000 13083 51067 2595103 139434 8473
6 195 10000 13143 51067 2644675 90884 8473
207 101 10000 13144 37323 2648472 89672 6187
218 177 10000 13130 51067 2637564 102179 8473
396 310 10000 13112 51067 2619950 123231 8473
208 277 10000 13109 93293 2617872 129874 15471
167 384 10000 13094 141819 2602323 146106 23511
18 22 10000 13157 51067 2658302 90827 8473
228 172 10000 13155 51067 2656461 92753 8473
185 365 10000 13118 74908 2626439 123957 12417
243 299 10000 13071 141819 2584182 167200 23511
331 11 10000 13097 141819 2605947 148557 23511
35 126 10000 13151 51067 2655082 100142 8473
336 135 10000 13120 74908 2628564 127323 12417
235 70 10001 13059 237853 2567834 188565 39430
387 399 10000 13146 93293 2649727 107934 15471
10 238 10000 13126 74908 2632829 125330 12417
299 235 10000 12926 573344 2458004 300884 95044
20 188 10000 13088 141819 2599020 160400 23511
193 379 10000 13105 74908 2614632 148071 12417
274 255 10000 12607 573344 2183537 581193 95044
333 119 10000 13111 141819 2619697 145620 23511
83 196 10000 13128 74908 2635531 130419 12417
370 139 10000 13141 74908 2641542 125279 12417
196 238 10000 13163 51067 2673238 93941 8473
4 103 10000 13142 51067 2643761 123855 8473
387 31 10000 13065 141819 2576591 191264 23511
215 213 10000 13197 74908 2706016 63290 12417
11 71 10000 13166 51067 2676696 93790 8473
168 218 10000 13133 93293 2638711 132559 15471
156 197 10000 13072 237853 2584800 186778 39430
113 343 10000 13139 93293 2640324 131376 15471
309 323 10000 12989 573344 2510522 261605 95044
88 106 10000 13135 93293 2638947 134251 15471
118 311 10000 13131 74908 2637962 135636 12417
294 314 10000 13165 51067 2674123 99962 8473
383 29 10000 13058 237853 2567134 206970 39430
95 49 10000 13039 237853 2553493 221202 39430
179 82 10000 12991 573344 2512350 264642 95044
389 116 10000 12986 573344 2507283 270017 95044
360 273 10000 13123 141819 2631303 146458 23511
81 177 10000 13074 237853 2586227 192095 39430
120 83 10000 13127 141819 2635178 146066 23511
99 340 10000 13060 51067 2568249 213063 8473
387 65 10000 13132 51067 2638517 143650 8473
356 25 10000 13170 51067 2680486 102003 8473
101 88 10000 12984 573344 2504721 279262 95044
107 36 10000 13070 237853 2581426 203192 39430
151 370 10000 13188 51067 2694022 90786 8473
232 171 10000 13137 141819 2639919 145394 23511
237 374 10000 13098 141819 2606350 179559 23511
52 390 10000 13160 74908 2662713 124214 12417
290 395 10000 13159 74908 2661578 127909 12417
323 179 10000 13164 51067 2673412 116177 8473
379 283 10000 13175 51067 2683398 106572 8473
359 167 10001 13181 37323 2689430 101618 6187
223 47 10000 12687 237853 2241246 551221 39430
255 372 10000 13195 51067 2701841 90786 8473
25 43 10000 13162 74908 2669349 123659 12417
227 66 10000 13045 237853 2556381 236883 39430
353 356 10000 13227 51067 2729157 64931 8473
319 48 10000 13148 141819 2650484 145394 23511
58 212 10000 13134 141819 2638820 157312 23511
399 123 10000 13207 28000 2713220 83168 4644
325 369 10000 13232 1177 2732870 66038 196
218 152 10000 13014 573344 2535899 265285 95044
358 91 10000 13206 51067 2711663 91760 8473
305 242 10000 13154 141819 2655898 147768 23511
115 76 10000 13149 141819 2653200 150613 23511
353 113 10000 12998 573344 2520181 284757 95044
136 223 10000 12795 573344 2332294 472920 95044
379 108 10000 13104 237853 2614580 191813 39430
163 197 10000 13129 141819 2635854 170743 23511
143 118 10000 13115 237853 2623520 187396 39430
310 149 10000 13107 237853 2616642 198198 39430
71 30 10000 13119 237853 2627978 187338 39430
31 43 10000 13185 74908 2691634 123753 12417
96 270 10000 13113 237853 2620678 195088 39430
80 253 10000 13221 51067 2723917 92075 8473
352 332 10000 13210 51067 2717316 98687 8473
133 240 10000 13209 51067 2716146 100420 8473
164 291 10000 13183 74908 2690286 126706 12417
314 119 10000 13219 51067 2723710 93461 8473
338 66 10000 13156 93293 2657256 160811 15471
149 292 10001 13203 51067 2710321 109061 8473
293 132 10000 13190 74908 2695108 124728 12417
164 65 10000 13226 51067 2728246 92626 8473
391 238 10000 13192 74908 2700515 124178 12417
364 75 10000 13240 37323 2737768 87887 6187
251 23 10000 13244 37323 2740225 85936 6187
119 355 10000 13179 93293 2688008 138184 15471
340 343 10000 13289 51067 2776705 49758 8473
250 368 10000 13053 74908 2564750 262824 12417
175 20 10000 13116 237853 2624065 205491 39430
183 248 10000 13234 51067 2733640 96347 8473
247 325 10000 13241 51067 2739743 91301 8473
379 234 10000 13173 141819 2682879 148833 23511
148 93 10000 13161 141819 2666735 165177 23511
323 77 10000 13145 141819 2649483 183357 23511
330 13 10000 13202 74908 2710249 123920 12417
165 252 10000 13252 37323 2747136 87221 6187
29 267 10000 13216 51067 2722996 114209 8473
207 86 10000 13208 74908 2714568 123744 12417
49 123 10000 13255 37323 2751095 88230 6187
323 286 10000 13006 573344 2528875 310517 95044
334 36 10000 13199 93293 2709667 131182 15471
238 396 10000 13002 573344 2522429 318677 95044
1 211 10000 13250 51067 2745054 96705 8473
327 265 10000 13174 141819 2683333 158599 23511
178 61 10000 13177 141819 2686472 156436 23511
212 287 10000 13198 93293 2708346 135013 15471
134 127 10000 12966 573344 2492882 351616 95044
239 136 10000 13215 74908 2720703 123870 12417
354 372 10000 13251 51067 2745389 99226 8473
369 122 10000 13257 51067 2752562 92446 8473
267 109 10000 13187 93293 2693699 152046 15471
353 271 10000 13204 74908 2710713 136126 12417
2 72 10000 13259 28000 2753134 96211 4644
354 16 10000 13191 141819 2695856 154579 23511
109 108 10000 13218 141819 2723678 126874 23511
87 357 10000 12120 573344 1780478 1070086 95044
90 127 10000 13258 51067 2753018 97609 8473
383 275 10000 13249 37323 2744538 108195 6187
191 304 10000 13213 93293 2720437 132760 15471
381 5 10000 13212 93293 2720276 133035 15471
320 179 10000 13233 51067 2733191 120466 8473
257 332 10000 13273 51067 2762674 92080 8473
328 284 10000 13217 74908 2723117 132534 12417
236 24 10000 13279 51067 2764925 90786 8473
393 193 10000 13271 51067 2758318 98086 8473
13 41 10000 13267 51067 2754722 103318 8473
92 148 10000 13223 93293 2726499 132246 15471
351 331 10000 13286 37323 2773261 87768 6187
313 56 10000 13236 74908 2736282 124824 12417
319 375 10000 13269 51067 2757778 103817 8473
63 207 10000 13288 37323 2774359 87327 6187
117 25 10000 13225 93293 2727994 134030 15471
13 48 10000 13237 74908 2736567 126243 12417
182 44 10000 13242 74908 2739948 123855 12417
56 388 10000 13284 51067 2772425 91761 8473
260 344 10000 13245 74908 2740451 124526 12417
111 119 10000 13309 74908 2789853 76978 12417
324 295 10000 13235 93293 2735027 133093 15471
93 362 10000 13231 93293 2731918 136272 15471
197 119 10000 13238 74908 2736646 135078 12417
252 108 10000 13193 93293 2700682 171192 15471
314 318 10000 13324 93293 2800504 72225 15471
264 109 10000 13176 237853 2684474 188925 39430
264 398 10000 13296 37323 2781112 94227 6187
24 149 10000 13260 74908 2753148 123752 12417
129 107 10000 13291 51067 2776814 100151 8473
33 271 10000 13256 74908 2752463 124611 12417
325 29 10000 13200 93293 2710043 168184 15471
97 75 10000 13264 74908 2753662 124662 12417
40 301 10000 10869 7521945 727203 2151153 1246840
154 147 10000 13336 93293 2810998 67884 15471
337 216 10000 13307 37323 2788857 90185 6187
167 307 10000 13254 93293 2751051 129959 15471
115 101 10000 13340 93293 2815019 67381 15471
19 55 10000 13247 74908 2743969 139671 12417
312 135 10000 13005 237853 2527581 356681 39430
328 29 10000 13230 141819 2731465 155710 23511
146 276 10000 13274 74908 2763170 124006 12417
100 295 10000 13270 74908 2758052 129887 12417
345 284 10000 13253 93293 2747856 140150 15471
114 139 10000 13301 51067 2785352 102773 8473
188 322 10000 13318 37323 2797718 91144 6187
59 78 10000 13248 141819 2744243 146511 23511
37 33 10000 13313 237853 2794043 98772 39430
301 356 10000 13317 51067 2797104 95879 8473
202 0 10000 13322 51067 2799908 94608 8473
70 284 10000 13272 93293 2760870 134976 15471
253 188 10000 13265 93293 2754401 142002 15471
17 369 10000 13266 74908 2754710 142417 12417
201 65 10000 13117 573344 2624246 274509 95044
381 391 10000 13346 141819 2818085 80981 23511
164 291 10001 13293 74908 2779822 123600 12417
266 182 10000 13075 74908 2587343 316239 12417
124 310 10000 13294 74908 2780116 125327 12417
250 376 10000 12981 573344 2502920 402570 95044
390 163 10000 13211 237853 2718839 187174 39430
267 373 10000 13281 74908 2767375 139455 12417
390 34 10000 13355 28000 2826100 83769 4644
143 147 10000 13392 51067 2860093 49829 8473
203 201 10000 13396 37323 2865343 45579 6187
88 337 10000 13337 51067 2811278 100035 8473
117 296 10000 13220 237853 2723888 188424 39430
187 195 10000 13394 51067 2863292 49933 8473
328 41 10000 13353 37323 2823804 89732 6187
14 283 10000 13261 141819 2753373 160786 23511
335 20 10000 13363 28000 2829028 85412 4644
142 283 10000 13406 1177 2873856 41297 196
174 177 10000 13397 28000 2868489 47168 4644
391 384 10000 13342 237853 2815384 103508 39430
64 383 10000 13308 93293 2789510 131422 15471
365 331 10000 13341 51067 2815073 105987 8473
173 12 10000 13316 74908 2796830 124658 12417
253 154 10000 13364 51067 2829266 92650 8473
81 204 10000 13321 74908 2798915 124781 12417
140 168 10000 13326 74908 2801607 123769 12417
23 172 10000 13314 93293 2794842 130844 15471
345 271 10000 13372 37323 2839901 87031 6187
122 82 10000 13306 93293 2788011 144158 15471
60 138 10000 13325 51067 2800963 131503 8473
326 39 10000 13224 237853 2726992 205859 39430
304 145 10000 13228 237853 2729993 203526 39430
318 398 10000 13328 93293 2803992 130397 15471
180 317 10000 13377 51067 2843601 91836 8473
322 226 10000 13351 51067 2823686 112785 8473
86 193 10000 13369 51067 2835987 100572 8473
177 382 10000 13368 51067 2835652 100911 8473
26 105 10000 13329 93293 2805668 132301 15471
328 392 10001 13437 4264 2896057 42175 708
271 51 10000 13262 141819 2753415 186015 23511
21 142 10000 13323 93293 2800162 139306 15471
306 382 10000 13295 93293 2780583 158928 15471
209 257 10000 13374 51067 2842356 97971 8473
285 156 10000 13167 573344 2677634 264613 95044
109 159 10000 13263 237853 2753540 190049 39430
270 247 10000 13319 93293 2797989 146460 15471
306 142 10000 13303 74908 2786372 158474 12417
302 232 10000 13339 93293 2814182 130867 15471
133 88 10000 12893 573344 2423924 522962 95044
39 289 10000 13276 141819 2764028 183020 23511
96 2 10000 13381 51067 2851852 95646 8473
397 348 10001 13315 74908 2795996 153025 12417
147 203 10000 13335 74908 2809625 140954 12417
227 268 10000 13348 93293 2820144 130739 15471
162 204 10000 13332 93293 2808369 143133 15471
263 315 10000 13243 237853 2740119 211560 39430
157 181 10000 13344 74908 2818009 134863 12417
388 277 10000 13350 93293 2823539 131033 15471
100 372 10000 13180 573344 2688114 266611 95044
392 284 10000 13287 51067 2774266 180705 8473
176 122 10000 13390 51067 2858975 97651 8473
198 333 10000 13275 237853 2763345 194836 39430
306 49 10000 13246 237853 2740698 217499 39430
181 288 10000 13359 74908 2826999 131554 12417
357 106 10000 13389 51067 2858553 100804 8473
289 171 10000 13285 237853 2772972 188724 39430
110 26 10000 13150 573344 2654988 307054 95044
171 268 10000 13140 573344 2641288 322255 95044
171 43 10000 13205 237853 2711262 252528 39430
10 393 10000 13418 28000 2881847 85466 4644
213 54 10000 13375 74908 2842533 125213 12417
245 88 10000 13378 74908 2844262 124812 12417
72 79 10000 13399 93293 2869977 99251 15471
174 363 10000 13158 573344 2659440 309870 95044
213 90 10000 13411 51067 2875649 94522 8473
261 216 10000 13416 51067 2881229 90858 8473
383 346 10000 13385 28000 2853544 118660 4644
188 83 10000 13300 237853 2784637 187844 39430
295 56 10000 13481 1177 2932058 40820 196
104 228 10000 13419 51067 2882026 91497 8473
110 10 10000 13222 237853 2724015 249676 39430
55 380 10000 13239 237853 2736677 237455 39430
93 253 10000 13302 237853 2786333 188246 39430
29 19 10000 13422 51067 2883616 91317 8473
224 205 10000 13428 37323 2889727 86259 6187
56 160 10000 13366 141819 2831734 145156 23511
223 74 10000 13067 93293 2579872 399145 15471
83 393 10000 13311 237853 2791860 187423 39430
363 105 10000 13178 573344 2687275 293490 95044
371 168 10000 13425 51067 2887865 94951 8473
203 323 10000 13431 51067 2891967 91109 8473
314 324 10000 13290 237853 2776779 206773 39430
9 137 10000 13343 74908 2817771 165892 12417
266 219 10000 13304 93293 2786396 200465 15471
196 149 10000 13393 74908 2861436 127369 12417
220 376 10000 13435 37323 2895306 94451 6187
155 188 10000 13395 74908 2863606 126336 12417
272 224 10000 13214 573344 2720465 269526 95044
99 45 10000 12280 2076744 1918800 1071902 344245
133 107 10000 13312 93293 2792432 198823 15471
317 34 10000 13268 74908 2755173 236634 12417
189 153 10000 13338 141819 2813792 180004 23511
245 1 10000 13398 74908 2869710 125719 12417
324 157 10000 13450 51067 2905593 90953 8473
280 290 10000 13494 51067 2947020 50752 8473
102 197 10000 13333 141819 2808904 189241 23511
91 369 10000 13370 141819 2837649 161637 23511
239 365 10000 13454 51067 2908088 91286 8473
150 177 10000 13467 28000 2916429 83080 4644
88 122 10001 13388 74908 2857729 142369 12417
389 169 10000 13400 93293 2870204 131373 15471
94 17 10000 13427 51067 2888931 113233 8473
54 330 10000 13093 573344 2602144 400340 95044
179 46 10000 13455 51067 2908301 96367 8473
19 181 10000 13345 141819 2818016 186977 23511
352 290 10000 13382 37323 2852575 153363 6187
175 298 10000 13420 74908 2882578 123569 12417
326 321 10000 13475 74908 2926640 79623 12417
0 326 10000 13172 573344 2682738 323606 95044
263 189 10000 13424 74908 2884970 123995 12417
28 125 10000 13387 141819 2855560 153868 23511
117 386 10000 13473 28000 2923864 86024 4644
25 337 10000 13347 93293 2819569 191136 15471
283 238 10000 13439 51067 2897790 115251 8473
112 315 10001 13465 28000 2915711 98378 4644
149 168 10000 13410 93293 2875248 139240 15471
345 259 10000 13331 74908 2808123 206438 12417
365 386 10000 13282 573344 2768413 249543 95044
14 61 10000 13110 573344 2618245 400428 95044
287 314 10000 13472 51067 2922603 96353 8473
290 346 10000 13483 28000 2933693 85881 4644
376 333 10000 13434 74908 2895040 124764 12417
274 179 10000 13413 93293 2876598 144472 15471
321 299 10000 13478 51067 2929772 91512 8473
219 283 10000 13367 237853 2833579 188147 39430
108 10 10000 13441 74908 2898112 124157 12417
253 283 10000 13457 51067 2909514 112940 8473
302 8 10000 13402 141819 2871468 151221 23511
238 272 10000 13349 237853 2820953 203707 39430
219 153 10000 13445 74908 2901414 123676 12417
313 284 10000 13068 573344 2580035 445163 95044
25 192 10000 13283 237853 2769845 255649 39430
398 72 10000 13438 74908 2896256 129327 12417
386 331 10000 13443 74908 2899338 127127 12417
271 395 10000 13380 141819 2849558 178768 23511
241 387 10000 13401 93293 2870382 158714 15471
65 338 10000 13488 51067 2937698 91657 8473
282 362 10000 13278 573344 2764606 266000 95044
128 337 10000 13405 74908 2873740 157510 12417
122 185 10000 13452 74908 2907190 124692 12417
171 381 10000 13365 141819 2829768 202835 23511
198 105 10000 13449 93293 2903806 131052 15471
296 186 10000 13463 74908 2914151 123955 12417
24 250 10000 13453 93293 2907773 130967 15471
394 294 10000 13417 74908 2881463 157768 12417
187 86 10000 13403 141819 2872293 168388 23511
139 368 10000 13471 51067 2920727 121283 8473
245 62 10000 13436 141819 2895360 146735 23511
313 381 10000 13456 74908 2908436 134521 12417
248 191 10000 13386 237853 2854510 188502 39430
194 312 10000 13547 1177 2997136 46161 196
204 353 10000 13459 93293 2911523 131890 15471
107 315 10000 13460 93293 2911639 132712 15471
279 86 10000 13485 51067 2936301 108097 8473
394 71 10000 13125 573344 2631932 413694 95044
4 77 10000 13147 573344 2650268 395759 95044
194 241 10000 13464 93293 2915330 135332 15471
82 277 10000 13462 93293 2913367 138937 15471
369 276 10000 13476 74908 2928147 125070 12417
361 197 10000 13182 74908 2689610 363780 12417
311 134 10000 13442 93293 2898380 155330 15471
294 272 10000 13510 51067 2959260 94558 8473
11 98 10000 13371 237853 2839813 214582 39430
121 371 10000 13517 37323 2966621 87918 6187
274 8 10000 13280 573344 2765831 290121 95044
187 184 10000 13560 51067 3008082 50369 8473
343 253 10000 13297 237853 2781912 278266 39430
85 370 10000 13373 237853 2841728 219060 39430
61 172 10000 13479 93293 2931111 130817 15471
352 213 10000 13520 51067 2968428 94061 8473
327 129 10000 13357 237853 2826374 236364 39430
334 178 10000 13522 51067 2972323 90786 8473
278 152 10000 13521 51067 2971880 91358 8473
393 391 10001 13533 93293 2985732 77886 15471
344 231 10000 13409 237853 2875076 189238 39430
85 27 10000 13362 141819 2827978 242290 23511
139 222 10000 13433 141819 2894294 177167 23511
131 61 10000 13444 93293 2900888 171486 15471
99 149 10000 13482 74908 2933668 139705 12417
266 318 10000 13194 573344 2701268 372404 95044
235 397 10000 13277 237853 2764384 312750 39430
35 192 10000 13536 28000 2990820 86843 4644
71 317 10000 13498 93293 2949098 130903 15471
239 74 10000 13535 51067 2990304 91206 8473
285 78 10000 13603 4264 3038773 44220 708
381 396 10000 13581 74908 3020856 62731 12417
288 11 10000 13512 74908 2961078 123965 12417
277 156 10000 13499 74908 2949099 136049 12417
182 40 10000 13484 141819 2935032 150451 23511
25 295 10000 13421 51067 2882625 203025 8473
75 137 10001 13412 141819 2875925 211671 23511
306 130 10000 13507 93293 2957467 130303 15471
80 156 10000 13531 51067 2985053 104695 8473
210 359 10000 13529 51067 2982010 108358 8473
94 278 10000 13229 573344 2731188 359941 95044
341 0 10000 13169 573344 2678049 413377 95044
248 265 10000 13551 37323 3000389 91502 6187
395 144 10000 13491 51067 2942518 149474 8473
166 53 10000 13518 74908 2966920 125151 12417
154 138 10000 13432 237853 2893602 200572 39430
383 233 10000 13361 237853 2827609 267175 39430
85 298 10000 13528 51067 2981714 114771 8473
51 322 10000 13496 141819 2948327 148339 23511
383 105 10000 13505 51067 2956677 140047 8473
237 135 10000 10363 7521945 283049 2815684 1246840
3 111 10000 13519 93293 2967408 131468 15471
27 340 10000 13559 51067 3007688 91240 8473
356 398 10000 13554 51067 3004825 95016 8473
115 368 10000 13563 51067 3008648 91425 8473
382 392 10000 13538 237853 2992855 109818 39430
134 75 10000 10909 7521945 764584 2339786 1246840
46 107 10000 13489 74908 2939884 164516 12417
374 175 10000 13552 51067 3001249 103525 8473
200 201 10000 13171 237853 2680967 424983 39430
172 46 10000 13516 141819 2964660 144185 23511
347 267 10000 13524 93293 2975849 133672 15471
57 54 10000 13640 37323 3064641 44908 6187
202 25 10000 13492 141819 2943190 166942 23511
35 88 10000 13503 93293 2955280 155204 15471
51 194 10000 13523 93293 2975316 135212 15471
286 200 10000 13495 141819 2947901 163237 23511
64 381 10000 13448 141819 2903687 208488 23511
14 301 10000 13578 51067 3018547 94992 8473
185 386 10000 13564 51067 3009539 104365 8473
154 168 10000 13576 51067 3017041 98521 8473
360 344 10000 13591 37323 3028044 88503 6187
356 380 10000 13379 141819 2848900 267758 23511
240 23 10000 13305 573344 2786496 331388 95044
34 395 10000 13469 237853 2919717 198301 39430
341 140 10000 13354 573344 2825315 294170 95044
392 195 10000 13451 237853 2905698 214708 39430
4 267 10000 13540 51067 2993524 127518 8473
147 355 10000 13509 74908 2958739 163662 12417
124 388 10000 13586 51067 3024951 98206 8473
347 199 10000 13550 74908 2999569 123635 12417
25 218 10000 13447 74908 2903276 222095 12417
119 58 10000 13539 93293 2993382 133477 15471
255 304 10000 13527 141819 2981565 145394 23511
385 137 10000 13572 51067 3015681 111747 8473
317 313 10000 13136 573344 2639399 488794 95044
223 350 10000 13352 141819 2823795 306713 23511
82 115 10000 13360 573344 2827462 303903 95044
67 322 10000 13570 51067 3014916 118048 8473
81 99 10000 13619 141819 3051659 82071 23511
201 231 10000 13606 51067 3040552 93436 8473
65 230 10000 13601 51067 3036900 98586 8473
64 119 10000 13553 93293 3001706 133977 15471
270 130 10000 13679 1177 3095186 41241 196
201 169 10000 13571 74908 3015009 123819 12417
240 330 10000 13513 141819 2961821 177412 23511
282 344 10000 13574 74908 3016760 124056 12417
368 42 10000 13621 37323 3053345 88270 6187
196 251 10000 13577 74908 3018387 123569 12417
186 3 10000 13502 237853 2954410 188394 39430
7 231 10000 13631 37323 3057219 86424 6187
142 337 10000 13310 573344 2791730 353808 95044
230 257 10000 13292 573344 2777664 368740 95044
222 301 10000 13625 51067 3055345 91715 8473
388 103 10000 13691 1177 3107527 40974 196
319 334 10000 13585 74908 3024395 124128 12417
118 71 10000 13515 237853 2962602 186371 39430
8 45 10000 13579 93293 3018875 130113 15471
312 191 10000 13557 74908 3006995 143654 12417
360 331 10000 13461 237853 2912196 239386 39430
295 95 10000 13628 51067 3056412 95222 8473
121 222 10000 13546 93293 2996947 154976 15471
43 128 10000 13634 51067 3058759 93657 8473
355 173 10000 13493 141819 2946180 206463 23511
223 332 10000 13514 37323 2961892 192826 6187
317 201 10000 13558 51067 3007011 148835 8473
197 357 10000 13643 28000 3067521 88613 4644
126 91 10000 13636 51067 3062254 96262 8473
340 70 10000 13568 141819 3012502 146311 23511
211 350 10000 13654 28000 3075991 83289 4644
343 79 10000 13641 51067 3064826 95334 8473
158 189 10000 13594 74908 3031364 129203 12417
248 380 10000 13647 51067 3068735 91861 8473
387 10 10000 13506 141819 2956774 204032 23511
43 142 10000 13598 51067 3031899 128995 8473
52 218 10000 13644 51067 3067598 94849 8473
326 46 10000 13480 237853 2931662 233287 39430
279 22 10000 13630 51067 3056511 108902 8473
46 291 10000 13549 74908 2998474 167319 12417
55 291 10000 13580 141819 3020836 145394 23511
110 320 10000 13384 573344 2853315 314469 95044
340 86 10000 13648 51067 3069347 99252 8473
279 184 10000 13611 74908 3044269 124654 12417
86 156 10000 13530 237853 2983370 185978 39430
46 353 10000 13358 573344 2826380 343540 95044
212 6 10000 13592 93293 3028122 143537 15471
38 249 10000 13501 237853 2953287 218685 39430
103 308 10000 13602 93293 3037855 135084 15471
133 121 10000 13669 74908 3084998 91650 12417
307 32 10000 13671 51067 3086698 90969 8473
33 211 10000 13414 573344 2879426 300462 95044
19 384 10000 13426 141819 2888636 291312 23511
25 301 10000 13415 237853 2880396 300630 39430
354 3 10000 13609 93293 3042158 139062 15471
397 15 10000 13584 141819 3023714 158582 23511
365 247 10000 13672 51067 3088750 93611 8473
259 321 10000 13500 237853 2950633 232484 39430
126 248 10000 13624 74908 3054832 129636 12417
184 305 10000 13622 93293 3053397 131298 15471
267 324 10000 13670 51067 3085038 100056 8473
300 4 10000 13604 141819 3039468 146141 23511
91 152 10000 13668 51067 3084862 102393 8473
262 120 10000 13638 74908 3063666 123600 12417
119 151 10000 13616 74908 3048307 139443 12417
107 91 10000 13614 93293 3045617 143588 15471
311 56 10000 13637 28000 3063348 125883 4644
167 347 10000 13556 237853 3006779 182887 39430
126 349 10000 13596 141819 3031715 158575 23511
266 279 10000 13327 237853 2802190 388476 39430
217 285 10000 13446 237853 2901787 289479 39430
216 36 10000 13612 141819 3044650 150550 23511
329 267 10000 13632 93293 3057234 137973 15471
287 184 10000 13573 237853 3015960 180260 39430
240 172 10000 13626 51067 3055445 141048 8473
185 82 10000 13593 93293 3031179 165990 15471
112 349 10000 13534 141819 2986537 211504 23511
41 282 10000 13610 141819 3043905 154292 23511
104 343 10000 13692 37323 3112611 86289 6187
231 86 10000 13605 74908 3040266 158675 12417
15 179 10000 13607 141819 3041099 158004 23511
130 327 10000 13508 237853 2958342 241192 39430
25 216 10000 13569 93293 3013643 186972 15471
289 325 10000 13682 51067 3099556 101771 8473
358 66 10000 13686 51067 3106038 95455 8473
244 80 10000 13633 141819 3057249 145689 23511
25 288 10000 13334 573344 2809184 393856 95044
109 146 10000 13659 74908 3078625 124673 12417
279 152 10000 13677 51067 3093865 109726 8473
247 383 10000 13613 141819 3045020 160575 23511
276 48 10000 13646 93293 3067873 137964 15471
139 75 10000 13650 74908 3070882 135196 12417
180 64 10001 13696 51067 3113926 93453 8473
292 34 10000 13664 51067 3083164 124787 8473
328 352 10000 13567 93293 3011210 197555 15471
64 158 10000 13704 37323 3122482 86329 6187
386 339 10000 13629 93293 3056435 152595 15471
65 304 10000 13662 74908 3079881 129316 12417
106 75 10000 13661 93293 3079087 131610 15471
84 1 10000 13707 37323 3124373 86673 6187
292 125 10000 13683 51067 3099915 111916 8473
384 154 10000 13657 93293 3076901 135157 15471
50 30 10000 13673 74908 3089134 124671 12417
97 188 10000 13600 74908 3035585 178837 12417
255 107 10000 13674 74908 3091815 123755 12417
352 249 10000 13608 141819 3041624 174921 23511
318 345 10000 13649 141819 3069939 147533 23511
53 27 10000 13711 37323 3127515 91515 6187
5 187 10000 13532 237853 2985520 234074 39430
148 149 10000 13770 51067 3172357 49666 8473
344 217 10000 13676 51067 3092972 130142 8473
268 325 10000 13681 74908 3099001 124554 12417
177 359 10000 13688 51067 3106383 118093 8473
13 256 10000 13710 51067 3127268 97628 8473
363 293 10000 13665 74908 3083252 142040 12417
94 301 10000 13583 141819 3023683 203116 23511
292 60 10000 13680 93293 3095667 131963 15471
391 188 10000 13330 573344 2806886 422163 95044
348 109 10000 13685 74908 3103189 127337 12417
52 77 10000 13723 51067 3135815 94873 8473
145 323 10000 13587 74908 3026193 204650 12417
63 169 10001 13687 74908 3106208 124830 12417
46 3 10000 13708 51067 3124608 108769 8473
200 47 10000 13423 237853 2884657 349555 39430
299 301 10000 13735 51067 3145431 92954 8473
119 149 10000 13739 51067 3148168 90917 8473
255 15 10000 13698 37323 3114293 125488 6187
297 28 10000 13740 51067 3149080 91379 8473
191 37 10000 13727 28000 3138541 102665 4644
218 361 10000 13525 573344 2979050 262927 95044
94 78 10000 13590 93293 3027944 216405 15471
195 76 10000 13589 237853 3026727 219236 39430
215 39 10000 13555 237853 3005761 241707 39430
242 130 10000 13477 573344 2929609 318021 95044
144 38 10000 13658 141819 3077203 171647 23511
75 312 10000 13474 237853 2923970 326500 39430
283 334 10000 13709 74908 3127022 125821 12417
44 159 10000 13429 573344 2890573 362418 95044
61 70 10000 13792 93293 3185979 67992 15471
226 379 10000 13835 1177 3213254 41127 196
211 155 10000 13690 141819 3107209 147477 23511
18 375 10000 13700 74908 3117462 138242 12417
328 297 10000 13391 573344 2859524 396282 95044
202 187 10000 13716 74908 3131421 126284 12417
26 81 10000 13689 74908 3107108 151315 12417
256 74 10000 13712 93293 3128243 130405 15471
188 16 10001 13635 237853 3059722 200527 39430
38 177 10000 13705 74908 3122611 137763 12417
39 365 10000 13734 51067 3145130 116068 8473
118 137 10000 13660 237853 3078687 187182 39430
103 111 10000 13793 141819 3186153 80177 23511
275 252 10000 13702 51067 3119959 146927 8473
356 17 10000 13617 141819 3049787 217193 23511
27 191 10001 13703 93293 3120796 148410 15471
358 175 10000 13720 51067 3133042 136388 8473
221 327 10000 13721 93293 3133320 137039 15471
44 347 10000 13783 51067 3179028 91961 8473
43 131 10000 13738 74908 3147378 124669 12417
136 42 10000 13656 237853 3076642 195979 39430
308 342 10000 13750 51067 3158899 114617 8473
242 295 10000 13430 573344 2891671 384107 95044
72 66 10000 11412 7521945 1180594 2095468 1246840
279 6 10000 13537 237853 2991354 284855 39430
374 258 10000 13860 4264 3233728 42484 708
363 392 10000 13652 237853 3073668 205010 39430
98 388 10000 13747 51067 3155354 124780 8473
256 351 10000 13774 51067 3172770 108173 8473
62 71 10000 13857 51067 3231738 49787 8473
259 196 10000 13759 51067 3163751 118371 8473
21 352 10000 13729 74908 3141161 141712 12417
397 99 10000 13746 74908 3155294 127752 12417
227 350 10000 13745 93293 3153219 129874 15471
340 327 10000 13732 93293 3143172 140000 15471
209 299 10000 13767 51067 3170651 112576 8473
386 91 10000 13730 74908 3141590 143531 12417
83 312 10000 13806 51067 3193563 91808 8473
0 215 10000 13794 51067 3186835 99889 8473
330 124 10000 13653 237853 3073876 213872 39430
280 116 10000 13541 573344 2993748 294148 95044
96 222 10000 13800 51067 3190896 97273 8473
347 111 10000 13695 93293 3113402 174857 15471
181 252 10000 13542 573344 2994330 294397 95044
6 229 10000 13756 74908 3162514 126700 12417
286 210 10000 13726 93293 3138401 151123 15471
396 187 10000 13486 141819 2936860 353112 23511
312 238 10000 13754 93293 3161668 130330 15471
14 82 10000 13736 141819 3146440 145940 23511
120 299 10000 13645 237853 3067859 224875 39430
387 369 10000 13050 2076744 2560770 732413 344245
303 258 10000 13796 51067 3188974 104679 8473
52 68 10000 13725 141819 3137239 156430 23511
179 392 10000 13761 74908 3165580 128401 12417
95 223 10000 13808 51067 3194691 99374 8473
37 240 10000 13757 93293 3163334 131262 15471
329 350 10000 13751 74908 3159435 135506 12417
66 100 10000 13762 74908 3166239 129414 12417
108 65 10000 13822 37323 3204859 90866 6187
4 96 10000 13749 74908 3158280 138184 12417
140 359 10000 13811 51067 3197488 99258 8473
293 144 10000 13827 37323 3206641 90559 6187
195 201 10000 13741 141819 3149544 148798 23511
126 8 10000 13717 51067 3131423 167591 8473
343 390 10000 13458 573344 2909714 390208 95044
71 34 10000 13765 93293 3168063 132278 15471
130 210 10000 13755 74908 3161943 139949 12417
364 267 10000 13812 51067 3198364 103580 8473
394 214 10000 13753 93293 3160402 141581 15471
280 21 10000 13820 51067 3203996 98112 8473
198 171 10000 13772 93293 3172418 130758 15471
215 377 10000 13718 93293 3132029 171291 15471
132 381 10000 12846 2076744 2381228 923395 344245
192 113 10000 13758 93293 3163683 141306 15471
146 258 10000 13785 74908 3181486 123580 12417
58 127 10000 13780 74908 3176606 128582 12417
10 265 10000 13818 51067 3203136 102618 8473
330 226 10000 13839 51067 3215646 92715 8473
75 89 10000 13748 37323 3155928 153093 6187
295 7 10000 13497 573344 2948700 360895 95044
267 138 10000 13791 74908 3185780 125071 12417
172 77 10000 13906 1177 3270638 40820 196
39 15 10000 13566 573344 3010760 300879 95044
16 282 10001 13832 51067 3209196 102888 8473
50 127 10000 13706 237853 3123547 188661 39430
46 332 10000 13844 51067 3217452 94965 8473
144 171 10000 13714 74908 3128471 184328 12417
296 32 10000 13843 51067 3217437 95636 8473
151 391 10000 13663 237853 3080432 233103 39430
158 137 10000 13799 74908 3190533 125066 12417
257 61 10000 13760 141819 3163980 152414 23511
198 6 10000 13804 74908 3192526 124789 12417
170 243 10000 13846 51067 3220014 98349 8473
233 234 10000 13922 15443 3285118 33367 2565
203 318 10000 13795 93293 3187755 130759 15471
257 13 10000 13801 51067 3191102 127717 8473
151 225 10000 13724 74908 3136876 182250 12417
65 121 10000 13910 15443 3272869 46366 2565
39 148 10000 13737 93293 3147375 173241 15471
225 79 10000 13766 93293 3169572 152276 15471
123 98 10000 13618 237853 3050955 271007 39430
208 217 10000 13890 93293 3253956 68199 15471
364 367 10000 13870 141819 3241365 80873 23511
396 113 10000 13595 93293 3031579 291369 15471
231 101 10000 13813 74908 3198425 124800 12417
171 131 10000 13802 93293 3191686 131946 15471
274 66 10001 13919 1177 3282258 41740 196
120 155 10000 13833 51067 3209271 115442 8473
295 144 10000 13851 51067 3226875 97912 8473
306 372 10000 13859 51067 3233616 91419 8473
250 186 10000 13562 573344 3008370 317147 95044
26 114 10000 13809 93293 3195977 130084 15471
16 47 10000 13769 141819 3171087 155198 23511
13 41 10001 13816 74908 3202521 124873 12417
343 267 10000 13719 237853 3132575 195239 39430
303 203 10000 13868 28000 3239524 88404 4644
79 0 10000 13819 74908 3203445 124540 12417
154 224 10000 13803 93293 3192519 136966 15471
161 277 10000 13852 51067 3226935 102731 8473
234 365 10000 13876 28000 3247375 83026 4644
25 193 10000 13916 15443 3279328 51374 2565
44 154 10000 13825 74908 3205914 127447 12417
144 325 10001 13666 237853 3083497 249928 39430
381 141 10000 13789 74908 3184289 149334 12417
117 125 10000 13869 51067 3241200 92674 8473
350 295 10000 13778 74908 3175151 158770 12417
161 298 10001 13728 237853 3140301 195185 39430
289 26 10000 13885 28000 3252496 83584 4644
194 238 10000 13837 74908 3214339 124483 12417
120 315 10000 13834 51067 3212490 126378 8473
149 304 10000 13838 74908 3214809 124299 12417
136 50 10000 13855 51067 3227937 112359 8473
76 184 10000 13883 51067 3250671 90916 8473
158 200 10000 13871 51067 3243030 98714 8473
98 388 10001 13831 93293 3208954 133842 15471
286 188 10000 13830 93293 3208043 134806 15471
5 294 10000 13545 573344 2996303 347531 95044
383 365 10000 13787 141819 3183377 161033 23511
330 119 10000 13879 51067 3247582 97354 8473
34 317 10000 13887 51067 3253209 92549 8473
296 337 10000 13742 237853 3151783 197900 39430
154 210 10000 13575 237853 3016903 333203 39430
84 231 10000 13815 74908 3198951 151622 12417
18 290 10000 13781 141819 3176916 174552 23511
86 285 10000 13853 74908 3227017 126372 12417
32 186 10000 13882 51067 3250362 103887 8473
112 315 10000 13090 2076744 2600885 753628 344245
75 188 10000 12877 2076744 2408092 947692 344245
288 346 10000 13836 93293 3214070 141858 15471
236 105 10000 13901 51067 3265821 91013 8473
92 46 10000 13642 141819 3066383 291996 23511
8 18 10000 13886 237853 3252743 106887 39430
336 12 10000 13752 237853 3159651 200040 39430
268 163 10000 13894 51067 3258276 101470 8473
136 121 10000 13948 51067 3311537 49758 8473
208 329 10000 13905 28000 3270116 91288 4644
123 237 10000 13805 74908 3193313 170736 12417
249 171 10000 13914 37323 3277278 88453 6187
261 333 10000 13913 51067 3275272 91169 8473
18 140 10000 13623 573344 3053861 312898 95044
135 157 10000 13784 237853 3180301 186501 39430
246 331 10000 13900 51067 3265095 101826 8473
181 79 10000 13912 51067 3273899 95774 8473
350 313 10000 13722 237853 3133729 236711 39430
21 90 10000 13864 51067 3237702 133163 8473
48 209 10000 13786 237853 3182092 188959 39430
377 173 10000 13956 15443 3320677 52328 2565
63 385 10000 13798 141819 3189482 183577 23511
375 3 10000 13856 74908 3228452 145487 12417
274 141 10000 13763 141819 3166860 209193 23511
144 53 10000 13790 74908 3185325 192115 12417
170 346 10000 13678 573344 3093946 283682 95044
112 387 10000 13862 51067 3235902 142418 8473
84 329 10000 13773 237853 3172756 205961 39430
371 158 10000 13841 93293 3217167 161775 15471
361 5 10000 13543 74908 2995061 385440 12417
166 244 10000 13884 74908 3250970 129992 12417
316 177 10000 13924 51067 3285725 95665 8473
288 331 10000 13880 93293 3247656 133835 15471
260 110 10000 13849 141819 3225324 159702 23511
140 392 10000 13865 93293 3238089 146954 15471
248 310 10000 13867 141819 3239523 146890 23511
276 225 10000 13620 573344 3052858 333854 95044
397 223 10000 13898 74908 3261880 125524 12417
94 109 10000 13840 93293 3216267 171254 15471
328 394 10000 13934 51067 3296977 91077 8473
313 119 10000 13935 51067 3297845 91249 8473
73 285 10000 13788 237853 3183553 206515 39430
304 255 10000 13807 237853 3194493 195855 39430
120 393 10000 13866 74908 3239152 151736 12417
15 371 10000 13888 37323 3253688 138404 6187
130 208 10000 13639 573344 3063857 328830 95044
282 308 10000 13874 141819 3246413 146370 23511
171 86 10000 13909 51067 3271846 121471 8473
386 294 10000 13713 237853 3128341 267722 39430
176 348 10000 13911 74908 3273001 124828 12417
285 322 10000 13944 51067 3305133 94815 8473
367 239 10000 13907 93293 3270942 129636 15471
3 61 10000 13946 51067 3306465 95503 8473
31 14 10000 13917 74908 3279449 125067 12417
144 175 10000 13675 237853 3092148 312781 39430
130 184 10000 13861 141819 3234609 172152 23511
168 12 10000 13889 74908 3253769 153119 12417
186 52 10000 13920 74908 3283289 124409 12417
387 236 10000 13939 51067 3301710 106229 8473
274 147 10000 13810 141819 3197110 211059 23511
233 10 10000 13942 51067 3302845 105965 8473
105 278 10000 13941 37323 3302655 106717 6187
332 383 10000 13814 74908 3198860 213437 12417
152 76 10000 13953 51067 3319717 92628 8473
367 103 10000 13915 93293 3278664 134574 15471
305 20 10000 13775 237853 3172969 241419 39430
144 395 10000 13960 51067 3327280 92359 8473
360 302 10000 13817 237853 3202870 217295 39430
78 369 10000 13964 51067 3330375 91231 8473
96 117 10000 13858 141819 3232421 190109 23511
302 0 10000 13847 237853 3221242 201741 39430
72 253 10000 13961 51067 3328302 94724 8473
254 211 10000 13897 93293 3261866 161777 15471
148 17 10000 13715 573344 3128793 297677 95044
334 318 10000 13933 93293 3293840 132769 15471
112 254 10000 13697 237853 3114228 314541 39430
273 33 10000 13896 141819 3261138 169524 23511
345 235 10000 13893 93293 3258275 172423 15471
144 368 10000 13930 74908 3290975 140432 12417
228 66 10000 13978 51067 3342389 90786 8473
9 379 10000 13903 93293 3265850 167830 15471
264 224 10000 13878 237853 3247576 186213 39430
299 127 10000 13943 93293 3303751 131667 15471
369 198 10000 13892 141819 3257386 181894 23511
38 81 10000 13776 237853 3172994 267827 39430
227 338 10000 13771 573344 3172370 268886 95044
273 31 10000 13923 93293 3285244 156627 15471
15 308 10000 13949 37323 3315876 127270 6187
149 160 10000 13829 141819 3207801 237332 23511
175 361 10000 13782 573344 3177214 268104 95044
277 96 10000 13927 141819 3287589 157735 23511
33 110 10000 13983 51067 3343699 102445 8473
333 187 10000 13952 74908 3319414 129051 12417
304 6 10000 13954 51067 3319827 128664 8473
307 244 10000 13850 237853 3225729 223287 39430
302 100 10000 13548 573344 2997309 453629 95044
212 47 10000 14000 51067 3357474 93696 8473
62 20 10000 13902 237853 3265833 186699 39430
119 294 10000 13821 237853 3204342 249304 39430
21 395 10000 13895 74908 3260297 193565 12417
297 368 10000 14007 28000 3372696 83118 4644
28 117 10000 13965 74908 3331662 125999 12417
347 234 10000 14006 37323 3372178 87590 6187
152 139 10000 13947 74908 3309048 151130 12417
170 235 10000 14005 51067 3369146 91729 8473
93 212 10000 13694 573344 3113107 350454 95044
114 21 10000 13959 93293 3326205 138558 15471
88 102 10000 13985 51067 3345227 120081 8473
255 98 10000 13976 74908 3342052 123591 12417
11 56 10000 13982 74908 3343604 123569 12417
258 219 10000 14078 1177 3426943 40820 196
215 276 10000 13997 37323 3352230 115960 6187
231 295 10000 13957 141819 3322940 145547 23511
335 283 10000 13928 74908 3289151 179660 12417
48 175 10000 13977 74908 3342172 126916 12417
303 235 10000 13975 74908 3341771 127778 12417
29 77 10000 13967 74908 3333610 135959 12417
344 199 10000 13968 93293 3333945 135856 15471
147 357 10000 13731 573344 3143008 328228 95044
319 108 10000 13848 237853 3224659 246613 39430
212 196 10000 13973 93293 3338748 132737 15471
215 317 10000 14061 1177 3413654 58461 196
140 197 10000 13990 74908 3346572 125914 12417
358 341 10000 13950 573344 3317793 154752 95044
199 19 10000 13699 573344 3115666 357716 95044
188 303 10000 13994 74908 3350497 125002 12417
168 34 10000 14008 51067 3374419 101142 8473
195 49 10000 13987 93293 3345277 130334 15471
204 295 10000 14012 51067 3379593 96039 8473
266 150 10000 13904 237853 3267093 208623 39430
120 165 10000 13962 141819 3330092 146282 23511
272 147 10000 13733 573344 3143998 332719 95044
85 256 10000 13991 74908 3349055 128874 12417
5 212 10000 14031 28000 3395415 83433 4644
193 48 10000 13974 93293 3340345 138525 15471
139 170 10000 14015 28000 3383341 99553 4644
359 291 10001 13877 237853 3247530 235391 39430
9 337 10000 13701 573344 3119212 364564 95044
303 360 10000 13918 237853 3280575 203286 39430
22 249 10001 13999 74908 3355888 128224 12417
107 159 10000 14029 37323 3393694 92118 6187
206 391 10000 13955 141819 3320019 167275 23511
148 376 10000 13921 237853 3283362 206242 39430
230 74 10000 13981 141819 3343276 146858 23511
364 324 10000 14034 51067 3396268 94121 8473
325 91 10000 14036 37323 3397776 92690 6187
268 38 10000 14028 51067 3393206 97595 8473
14 169 10000 14038 51067 3398261 92720 8473
319 129 10000 14033 51067 3396173 96121 8473
96 220 10000 14041 37323 3400302 92434 6187
46 185 10000 13989 93293 3346103 149197 15471
111 6 10000 13526 573344 2979425 515985 95044
266 125 10000 14035 51067 3397543 98018 8473
139 391 10000 13980 93293 3342988 152585 15471
222 240 10000 13958 141819 3325692 170327 23511
92 274 10000 13544 573344 2995116 501582 95044
45 148 10000 13970 141819 3337265 159488 23511
225 347 10000 14001 51067 3358042 140569 8473
213 107 10000 14040 51067 3399696 100274 8473
225 265 10000 13298 2076744 2782149 718905 344245
1 346 10000 14042 51067 3400587 100874 8473
72 67 10000 14052 141819 3408642 93941 23511
315 56 10000 13891 237853 3255613 247676 39430
279 58 10000 14121 1177 3462980 41076 196
197 205 10000 13777 573344 3175066 329053 95044
225 45 10000 13996 74908 3350904 153792 12417
3 339 10000 13966 93293 3333425 172789 15471
240 270 10000 13873 93293 3244786 261673 15471
92 105 10000 13651 237853 3073134 436074 39430
189 269 10000 14009 93293 3376233 134934 15471
54 140 10000 14023 74908 3388257 123980 12417
67 170 10000 13872 573344 3243765 269195 95044
293 178 10000 14085 28000 3429820 83691 4644
372 361 10000 14119 37323 3462625 51726 6187
265 63 10000 14003 93293 3365798 148953 15471
209 131 10000 14025 74908 3389806 125147 12417
352 240 10000 13931 237853 3291640 223427 39430
181 31 10000 14013 93293 3381026 134282 15471
82 375 10000 13936 237853 3299094 216364 39430
355 321 10000 14051 51067 3408262 108262 8473
215 373 10000 13926 237853 3287296 233971 39430
243 295 10000 14090 28000 3437117 84549 4644
101 216 10000 13951 237853 3318559 204794 39430
159 113 10000 13615 573344 3046203 478298 95044
3 261 10000 14010 141819 3376495 148149 23511
261 398 10000 14043 74908 3400886 124891 12417
263 349 10000 14092 37323 3439476 86552 6187
42 30 10000 13971 237853 3337404 190110 39430
305 244 10000 14037 93293 3398030 130898 15471
159 175 10000 14088 51067 3435298 93668 8473
367 262 10000 14095 51067 3441132 91519 8473
75 64 10000 14131 74908 3470576 63802 12417
41 389 10000 13995 237853 3350600 184519 39430
399 355 10000 13988 237853 3345775 191820 39430
253 330 10000 13992 237853 3349831 187795 39430
388 89 10000 14047 74908 3404557 133189 12417
181 387 10000 14062 74908 3414147 124291 12417
262 380 10000 13764 141819 3167409 371429 23511
345 165 10000 13963 237853 3330359 210060 39430
172 0 10000 14080 51067 3427863 115362 8473
332 232 10000 13969 51067 3335748 208813 8473
269 42 10000 14117 28000 3462358 83541 4644
370 197 10000 14069 74908 3420268 126188 12417
198 377 10000 14070 74908 3422234 124277 12417
202 12 10000 14060 74908 3413499 133957 12417
319 75 10000 14094 51067 3441011 107189 8473
106 141 10000 14067 93293 3419508 129941 15471
25 307 10000 14018 141819 3385271 165637 23511
133 394 10000 14103 37323 3447280 103960 6187
73 136 10000 13986 237853 3345231 207300 39430
46 48 10000 14173 51067 3503894 49364 8473
4 105 10000 14022 141819 3386827 166666 23511
30 110 10000 14004 237853 3368454 185076 39430
95 365 10000 14056 93293 3411193 142717 15471
11 144 10000 14120 51067 3462959 91040 8473
298 332 10000 14083 74908 3429646 124891 12417
348 350 10000 14027 141819 3391510 163665 23511
67 213 10000 14063 74908 3417892 137694 12417
182 175 10000 14111 51067 3456002 100616 8473
254 392 10000 13561 573344 3008325 548695 95044
294 346 10000 14077 93293 3426593 130660 15471
335 343 10000 14064 51067 3418191 139579 8473
354 170 10000 14058 141819 3412586 146156 23511
95 349 10000 14020 93293 3386045 172760 15471
262 109 10000 13875 141819 3246894 312894 23511
50 115 10000 14127 51067 3468569 91596 8473
361 209 10000 13744 141819 3152228 407991 23511
326 239 10000 14110 51067 3455374 105295 8473
355 30 10000 14068 74908 3419600 142919 12417
38 48 10000 14130 51067 3469820 92841 8473
336 109 10000 14141 28000 3482096 83026 4644
129 60 10000 14054 74908 3408878 156346 12417
102 262 10000 14071 93293 3424414 141696 15471
93 308 10000 14125 51067 3465775 101095 8473
396 79 10000 13937 74908 3300272 266686 12417
335 32 10000 14075 51067 3424648 142364 8473
206 168 10000 14066 93293 3418983 148233 15471
382 324 10000 14032 141819 3395977 171305 23511
261 12 10000 14112 37323 3457285 110342 6187
99 297 10000 14002 141819 3365356 202917 23511
172 214 10000 14074 74908 3424643 145383 12417
385 74 10000 14014 237853 3381252 189775 39430
58 272 10000 14081 74908 3428246 142890 12417
308 153 10000 14011 237853 3376691 194801 39430
311 137 10000 14134 37323 3475611 96417 6187
295 81 10000 14076 141819 3426376 145786 23511
309 195 10000 14100 74908 3444309 127900 12417
258 384 10000 14104 74908 3448397 125682 12417
168 174 10000 14184 74908 3513418 62184 12417
110 338 10000 14118 51067 3462555 115311 8473
207 126 10000 14151 37323 3490530 87354 6187
184 281 10000 14145 51067 3485080 93395 8473
185 280 10000 14140 51067 3482045 96488 8473
77 267 10000 14135 37323 3476731 102088 6187
165 288 10000 14157 37323 3495692 86348 6187
363 145 10000 14050 141819 3407544 175002 23511
378 265 10000 14108 93293 3451661 131246 15471
176 206 10000 14128 51067 3468712 114333 8473
275 149 10000 14156 37323 3494255 88976 6187
174 34 10000 14086 141819 3430388 154106 23511
43 136 10000 14221 1177 3542875 41921 196
236 160 10000 14096 141819 3441136 145152 23511
12 394 10000 14211 15443 3538084 48696 2565
255 368 10000 14116 74908 3461836 125361 12417
398 291 10000 14102 93293 3446384 143704 15471
14 323 10000 14165 51067 3499860 90946 8473
379 178 10000 14161 51067 3496678 96993 8473
164 151 10001 14073 141819 3424527 169493 23511
235 165 10000 14082 141819 3428693 166549 23511
236 116 10000 14236 4264 3555254 42968 708
162 349 10000 13993 237853 3350191 249949 39430
166 254 10000 14113 93293 3457311 142897 15471
331 64 10000 14126 93293 3466972 133304 15471
259 156 10000 14178 51067 3509352 92412 8473
27 365 10000 14190 28000 3518252 83833 4644
84 234 10000 14243 1177 3561109 41314 196
348 214 10000 14123 51067 3464160 138639 8473
359 236 10000 14017 237853 3384870 218057 39430
72 391 10000 13932 573344 3292490 310795 95044
49 372 10000 14137 74908 3478927 124429 12417
101 107 10000 13940 573344 3302055 302799 95044
367 377 10000 14234 51067 3553771 51596 8473
286 133 10000 14246 1177 3564463 41121 196
349 175 10000 14180 51067 3511319 95350 8473
36 201 10000 14124 93293 3464425 143250 15471
192 383 10000 14053 237853 3408791 198935 39430
13 378 10000 14021 237853 3386328 222025 39430
218 30 10000 14147 74908 3485631 124007 12417
31 44 10000 14142 74908 3482618 128716 12417
188 59 10000 14149 51067 3487652 124179 8473
61 183 10000 14195 37323 3521583 90365 6187
248 250 10000 14203 141819 3532500 79858 23511
265 327 10000 14200 28000 3528692 83804 4644
267 297 10000 14183 51067 3513362 99759 8473
288 210 10000 13565 573344 3009895 603598 95044
325 169 10000 14155 51067 3493513 120711 8473
257 268 10000 14039 141819 3398612 215994 23511
261 140 10000 14045 237853 3402859 211885 39430
296 371 10000 13511 573344 2960574 656291 95044
140 128 10000 14186 51067 3513801 103133 8473
25 177 10000 13938 573344 3301634 315492 95044
376 248 10000 14189 51067 3516950 100872 8473
75 224 10000 14154 74908 3492879 125971 12417
357 369 10000 14072 93293 3424422 195450 15471
213 195 10000 14019 237853 3385394 235535 39430
121 139 10000 14226 93293 3547677 73518 15471
296 292 10000 14239 74908 3559101 62210 12417
29 349 10000 14046 237853 3403410 219455 39430
102 84 10000 14217 28000 3540102 84174 4644
283 365 10000 14162 51067 3496684 127593 8473
290 386 10000 14193 51067 3520023 104718 8473
381 348 10000 14213 37323 3539225 87170 6187
357 107 10000 13823 573344 3204996 423312 95044
108 294 10000 14097 237853 3441286 187064 39430
361 386 10000 13908 74908 3271833 358838 12417
326 116 10000 14159 93293 3495919 134780 15471
158 373 10000 13854 573344 3227238 405746 95044
100 279 10000 14170 93293 3502344 131227 15471
76 286 10000 14160 74908 3496427 139577 12417
231 77 10000 14099 237853 3442622 195320 39430
139 113 10000 14188 74908 3515420 124384 12417
206 148 10000 14109 237853 3452574 187243 39430
335 199 10000 14224 28000 3545446 94476 4644
231 356 10000 14216 51067 3539621 100993 8473
87 83 10000 14114 74908 3458657 182735 12417
379 118 10000 14093 237853 3440651 200880 39430
175 390 10000 14182 74908 3513219 132232 12417
19 382 10000 14129 93293 3469592 176037 15471
383 293 10000 14107 93293 3451144 194823 15471
283 43 10000 14215 51067 3539431 110116 8473
319 188 10000 14185 74908 3513436 136362 12417
354 237 10000 14192 93293 3519359 131357 15471
32 16 10000 14152 141819 3491514 161855 23511
96 93 10000 14262 93293 3585724 67647 15471
10 271 10000 14177 141819 3508254 146051 23511
232 293 10000 14089 93293 3436564 218907 15471
113 363 10000 14153 93293 3492877 162939 15471
127 79 10000 14175 74908 3505054 151313 12417
373 356 10000 14197 93293 3523015 133505 15471
322 43 10000 14146 74908 3485616 172237 12417
354 114 10000 14199 93293 3526980 132799 15471
353 100 10000 14209 74908 3535488 125041 12417
150 167 10000 14225 51067 3547418 115354 8473
42 51 10000 14143 573344 3483183 179592 95044
247 304 10000 14206 51067 3533708 129205 8473
50 201 10000 14204 93293 3532583 130336 15471
221 188 10000 14251 51067 3571837 91343 8473
45 349 10000 14214 74908 3539425 124096 12417
369 230 10000 14201 93293 3531096 133289 15471
117 291 10000 14136 237853 3477843 187515 39430
367 230 10000 14220 74908 3542216 123816 12417
383 5 10000 14244 51067 3563329 106996 8473
35 92 10000 14219 74908 3541253 129339 12417
153 124 10000 14115 37323 3460243 212781 6187
90 350 10000 14205 74908 3533642 140476 12417
268 53 10000 14259 51067 3584056 91703 8473
367 384 10000 14230 74908 3549957 126956 12417
392 330 10000 14233 74908 3553530 123640 12417
381 322 10000 14263 51067 3585901 92268 8473
101 288 10000 14228 74908 3548359 131594 12417
341 185 10000 14260 37323 3584181 95886 6187
157 181 10001 14258 51067 3583187 97366 8473
102 31 10000 14237 74908 3556577 124430 12417
358 51 10000 14254 51067 3578793 102504 8473
36 26 10000 14218 141819 3541084 140362 23511
91 48 10000 14163 237853 3496987 187048 39430
366 152 10000 14212 74908 3538911 145504 12417
248 157 10000 14272 51067 3594188 91355 8473
336 133 10000 14150 237853 3489955 195990 39430
179 309 10001 14133 237853 3475260 210963 39430
371 352 10000 14274 51067 3595496 93404 8473
349 51 10000 14294 28000 3607118 83276 4644
193 209 10000 14231 93293 3552033 139660 15471
272 363 10000 14297 28000 3607983 84103 4644
370 214 10000 14169 237853 3500326 193560 39430
184 305 10001 14227 141819 3548165 147558 23511
28 309 10000 13693 573344 3112840 583517 95044
213 378 10000 14275 51067 3596941 100818 8473
178 204 10000 14290 51067 3604641 93426 8473
147 40 10000 14065 237853 3418354 283041 39430
104 133 10000 13979 573344 3342534 359475 95044
252 157 10000 14229 141819 3549858 152581 23511
135 188 10000 14222 141819 3543207 159263 23511
176 280 10000 14179 74908 3511187 191378 12417
28 264 10000 14250 93293 3569649 133103 15471
173 34 10000 14255 74908 3578873 124138 12417
171 22 10000 14283 51067 3602889 100576 8473
340 298 10000 14311 37323 3617478 86563 6187
321 20 10000 14363 1177 3662481 41971 196
287 31 10000 14210 141819 3536173 168462 23511
83 212 10000 14132 237853 3471809 233572 39430
363 99 10000 14241 93293 3560768 145368 15471
213 376 10000 13842 573344 3217175 489363 95044
337 223 10000 14256 74908 3581304 125824 12417
373 118 10000 14309 51067 3617126 90966 8473
13 160 10000 14148 237853 3487481 222070 39430
47 209 10000 14264 74908 3585942 124852 12417
166 123 10000 14248 141819 3565234 147460 23511
317 377 10000 14191 141819 3518346 195462 23511
268 147 10000 14249 141819 3568127 147126 23511
34 86 10000 14267 74908 3591064 124542 12417
123 258 10000 14271 51067 3593963 122392 8473
140 213 10000 14268 74908 3592890 123911 12417
399 170 10000 14374 15443 3672381 45878 2565
128 278 10001 14207 237853 3534517 184833 39430
218 87 10000 14238 141819 3558333 161653 23511
15 149 10000 14139 237853 3479616 240657 39430
231 315 10000 14316 51067 3623751 96591 8473
268 204 10000 14329 28000 3632665 88378 4644
153 127 10000 14144 51067 3484142 237306 8473
238 127 10000 14253 141819 3575827 146363 23511
342 271 10000 14327 51067 3631168 91067 8473
281 352 10000 14315 51067 3621150 101399 8473
57 391 10000 14270 74908 3593940 129887 12417
149 82 10000 14181 237853 3512300 213110 39430
149 318 10000 14261 74908 3585073 141307 12417
211 137 10000 14048 573344 3405867 321402 95044
27 58 10000 14291 74908 3605295 123844 12417
239 88 10000 14334 51067 3637544 91857 8473
98 375 10000 14288 74908 3604348 125272 12417
204 153 10000 14317 51067 3624025 106886 8473
201 117 10000 14277 93293 3598974 132616 15471
290 145 10001 14232 93293 3552406 179220 15471
164 365 10000 14247 93293 3564506 168644 15471
76 384 10000 14187 237853 3515139 218078 39430
56 115 10000 14235 141819 3554829 179058 23511
133 269 10000 13881 573344 3249894 484586 95044
286 0 10000 14335 51067 3638259 97189 8473
290 387 10000 14106 237853 3450399 285399 39430
44 219 10000 14273 93293 3594687 144202 15471
110 274 10000 14298 93293 3608536 130853 15471
214 157 10000 14276 93293 3597495 142543 15471
183 148 10000 14342 51067 3646761 93626 8473
332 109 10000 13743 573344 3152143 588912 95044
203 212 10000 14390 37323 3682900 59815 6187
42 155 10000 14355 37323 3656258 86511 6187
211 262 10000 14293 93293 3606077 137898 15471
164 316 10000 14208 237853 3535034 209060 39430
271 106 10000 14079 573344 3427132 318859 95044
307 301 10000 14420 28000 3707512 41998 4644
271 54 10000 14302 51067 3611124 139479 8473
205 333 10000 13824 237853 3205638 546891 39430
311 141 10000 14333 51067 3636896 115870 8473
6 208 10000 14285 93293 3603584 149670 15471
146 318 10000 13826 573344 3206382 547192 95044
390 325 10000 14312 93293 3618878 135407 15471
37 82 10000 14358 51067 3659207 95827 8473
256 111 10000 14322 93293 3625516 130978 15471
36 195 10000 13998 573344 3352983 403540 95044
149 14 10000 14352 51067 3653257 104230 8473
319 125 10000 14364 51067 3662579 95455 8473
4 293 10000 14370 28000 3668696 89474 4644
335 291 10000 14357 51067 3658279 100767 8473
102 99 10000 14332 74908 3633925 125385 12417
254 325 10000 14320 74908 3625156 134761 12417
383 110 10000 14198 237853 3525929 234107 39430
144 235 10000 14164 573344 3498858 261858 95044
251 228 10000 14324 74908 3628169 134222 12417
264 126 10000 14351 51067 3652288 110537 8473
213 248 10000 14385 28000 3679855 84569 4644
336 132 10000 14328 51067 3632195 133094 8473
314 295 10000 14252 141819 3572015 193453 23511
321 224 10000 14321 93293 3625324 140731 15471
219 287 10000 14382 51067 3674740 91516 8473
189 249 10000 14337 74908 3638917 128092 12417
164 126 10000 14278 141819 3599123 167926 23511
354 357 10000 14479 1177 3747128 20795 196
236 259 10000 14375 51067 3672860 95151 8473
336 11 10000 14301 93293 3610878 157430 15471
347 225 10000 14326 93293 3630712 139083 15471
349 32 10000 14257 237853 3582907 187633 39430
55 220 10000 14384 51067 3677153 96224 8473
171 51 10000 14323 141819 3628046 145994 23511
146 101 10000 14202 51067 3531274 242979 8473
70 267 10000 14284 141819 3603436 171027 23511
200 3 10000 14101 237853 3445585 329633 39430
180 10 10000 14266 237853 3588828 186692 39430
201 65 10001 14376 51067 3673508 102662 8473
30 389 10000 14343 74908 3647349 129026 12417
203 237 10000 14373 51067 3672230 105616 8473
378 337 10000 14344 93293 3648750 130212 15471
351 55 10000 14339 93293 3642893 136792 15471
346 169 10000 14403 28000 3691544 88393 4644
384 189 10000 14372 51067 3671486 110943 8473
249 393 10000 14395 51067 3685989 97045 8473
337 256 10000 14393 37323 3684597 99161 6187
16 65 10000 14389 51067 3682730 101034 8473
183 84 10000 14350 93293 3652280 131863 15471
325 186 10000 14349 74908 3651997 132158 12417
114 398 10000 14055 573344 3408934 376380 95044
323 326 10000 14455 51067 3736915 49880 8473
143 325 10000 14365 74908 3662969 124546 12417
175 187 10001 14397 51067 3686818 100934 8473
30 216 10000 14400 51067 3688550 99211 8473
128 52 10000 14406 51067 3698584 91017 8473
74 21 10000 14402 51067 3690604 99339 8473
247 180 10000 14368 74908 3666663 125561 12417
143 126 10000 14341 141819 3645256 147594 23511
53 313 10000 14331 141819 3633406 160159 23511
191 157 10000 14280 141819 3600893 192929 23511
45 368 10000 14411 51067 3700771 93696 8473
231 274 10000 14483 4264 3752519 41998 708
386 112 10000 14338 93293 3642360 152263 15471
242 214 10000 14265 237853 3588013 208609 39430
34 212 10000 14419 37323 3707391 90493 6187
21 5 10000 14404 51067 3693904 106098 8473
216 197 10000 14172 51067 3503504 297612 8473
81 336 10000 14348 74908 3651692 150692 12417
308 107 10000 14377 93293 3673654 130627 15471
230 10 10000 14306 237853 3614808 189503 39430
129 89 10000 14299 237853 3610181 194849 39430
347 92 10000 14305 237853 3613839 191917 39430
86 327 10000 14431 51067 3715114 90826 8473
195 77 10000 14314 237853 3619737 186354 39430
225 86 10000 14391 74908 3683012 124203 12417
277 183 10000 14381 74908 3674409 134000 12417
156 206 10000 14122 141819 3463230 345752 23511
148 28 10000 14426 51067 3712978 96517 8473
25 210 10000 14434 51067 3718211 91467 8473
253 398 10000 14394 74908 3685922 124353 12417
79 39 10000 14398 74908 3686878 123958 12417
120 230 10000 14425 51067 3712686 100042 8473
337 169 10000 14292 237853 3605730 207743 39430
70 189 10000 14414 51067 3702065 115283 8473
298 260 10000 14325 237853 3630297 187135 39430
215 386 10000 14319 237853 3625057 192383 39430
64 296 10000 14438 51067 3723504 94010 8473
146 26 10000 14437 51067 3722766 95213 8473
113 186 10000 14307 237853 3615037 203373 39430
279 170 10000 14361 141819 3662058 157464 23511
69 196 10000 14282 237853 3602680 218690 39430
350 209 10000 14387 93293 3681677 141461 15471
290 64 10000 14408 74908 3700083 123569 12417
344 276 10000 14436 51067 3721801 102278 8473
130 353 10000 14196 573344 3522535 302654 95044
273 190 10000 14435 51067 3721215 104375 8473
358 172 10000 14413 74908 3701747 123863 12417
167 135 10000 14452 51067 3735535 91307 8473
264 353 10000 14367 141819 3663451 163410 23511
175 352 10000 14360 141819 3660530 166709 23511
197 355 10000 14464 28000 3740214 87903 4644
310 387 10000 14410 93293 3700516 129894 15471
386 322 10000 14371 141819 3671097 160197 23511
344 212 10000 14417 74908 3705767 125536 12417
378 234 10000 14459 51067 3738206 93231 8473
90 164 10000 14456 51067 3737518 94801 8473
223 189 10000 14465 28000 3740507 93230 4644
169 115 10000 14240 237853 3559523 274764 39430
166 364 10000 14409 93293 3700114 134421 15471
266 202 10000 14359 141819 3659694 175944 23511
154 7 10000 14024 237853 3388593 447127 39430
221 174 10000 14345 237853 3649188 186576 39430
331 202 10000 14472 51067 3744231 91908 8473
132 151 10000 14416 93293 3703505 132908 15471
8 205 10000 14399 74908 3687045 149855 12417
324 146 10000 14310 141819 3617409 221914 23511
75 119 10000 14470 51067 3743704 95645 8473
159 202 10000 14432 74908 3715277 125103 12417
358 48 10000 14418 93293 3706370 134731 15471
198 244 10000 14379 141819 3673799 169305 23511
98 223 10000 14482 51067 3751578 92351 8473
11 226 10000 14356 237853 3657080 188189 39430
328 62 10000 14487 51067 3755346 93914 8473
150 267 10001 14495 51067 3762763 91051 8473
287 55 10000 14475 51067 3745171 108831 8473
389 186 10000 14287 237853 3604065 249997 39430
181 386 10000 14488 51067 3756736 98407 8473
260 316 10000 14473 51067 3744346 110985 8473
192 358 10000 14430 74908 3714083 141553 12417
230 165 10000 14485 51067 3752761 104178 8473
75 43 10000 14427 93293 3713491 144288 15471
61 294 10000 14567 1177 3819982 41174 196
206 66 10000 14448 74908 3733122 130542 12417
122 350 10000 14369 237853 3667342 196560 39430
62 243 10000 14453 74908 3735797 129952 12417
350 293 10000 14492 51067 3760097 106032 8473
218 201 10000 14599 4264 3844801 21657 708
125 365 10000 14441 51067 3725726 141621 8473
174 370 10000 14569 15443 3821192 46372 2565
366 347 10000 14242 573344 3560781 307397 95044
340 82 10000 14353 237853 3655165 214311 39430
292 33 10000 14493 51067 3760940 109674 8473
392 242 10000 14380 141819 3674029 196663 23511
346 374 10000 14579 1177 3826886 44303 196
148 126 10000 14480 74908 3747288 124433 12417
252 137 10000 14474 74908 3744651 127161 12417
378 61 10000 14516 37323 3784929 87785 6187
218 186 10000 14468 93293 3743272 130461 15471
201 383 10000 14443 141819 3727576 146622 23511
384 345 10000 14084 573344 3429697 444771 95044
255 12 10000 14424 141819 3712307 162674 23511
31 277 10000 14494 51067 3761956 114484 8473
17 101 10000 14422 141819 3709190 169626 23511
90 209 10000 14446 93293 3731934 146972 15471
0 265 10000 14519 51067 3787633 91592 8473
272 131 10000 14521 51067 3788242 91330 8473
288 303 10000 14304 573344 3611695 267936 95044
8 59 10001 14489 74908 3757782 123754 12417
258 205 10000 14439 74908 3725261 157042 12417
297 177 10000 14524 51067 3790837 91878 8473
124 313 10000 13655 2076744 3076579 807321 344245
208 327 10000 14520 51067 3788181 96121 8473
113 80 10000 14451 141819 3734886 149439 23511
250 32 10000 14484 74908 3752733 131950 12417
347 42 10000 14457 141819 3737658 147282 23511
250 249 10000 14555 93293 3806776 78639 15471
300 219 10000 14449 74908 3733628 153647 12417
293 181 10000 14415 237853 3702515 186287 39430
146 84 10000 14491 93293 3759779 130896 15471
284 337 10000 14497 74908 3764752 126013 12417
384 263 10000 14450 74908 3734778 157743 12417
187 368 10000 14510 51067 3778526 115100 8473
40 20 10000 14498 74908 3764913 128790 12417
78 25 10000 14548 51067 3801887 92011 8473
376 263 10000 14557 37323 3806929 87202 6187
86 383 10000 14550 51067 3803508 91395 8473
367 287 10000 14444 141819 3727678 167799 23511
335 280 10000 14087 573344 3432023 464674 95044
287 91 10000 14525 51067 3790912 106535 8473
338 208 10000 14194 573344 3521451 377265 95044
80 314 10000 14467 93293 3741798 158234 15471
310 110 10000 14504 93293 3770452 129874 15471
326 49 10000 14388 237853 3681954 218465 39430
15 206 10000 14508 74908 3777246 124324 12417
35 16 10000 14383 237853 3676163 225763 39430
300 104 10000 14500 93293 3767831 136253 15471
34 184 10000 14433 237853 3716976 187256 39430
143 260 10000 14509 74908 3778339 127714 12417
17 320 10000 14533 51067 3797391 111318 8473
126 52 10000 14514 74908 3784712 125331 12417
141 106 10001 14466 141819 3741032 169593 23511
384 16 10000 14512 51067 3780339 131372 8473
141 342 10000 14552 51067 3804933 107879 8473
244 157 10000 14515 74908 3784840 128796 12417
368 169 10000 14429 237853 3713834 202315 39430
243 392 10000 14526 74908 3791676 124481 12417
392 320 10000 14318 573344 3624175 293073 95044
288 31 10000 14586 28000 3830748 87393 4644
377 15 10000 14528 74908 3793261 124887 12417
157 205 10000 14308 237853 3615764 304173 39430
210 307 10000 14581 51067 3828050 92293 8473
397 1 10000 14105 573344 3450280 470111 95044
37 137 10000 14534 74908 3797532 123834 12417
31 343 10000 14571 51067 3822333 100641 8473
279 331 10000 14313 74908 3618888 305187 12417
373 212 10000 14544 74908 3800295 124945 12417
257 345 10000 14537 74908 3798031 127276 12417
18 349 10000 14490 74908 3758636 167524 12417
221 358 10000 14593 37323 3839691 86598 6187
102 320 10000 14469 141819 3743476 183202 23511
190 354 10000 14584 51067 3828979 99355 8473
292 247 10000 14442 237853 3727448 200999 39430
321 360 10000 14587 51067 3830778 98562 8473
71 84 10000 14590 51067 3836237 93458 8473
234 161 10000 14592 51067 3839539 90573 8473
307 225 10000 14556 74908 3806830 124076 12417
166 158 10000 14583 51067 3828817 102219 8473
340 377 10000 14536 74908 3797790 133730 12417
308 272 10000 14588 51067 3832588 98966 8473
8 295 10000 14566 28000 3817819 114288 4644
15 173 10000 14574 51067 3823745 108487 8473
200 15 10000 14529 74908 3794642 139433 12417
30 372 10000 14476 237853 3745585 189056 39430
363 11 10000 14597 51067 3844278 91870 8473
319 333 10000 14542 93293 3799583 136726 15471
188 18 10000 14540 74908 3799007 137349 12417
56 360 10000 14554 93293 3806301 130382 15471
226 180 10000 14601 51067 3846817 91150 8473
167 7 10000 14523 74908 3790174 148036 12417
230 157 10000 14603 37323 3851584 88026 6187
260 171 10000 14346 573344 3649385 290625 95044
190 379 10000 14564 74908 3813564 126724 12417
249 86 10000 14546 74908 3800891 146380 12417
328 41 10001 14614 51067 3856640 91864 8473
206 353 10000 14539 93293 3798836 150201 15471
364 379 10000 14657 51067 3899771 49758 8473
75 119 10001 14471 237853 3744104 207015 39430
257 34 10000 14613 51067 3856020 95099 8473
80 60 10000 14600 51067 3845062 106498 8473
121 284 10000 14505 141819 3771929 180327 23511
225 70 10000 14168 573344 3500318 452018 95044
123 64 10000 14543 141819 3800152 152896 23511
292 168 10000 14620 51067 3861650 91427 8473
315 8 10000 14535 141819 3797605 156050 23511
262 25 10000 14478 237853 3746576 207098 39430
237 162 10000 14412 141819 3700956 252735 23511
154 281 10000 14604 51067 3852375 101619 8473
169 116 10000 14269 573344 3593383 362079 95044
26 285 10000 14481 237853 3748987 206912 39430
291 155 10000 14538 93293 3798586 157406 15471
187 258 10000 13929 2076744 3290050 666003 344245
297 63 10000 14570 74908 3822272 134999 12417
352 30 10000 14633 28000 3871014 86372 4644
281 36 10000 14627 37323 3867033 90522 6187
216 170 10000 14392 141819 3683687 274807 23511
282 368 10000 14591 74908 3836660 124361 12417
158 40 10000 14561 141819 3808693 153415 23511
204 216 10000 14672 51067 3912744 49953 8473
262 377 10000 14336 93293 3638427 325630 15471
107 345 10000 14549 141819 3803362 160824 23511
360 177 10000 14580 93293 3827000 137256 15471
330 61 10000 14553 141819 3805576 158947 23511
189 319 10000 14595 74908 3840320 124325 12417
273 86 10000 14461 237853 3738983 227268 39430
122 88 10000 14547 141819 3801340 165070 23511
5 172 10000 14522 141819 3788728 179237 23511
289 134 10000 14637 51067 3876539 91818 8473
152 141 10000 14683 51067 3919990 48709 8473
105 286 10000 14596 74908 3841863 127613 12417
311 33 10000 14623 51067 3863896 106133 8473
225 6 10000 14582 141819 3828059 144618 23511
366 141 10000 14541 93293 3799228 174943 15471
158 219 10000 14645 37323 3884749 90572 6187
262 369 10000 14440 237853 3725538 250204 39430
240 97 10000 14362 237853 3662384 314090 39430
322 293 10000 14618 51067 3861012 117274 8473
184 228 10000 14511 237853 3778537 199879 39430
77 203 10000 14612 74908 3855893 125689 12417
302 22 10000 14651 51067 3889467 92658 8473
93 123 10000 14641 51067 3881897 100620 8473
195 52 10000 14642 51067 3882512 101549 8473
2 322 10000 14518 237853 3787321 196927 39430
219 304 10000 14654 51067 3894287 91824 8473
177 17 10000 14532 237853 3797269 189188 39430
298 42 10000 14717 15443 3940631 46058 2565
391 385 10000 14575 573344 3823862 163233 95044
129 51 10000 14658 37323 3900718 86522 6187
147 354 10001 14560 93293 3808665 179682 15471
318 332 10000 14517 237853 3785909 206017 39430
306 28 10000 14295 573344 3607305 384991 95044
130 136 10000 14678 74908 3916985 76029 12417
76 297 10000 14174 573344 3504992 489307 95044
205 237 10000 14576 74908 3824166 170690 12417
156 13 10000 14660 51067 3903551 91319 8473
308 188 10000 14655 51067 3894928 99954 8473
291 273 10000 14659 51067 3902338 92886 8473
125 91 10000 14502 93293 3769128 226392 15471
186 33 10000 14626 93293 3866301 130558 15471
51 206 10000 14629 74908 3868633 128307 12417
198 94 10000 14621 93293 3862791 134217 15471
3 298 10000 14676 28000 3913321 83699 4644
38 150 10000 13201 2076744 2710112 1287736 344245
48 204 10000 14745 1177 3957462 41067 196
355 363 10000 14486 74908 3754392 244538 12417
35 205 10000 14386 573344 3680477 319076 95044
21 184 10000 14615 93293 3856802 143949 15471
73 93 10001 14638 74908 3876776 124576 12417
8 315 10000 14670 51067 3910953 91228 8473
295 38 10000 14752 1177 3962205 40820 196
391 40 10000 14665 51067 3907667 96991 8473
313 292 10000 14664 51067 3906401 99383 8473
181 60 10000 14594 141819 3839724 166210 23511
172 336 10000 14578 237853 3826100 182973 39430
249 216 10000 14428 573344 3713745 295366 95044
113 272 10000 14679 51067 3917835 91495 8473
300 47 10000 14572 141819 3822613 186809 23511
155 38 10000 14551 93293 3804059 206997 15471
312 112 10000 14692 37323 3927105 86532 6187
203 391 10000 14624 74908 3864075 150112 12417
351 326 10000 14650 74908 3888997 125222 12417
64 180 10000 14631 141819 3869982 145241 23511
71 290 10000 14644 93293 3883615 132234 15471
106 128 10000 14693 28000 3927716 88366 4644
97 180 10000 14684 37323 3920927 95821 6187
372 259 10000 14643 74908 3883098 135457 12417
210 327 10000 14667 51067 3908464 110853 8473
120 22 10000 14630 74908 3869245 150555 12417
68 339 10000 14695 51067 3929244 90846 8473
210 104 10000 14686 51067 3923478 97354 8473
112 222 10000 14503 573344 3769270 253333 95044
194 349 10000 14577 237853 3825431 197769 39430
250 231 10000 14646 93293 3884980 139454 15471
44 152 10000 14656 74908 3899547 125437 12417
13 234 10000 14649 93293 3888881 137039 15471
127 271 10000 14340 573344 3643127 383111 95044
212 326 10000 14652 93293 3893796 134547 15471
291 145 10000 14706 51067 3936771 91626 8473
57 147 10000 14661 51067 3904634 124480 8473
161 159 10000 14727 28000 3945920 83303 4644
57 52 10000 14602 141819 3847220 182379 23511
315 202 10000 14673 51067 3913007 120742 8473
243 37 10000 14628 141819 3867603 166600 23511
130 64 10000 14636 141819 3873927 160362 23511
194 255 10000 14736 28000 3950128 84180 4644
95 124 10000 14634 141819 3872153 163221 23511
374 89 10000 14694 51067 3928836 107459 8473
357 156 10000 14611 93293 3855835 182158 15471
109 262 10000 14640 141819 3880472 158062 23511
328 92 10000 14731 28000 3948288 92401 4644
246 269 10000 14726 51067 3945454 95702 8473
95 141 10000 14663 93293 3905350 137299 15471
66 336 10000 14740 51067 3953319 91380 8473
120 189 10000 14653 93293 3893808 151664 15471
114 2 10000 14710 51067 3939344 107281 8473
261 214 10000 14682 74908 3919770 127907 12417
304 291 10000 14744 51067 3956958 91287 8473
337 268 10000 14608 237853 3853630 195449 39430
217 344 10000 14709 51067 3938565 110957 8473
38 333 10000 14688 74908 3925278 124610 12417
48 330 10000 14680 74908 3919291 130653 12417
392 223 10000 14691 74908 3926262 124214 12417
9 398 10000 14725 51067 3944975 106816 8473
29 395 10000 14748 51067 3958354 94032 8473
114 92 10000 14756 37323 3963800 90549 6187
197 274 10000 14765 37323 3969198 86043 6187
10 167 10000 14619 237853 3861356 194265 39430
174 186 10000 14609 237853 3854845 200861 39430
111 165 10000 14347 573344 3651335 404494 95044
147 134 10000 14625 93293 3864257 192252 15471
308 94 10000 14666 93293 3908069 149035 15471
108 398 10000 14772 28000 3974757 83046 4644
89 317 10000 14396 573344 3686795 371550 95044
203 34 10000 14713 51067 3940416 118216 8473
205 114 10000 14166 573344 3500292 558872 95044
217 164 10000 14675 74908 3913165 147319 12417
165 177 10000 14853 15443 4035428 25397 2565
347 184 10000 14743 51067 3956795 104091 8473
133 16 10000 14499 237853 3765633 295661 39430
86 182 10000 14699 93293 3931753 130554 15471
102 63 10000 14477 573344 3745663 317086 95044
6 71 10000 14755 51067 3963706 99367 8473
242 355 10000 14757 51067 3965930 98283 8473
24 168 10000 14767 51067 3970708 95167 8473
313 305 10000 14786 141819 3984785 81161 23511
17 139 10000 14834 1177 4018517 48144 196
97 150 10000 14617 93293 3859037 208892 15471
1 190 10000 14671 93293 3911521 157552 15471
93 335 10000 14789 28000 3985361 84005 4644
379 106 10000 14700 74908 3932355 137021 12417
357 226 10000 14841 4264 4023734 45874 708
10 201 10000 14847 1177 4028896 41284 196
316 24 10000 14788 37323 3985292 85936 6187
351 13 10000 14719 74908 3940825 131503 12417
196 136 10000 14730 74908 3948163 125005 12417
21 161 10000 14711 74908 3939476 133707 12417
263 233 10000 14733 74908 3948928 124659 12417
205 387 10000 14647 93293 3886566 187211 15471
336 389 10000 14720 93293 3941554 133331 15471
350 116 10000 14728 74908 3947091 128555 12417
51 335 10000 14734 74908 3949660 126379 12417
210 52 10000 14787 51067 3984833 91657 8473
153 53 10000 14738 74908 3952262 124362 12417
139 196 10000 14852 4264 4035009 42008 708
107 281 10000 14405 573344 3694422 383258 95044
138 236 10000 14781 28000 3980067 97664 4644
46 84 10000 14797 28000 3994158 83743 4644
252 114 10000 14785 28000 3984784 93944 4644
169 115 10001 14778 51067 3979157 99579 8473
10 314 10000 14739 74908 3952868 126061 12417
140 262 10000 14702 141819 3933741 145654 23511
89 339 10000 14697 37323 3931090 148645 6187
191 281 10000 14445 573344 3729808 350127 95044
84 177 10000 14747 74908 3957995 123775 12417
56 298 10000 14794 51067 3991177 91520 8473
308 119 10000 14635 237853 3873896 210636 39430
244 323 10000 14462 573344 3739111 345500 95044
258 136 10000 14606 237853 3853021 232321 39430
158 132 10000 14716 141819 3940582 145504 23511
162 188 10000 14708 93293 3938173 148843 15471
303 222 10000 14779 51067 3979656 107486 8473
201 399 10000 14610 141819 3855222 235529 23511
333 174 10000 14712 74908 3940093 150882 12417
299 134 10000 14751 93293 3959967 131163 15471
99 246 10000 14763 74908 3967482 124612 12417
199 281 10000 14754 93293 3962865 130954 15471
85 122 10000 14760 74908 3966866 128321 12417
93 162 10000 14791 51067 3989172 106528 8473
285 103 10000 14758 93293 3966448 129916 15471
335 268 10000 14817 28000 4010810 86024 4644
280 178 10000 14777 51067 3978802 118585 8473
128 239 10000 14729 141819 3947940 149581 23511
170 228 10000 14812 37323 4007145 90525 6187
27 74 10000 14826 28000 4015153 83642 4644
62 303 10000 14723 93293 3944651 154158 15471
126 98 10000 14750 74908 3959771 139664 12417
372 362 10000 14845 93293 4028600 71711 15471
97 71 10000 14698 141819 3931725 168658 23511
397 161 10000 14616 237853 3857207 243663 39430
387 110 10000 14795 51067 3992540 109195 8473
322 72 10000 14605 237853 3852949 249185 39430
122 115 10000 14774 74908 3975405 127463 12417
120 266 10000 14737 93293 3951640 151272 15471
352 288 10000 14836 28000 4019439 83981 4644
256 153 10000 14839 28000 4020592 83567 4644
23 397 10000 13627 2076744 3055604 1050128 344245
43 35 10000 14454 573344 3736259 372280 95044
58 327 10000 14784 74908 3983011 125964 12417
233 191 10000 14668 237853 3908878 200232 39430
153 294 10000 14830 51067 4017509 92125 8473
198 290 10000 14780 74908 3979664 130194 12417
178 119 10000 14844 28000 4027067 83026 4644
341 35 10000 14662 237853 3904895 206519 39430
41 22 10000 14715 93293 3940430 171318 15471
38 11 10000 14832 51067 4017827 95072 8473
106 88 10000 14766 93293 3969238 144376 15471
391 278 10000 14768 93293 3970714 143532 15471
189 194 10000 14824 237853 4012985 101438 39430
364 3 10000 14846 28000 4028819 85830 4644
224 177 10000 14814 51067 4009184 107301 8473
133 221 10000 14685 93293 3921443 196264 15471
346 332 10000 14796 74908 3993323 125168 12417
250 17 10000 14815 51067 4009640 109830 8473
226 38 10000 14769 93293 3971607 148260 15471
21 51 10000 14782 74908 3981181 138712 12417
92 282 10000 14906 1177 4079047 42615 196
61 191 10000 14848 51067 4029167 92675 8473
320 371 10000 14401 573344 3690295 432393 95044
287 199 10000 14759 74908 3966523 156991 12417
126 11 10000 14803 74908 3999225 124733 12417
364 58 10000 14701 237853 3932869 191480 39430
236 221 10000 14835 237853 4018871 105805 39430
17 231 10000 14833 51067 4018077 106723 8473
84 296 10000 14910 1177 4083786 41066 196
115 22 10000 14805 74908 3999295 125642 12417
209 25 10000 14761 141819 3967153 159974 23511
194 310 10000 14799 93293 3994773 132655 15471
190 213 10000 14801 93293 3997511 131045 15471
398 242 10000 14809 74908 4005004 123723 12417
262 276 10000 14889 74908 4067460 61793 12417
213 323 10000 14858 51067 4039684 91314 8473
193 240 10000 14850 51067 4033286 99189 8473
43 161 10001 14793 74908 3990781 141797 12417
17 7 10000 14903 51067 4077216 55371 8473
65 248 10000 14871 28000 4050542 83238 4644
184 343 10001 14816 74908 4010170 124588 12417
283 28 10000 14804 93293 3999257 136627 15471
355 218 10000 14724 51067 3944692 192055 8473
269 240 10000 14862 51067 4041512 95337 8473
308 326 10000 14773 93293 3975402 162566 15471
216 275 10000 14423 237853 3712268 425955 39430
340 157 10000 14813 93293 4008202 130730 15471
187 97 10000 14860 51067 4040869 98903 8473
383 358 10000 14735 51067 3949903 190453 8473
292 264 10000 14707 237853 3937250 203201 39430
180 15 10000 14827 74908 4015491 124973 12417
273 95 10000 14808 74908 4004787 136293 12417
98 120 10000 14589 237853 3834476 306631 39430
292 215 10000 14677 141819 3914447 227776 23511
142 372 10000 14811 93293 4006881 135848 15471
141 89 10000 14568 573344 3821085 321649 95044
96 212 10000 14091 573344 3437297 706500 95044
134 245 10000 14822 93293 4011861 132301 15471
239 231 10000 14924 51067 4095422 49520 8473
240 47 10000 14866 51067 4048546 98356 8473
107 85 10000 14829 93293 4016852 130272 15471
33 76 10000 14825 93293 4013808 133606 15471
343 181 10000 14828 93293 4016543 130956 15471
258 229 10000 14598 573344 3844665 303279 95044
94 249 10000 14856 51067 4036416 111747 8473
173 267 10000 14880 51067 4057126 91822 8473
54 329 10000 14888 28000 4066519 83383 4644
254 49 10000 14874 51067 4052764 97522 8473
35 269 10000 14882 51067 4059978 92187 8473
96 224 10000 14883 37323 4062782 89464 6187
229 247 10000 14881 37323 4059810 94531 6187
265 14 10000 14894 28000 4071265 83773 4644
257 108 10000 14807 141819 4003951 151176 23511
323 154 10000 14810 141819 4006194 150179 23511
270 368 10000 14771 74908 3974236 184466 12417
339 293 10000 14585 237853 3830690 330099 39430
386 204 10000 14879 51067 4056360 104575 8473
384 175 10000 14884 51067 4064430 96588 8473
123 173 10000 14870 51067 4050511 110517 8473
54 210 10000 14496 237853 3764029 397637 39430
213 262 10000 14869 51067 4049684 114971 8473
294 354 10000 14843 74908 4026889 139184 12417
291 326 10000 14855 93293 4035492 131099 15471
226 78 10000 14669 74908 3910279 257749 12417
116 271 10000 14837 74908 4019789 148302 12417
116 344 10000 14607 237853 3853464 314874 39430
69 253 10000 14961 1177 4127955 40820 196
330 34 10000 14818 93293 4011161 158273 15471
216 251 10000 14059 2076744 3412725 756777 344245
193 170 10000 14902 51067 4077144 92406 8473
172 95 10000 14854 74908 4035442 135071 12417
21 0 10000 14806 141819 4001072 172351 23511
19 377 10000 14531 573344 3796135 379635 95044
350 162 10000 14783 141819 3982707 194006 23511
98 241 10000 14872 74908 4051055 126924 12417
269 157 10000 14876 74908 4054057 124790 12417
355 214 10000 14648 93293 3887632 291266 15471
74 292 10000 14896 51067 4071469 108452 8473
232 218 10000 14865 74908 4048112 132170 12417
254 64 10000 14899 51067 4073417 107177 8473
22 279 10000 14770 237853 3973576 207347 39430
182 73 10000 14918 51067 4090992 90797 8473
247 109 10000 14565 237853 3817504 365806 39430
28 352 10000 14927 37323 4097106 86335 6187
351 168 10000 14851 28000 4033426 150144 4644
358 395 10000 14776 237853 3978693 205765 39430
38 350 10000 14545 573344 3800367 384846 95044
232 161 10000 14909 51067 4083539 103048 8473
116 313 10000 14911 28000 4084246 102527 4644
136 230 10000 14913 51067 4085703 101271 8473
255 211 10000 14885 74908 4065001 123589 12417
392 280 10000 14558 237853 3807342 381381 39430
122 23 10000 14886 74908 4065009 124893 12417
383 18 10000 14559 573344 3807618 382304 95044
188 98 10000 14764 141819 3968072 222609 23511
397 243 10000 14792 237853 3989958 200810 39430
320 0 10000 14819 141819 4011171 179943 23511
346 211 10001 14887 74908 4066358 125132 12417
1 243 10000 14842 74908 4026677 165350 12417
282 16 10000 14979 15443 4141318 50987 2565
218 209 10000 14703 573344 3934455 260321 95044
239 149 10000 14931 51067 4102314 92964 8473
194 81 10000 14895 74908 4071461 124045 12417
243 122 10000 14936 37323 4103837 92537 6187
350 311 10000 14897 74908 4071474 126078 12417
220 85 10000 14868 74908 4049176 148519 12417
82 394 10000 14802 237853 3998546 200679 39430
22 211 10000 14867 141819 4048829 151884 23511
244 108 10000 14901 74908 4076226 124610 12417
370 346 10000 14905 74908 4078249 124293 12417
358 48 10001 14940 51067 4109671 93356 8473
267 235 10000 14946 37323 4116996 86223 6187
188 225 10000 14907 74908 4079061 125455 12417
130 32 10000 14696 573344 3929694 274914 95044
73 94 10000 14893 93293 4071213 134540 15471
340 360 10000 14892 93293 4070221 136333 15471
330 137 10000 14689 573344 3925451 285456 95044
305 204 10000 14875 93293 4053217 160369 15471
348 177 10000 14674 237853 3913109 300830 39430
171 291 10000 14952 51067 4121767 92230 8473
8 157 10000 14954 51067 4123603 90924 8473
250 373 10000 14945 51067 4115426 99470 8473
159 225 10000 14890 141819 4068869 146914 23511
262 286 10000 14955 37323 4123788 93295 6187
308 273 10000 14820 237853 4011193 207950 39430
45 135 10000 14917 74908 4089050 132010 12417
87 62 10000 14742 51067 3954322 266956 8473
396 13 10000 14838 74908 4019998 201697 12417
215 65 10000 14941 51067 4109903 114151 8473
226 41 10000 14972 37323 4137571 86520 6187
324 87 10000 14926 51067 4096430 127835 8473
64 83 10000 14974 37323 4137775 89028 6187
258 243 10000 14934 237853 4102760 125033 39430
318 78 10000 14933 74908 4102675 126237 12417
117 335 10000 14935 74908 4103192 126222 12417
174 168 10000 15006 93293 4162636 67160 15471
282 123 10000 14973 37323 4137676 92965 6187
170 177 10000 15019 74908 4169872 62169 12417
181 356 10000 14977 51067 4139418 95085 8473
133 159 10000 14732 237853 3948759 285942 39430
89 203 10001 14891 141819 4069849 165508 23511
154 227 10000 14900 141819 4075781 160639 23511
90 14 10000 14942 74908 4110215 126412 12417
293 329 10000 14975 51067 4138107 98681 8473
387 372 10000 14976 51067 4138196 98989 8473
377 264 10000 14938 74908 4107701 130463 12417
366 333 10000 14978 51067 4141251 97707 8473
137 372 10000 14923 141819 4095219 144242 23511
59 44 10000 15023 74908 4171153 68471 12417
42 145 10000 14971 51067 4136163 104028 8473
272 32 10000 15043 1177 4197899 43269 196
232 365 10000 14999 28000 4158695 83259 4644
181 99 10000 14949 74908 4117945 124855 12417
362 107 10000 14928 141819 4098071 144753 23511
246 51 10000 14741 573344 3954318 288799 95044
54 239 10000 14988 51067 4150930 93707 8473
6 250 10000 14951 74908 4119401 125288 12417
2 88 10000 14993 51067 4153800 90962 8473
113 129 10000 14957 74908 4126395 123914 12417
370 68 10000 14925 141819 4095751 156254 23511
234 170 10000 14859 237853 4040173 212071 39430
242 153 10000 14948 93293 4117850 134721 15471
40 234 10000 14863 237853 4042221 211111 39430
288 244 10000 14953 93293 4123319 130554 15471
116 376 10000 14722 237853 3943002 312158 39430
367 176 10000 14749 573344 3958923 297363 95044
339 231 10000 15014 51067 4168166 90786 8473
262 41 10000 15007 51067 4163914 95967 8473
172 318 10000 14639 237853 3878585 381796 39430
293 203 10000 14932 141819 4102512 157937 23511
234 107 10000 14878 93293 4056183 204395 15471
384 277 10000 14963 74908 4130871 130129 12417
338 357 10000 14840 237853 4021666 239601 39430
287 236 10000 14950 51067 4118040 145479 8473
162 397 10000 14904 237853 4077901 187143 39430
166 239 10000 14969 74908 4134163 131312 12417
250 173 10000 15016 51067 4168747 101670 8473
2 292 10000 15001 51067 4158840 113328 8473
178 251 10000 14980 93293 4141582 130860 15471
138 97 10000 14944 74908 4113613 160111 12417
234 78 10000 15020 51067 4170547 103226 8473
309 64 10000 14914 237853 4085898 189012 39430
18 358 10000 15034 51067 4186007 91323 8473
124 142 10000 15005 51067 4161640 116246 8473
121 188 10000 14986 74908 4150297 128527 12417
55 156 10000 15037 51067 4190316 90786 8473
289 311 10000 15042 28000 4197482 83686 4644
390 312 10000 14981 93293 4143245 139803 15471
17 359 10000 14821 573344 4011530 271735 95044
250 11 10000 15015 51067 4168632 114759 8473
57 292 10000 14632 573344 3870364 413387 95044
134 377 10000 14831 237853 4017708 266587 39430
212 379 10000 15075 15443 4231358 53279 2565
376 326 10000 14956 141819 4125845 158836 23511
7 257 10000 14922 237853 4094648 191674 39430
48 348 10000 14929 237853 4099536 187556 39430
367 76 10000 15036 51067 4188956 99363 8473
210 270 10000 14877 93293 4055513 233082 15471
298 89 10000 14967 141819 4133977 155117 23511
205 244 10000 15024 51067 4171979 117601 8473
40 272 10000 15095 1177 4248354 41576 196
397 150 10000 15000 93293 4158800 133009 15471
200 310 10000 14987 74908 4150818 143223 12417
393 93 10000 14964 74908 4131119 163200 12417
383 141 10000 14746 74908 3957468 336855 12417
355 12 10000 14864 74908 4046008 250121 12417
395 63 10000 15033 51067 4184746 113138 8473
102 83 10001 15008 93293 4164906 133058 15471
323 244 10000 15054 37323 4211483 87369 6187
366 126 10000 14984 141819 4146026 154037 23511
388 302 10000 14968 141819 4134110 166062 23511
198 109 10000 15092 1177 4247326 53070 196
209 384 10000 15045 51067 4202884 97820 8473
36 336 10000 15018 74908 4169179 133601 12417
10 243 10000 15009 93293 4166319 136804 15471
128 250 10000 15012 93293 4167430 137038 15471
319 237 10000 14960 141819 4127074 177788 23511
85 131 10000 14943 237853 4111597 195292 39430
344 126 10000 15010 93293 4167055 140880 15471
124 371 10000 15028 74908 4175918 135626 12417
44 384 10000 14919 237853 4091565 221209 39430
133 147 10000 14158 573344 3495916 817808 95044
249 223 10000 14930 237853 4101649 212597 39430
297 360 10000 15017 141819 4168758 146790 23511
53 387 10000 14989 141819 4151756 164903 23511
133 125 10000 15073 51067 4230557 87806 8473
222 354 10000 14300 573344 3610252 709533 95044
196 340 10000 15120 15443 4269259 51094 2565
94 349 10000 15004 74908 4161397 159421 12417
214 382 10000 15041 74908 4197264 124323 12417
352 110 10000 15032 93293 4184198 137907 15471
58 128 10000 15027 93293 4175057 147263 15471
119 160 10000 15038 93293 4192120 130751 15471
301 271 10000 15076 51067 4232016 91115 8473
252 295 10000 15011 93293 4167373 156256 15471
386 220 10000 14962 237853 4130385 198900 39430
50 320 10000 15044 93293 4197956 131576 15471
32 355 10000 15048 74908 4204044 125941 12417
59 10 10000 14798 573344 3994459 336063 95044
172 292 10000 15087 37323 4243792 88050 6187
64 220 10000 14959 141819 4126959 204950 23511
66 373 10000 14849 573344 4032395 299626 95044
321 358 10000 15079 51067 4236014 96360 8473
376 43 10000 15070 51067 4228037 105697 8473
287 348 10000 14721 237853 3942228 391522 39430
301 290 10000 15025 74908 4172834 161802 12417
221 201 10000 15051 74908 4207534 127586 12417
28 104 10000 15055 74908 4212000 124660 12417
63 120 10000 15046 93293 4203002 133926 15471
338 101 10000 15089 51067 4246238 91032 8473
279 16 10000 14527 573344 3793019 545356 95044
167 87 10000 15081 51067 4240718 98028 8473
276 230 10000 15082 51067 4240810 98015 8473
84 80 10000 15147 28000 4296755 42136 4644
325 21 10000 15056 74908 4212154 127555 12417
142 363 10000 15084 51067 4242070 97940 8473
183 250 10000 15109 28000 4256911 83616 4644
354 107 10000 14994 237853 4154764 187661 39430
266 258 10000 15094 51067 4247779 96047 8473
286 140 10000 15058 74908 4216277 129283 12417
182 4 10000 15060 74908 4219268 126530 12417
284 41 10000 15063 74908 4222640 125120 12417
83 269 10000 15031 141819 4181953 167639 23511
153 83 10000 14790 573344 3986279 363769 95044
76 179 10000 15002 237853 4159282 190950 39430
390 172 10000 14800 573344 3994803 357166 95044
189 363 10000 14861 237853 4041185 313848 39430
104 197 10000 14995 237853 4155559 199682 39430
41 269 10000 14873 237853 4051221 305802 39430
243 140 10000 15003 237853 4160091 198532 39430
252 27 10000 14970 237853 4135207 224473 39430
398 84 10000 15052 93293 4209177 151071 15471
355 158 10000 14916 141819 4087437 273162 23511
224 158 10000 15112 51067 4262304 98621 8473
292 133 10000 15116 51067 4268548 92572 8473
196 75 10000 15059 141819 4216377 144865 23511
10 3 10000 15135 141819 4283578 79997 23511
363 240 10000 15131 28000 4279166 84491 4644
132 63 10000 15035 141819 4186878 178315 23511
370 186 10000 14983 237853 4145871 220113 39430
224 122 10000 15080 74908 4239843 126324 12417
245 375 10000 15078 74908 4235716 131185 12417
387 369 10001 15062 141819 4221810 145365 23511
116 208 10000 15083 74908 4241970 126413 12417
265 49 10000 14958 237853 4126488 242236 39430
69 373 10000 15122 51067 4269636 99091 8473
148 78 10000 14705 573344 3935471 433952 95044
4 31 10000 15064 93293 4224809 146467 15471
120 285 10000 15099 51067 4250780 121247 8473
80 20 10000 15065 141819 4225257 149744 23511
212 344 10000 14992 237853 4152951 223188 39430
318 206 10000 15136 51067 4283657 92495 8473
218 267 10000 15069 141819 4227932 148454 23511
8 110 10000 15098 74908 4250288 127368 12417
325 181 10001 15124 51067 4274153 105248 8473
280 142 10000 14912 573344 4084962 294836 95044
330 384 10000 15108 74908 4256320 123791 12417
228 246 10000 15190 1177 4333809 47242 196
67 16 10000 15196 4264 4338114 43292 708
92 28 10000 15071 74908 4229009 153483 12417
165 192 10000 15077 93293 4234700 148409 15471
271 302 10000 15110 74908 4260493 123991 12417
173 371 10000 15022 237853 4171003 213621 39430
328 19 10000 14985 237853 4149565 236738 39430
172 20 10000 15149 28000 4297773 89397 4644
117 234 10000 14947 237853 4117138 270561 39430
359 98 10000 15040 237853 4195919 193168 39430
79 285 10000 15150 51067 4298299 91590 8473
207 106 10000 15148 51067 4296989 93387 8473
52 82 10000 14775 237853 3977536 413018 39430
19 301 10000 15140 51067 4285842 106835 8473
195 392 10000 15151 51067 4299084 96499 8473
257 288 10000 14998 237853 4157402 244296 39430
93 167 10000 15156 51067 4302958 98742 8473
193 160 10000 15162 51067 4307113 95069 8473
101 182 10000 14506 573344 3773916 630204 95044
86 368 10000 15232 1177 4365929 41804 196
117 292 10000 15105 93293 4254528 153549 15471
94 9 10000 15053 51067 4210215 198138 8473
238 103 10000 15088 141819 4245159 165956 23511
212 240 10000 15111 141819 4260823 150730 23511
72 197 10000 15167 51067 4311269 101299 8473
155 211 10000 15233 1177 4368337 44244 196
352 33 10000 15100 141819 4250858 162328 23511
60 116 10000 15093 93293 4247651 166881 15471
218 91 10000 15133 74908 4281862 134562 12417
132 336 10000 15157 51067 4303047 114417 8473
313 208 10000 15189 37323 4332458 86359 6187
50 389 10000 15179 51067 4324199 94706 8473
82 54 10000 15187 37323 4331193 87911 6187
227 205 10000 15163 51067 4307727 113629 8473
134 151 10000 15186 51067 4330165 91734 8473
203 41 10000 14823 573344 4012867 410078 95044
315 153 10000 15169 28000 4315102 108066 4644
166 396 10000 15118 74908 4268680 155547 12417
158 124 10000 15172 51067 4317557 106673 8473
113 9 10000 14937 573344 4104564 319770 95044
162 114 10000 15143 93293 4290504 133877 15471
370 223 10000 15191 51067 4333909 92046 8473
308 336 10000 15106 141819 4255665 171552 23511
389 370 10000 15115 93293 4267451 160635 15471
42 250 10000 15134 141819 4282801 146095 23511
177 64 10000 15201 37323 4342933 87620 6187
229 233 10000 15235 74908 4369562 63037 12417
120 275 10000 15121 51067 4269389 163874 8473
296 17 10000 15160 74908 4305754 128139 12417
22 336 10000 15057 237853 4214853 219391 39430
209 168 10000 15197 51067 4339197 97191 8473
279 318 10000 15026 237853 4174205 262877 39430
265 136 10000 15101 237853 4250943 186816 39430
118 322 10000 15152 93293 4299188 140475 15471
56 161 10000 15209 51067 4347751 92012 8473
160 248 10000 15213 37323 4352941 87597 6187
143 265 10000 15125 141819 4275526 166059 23511
343 304 10000 15021 573344 4170670 273787 95044
226 388 10000 15205 51067 4345435 99242 8473
195 212 10000 15141 141819 4286346 160046 23511
208 352 10000 15091 237853 4247108 201376 39430
144 106 10000 15263 4264 4399021 49645 708
271 117 10000 15210 51067 4349794 99518 8473
134 278 10000 15224 51067 4359519 91243 8473
254 178 10000 15203 51067 4344808 106111 8473
334 131 10000 15217 51067 4355378 95725 8473
378 212 10000 15181 74908 4325995 125259 12417
275 231 10000 15114 237853 4265863 186700 39430
48 311 10000 15173 93293 4319234 133775 15471
64 206 10000 15185 74908 4329864 123747 12417
7 378 10000 15165 93293 4308428 146415 15471
299 158 10000 15145 141819 4291382 163480 23511
30 225 10000 15238 28000 4372255 83783 4644
159 283 10000 15182 74908 4326373 130443 12417
38 374 10000 15239 28000 4373536 83320 4644
13 282 10000 15144 141819 4290660 166819 23511
102 99 10001 15153 141819 4300266 157848 23511
172 201 10000 15104 237853 4254314 204192 39430
259 88 10000 15225 51067 4360059 98649 8473
278 390 10000 15227 51067 4361903 99118 8473
31 116 10000 15061 237853 4219791 241772 39430
309 127 10000 15236 51067 4370208 92619 8473
148 111 10000 15103 74908 4254223 209157 12417
148 32 10000 14965 573344 4133112 331000 95044
76 133 10000 15180 74908 4325934 138191 12417
326 10 10000 15142 141819 4287121 177896 23511
109 320 10000 15199 74908 4340230 124813 12417
204 392 10000 15290 1177 4424719 41138 196
11 175 10000 15208 51067 4347514 118704 8473
347 5 10000 15218 51067 4355845 110938 8473
120 37 10000 15049 237853 4205350 262447 39430
176 244 10000 15139 74908 4284813 185104 12417
368 90 10000 15241 51067 4374023 96361 8473
273 349 10000 15166 141819 4309704 161136 23511
257 399 10000 15138 237853 4283811 187068 39430
215 195 10000 15195 74908 4337132 134124 12417
343 359 10000 15261 93293 4396841 74455 15471
104 215 10000 15193 93293 4334625 137273 15471
245 218 10000 15132 74908 4281592 191752 12417
299 164 10000 15175 141819 4322067 151696 23511
62 103 10000 15248 28000 4382413 91391 4644
41 333 10000 14908 573344 4082112 392794 95044
89 205 10000 15072 74908 4229201 246928 12417
208 181 10000 15202 93293 4344805 131365 15471
310 236 10000 15127 141819 4275932 200966 23511
27 56 10000 15234 51067 4368831 108145 8473
385 85 10000 15086 237853 4243789 234081 39430
166 84 10000 15158 141819 4303990 174517 23511
303 312 10000 15327 15443 4453699 25364 2565
78 221 10000 14991 573344 4152388 327097 95044
311 273 10000 15188 74908 4331573 150356 12417
114 184 10000 15222 74908 4358838 124269 12417
90 392 10000 15066 93293 4225719 258774 15471
95 238 10000 15107 237853 4255765 229203 39430
385 238 10000 15183 74908 4328615 157069 12417
371 255 10000 15220 93293 4357460 130157 15471
28 397 10000 15129 237853 4276912 211918 39430
339 100 10000 15155 237853 4302923 185993 39430
224 354 10000 14167 2076744 3500311 992521 344245
19 12 10000 15278 74908 4413823 80262 12417
88 335 10000 15176 93293 4322078 172204 15471
5 154 10000 15250 37323 4385288 111988 6187
317 222 10000 15258 51067 4395367 102084 8473
173 359 10000 15271 51067 4404812 92985 8473
31 32 10000 15320 51067 4448839 49758 8473
1 133 10000 15228 93293 4363207 137053 15471
190 33 10000 15161 237853 4305955 194360 39430
385 0 10000 14622 573344 3863363 637292 95044
276 200 10000 15267 51067 4403936 97097 8473
383 33 10000 15206 74908 4345802 155317 12417
77 211 10000 15262 51067 4398093 104937 8473
117 10 10000 15171 141819 4316102 187361 23511
143 347 10000 15050 573344 4206763 297914 95044
377 317 10000 15207 141819 4346242 159013 23511
219 349 10000 15231 93293 4364828 142376 15471
232 337 10000 15251 74908 4386848 124881 12417
40 49 10000 15302 141819 4436287 77891 23511
219 209 10000 15318 93293 4446208 68436 15471
44 391 10000 15252 74908 4389389 126187 12417
64 157 10000 15215 74908 4354213 161727 12417
372 335 10000 15253 74908 4390359 126112 12417
71 60 10000 15338 51067 4461080 55525 8473
394 376 10000 15264 51067 4399703 117095 8473
347 210 10000 15177 237853 4322129 196952 39430
77 106 10000 15214 141819 4354039 165110 23511
332 54 10000 15085 237853 4243012 277432 39430
113 337 10000 15174 141819 4322029 198872 23511
181 221 10000 15289 51067 4423696 97983 8473
28 190 10000 15178 237853 4324077 203401 39430
48 250 10000 15270 74908 4404807 126271 12417
362 24 10000 15255 93293 4394065 137852 15471
202 7 10000 15266 74908 4402622 129379 12417
183 227 10000 15274 74908 4407934 124419 12417
29 279 10000 15322 28000 4449268 83635 4644
85 154 10000 15164 141819 4308108 226028 23511
117 377 10000 15219 93293 4357419 177966 15471
355 121 10000 15168 51067 4311347 224279 8473
27 141 10000 15243 141819 4377277 158991 23511
0 268 10001 15316 51067 4445142 91145 8473
224 377 10000 15223 74908 4359276 179302 12417
65 169 10000 15312 51067 4443774 95480 8473
321 195 10000 15276 93293 4409860 129930 15471
217 315 10000 15306 51067 4439583 102994 8473
380 108 10000 15321 51067 4449116 96253 8473
337 56 10000 15254 141819 4392038 153700 23511
163 285 10000 15337 28000 4460564 86681 4644
268 281 10000 15194 237853 4336948 211524 39430
222 80 10000 15242 141819 4374063 174411 23511
43 385 10000 15324 51067 4450119 98557 8473
210 121 10000 15284 93293 4419258 130033 15471
133 377 10000 15340 37323 4462137 87361 6187
155 0 10000 15269 141819 4404643 145597 23511
62 46 10000 14447 2076744 3732575 817670 344245
84 352 10000 15345 28000 4466456 83899 4644
216 215 10000 15385 51067 4497245 53343 8473
153 194 10000 15229 93293 4363373 187617 15471
56 390 10000 15336 51067 4460519 91658 8473
342 85 10000 15287 93293 4420816 131890 15471
215 62 10000 15282 93293 4418011 135497 15471
169 370 10000 15288 93293 4423086 131275 15471
93 248 10000 15292 74908 4428761 125699 12417
111 115 10000 14303 573344 3611507 943521 95044
6 199 10000 15294 74908 4432896 125111 12417
107 88 10000 15334 51067 4460373 98109 8473
100 391 10000 15298 74908 4435342 124108 12417
43 125 10000 15344 37323 4466250 93626 6187
57 70 10000 15039 237853 4192760 370181 39430
148 14 10000 15221 93293 4357880 205584 15471
85 138 10000 15280 51067 4415145 148545 8473
78 268 10000 15365 28000 4478289 87456 4644
146 258 10001 15361 51067 4475082 90786 8473
30 321 10000 15300 93293 4435804 130555 15471
82 218 10000 15347 51067 4468495 98212 8473
358 319 10000 15420 1177 4525797 41044 196
337 111 10000 15369 37323 4480285 87299 6187
395 1 10000 15198 141819 4340040 228655 23511
57 376 10000 15286 74908 4419637 149425 12417
106 273 10000 15362 51067 4475923 94753 8473
161 48 10000 15240 237853 4373923 197114 39430
120 238 10000 15119 237853 4269180 304537 39430
117 191 10000 15313 51067 4444420 129313 8473
103 322 10000 15309 93293 4441498 132311 15471
369 237 10000 15341 51067 4463214 110600 8473
216 213 10000 15416 51067 4522983 51458 8473
331 23 10000 15317 51067 4446069 129464 8473
111 7 10000 15259 51067 4395784 181469 8473
175 283 10000 15170 573344 4316101 263124 95044
92 371 10000 15364 51067 4476836 102751 8473
143 69 10000 15273 93293 4407913 174538 15471
255 386 10000 15333 74908 4458807 124518 12417
150 289 10000 15246 237853 4381145 202428 39430
277 369 10000 15277 51067 4412090 171591 8473
89 110 10000 15297 74908 4434574 149742 12417
383 246 10000 15363 51067 4476172 108452 8473
166 178 10000 15382 141819 4495812 89047 23511
159 376 10000 15354 51067 4469576 116411 8473
304 318 10000 15432 51067 4536590 49877 8473
37 380 10000 14176 2076744 3507201 1080340 344245
320 123 10000 15299 74908 4435345 152697 12417
126 216 10000 15389 51067 4500677 90801 8473
75 271 10000 15295 141819 4433015 159544 23511
23 256 10000 15353 74908 4469519 123816 12417
191 200 10000 15319 141819 4446917 146975 23511
80 4 10000 15256 51067 4394368 199927 8473
74 15 10000 15349 74908 4469029 125517 12417
368 27 10000 15356 74908 4471067 123780 12417
285 46 10000 15391 51067 4503386 91688 8473
227 279 10000 15404 28000 4513090 83099 4644
395 359 10000 15305 51067 4439334 158071 8473
268 216 10000 15304 74908 4438594 158853 12417
160 62 10000 15352 74908 4469471 128014 12417
234 308 10000 15394 51067 4506473 91325 8473
265 214 10000 15387 51067 4499896 98954 8473
33 364 10000 15393 51067 4506386 92701 8473
8 345 10000 15311 74908 4442476 157010 12417
34 215 10000 15117 573344 4268587 331237 95044
356 357 10000 15428 93293 4532536 68866 15471
44 92 10000 14996 573344 4156638 445335 95044
348 41 10000 15330 93293 4455785 147848 15471
380 288 10000 15367 74908 4479775 123983 12417
315 154 10000 15348 28000 4468531 135404 4644
82 193 10000 14857 573344 4037016 566992 95044
223 375 10000 15154 93293 4300572 305023 15471
73 30 10000 15371 74908 4481405 124199 12417
329 361 10001 15373 74908 4481765 125894 12417
271 14 10000 15407 51067 4516610 92168 8473
63 214 10000 15397 51067 4508026 102707 8473
295 202 10000 15370 93293 4481045 130606 15471
214 193 10000 15359 74908 4474217 138943 12417
117 99 10000 15296 141819 4434428 179173 23511
126 290 10000 15350 141819 4469063 145394 23511
389 46 10000 15268 237853 4404592 210586 39430
121 244 10000 15406 51067 4516418 102693 8473
18 204 10000 15412 51067 4518541 101277 8473
387 271 10000 15323 93293 4449601 170746 15471
268 201 10000 15315 93293 4444974 176555 15471
314 396 10000 15216 93293 4354474 267768 15471
67 347 10000 15436 28000 4539945 83970 4644
35 325 10000 15390 74908 4502050 124252 12417
280 80 10000 15431 51067 4536219 92024 8473
205 55 10000 15351 74908 4469381 160668 12417
393 61 10000 15386 74908 4498513 131683 12417
57 147 10001 15380 74908 4492851 137931 12417
228 8 10000 15384 74908 4497015 133958 12417
369 153 10000 15395 74908 4506845 124781 12417
336 269 10000 15438 51067 4540897 91112 8473
80 187 10000 15374 93293 4484168 148268 15471
121 286 10000 15493 1177 4588940 45637 196
314 26 10000 15068 573344 4227753 407681 95044
198 376 10000 15418 51067 4523851 111856 8473
99 304 10000 15388 74908 4499918 137043 12417
333 221 10000 15447 37323 4549695 87315 6187
20 218 10001 15281 237853 4416096 222033 39430
193 372 10000 15123 573344 4270536 368265 95044
360 195 10000 15308 237853 4440327 199693 39430
253 5 10000 15378 141819 4489253 151906 23511
99 86 10000 15437 141819 4540742 101124 23511
200 365 10000 15440 28000 4543464 99632 4644
20 34 10000 15462 51067 4566538 80670 8473
261 392 10000 15448 51067 4550145 97407 8473
87 42 10000 15335 51067 4460402 187210 8473
79 344 10000 15293 237853 4432347 217566 39430
347 215 10000 15401 93293 4511662 141206 15471
48 175 10001 15417 93293 4523148 133613 15471
85 290 10000 15527 1177 4606966 49870 196
358 195 10000 15346 237853 4466616 190494 39430
223 350 10001 15200 141819 4341305 316671 23511
165 266 10000 15430 74908 4534544 124674 12417
205 198 10000 15402 93293 4512149 147291 15471
154 340 10000 15204 573344 4345318 314572 95044
117 31 10000 15427 74908 4531106 129849 12417
364 166 10000 15343 237853 4465131 197264 39430
331 276 10000 15409 141819 4516948 147788 23511
35 272 10000 15473 51067 4573800 90943 8473
38 58 10000 15477 37323 4576208 88983 6187
81 181 10000 15366 237853 4479376 186967 39430
367 63 10000 15474 51067 4574083 93865 8473
222 89 10000 15415 93293 4522458 146450 15471
259 385 10000 15470 51067 4571994 98700 8473
344 370 10000 15486 51067 4581652 91922 8473
235 370 10000 15461 51067 4566481 107505 8473
91 218 10000 15475 51067 4574832 99494 8473
120 292 10000 15400 93293 4511523 162979 15471
354 241 10000 15484 51067 4581048 95005 8473
285 215 10000 15398 141819 4509483 166978 23511
153 38 10000 15279 237853 4414937 262355 39430
301 204 10000 15443 93293 4546202 132604 15471
300 371 10000 15442 93293 4544775 135045 15471
276 160 10000 15130 573344 4276940 403260 95044
32 363 10000 15453 74908 4556012 125144 12417
338 80 10000 15376 237853 4485714 197873 39430
378 69 10000 15498 51067 4593110 91396 8473
176 285 10000 15303 93293 4436718 247873 15471
46 243 10000 15449 93293 4550819 134689 15471
352 79 10000 15500 51067 4593700 92991 8473
55 128 10000 15392 237853 4503793 183879 39430
248 181 10000 15515 37323 4601916 86766 6187
163 115 10000 15444 93293 4546915 142343 15471
345 116 10000 15456 74908 4561277 128345 12417
176 277 10001 15408 28000 4516910 172787 4644
198 323 10000 15435 74908 4538888 152544 12417
261 370 10000 15339 237853 4461805 230164 39430
51 208 10000 15396 74908 4507405 184956 12417
53 124 10000 15562 15443 4633779 59788 2565
173 335 10000 15445 93293 4547686 146348 15471
91 190 10000 15429 141819 4532582 162081 23511
313 142 10000 15530 28000 4609795 85937 4644
399 293 10000 15146 237853 4292217 404761 39430
178 160 10000 15557 93293 4627700 69456 15471
18 108 10000 15126 573344 4275703 421866 95044
380 122 10000 15381 237853 4495553 202698 39430
53 313 10001 15310 141819 4441898 257305 23511
111 329 10000 15265 93293 4401883 297956 15471
127 15 10000 15425 93293 4530197 169659 15471
36 254 10000 15526 51067 4606486 93814 8473
161 250 10000 15476 74908 4574920 125382 12417
98 309 10000 15452 141819 4554224 146370 23511
170 207 10000 15529 51067 4609613 91841 8473
308 373 10000 15517 51067 4603395 98416 8473
72 327 10000 15403 237853 4512791 189321 39430
182 393 10000 15510 51067 4598536 103622 8473
209 72 10000 15257 93293 4394493 308951 15471
212 331 10000 15522 51067 4605655 97793 8473
328 346 10000 15480 74908 4579090 124422 12417
80 143 10000 15479 51067 4577497 126873 8473
315 28 10000 15325 141819 4452166 252650 23511
189 87 10000 15414 141819 4522312 182568 23511
385 183 10000 15463 74908 4566843 138375 12417
267 108 10000 15481 74908 4579700 125907 12417
207 300 10000 15464 74908 4570511 135751 12417
245 17 10000 15602 1177 4665275 41073 196
268 49 10000 15458 93293 4562639 144429 15471
264 54 10000 15536 51067 4617571 90786 8473
357 41 10000 15519 51067 4604091 105596 8473
398 328 10000 15419 237853 4525448 184469 39430
48 273 10000 15192 573344 4334388 379639 95044
49 117 10000 15466 141819 4571196 144353 23511
380 339 10000 15521 51067 4605163 110603 8473
186 20 10000 15551 51067 4625526 91033 8473
263 285 10000 15496 74908 4590980 125948 12417
288 311 10000 15497 74908 4591815 125541 12417
345 161 10000 15538 51067 4618474 99642 8473
2 394 10000 15549 37323 4624665 93570 6187
274 193 10001 15547 51067 4623260 96017 8473
290 4 10000 15539 37323 4618490 100955 6187
56 306 10000 15501 74908 4595131 124636 12417
398 107 10000 15548 37323 4623278 97554 6187
22 167 10001 15505 74908 4596949 124803 12417
97 249 10000 15483 51067 4580400 141616 8473
115 227 10000 15564 37323 4634438 87790 6187
376 263 10001 15622 1177 4681731 41458 196
234 203 10000 15503 74908 4596602 126638 12417
169 295 10001 15546 51067 4622524 101631 8473
282 106 10000 15511 74908 4599703 124798 12417
124 326 10000 15454 141819 4557559 170032 23511
340 367 10000 15487 141819 4583192 144463 23511
1 162 10000 15561 51067 4633631 94225 8473
258 102 10000 15556 51067 4626952 101753 8473
380 89 10000 15467 141819 4571520 157377 23511
198 216 10000 15285 573344 4419293 310718 95044
279 70 10000 15074 573344 4230957 499115 95044
358 254 10000 15439 237853 4543389 188663 39430
389 204 10000 15424 141819 4527666 205774 23511
254 171 10000 15426 141819 4530446 205204 23511
361 358 10000 15159 237853 4304275 431711 39430
291 10 10000 15524 93293 4606450 130289 15471
100 267 10000 15518 93293 4604085 133063 15471
89 22 10000 14460 2076744 3738370 1001717 344245
184 50 10000 15211 237853 4350949 390345 39430
166 232 10000 15580 51067 4645828 95672 8473
319 11 10000 15582 51067 4650805 90786 8473
354 244 10000 15583 51067 4652156 91176 8473
311 228 10000 15541 74908 4619009 124333 12417
366 153 10000 15535 74908 4616454 127772 12417
89 146 10000 15507 37323 4598043 146458 6187
119 221 10001 15544 74908 4621196 123830 12417
294 72 10000 15540 74908 4618990 130285 12417
258 394 10000 15596 37323 4661282 89011 6187
251 215 10000 15499 141819 4593698 156714 23511
155 397 10000 15543 74908 4620288 131031 12417
124 262 10000 15465 141819 4570826 181870 23511
94 49 10000 15450 141819 4551003 203745 23511
272 370 10000 15604 28000 4668696 87390 4644
359 199 10000 15520 93293 4604799 152305 15471
111 356 10000 14921 573344 4094446 663617 95044
303 376 10000 15533 93293 4614891 143475 15471
179 138 10000 15589 51067 4655977 102426 8473
171 285 10000 15532 141819 4612596 146208 23511
142 311 10000 15260 573344 4396810 363448 95044
234 153 10000 15601 51067 4664873 95405 8473
261 145 10000 15578 51067 4645056 115369 8473
368 65 10000 15598 51067 4662280 98397 8473
313 397 10000 15509 141819 4598158 162816 23511
197 263 10000 15457 141819 4561333 199719 23511
41 308 10000 15542 74908 4620219 141466 12417
382 76 10000 15545 93293 4621415 140399 15471
300 70 10000 14044 2076744 3402103 1360827 344245
128 325 10000 15554 74908 4625816 137505 12417
247 220 10000 15451 74908 4553121 212542 12417
106 122 10000 15490 141819 4586523 180379 23511
86 55 10000 15615 51067 4673784 95700 8473
302 290 10000 15558 93293 4628085 141889 15471
37 139 10000 15569 93293 4636647 133843 15471
307 38 10000 15469 237853 4571658 200161 39430
142 183 10000 15360 237853 4474333 297698 39430
341 320 10000 15550 141819 4625232 147403 23511
84 36 10000 15552 141819 4625597 147056 23511
73 22 10000 15568 93293 4636175 136534 15471
75 203 10000 15682 1177 4730035 43173 196
183 256 10000 15623 28000 4682198 91501 4644
135 303 10000 15567 93293 4635972 138937 15471
75 198 10000 15581 74908 4648685 127842 12417
76 205 10000 15579 74908 4645657 131207 12417
86 325 10000 15565 74908 4634672 142322 12417
184 281 10001 15626 51067 4683864 93300 8473
286 202 10000 15586 74908 4653204 124827 12417
150 253 10000 15492 237853 4588140 190605 39430
139 78 10000 15244 573344 4379411 399593 95044
108 206 10000 15587 74908 4655006 124410 12417
217 388 10000 15245 141819 4381040 398600 23511
42 199 10000 15508 74908 4598157 181784 12417
104 121 10000 15307 573344 4439782 340707 95044
244 141 10000 15478 93293 4577129 205296 15471
308 171 10000 15489 237853 4585107 198327 39430
226 61 10000 15491 237853 4588023 195424 39430
112 164 10000 15640 51067 4691876 91664 8473
122 108 10000 15593 74908 4658608 125421 12417
36 242 10000 15618 51067 4678051 106048 8473
275 157 10000 15585 93293 4652837 131505 15471
81 231 10000 15636 51067 4691154 93454 8473
147 354 10002 15574 51067 4643285 142007 8473
390 28 10000 15249 573344 4383810 402521 95044
50 125 10000 15638 51067 4691366 96296 8473
394 120 10000 15643 51067 4694926 93211 8473
34 39 10000 15553 573344 4625611 162814 95044
255 39 10000 15471 74908 4573159 215325 12417
279 7 10000 15013 573344 4167717 625256 95044
27 339 10000 15528 237853 4609217 185506 39430
44 171 10000 15455 237853 4561080 233997 39430
256 260 10000 15609 74908 4671048 125185 12417
359 286 10000 15482 237853 4580315 216366 39430
12 115 10000 15648 51067 4698088 98900 8473
95 45 10000 15572 93293 4642202 155069 15471
140 28 10000 15607 51067 4670256 129290 8473
51 250 10000 15673 28000 4718108 83208 4644
137 185 10000 15658 28000 4705441 96448 4644
303 65 10000 15531 237853 4610103 192654 39430
200 397 10000 15592 74908 4657655 145805 12417
372 33 10000 15591 141819 4657503 146004 23511
317 259 10000 15666 51067 4710539 94431 8473
93 273 10000 15525 237853 4606479 199352 39430
247 335 10000 15632 51067 4689249 116768 8473
43 214 10000 15621 74908 4681440 124636 12417
316 163 10000 15597 141819 4661291 144935 23511
260 156 10000 15653 51067 4701741 104817 8473
96 375 10000 15559 74908 4631191 178182 12417
191 2 10000 15628 74908 4684798 124720 12417
358 248 10000 15723 4264 4767070 42574 708
97 277 10000 15275 573344 4408890 402420 95044
205 235 10000 15383 93293 4495968 316339 15471
140 21 10000 15421 573344 4526708 285674 95044
220 89 10000 15668 51067 4711851 100969 8473
143 34 10000 15272 573344 4406436 407196 95044
289 88 10000 15676 51067 4722734 91029 8473
286 245 10000 15675 37323 4721038 93551 6187
0 234 10000 15667 51067 4711713 103464 8473
224 318 10000 15630 74908 4687132 128159 12417
178 107 10000 15611 141819 4671509 145969 23511
167 335 10000 15410 141819 4517096 301620 23511
291 169 10000 15645 74908 4696670 125218 12417
274 288 10000 15617 74908 4677684 144748 12417
87 250 10000 15446 51067 4548456 275455 8473
243 38 10000 15606 74908 4669653 154776 12417
260 343 10000 15506 237853 4597963 226992 39430
131 248 10000 15375 573344 4485560 340293 95044
21 225 10000 15642 93293 4692801 133172 15471
150 376 10000 15685 51067 4730801 96858 8473
292 69 10000 15751 15443 4781208 46892 2565
258 186 10000 15647 93293 4697644 131150 15471
368 74 10000 15698 37323 4743575 85936 6187
327 320 10000 15701 141819 4746154 83544 23511
54 235 10000 15679 51067 4724578 105235 8473
284 35 10000 15512 237853 4600414 230005 39430
103 131 10000 15563 237853 4633935 197234 39430
41 316 10000 15646 74908 4696880 134380 12417
223 241 10000 15677 51067 4723183 108300 8473
253 385 10000 15692 51067 4738460 94067 8473
193 51 10000 15612 141819 4672223 160336 23511
276 290 10000 15571 237853 4640573 192131 39430
224 142 10000 15314 573344 4444545 388268 95044
81 59 10000 15625 93293 4682923 150610 15471
76 310 10000 15566 237853 4635098 198593 39430
202 110 10000 15332 573344 4458151 375955 95044
236 270 10000 15576 237853 4644044 190682 39430
347 32 10000 15688 51067 4737269 98120 8473
100 176 10000 15644 93293 4696453 138942 15471
80 277 10000 15331 573344 4457822 378298 95044
91 274 10000 15634 74908 4690301 145965 12417
318 189 10001 15659 93293 4706399 131856 15471
117 98 10000 15669 74908 4712658 126218 12417
57 261 10000 15555 237853 4625886 213191 39430
303 328 10000 15663 74908 4710059 130331 12417
96 390 10000 15662 74908 4708136 132753 12417
69 31 10000 15660 74908 4707439 134602 12417
73 148 10000 15771 15443 4793226 48911 2565
324 377 10000 15619 141819 4679941 162554 23511
257 124 10000 15405 573344 4515954 327231 95044
238 50 10000 15226 573344 4361366 483919 95044
225 247 10000 15635 141819 4690335 154988 23511
282 325 10000 15707 51067 4753395 92103 8473
172 210 10000 15695 51067 4741835 106143 8473
344 171 10000 15665 93293 4710457 140492 15471
238 6 10000 15584 237853 4652197 200910 39430
281 345 10000 15711 51067 4755851 100282 8473
84 182 10000 15720 51067 4765827 91333 8473
322 375 10000 15620 141819 4680788 176622 23511
389 396 10000 15674 74908 4720314 137327 12417
185 15 10000 15588 237853 4655455 202527 39430
287 181 10000 15631 74908 4688375 169734 12417
126 391 10000 15680 93293 4727392 131187 15471
17 24 10000 15717 37323 4762793 96461 6187
203 274 10000 15709 51067 4755222 106541 8473
276 36 10000 15671 141819 4716507 146400 23511
374 297 10000 15789 1177 4815397 49408 196
66 50 10000 15328 573344 4455381 410349 95044
171 143 10000 15719 51067 4764440 101384 8473
370 91 10000 15613 237853 4672609 194376 39430
260 10 10000 15655 141819 4703330 165143 23511
356 189 10000 15616 237853 4675608 193190 39430
245 268 10000 15633 141819 4689429 179834 23511
165 174 10000 15797 51067 4820745 49932 8473
25 147 10000 15624 237853 4682664 189634 39430
320 230 10000 15652 141819 4699953 173427 23511
104 369 10000 15762 37323 4788722 86366 6187
215 320 10000 15728 51067 4769863 105945 8473
327 91 10001 15379 573344 4489420 386505 95044
15 148 10000 15684 141819 4730398 145704 23511
177 157 10000 15734 51067 4771353 107850 8473
4 288 10000 15608 237853 4670410 209037 39430
90 109 10000 15661 74908 4707755 172434 12417
10 105 10000 15641 237853 4692217 188022 39430
154 73 10000 15710 74908 4755643 124664 12417
295 233 10000 15702 93293 4747607 132727 15471
202 177 10000 15773 37323 4793594 86893 6187
84 221 10000 15690 93293 4737853 143246 15471
240 31 10000 15678 93293 4723240 157962 15471
237 327 10000 15764 51067 4790324 91370 8473
187 169 10000 15703 93293 4749201 132690 15471
256 184 10000 15670 141819 4715830 167193 23511
42 312 10000 15377 573344 4488198 394970 95044
232 1 10000 15776 37323 4795210 88048 6187
100 8 10000 15706 93293 4752653 131055 15471
211 335 10000 15691 141819 4737862 145964 23511
244 38 10000 15819 4264 4831998 51968 708
191 227 10000 15761 51067 4788458 95572 8473
101 169 10000 15754 51067 4782366 101771 8473
330 66 10000 15599 237853 4663240 221268 39430
313 354 10000 15651 237853 4699918 186481 39430
389 100 10000 15560 237853 4632814 253774 39430
376 85 10000 15765 51067 4790390 96693 8473
107 238 10000 15650 237853 4698778 188378 39430
351 1 10000 15708 93293 4753759 134552 15471
111 290 10000 15743 51067 4776178 114962 8473
161 82 10000 15718 74908 4763697 127551 12417
144 154 10000 15326 2076744 4452592 439258 344245
144 157 10000 15796 74908 4820268 72829 12417
137 132 10000 15810 93293 4826258 67620 15471
16 130 10000 15689 74908 4737585 157062 12417
397 134 10000 15629 237853 4686680 208122 39430
256 229 10000 15495 237853 4590802 306894 39430
352 353 10000 15772 237853 4793462 104332 39430
218 392 10000 15740 74908 4774703 123743 12417
282 243 10000 15725 93293 4767647 130864 15471
373 21 10000 15736 74908 4772163 129679 12417
336 38 10000 15730 74908 4770526 131564 12417
188 23 10000 15785 51067 4810414 91748 8473
88 221 10000 15769 51067 4792589 111032 8473
280 271 10000 15745 74908 4779330 125040 12417
288 52 10000 15577 237853 4644653 260115 39430
5 292 10000 15705 141819 4751261 154416 23511
82 14 10000 15697 141819 4743321 163455 23511
181 391 10000 15800 28000 4821480 85331 4644
298 78 10000 15747 74908 4780082 126940 12417
206 138 10000 15649 237853 4698119 209982 39430
224 44 10000 15715 141819 4759287 148832 23511
281 319 10000 15788 51067 4814345 94426 8473
359 86 10000 15741 93293 4774971 133999 15471
179 89 10000 15729 74908 4770092 138971 12417
252 399 10000 15610 237853 4671222 239246 39430
336 304 10000 15459 573344 4564128 346692 95044
64 5 10000 15704 141819 4750061 160893 23511
383 88 10000 15790 51067 4816334 94747 8473
162 81 10000 15712 141819 4757248 155550 23511
35 112 10000 15714 141819 4758592 154661 23511
308 348 10000 15752 93293 4782051 131483 15471
113 219 10000 15724 141819 4767505 146802 23511
119 38 10000 15739 93293 4774612 143363 15471
262 94 10000 15770 74908 4792765 125400 12417
63 62 10000 15846 74908 4856776 62581 12417
26 336 10000 15686 237853 4732743 186761 39430
140 121 10000 15657 237853 4705388 215496 39430
176 296 10000 15687 93293 4733814 188736 15471
302 284 10000 15777 74908 4795851 127234 12417
99 290 10000 15513 141819 4600646 322946 23511
75 334 10000 15816 51067 4830639 93593 8473
228 342 10000 15664 141819 4710239 214172 23511
326 20 10000 15768 74908 4792576 132242 12417
279 216 10000 15756 93293 4783326 141781 15471
336 241 10000 15811 51067 4826336 101221 8473
20 6 10000 15399 573344 4509661 418989 95044
310 143 10000 15828 51067 4839682 91948 8473
133 97 10000 15537 573344 4618187 314954 95044
163 187 10000 15753 141819 4782278 152409 23511
40 71 10000 15737 141819 4772930 162028 23511
299 383 10000 15782 74908 4806991 128785 12417
107 134 10000 15780 74908 4804301 132800 12417
266 393 10000 10794 7521945 654417 4283212 1246840
281 148 10000 15767 51067 4791229 146420 8473
210 367 10000 15778 93293 4799783 137908 15471
325 41 10000 15814 51067 4828504 109420 8473
178 92 10000 15835 51067 4844240 93868 8473
372 188 10000 15829 51067 4840881 98109 8473
194 398 10000 15774 141819 4793627 146710 23511
328 236 10000 15838 51067 4848963 93338 8473
297 9 10000 15757 141819 4783887 158431 23511
233 171 10000 15825 51067 4836070 106600 8473
300 349 10000 15699 237853 4744299 198729 39430
204 381 10000 15575 74908 4643684 304704 12417
362 24 10001 15807 74908 4825104 123569 12417
193 138 10000 15749 141819 4780981 167978 23511
377 399 10000 15860 28000 4867201 83026 4644
372 270 10000 15849 51067 4859151 91711 8473
134 302 10000 15794 74908 4817365 133514 12417
195 179 10000 15844 51067 4854104 97568 8473
246 364 10000 15694 237853 4741181 211188 39430
366 235 10000 15735 93293 4771715 182091 15471
80 176 10000 15358 573344 4473156 481790 95044
270 372 10000 15696 51067 4743319 212094 8473
34 78 10001 15815 74908 4829005 126549 12417
94 185 10000 15726 51067 4769485 186410 8473
389 144 10000 15590 237853 4656422 301366 39430
202 156 10000 15813 93293 4827819 130202 15471
175 47 10000 15850 51067 4859422 99937 8473
116 218 10000 15808 93293 4825261 134737 15471
310 153 10000 15824 51067 4835990 124348 8473
322 387 10000 15760 93293 4785558 174951 15471
380 108 10001 15693 237853 4739318 221379 39430
264 186 10000 15865 51067 4869745 91205 8473
218 104 10000 15869 37323 4873165 88472 6187
197 302 10000 15434 573344 4538692 423851 95044
15 389 10000 15823 74908 4835905 127195 12417
159 258 10000 15803 93293 4823063 144554 15471
305 186 10000 15834 74908 4843929 124505 12417
288 345 10000 15861 51067 4867246 101503 8473
288 304 10000 15534 573344 4615639 354120 95044
242 362 10000 15783 51067 4808421 161876 8473
172 392 10000 15750 237853 4780992 189907 39430
136 44 10000 15791 141819 4816431 154726 23511
210 334 10000 15878 51067 4880385 91233 8473
3 109 10000 15858 51067 4865623 106469 8473
84 361 10000 15805 93293 4823891 149020 15471
18 245 10000 15812 141819 4827542 145988 23511
249 392 10000 15866 28000 4870447 103913 4644
204 203 10000 15779 237853 4801597 172958 39430
354 105 10000 15817 141819 4831017 146061 23511
190 313 10000 15742 141819 4775959 203433 23511
14 258 10000 15784 141819 4810111 170720 23511
247 380 10000 15795 74908 4819331 162070 12417
209 378 10000 15873 51067 4877257 104388 8473
244 166 10000 15843 74908 4853857 128777 12417
258 257 10000 15922 74908 4922284 61789 12417
129 26 10000 15826 74908 4837824 147809 12417
174 240 10000 15504 573344 4596836 389374 95044
199 246 10000 15758 237853 4784213 203126 39430
388 104 10000 15882 51067 4884102 103351 8473
18 266 10000 15879 28000 4882095 105831 4644
149 182 10000 15212 2076744 4351545 637499 344245
271 1 10000 15899 51067 4896939 92390 8473
391 96 10000 15896 51067 4894106 95483 8473
143 124 10000 15851 93293 4859652 130062 15471
376 36 10000 15926 15443 4924034 66050 2565
144 277 10000 15903 28000 4904070 86263 4644
351 67 10000 15945 1177 4939589 52193 196
120 49 10000 15855 74908 4863244 130459 12417
190 243 10000 15856 93293 4863297 130998 15471
181 168 10000 15683 237853 4730040 265713 39430
24 286 10000 15857 93293 4864631 131127 15471
220 307 10000 15502 573344 4595760 400357 95044
111 199 10000 15841 74908 4853314 143185 12417
95 93 10000 15713 573344 4757736 239116 95044
127 360 10000 15433 573344 4538082 459455 95044
93 344 10000 14753 573344 3962754 1034835 95044
76 77 10000 15915 141819 4917963 79778 23511
359 280 10000 15488 573344 4583948 413903 95044
84 178 10000 15852 93293 4859668 138286 15471
98 279 10000 15867 51067 4870700 127307 8473
262 79 10000 15864 74908 4869487 130410 12417
57 65 10000 15700 237853 4745403 254861 39430
84 165 10000 15906 51067 4904633 97311 8473
199 213 10000 15738 237853 4774061 228354 39430
93 315 10000 15781 237853 4805022 197444 39430
336 83 10000 15868 93293 4870848 131738 15471
57 274 10000 15672 141819 4717288 285437 23511
363 344 10000 15901 28000 4897885 104877 4644
205 45 10000 15840 93293 4851600 152802 15471
225 113 10000 15898 51067 4895577 110007 8473
17 301 10000 15833 93293 4843677 162069 15471
89 129 10000 15908 51067 4907363 101545 8473
141 55 10000 15919 37323 4921126 88667 6187
393 319 10000 15793 141819 4817156 193101 23511
248 110 10000 15909 51067 4909491 101333 8473
174 287 10000 15441 573344 4544513 467591 95044
139 166 10000 15605 573344 4669095 343071 95044
343 299 10000 15880 74908 4882706 130401 12417
77 252 10000 15888 74908 4888838 124987 12417
364 118 10000 15848 74908 4859064 155198 12417
136 343 10000 15801 51067 4821586 193111 8473
57 203 10000 15821 74908 4835179 179936 12417
159 299 10000 15921 37323 4921937 93305 6187
205 48 10000 15863 93293 4868371 147240 15471
322 160 10000 15727 237853 4769855 246088 39430
97 9 10000 15989 1177 4974874 41545 196
289 255 10000 15862 93293 4868324 149040 15471
174 72 10000 15722 74908 4766616 251555 12417
263 19 10000 15755 237853 4782431 237705 39430
308 204 10000 15884 93293 4885482 135049 15471
190 364 10000 15920 51067 4921325 99284 8473
294 160 10000 15230 573344 4364441 656348 95044
36 149 10000 15847 141819 4858973 162116 23511
284 110 10000 15900 74908 4897811 123940 12417
236 206 10000 15934 51067 4930339 91426 8473
133 306 10000 15883 74908 4884374 137908 12417
92 312 10000 15927 51067 4925178 97720 8473
240 185 10000 15746 237853 4779409 244545 39430
153 288 10000 15853 141819 4861187 164519 23511
175 245 10000 15902 74908 4901494 124298 12417
379 352 10000 15929 51067 4926026 100348 8473
100 189 10000 15931 51067 4926281 100410 8473
339 38 10000 15874 93293 4877590 149635 15471
378 153 10000 15881 93293 4884092 144822 15471
373 87 10000 15845 141819 4854773 174234 23511
187 0 10000 15893 93293 4892811 136240 15471
169 249 10000 15494 573344 4589261 440303 95044
54 35 10000 15952 28000 4944408 85718 4644
228 185 10000 15831 51067 4841183 189549 8473
379 15 10000 15891 93293 4891485 139501 15471
15 271 10000 15870 141819 4876265 155003 23511
81 190 10000 15839 141819 4850812 180710 23511
292 137 10000 15890 51067 4890511 141312 8473
27 287 10000 15886 74908 4886308 148371 12417
225 80 10000 15799 74908 4821404 213415 12417
56 73 10000 15904 93293 4904144 130789 15471
60 35 10000 15935 51067 4934564 101134 8473
268 71 10000 15941 37323 4938711 97220 6187
139 256 10000 15830 93293 4841066 195070 15471
228 140 10000 15763 74908 4790107 246288 12417
153 323 10000 15913 51067 4915978 121157 8473
233 117 10000 15786 93293 4811062 226844 15471
248 289 10001 15949 51067 4943050 94976 8473
218 268 10000 15422 237853 4527357 511034 39430
363 381 10000 15959 37323 4947938 91129 6187
168 157 10000 15947 51067 4942031 98855 8473
212 282 10000 15732 74908 4771051 270566 12417
234 44 10000 15943 51067 4939241 103522 8473
131 0 10000 15910 93293 4910313 133804 15471
153 345 10000 15809 237853 4825409 220299 39430
391 121 10000 15877 141819 4878312 168189 23511
381 199 10000 15876 141819 4878193 168569 23511
1 61 10000 15792 141819 4817133 231078 23511
120 172 10000 15905 93293 4904315 144720 15471
320 145 10000 15916 93293 4917964 131955 15471
211 179 10000 15917 74908 4917996 133858 12417
152 175 10000 15872 93293 4877028 175211 15471
384 63 10000 15775 237853 4794451 257921 39430
0 112 10000 15966 51067 4953712 99100 8473
293 249 10000 15731 237853 4770731 282531 39430
23 255 10000 15957 28000 4947891 105607 4644
348 323 10000 15681 573344 4728981 328519 95044
343 64 10000 16024 1177 5007780 49775 196
122 56 10000 15827 237853 4839616 218077 39430
228 356 10000 14982 2076744 4143292 915324 344245
242 129 10000 15614 573344 4672661 388714 95044
164 74 10000 15944 74908 4939430 123930 12417
267 142 10000 15600 237853 4663995 399766 39430
286 391 10000 15875 237853 4878031 187995 39430
277 185 10000 15837 237853 4845611 220451 39430
91 151 10000 15940 74908 4938595 127876 12417
347 8 10000 15912 141819 4915130 151573 23511
249 378 10000 15859 93293 4866625 200738 15471
11 9 10000 16007 141819 4992359 76153 23511
366 66 10000 15936 51067 4934978 133716 8473
140 114 10000 15967 51067 4954425 114836 8473
101 77 10000 15988 51067 4974530 94848 8473
132 207 10000 15953 74908 4944487 125300 12417
208 231 10000 16048 1177 5032454 40934 196
91 139 10000 15976 51067 4964459 109543 8473
232 90 10000 15942 93293 4938777 136885 15471
370 206 10000 16005 37323 4989792 85966 6187
237 259 10000 15836 237853 4845190 231444 39430
293 298 10000 16030 74908 5011971 65639 12417
395 106 10000 15933 74908 4928803 150143 12417
67 305 10000 15992 37323 4981153 97851 6187
6 315 10000 16003 51067 4988618 91134 8473
161 267 10000 15895 237853 4893413 186425 39430
379 360 10000 15977 237853 4964549 115756 39430
203 365 10000 15960 74908 4948178 132173 12417
19 334 10000 15975 51067 4962381 118089 8473
199 391 10000 16011 28000 4997711 83198 4644
91 89 10000 16054 37323 5036809 45084 6187
260 387 10000 15962 93293 4950289 132453 15471
60 140 10000 15964 74908 4951906 132363 12417
268 145 10000 15996 51067 4984761 100011 8473
300 61 10000 16009 51067 4994013 91144 8473
242 300 10000 15744 237853 4777101 309301 39430
297 112 10000 15954 93293 4945350 142231 15471
248 317 10000 15974 51067 4960498 127315 8473
17 352 10000 15958 74908 4947930 141679 12417
347 5 10001 15948 141819 4942470 149503 23511
294 302 10000 15963 74908 4951899 141433 12417
256 181 10000 15986 74908 4969587 124218 12417
202 65 10000 16015 51067 4999035 94952 8473
94 152 10000 15514 573344 4600741 493457 95044
305 169 10000 15973 93293 4958618 136145 15471
116 270 10000 15979 74908 4966231 129245 12417
339 56 10000 16014 51067 4998783 97156 8473
316 240 10000 15911 141819 4912562 183517 23511
240 238 10000 15460 573344 4564165 531960 95044
181 299 10000 15939 141819 4938512 157922 23511
185 46 10000 15985 74908 4969337 128052 12417
215 358 10000 15981 93293 4966528 133465 15471
366 207 10000 15892 141819 4891982 209935 23511
175 205 10000 16028 37323 5010253 91966 6187
127 128 10000 16057 51067 5040025 64341 8473
215 271 10000 16093 1177 5064940 41057 196
100 255 10000 15983 93293 4967212 138888 15471
305 115 10000 16004 51067 4989423 117512 8473
39 226 10000 16032 15443 5014713 92812 2565
271 40 10000 15987 93293 4973209 134492 15471
312 30 10000 16037 51067 5016674 91074 8473
143 148 10000 16025 237853 5007868 100514 39430
162 130 10000 15990 93293 4976026 132907 15471
170 344 10000 15887 237853 4888501 221679 39430
211 288 10000 16101 4264 5068388 42270 708
122 163 10000 15897 141819 4895550 215474 23511
195 395 10000 16041 37323 5022779 90834 6187
322 54 10000 15971 51067 4957727 156894 8473
146 309 10000 16034 51067 5015556 99239 8473
250 179 10000 15923 141819 4922285 193667 23511
200 107 10000 15999 74908 4985534 132000 12417
293 68 10000 16000 93293 4986093 132238 15471
368 318 10000 15956 141819 4945448 173166 23511
304 26 10000 15804 573344 4823824 295220 95044
173 239 10000 15802 573344 4822745 296791 95044
96 237 10000 16045 51067 5029055 91245 8473
230 134 10000 15978 141819 4966117 154468 23511
390 190 10000 16108 4264 5074634 47670 708
399 302 10000 15832 237853 4842095 284050 39430
329 230 10000 16002 93293 4988076 138646 15471
285 24 10000 16047 51067 5032000 95749 8473
162 240 10001 16062 28000 5042312 87695 4644
78 173 10000 15759 573344 4784476 345875 95044
78 177 10000 15928 74908 4925728 205355 12417
331 256 10000 15998 141819 4985416 147748 23511
374 346 10000 16019 74908 5003113 130702 12417
309 275 10000 15639 573344 4691419 443196 95044
216 118 10000 16016 74908 5000144 135075 12417
159 163 10000 15842 237853 4853486 282139 39430
290 169 10000 15523 573344 4605830 530635 95044
346 24 10000 15984 141819 4968041 168727 23511
77 276 10000 16031 74908 5013619 124236 12417
150 302 10000 16070 51067 5048414 92034 8473
240 314 10000 15907 141819 4905536 236493 23511
84 359 10000 15937 51067 4935838 206219 8473
295 109 10000 16073 51067 5049309 95430 8473
392 200 10000 16017 141819 5000599 146133 23511
330 331 10000 16089 141819 5063082 85307 23511
44 352 10000 15656 237853 4704247 444328 39430
54 236 10000 16077 51067 5051352 98852 8473
279 88 10000 16137 15443 5103887 47044 2565
333 99 10000 16018 141819 5000881 150784 23511
307 188 10000 16036 93293 5016082 138017 15471
208 74 10000 16142 15443 5108140 46211 2565
323 104 10000 16078 51067 5051664 102755 8473
235 33 10000 16039 51067 5019137 135906 8473
165 150 10000 16090 51067 5063751 91646 8473
108 14 10000 16043 74908 5027744 127881 12417
338 213 10000 16012 51067 4997746 158157 8473
251 186 10000 16092 51067 5064740 91526 8473
186 264 10000 16053 74908 5036153 124666 12417
84 263 10000 16035 141819 5015594 145588 23511
149 176 10000 16026 141819 5008230 153670 23511
255 399 10000 16110 37323 5074908 87928 6187
288 289 10000 16148 51067 5115952 48569 8473
193 67 10000 16063 74908 5043071 124205 12417
131 47 10000 16107 51067 5072818 95577 8473
334 110 10001 16067 74908 5045205 124020 12417
247 34 10000 15924 93293 4922918 247495 15471
256 341 10000 15991 237853 4980189 190584 39430
110 117 10000 16056 141819 5039235 131632 23511
391 349 10000 16060 74908 5041654 129251 12417
222 174 10000 16085 51067 5061477 110111 8473
257 395 10000 16042 141819 5026721 146744 23511
86 326 10000 15968 237853 4955094 218818 39430
131 338 10000 16071 51067 5049070 124958 8473
138 78 10000 15595 573344 4660531 513833 95044
141 87 10000 16098 51067 5066860 107892 8473
332 229 10000 16102 37323 5069450 106604 6187
58 164 10000 16122 37323 5087636 90303 6187
275 79 10000 16008 237853 4992902 186966 39430
55 75 10000 16109 51067 5074787 105761 8473
209 69 10000 15733 573344 4771182 409670 95044
379 9 10000 16121 51067 5085554 96438 8473
193 230 10000 16033 93293 5015497 168463 15471
158 219 10001 16001 237853 4987993 196814 39430
201 264 10000 16127 51067 5090894 94074 8473
186 55 10000 16134 37323 5098839 87109 6187
112 73 10000 16131 51067 5094995 91529 8473
286 319 10000 15654 573344 4702250 487413 95044
337 254 10000 16087 74908 5062154 127938 12417
326 220 10000 16125 51067 5089092 102853 8473
255 217 10000 16052 141819 5035536 156432 23511
99 51 10000 16006 141819 4990382 201641 23511
397 79 10000 16044 51067 5029034 163116 8473
258 393 10000 16097 74908 5066779 125679 12417
253 162 10000 16100 74908 5067594 124954 12417
391 47 10000 15995 74908 4984400 208735 12417
129 298 10000 15969 93293 4955197 238720 15471
131 300 10000 15871 74908 4876287 319210 12417
58 131 10000 15818 93293 4831053 365800 15471
35 36 10000 16149 141819 5116982 80050 23511
67 113 10000 16065 141819 5043839 153874 23511
38 255 10000 16029 237853 5011399 186773 39430
345 223 10000 16139 51067 5106481 91898 8473
153 162 10000 16120 51067 5085142 113949 8473
317 286 10001 16080 51067 5058558 140574 8473
397 160 10000 16130 51067 5094295 105290 8473
37 52 10000 16076 93293 5051173 149039 15471
233 94 10000 16049 141819 5033734 167780 23511
363 359 10000 16138 51067 5105654 97238 8473
245 189 10000 16155 28000 5120373 84988 4644
140 85 10000 15914 573344 4917726 288221 95044
293 214 10001 16157 28000 5120483 85777 4644
40 220 10000 16081 141819 5058827 148035 23511
191 21 10000 16146 51067 5115064 92105 8473
77 328 10000 16086 141819 5061768 145644 23511
188 44 10000 16112 93293 5077805 130657 15471
250 319 10000 15961 237853 4949555 259496 39430
359 71 10000 16150 51067 5117114 92371 8473
59 221 10000 16117 74908 5083003 127289 12417
149 93 10000 16113 93293 5078101 132440 15471
355 119 10000 16075 37323 5050451 160177 6187
229 35 10000 16144 51067 5111457 100556 8473
28 313 10000 16177 28000 5129562 83315 4644
34 341 10000 16169 37323 5126489 86417 6187
208 355 10000 16124 74908 5088573 124710 12417
49 75 10000 16160 37323 5122007 91287 6187
261 37 10000 16061 141819 5041745 172604 23511
344 216 10000 16166 51067 5124716 91453 8473
327 245 10000 15820 573344 4834396 381878 95044
246 373 10001 15993 141819 4981364 235425 23511
177 42 10000 16128 74908 5092497 124609 12417
377 157 10000 16170 51067 5126874 90971 8473
158 338 10000 16164 51067 5123419 95350 8473
186 81 10000 16175 51067 5128298 91353 8473
19 205 10000 16185 28000 5136178 83914 4644
236 10 10000 16046 237853 5030055 190867 39430
339 121 10000 16178 51067 5129868 91496 8473
32 388 10000 16050 237853 5034483 190670 39430
260 358 10000 16069 74908 5047093 179752 12417
262 214 10000 16084 51067 5061076 166491 8473
78 97 10000 16023 141819 5007401 220456 23511
294 358 10000 16116 141819 5080552 147771 23511
23 12 10000 15798 573344 4821128 407422 95044
288 184 10000 16119 141819 5083982 146718 23511
338 100 10000 16136 93293 5100258 132094 15471
118 223 10000 16186 51067 5136733 96246 8473
209 118 10000 16103 141819 5069644 164958 23511
304 114 10000 16180 51067 5133292 103427 8473
399 183 10000 16135 74908 5099143 137807 12417
66 263 10000 16145 74908 5113475 124550 12417
301 349 10000 16241 1177 5197992 40935 196
98 312 10000 16099 141819 5067292 171988 23511
254 386 10000 16189 51067 5138900 100615 8473
52 396 10000 16022 141819 5005247 234885 23511
241 15 10000 16143 93293 5110253 129911 15471
60 32 10001 16123 141819 5087921 155475 23511
325 112 10000 16105 93293 5071943 172059 15471
110 15 10000 16156 51067 5120425 124694 8473
54 116 10000 16051 237853 5035299 209977 39430
371 272 10000 16205 37323 5159566 86229 6187
325 357 10000 16147 51067 5115220 130731 8473
196 130 10000 16176 51067 5128944 119335 8473
361 8 10000 15997 74908 4985135 264120 12417
319 4 10000 16167 74908 5125084 124441 12417
182 42 10000 16251 1177 5209358 41167 196
386 162 10000 16202 51067 5155604 96301 8473
251 221 10000 16193 51067 5146671 105738 8473
140 118 10000 16206 51067 5159933 95781 8473
80 115 10000 16260 4264 5214195 42449 708
34 399 10000 16173 74908 5128258 128651 12417
52 161 10000 16096 93293 5066070 192814 15471
319 20 10000 16168 74908 5125985 133467 12417
25 202 10000 15946 573344 4940572 319714 95044
134 117 10000 16211 51067 5165699 95458 8473
2 205 10000 16214 51067 5166355 97746 8473
266 388 10000 16187 74908 5137248 128217 12417
144 279 10000 15955 573344 4945396 320402 95044
172 127 10000 16179 93293 5130892 135569 15471
153 365 10000 16165 93293 5124589 142313 15471
345 259 10001 16215 51067 5170247 97041 8473
254 102 10000 16094 237853 5065361 202515 39430
221 44 10000 16221 51067 5174919 93044 8473
199 29 10000 16182 74908 5134294 135003 12417
208 46 10000 16273 1177 5228252 41660 196
55 339 10000 16141 141819 5107163 164383 23511
123 127 10000 16271 37323 5226183 45422 6187
370 112 10000 16228 51067 5179898 91803 8473
23 277 10000 16082 74908 5059546 212744 12417
174 84 10000 16158 93293 5120776 152320 15471
346 134 10000 16231 51067 5183065 90430 8473
223 224 10000 15716 573344 4760264 513538 95044
25 293 10000 15822 573344 4835514 439144 95044
242 293 10000 16192 74908 5144671 131269 12417
72 367 10000 16154 141819 5120264 155996 23511
97 373 10000 15423 573344 4527484 748825 95044
54 66 10000 16088 141819 5063015 213328 23511
33 95 10000 16234 51067 5186795 92688 8473
72 255 10000 16230 51067 5180784 99011 8473
160 249 10000 16194 74908 5147604 137329 12417
379 95 10000 16240 51067 5194542 91484 8473
244 316 10000 16199 74908 5152398 133941 12417
388 287 10000 15128 2076744 4276320 1010049 344245
311 39 10000 16236 37323 5190622 95886 6187
23 235 10000 16114 93293 5078558 210532 15471
50 52 10000 16151 237853 5119472 169969 39430
240 275 10000 16224 51067 5178246 111394 8473
203 138 10000 15980 573344 4966397 324083 95044
60 91 10000 16200 93293 5153152 139145 15471
144 351 10000 16246 28000 5202196 90708 4644
164 52 10000 16126 93293 5089734 208261 15471
124 66 10000 15950 237853 4943150 355333 39430
59 17 10000 16196 141819 5148901 150531 23511
86 246 10000 16197 141819 5149878 149858 23511
251 378 10000 16233 51067 5184588 115544 8473
199 387 10000 16190 93293 5142360 158224 15471
185 310 10000 16064 237853 5043176 257745 39430
153 336 10000 16252 28000 5209645 91459 4644
127 396 10000 16040 237853 5022446 280326 39430
362 39 10000 16225 74908 5178585 124744 12417
337 171 10000 16079 237853 5056632 247804 39430
20 339 10000 16247 51067 5202870 102622 8473
35 392 10000 16220 93293 5174067 131520 15471
108 265 10000 16262 51067 5214473 92296 8473
136 172 10000 16223 93293 5177430 130475 15471
131 134 10000 16268 141819 5223645 85862 23511
6 36 10000 16264 51067 5218906 91880 8473
212 351 10000 16222 93293 5176274 134621 15471
7 301 10001 16209 74908 5164523 146757 12417
185 321 10000 16140 141819 5106923 204421 23511
192 323 10000 16229 93293 5180215 131313 15471
335 147 10000 16115 237853 5079714 232591 39430
251 222 10000 16059 237853 5041376 271893 39430
336 27 10000 16106 237853 5072036 245585 39430
356 372 10001 16172 237853 5127909 190074 39430
178 122 10000 16269 51067 5224492 93685 8473
320 232 10000 16259 51067 5213929 107185 8473
239 1 10000 16183 237853 5134461 187752 39430
275 297 10000 16208 51067 5160984 161608 8473
329 201 10000 16152 237853 5119724 203334 39430
71 397 10000 16212 141819 5166092 157903 23511
235 238 10000 16248 74908 5203783 121003 12417
357 329 10000 16351 1177 5284588 41993 196
293 295 10000 16318 93293 5258587 68849 15471
197 142 10000 16342 15443 5277127 50400 2565
188 387 10001 16232 141819 5183338 144972 23511
81 123 10000 16243 93293 5198186 131940 15471
324 361 10000 16258 51067 5212824 117682 8473
39 247 10000 15972 237853 4958031 373265 39430
399 381 10000 16277 237853 5230821 101755 39430
236 245 10000 16294 51067 5241277 91512 8473
274 1 10000 15918 573344 4920336 414282 95044
172 80 10000 16285 51067 5235765 99554 8473
259 378 10000 16280 51067 5232196 104482 8473
166 88 10000 16352 1177 5286948 51669 196
201 378 10000 16314 28000 5255661 83026 4644
250 243 10000 16355 51067 5289961 50072 8473
46 304 10000 16237 141819 5190784 151320 23511
364 28 10000 16235 141819 5189940 152811 23511
185 354 10000 16255 51067 5211371 132023 8473
292 15 10000 16265 74908 5220253 124607 12417
277 185 10001 16261 93293 5214238 131778 15471
83 2 10000 16038 141819 5017601 328567 23511
10 217 10000 16310 51067 5253045 94146 8473
313 342 10000 16297 51067 5242997 104269 8473
116 178 10000 16253 93293 5210732 136549 15471
42 44 10000 16312 93293 5254469 93903 15471
151 185 10000 16293 51067 5241059 108404 8473
363 167 10000 16302 51067 5246501 103431 8473
309 1 10000 16319 51067 5258960 91614 8473
95 104 10000 16295 51067 5241395 111275 8473
295 245 10000 16226 37323 5179359 173514 6187
62 132 10000 16266 93293 5222840 130847 15471
299 336 10000 16027 237853 5008279 345584 39430
392 133 10000 16272 74908 5227369 126696 12417
172 105 10000 16249 141819 5205062 149162 23511
349 320 10000 16316 51067 5257697 97020 8473
324 174 10000 16291 51067 5240962 113807 8473
104 209 10000 16133 237853 5098336 256925 39430
57 248 10000 16275 74908 5229680 127119 12417
118 364 10000 16283 74908 5233392 128401 12417
85 287 10000 16203 74908 5157066 205503 12417
82 9 10000 16289 74908 5239747 124424 12417
145 10 10000 16129 51067 5093792 271422 8473
287 4 10000 15806 573344 4824661 542474 95044
54 276 10000 16238 141819 5192126 175260 23511
366 80 10000 16339 51067 5276102 91999 8473
368 371 10000 16409 15443 5342758 25473 2565
257 183 10000 16281 93293 5233031 135593 15471
156 187 10000 16345 51067 5279430 91142 8473
340 377 10001 16341 51067 5276830 94077 8473
262 54 10000 16396 1177 5332076 41368 196
110 365 10000 16163 141819 5123111 251129 23511
383 323 10000 16303 74908 5248516 126376 12417
249 144 10000 16309 74908 5251909 123845 12417
258 19 10000 16066 573344 5044278 332577 95044
314 109 10000 16161 237853 5122188 254989 39430
289 90 10000 16308 37323 5251475 125934 6187
87 361 10000 15982 93293 4966941 411116 15471
363 19 10000 16327 51067 5262323 116270 8473
185 197 10000 16276 141819 5230457 148390 23511
126 220 10000 16347 51067 5281626 98438 8473
343 305 10000 16213 237853 5166354 214085 39430
156 61 10000 16356 51067 5289974 90786 8473
90 184 10000 16153 51067 5119839 261238 8473
125 251 10000 15368 2076744 4480278 901877 344245
181 72 10000 16256 141819 5212204 171335 23511
42 11 10000 16198 237853 5152089 232169 39430
343 392 10000 16020 573344 5003508 381058 95044
323 280 10000 16371 28000 5300801 84611 4644
71 127 10000 16307 74908 5251411 137447 12417
203 98 10000 16321 74908 5259417 130933 12417
378 252 10000 16299 141819 5244637 145885 23511
25 258 10000 16306 74908 5250485 140426 12417
263 203 10000 16336 51067 5270621 120384 8473
171 381 10001 16368 51067 5299677 91545 8473
142 145 10000 16393 51067 5330459 60852 8473
249 291 10000 16058 573344 5040466 350990 95044
258 164 10000 16191 237853 5143489 248120 39430
164 383 10000 16279 141819 5231098 160624 23511
56 73 10001 16242 237853 5198039 194647 39430
248 366 10000 15889 573344 4889583 504831 95044
157 338 10000 16427 1177 5353294 41424 196
382 319 10000 16320 28000 5259042 135735 4644
173 0 10000 16379 37323 5310371 86207 6187
6 317 10001 16369 51067 5299808 97523 8473
109 154 10000 16254 237853 5210763 186605 39430
77 320 10000 16322 93293 5259730 138055 15471
49 369 10000 16375 51067 5304809 93106 8473
244 286 10000 16304 93293 5248766 149327 15471
141 118 10001 16331 93293 5265020 135895 15471
134 36 10000 16278 141819 5231086 172003 23511
199 349 10000 16181 573344 5133406 270290 95044
326 28 10000 16380 28000 5310603 93622 4644
30 59 10000 16337 74908 5271142 133788 12417
85 11 10000 16068 74908 5045958 360527 12417
51 380 10000 16338 93293 5275426 131277 15471
381 152 10000 16349 74908 5281806 125370 12417
390 209 10000 16382 51067 5315095 92375 8473
184 297 10000 16444 1177 5368926 40975 196
299 149 10000 16298 141819 5243007 168008 23511
162 195 10000 16311 141819 5254254 157560 23511
223 287 10000 16227 51067 5179893 232036 8473
231 392 10000 14354 2076744 3655513 1756821 344245
256 68 10000 16353 74908 5289076 123790 12417
90 319 10000 16055 573344 5037768 377016 95044
65 140 10000 16387 51067 5320594 94272 8473
43 25 10000 16305 141819 5250440 165318 23511
208 307 10000 16219 237853 5173476 243689 39430
305 334 10000 16244 237853 5199821 217348 39430
237 49 10000 16335 141819 5269101 150165 23511
263 206 10000 16074 573344 5050090 369201 95044
399 245 10000 16361 74908 5293646 126156 12417
390 328 10000 16391 51067 5328791 91229 8473
32 358 10000 16284 141819 5234462 187086 23511
375 46 10000 16357 37323 5290046 132369 6187
98 373 10000 16395 51067 5331155 91952 8473
297 1 10000 16286 93293 5237234 186118 15471
29 38 10000 16416 74908 5348299 75192 12417
232 207 10000 16354 93293 5289693 133922 15471
322 2 10000 16334 74908 5268576 156695 12417
61 41 10000 16398 51067 5333594 92219 8473
339 348 10000 16388 51067 5325452 100908 8473
370 297 10000 16408 28000 5342328 84048 4644
359 32 10000 16340 141819 5276458 150010 23511
134 20 10000 16270 237853 5225371 201479 39430
271 322 10000 16325 51067 5261184 167288 8473
335 360 10001 16287 93293 5237598 191824 15471
26 387 10000 16348 93293 5281744 147872 15471
77 50 10000 16365 93293 5296934 132686 15471
56 108 10000 16344 141819 5278752 151299 23511
293 91 10000 16296 51067 5242418 187887 8473
320 213 10000 16330 93293 5264863 167827 15471
375 48 10000 16288 141819 5239064 194515 23511
94 202 10000 16201 74908 5153809 280195 12417
375 238 10000 16274 141819 5229499 206020 23511
61 111 10000 16372 93293 5301181 134614 15471
68 382 10000 16282 237853 5233201 203302 39430
180 386 10000 16412 51067 5345991 91453 8473
330 105 10000 16364 74908 5295329 142184 12417
112 31 10000 16413 51067 5347033 90907 8473
217 273 10000 16378 28000 5308592 131139 4644
384 225 10000 16250 93293 5206857 236652 15471
289 177 10000 16290 237853 5240685 203505 39430
336 253 10000 16385 74908 5320414 123857 12417
375 325 10000 16343 74908 5277857 170272 12417
214 164 10000 16324 237853 5260584 187723 39430
399 384 10000 16469 74908 5383813 67155 12417
172 97 10000 16442 28000 5367119 85548 4644
244 327 10000 16426 51067 5352739 101409 8473
134 382 10000 16404 51067 5339736 114512 8473
345 161 10001 16394 74908 5330503 125116 12417
81 131 10000 16433 51067 5357243 98403 8473
38 366 10000 16439 37323 5364545 91243 6187
324 330 10000 16424 37323 5351752 104037 6187
306 260 10000 16415 51067 5348181 110193 8473
276 246 10000 16390 74908 5328750 130690 12417
261 188 10000 16174 573344 5128274 331257 95044
316 18 10000 16328 141819 5263095 197583 23511
360 263 10000 16449 51067 5370040 91370 8473
47 287 10000 15721 573344 4766065 695845 95044
153 313 10000 16010 573344 4995346 467890 95044
287 6 10000 16383 51067 5315875 147677 8473
121 152 10000 16392 93293 5329925 134022 15471
236 54 10000 16403 74908 5338504 126443 12417
145 339 10000 16118 74908 5083343 381857 12417
355 335 10000 16188 141819 5138163 327634 23511
291 284 10000 16510 51067 5415199 50634 8473
33 272 10000 16239 573344 5194219 272056 95044
299 265 10000 16401 93293 5335521 131496 15471
375 246 10000 16363 74908 5294685 173041 12417
243 146 10000 16457 51067 5374599 93939 8473
251 118 10000 16374 93293 5302503 167526 15471
286 141 10000 16414 74908 5347669 124331 12417
354 246 10001 16410 74908 5342882 129879 12417
198 377 10001 16418 74908 5349250 123815 12417
282 203 10000 16474 28000 5389184 84578 4644
269 146 10000 16300 237853 5244802 229400 39430
273 189 10000 16417 74908 5348759 125451 12417
17 83 10000 16422 74908 5350114 124793 12417
305 394 10000 16421 74908 5350015 124897 12417
337 328 10000 16472 141819 5388350 86802 23511
324 195 10000 16292 141819 5240996 235238 23511
209 185 10000 16534 1177 5434951 41393 196
241 90 10000 16411 74908 5345093 133063 12417
305 296 10000 16301 237853 5246192 232812 39430
52 331 10000 16451 51067 5370855 110342 8473
392 374 10000 16323 237853 5259979 221239 39430
216 236 10000 16458 51067 5374861 107173 8473
339 355 10000 16464 51067 5381717 100433 8473
57 90 10000 16360 237853 5292339 190519 39430
278 199 10000 16423 93293 5350559 133155 15471
393 28 10001 16407 28000 5341586 142338 4644
303 226 10000 16430 51067 5354902 131660 8473
6 117 10000 16358 141819 5290681 196949 23511
355 193 10000 14366 2076744 3663035 1824812 344245
90 232 10000 16463 51067 5380689 107241 8473
252 399 10001 16216 573344 5171455 318151 95044
140 303 10000 16441 74908 5366808 123569 12417
26 156 10000 16477 51067 5391488 98930 8473
216 2 10000 15994 573344 4982800 510039 95044
247 87 10000 16332 74908 5267741 226400 12417
187 218 10000 16493 51067 5401765 92763 8473
382 40 10000 16446 74908 5369165 125595 12417
284 308 10000 16397 51067 5332619 162215 8473
246 71 10000 16420 141819 5349779 145289 23511
279 377 10000 16448 74908 5370035 125533 12417
55 383 10000 16359 237853 5292181 203658 39430
2 247 10000 16466 51067 5382049 114089 8473
344 254 10000 16487 37323 5399253 97398 6187
349 218 10000 16484 51067 5396951 100159 8473
100 124 10000 16508 28000 5414095 83290 4644
248 149 10000 16486 51067 5397642 100785 8473
341 313 10000 16450 93293 5370360 130477 15471
125 227 10000 16376 51067 5306103 195654 8473
354 17 10000 16366 237853 5297212 204920 39430
367 174 10000 16505 51067 5412052 91240 8473
301 148 10000 16461 74908 5379471 124252 12417
311 314 10001 16506 74908 5413650 90185 12417
339 87 10000 16459 74908 5377873 126324 12417
399 26 10000 16494 37323 5402718 102527 6187
23 372 10000 16072 573344 5049099 456368 95044
206 162 10000 16445 93293 5368970 137591 15471
45 140 10000 16509 51067 5414690 92088 8473
183 39 10000 16436 141819 5360579 147372 23511
336 230 10000 16512 51067 5417849 92295 8473
22 389 10000 16384 93293 5318874 192372 15471
68 73 10000 16548 93293 5444049 67306 15471
363 128 10000 16498 37323 5408437 103734 6187
3 399 10000 16504 51067 5410857 102120 8473
42 204 10000 16514 51067 5420576 93332 8473
361 370 10000 16497 51067 5407098 107276 8473
117 147 10000 16377 237853 5307323 207156 39430
326 19 10000 16507 51067 5413810 101716 8473
393 236 10000 16386 93293 5320445 195207 15471
70 46 10000 16475 74908 5390112 125744 12417
15 351 10000 16515 51067 5421756 94444 8473
293 10 10000 16434 74908 5359539 160343 12417
76 323 10000 16522 51067 5425693 94598 8473
131 334 10000 16511 51067 5416643 104785 8473
269 149 10000 16528 28000 5431427 91161 4644
223 269 10000 16217 141819 5171946 352051 23511
384 20 10000 16453 28000 5372082 152923 4644
55 157 10000 16531 51067 5433635 91676 8473
147 205 10000 16465 93293 5381822 143497 15471
204 282 10000 16502 51067 5409887 115453 8473
385 122 10000 16535 37323 5436714 88872 6187
199 20 10000 16532 51067 5434140 91818 8473
168 276 10000 16537 51067 5437446 92160 8473
344 152 10000 16492 74908 5401201 129786 12417
0 85 10000 16536 51067 5437360 93727 8473
6 14 10000 16550 141819 5448630 83760 23511
292 100 10000 16503 74908 5409917 124662 12417
144 192 10000 16495 74908 5405560 129086 12417
259 394 10000 16473 93293 5389037 150087 15471
317 289 10001 16518 51067 5422813 120021 8473
207 386 10000 16485 141819 5397538 145401 23511
233 383 10000 16171 573344 5126993 416727 95044
205 242 10000 16419 93293 5349294 194985 15471
297 133 10000 16513 74908 5420475 124696 12417
70 211 10000 16437 141819 5361865 184140 23511
54 153 10000 15885 573344 4885933 660164 95044
92 84 10000 16462 141819 5380430 166054 23511
332 151 10000 16496 37323 5406256 140619 6187
251 33 10000 16470 141819 5386072 161144 23511
253 248 10000 16601 51067 5494359 54838 8473
121 56 10000 16435 237853 5359765 189664 39430
319 384 10000 16257 573344 5212468 337716 95044
125 171 10000 16400 51067 5335225 215084 8473
307 145 10000 16521 74908 5425012 126030 12417
75 285 10000 16523 74908 5425896 125940 12417
198 171 10001 16560 51067 5461194 90786 8473
177 17 10001 16488 93293 5399725 153075 15471
348 206 10000 16627 4264 5512383 42245 708
135 302 10000 16570 28000 5471041 84160 4644
399 139 10000 16440 141819 5366088 189823 23511
143 340 10000 16563 51067 5464181 92105 8473
128 193 10000 16525 74908 5426485 130126 12417
183 227 10001 16526 93293 5426626 130463 15471
145 237 10000 15965 573344 4952080 605500 95044
23 258 10000 16480 141819 5393173 165441 23511
120 257 10000 16561 51067 5461626 97751 8473
282 306 10000 16556 51067 5455249 104595 8473
233 326 10000 16447 141819 5369679 191101 23511
98 372 10000 16527 93293 5430507 130837 15471
354 155 10000 16540 74908 5439592 123569 12417
83 7 10000 16520 93293 5424566 138848 15471
13 132 10000 16552 51067 5451080 113746 8473
363 362 10000 16329 573344 5263672 303125 95044
60 201 10000 16500 74908 5409544 157522 12417
231 302 10000 16546 74908 5443448 124245 12417
105 56 10000 16571 51067 5471514 96879 8473
159 125 10000 16573 51067 5474085 94853 8473
313 180 10000 16544 93293 5442162 130973 15471
38 256 10000 16583 51067 5481890 91787 8473
197 281 10000 16524 74908 5426395 149245 12417
154 168 10001 16554 74908 5452976 123965 12417
153 261 10000 16584 51067 5483310 93705 8473
335 282 10000 16591 37323 5487704 89329 6187
194 251 10000 16367 573344 5298457 278724 95044
291 1 10000 16482 93293 5395615 182150 15471
212 192 10000 16476 237853 5391218 187693 39430
20 135 10000 16432 141819 5356759 222266 23511
14 237 10000 16599 51067 5492346 90819 8473
290 376 10001 16555 37323 5454283 129188 6187
331 144 10000 16609 28000 5501119 83949 4644
235 396 10000 16533 74908 5434475 152072 12417
214 314 10000 16551 93293 5450155 136407 15471
395 277 10000 16091 573344 5063805 525629 95044
115 182 10000 16543 141819 5440931 148969 23511
61 313 10000 16595 51067 5489457 100788 8473
286 7 10000 16578 51067 5478749 111715 8473
151 214 10000 16593 51067 5488101 102855 8473
132 157 10000 16613 28000 5503963 87769 4644
117 342 10000 16575 51067 5475177 117480 8473
85 215 10000 16362 237853 5294596 298922 39430
343 97 10000 16603 51067 5494800 99141 8473
161 52 10000 16541 141819 5440129 154349 23511
25 243 10000 16608 37323 5500033 94472 6187
182 191 10000 16652 74908 5523965 71991 12417
297 193 10000 16691 4264 5556721 43802 708
263 244 10000 16553 141819 5452130 149190 23511
222 56 10000 16617 51067 5506520 95558 8473
311 137 10001 16501 141819 5409653 192500 23511
214 228 10000 16579 74908 5478772 123709 12417
77 195 10000 16624 51067 5511533 91468 8473
52 298 10000 16483 93293 5396377 208659 15471
245 36 10000 16489 237853 5400825 204697 39430
83 98 10000 16671 74908 5544161 62119 12417
87 264 10000 16083 237853 5060737 547356 39430
355 211 10000 16207 237853 5160631 448101 39430
62 95 10000 16581 74908 5479490 131062 12417
223 267 10000 16350 93293 5282973 327641 15471
127 347 10000 16634 51067 5515306 97016 8473
337 171 10001 16635 51067 5515910 96705 8473
119 79 10000 16588 74908 5484662 128209 12417
199 361 10000 16710 1177 5572251 41062 196
27 335 10000 16592 74908 5487784 125679 12417
175 229 10000 16650 51067 5523346 91390 8473
371 175 10001 16517 237853 5422158 194020 39430
248 341 10000 16653 51067 5524276 92197 8473
213 47 10000 16660 37323 5530477 86684 6187
141 309 10000 16402 237853 5336946 280717 39430
350 229 10000 16585 93293 5483913 133872 15471
3 256 10000 16704 1177 5566364 53016 196
159 81 10000 16645 51067 5521383 99902 8473
362 16 10000 16606 74908 5496977 124366 12417
3 223 10000 16582 141819 5481313 140977 23511
61 311 10000 16529 237853 5432268 190418 39430
1 232 10000 16590 74908 5487539 135662 12417
298 115 10000 16662 51067 5531773 92520 8473
347 134 10000 16317 573344 5258004 369684 95044
149 191 10000 16605 93293 5496554 132079 15471
46 38 10000 16576 141819 5475289 154556 23511
75 245 10000 16728 1177 5584149 46316 196
103 155 10000 16736 1177 5588198 42402 196
311 280 10000 16565 93293 5466697 164480 15471
122 295 10000 16370 141819 5299874 331601 23511
148 314 10000 16611 93293 5501201 130886 15471
220 211 10000 16389 141819 5328743 303934 23511
37 168 10000 16547 237853 5443905 188798 39430
292 289 10001 16705 93293 5567006 67313 15471
178 182 10000 16577 141819 5476681 157663 23511
398 305 10000 16670 37323 5543911 91998 6187
362 369 10000 16702 93293 5565591 70735 15471
9 214 10000 16676 37323 5548110 88574 6187
75 100 10000 16654 51067 5525750 111038 8473
41 214 10000 16618 74908 5506721 130351 12417
221 109 10000 16629 74908 5512890 124529 12417
392 303 10000 16739 1177 5591675 45905 196
172 362 10000 16642 51067 5519353 118865 8473
92 267 10000 16481 237853 5393986 244790 39430
347 360 10000 16628 74908 5512450 126573 12417
81 266 10000 16589 141819 5485736 154555 23511
293 246 10000 16620 93293 5507585 134743 15471
79 150 10000 16614 93293 5504043 138670 15471
154 266 10000 16644 74908 5519441 124466 12417
307 358 10000 16683 51067 5552356 92660 8473
12 120 10000 16580 141819 5479060 166093 23511
107 210 10000 16679 51067 5551192 94881 8473
290 235 10000 16471 237853 5387363 258916 39430
290 204 10000 16468 237853 5383685 263079 39430
96 231 10000 16558 237853 5460669 186267 39430
153 248 10000 16559 141819 5461052 186111 23511
48 332 10000 16640 74908 5517786 129453 12417
373 17 10000 16626 93293 5512297 134986 15471
110 139 10000 16607 141819 5497259 150839 23511
40 102 10000 16689 51067 5554748 93494 8473
29 311 10000 16616 51067 5506101 142710 8473
363 251 10000 16557 141819 5458173 190895 23511
362 61 10000 16684 37323 5552427 96988 6187
239 197 10000 16696 37323 5559479 92300 6187
4 18 10000 16706 93293 5567453 84673 15471
381 328 10000 16313 237853 5255129 399665 39430
249 370 10000 16677 51067 5549192 105762 8473
204 45 10000 16596 141819 5490264 165330 23511
230 315 10000 16700 51067 5564535 91373 8473
397 255 10000 16545 237853 5442231 213970 39430
357 34 10000 16638 51067 5517674 138772 8473
198 118 10000 16639 93293 5517751 140315 15471
241 39 10000 16655 74908 5526230 132000 12417
123 223 10000 16680 51067 5551250 107308 8473
303 330 10000 16656 93293 5527435 135094 15471
161 359 10000 16712 28000 5573185 90267 4644
194 29 10000 16568 237853 5470593 196025 39430
302 66 10000 16665 93293 5536815 130294 15471
141 81 10000 16631 141819 5513627 153592 23511
397 351 10000 16669 74908 5543281 124767 12417
12 182 10000 16714 51067 5573643 95208 8473
170 380 10000 16725 37323 5581627 88218 6187
117 279 10000 16572 237853 5474038 196326 39430
181 377 10000 16666 93293 5537166 134200 15471
216 126 10000 16637 93293 5517397 154874 15471
339 273 10000 16598 74908 5491246 181242 12417
223 338 10000 16454 74908 5374048 298813 12417
179 323 10000 16630 141819 5512890 163421 23511
73 189 10000 16731 51067 5586101 91795 8473
166 253 10000 16658 93293 5529185 150461 15471
257 399 10001 16452 573344 5371834 308175 95044
256 151 10000 16663 74908 5535530 144526 12417
180 17 10000 16722 51067 5578905 101398 8473
340 329 10001 16672 93293 5544685 135923 15471
118 129 10000 16673 74908 5544936 135751 12417
191 371 10000 16623 141819 5508985 173072 23511
20 140 10000 16661 51067 5530554 151916 8473
188 131 10000 16741 51067 5592466 92190 8473
210 110 10000 16431 573344 5355283 330794 95044
351 300 10000 16742 51067 5594922 91760 8473
328 146 10000 16740 51067 5591899 94887 8473
364 230 10000 16586 141819 5484050 203431 23511
16 221 10000 16748 51067 5597521 90869 8473
180 396 10000 16564 237853 5465680 223986 39430
349 247 10000 16685 93293 5552439 137797 15471
201 247 10000 16643 37323 5519405 170832 6187
146 230 10000 16751 51067 5599283 92223 8473
261 114 10000 14915 2076744 4086193 1605845 344245
277 130 10000 16406 573344 5340558 351510 95044
27 281 10000 16569 237853 5471000 221430 39430
182 171 10000 16688 93293 5553910 139348 15471
169 384 10000 16647 93293 5522203 172528 15471
390 60 10000 16460 237853 5378640 316465 39430
182 381 10000 16701 74908 5564810 131623 12417
241 314 10000 16758 51067 5604755 91964 8473
265 86 10000 16675 141819 5547223 149712 23511
219 335 10000 16711 74908 5572618 124601 12417
37 169 10000 16664 141819 5536335 161426 23511
94 360 10000 16604 51067 5495552 203107 8473
227 120 10000 16767 51067 5609263 91065 8473
281 363 10000 16659 51067 5530183 170983 8473
235 398 10000 16622 93293 5508765 195358 15471
346 39 10000 16772 51067 5613834 93246 8473
127 348 10000 16695 51067 5558282 148861 8473
61 398 10000 16771 51067 5613226 94334 8473
29 219 10000 16594 141819 5489442 218742 23511
331 104 10000 16562 237853 5464059 245224 39430
319 228 10000 16752 51067 5599542 110074 8473
20 388 10000 16405 573344 5339835 370844 95044
36 165 10000 16756 51067 5603826 107045 8473
183 123 10000 16778 51067 5620248 91323 8473
71 320 10000 16757 51067 5604669 111217 8473
378 155 10000 16667 93293 5537217 178731 15471
165 309 10000 16774 51067 5618430 99049 8473
327 244 10000 16834 1177 5669560 48223 196
136 137 10000 16809 93293 5650558 67381 15471
77 298 10000 16746 74908 5595536 123861 12417
147 232 10000 16769 51067 5612280 107327 8473
139 364 10000 16743 74908 5594930 125050 12417
70 82 10000 16703 93293 5566120 155356 15471
314 135 10000 16708 74908 5569800 152451 12417
78 110 10000 16686 74908 5552660 170191 12417
314 171 10000 16707 74908 5569010 154231 12417
94 71 10000 16530 93293 5433216 291063 15471
333 23 10000 16615 237853 5504902 222102 39430
120 163 10000 16733 93293 5586497 140637 15471
333 114 10000 16687 93293 5553305 175976 15471
4 197 10000 16777 37323 5620213 110050 6187
391 325 10000 16694 141819 5557432 173806 23511
149 104 10000 16762 74908 5605833 126103 12417
98 289 10000 16765 74908 5606710 125295 12417
353 91 10000 16674 237853 5546806 186150 39430
279 137 10000 16803 37323 5647268 86262 6187
38 330 10000 16764 74908 5606650 128378 12417
65 195 10000 16636 237853 5517303 217774 39430
257 334 10000 16784 51067 5625152 111677 8473
26 398 10000 16755 74908 5602214 134641 12417
86 237 10000 16737 141819 5589097 149543 23511
65 353 10000 16632 237853 5513813 228063 39430
96 139 10000 16810 51067 5651108 90785 8473
131 348 10000 16709 141819 5571568 170459 23511
75 149 10000 16760 74908 5604969 137152 12417
355 159 10000 16785 51067 5627549 114622 8473
322 143 10000 16715 141819 5574557 167867 23511
182 27 10000 16723 141819 5580312 162414 23511
290 351 10000 16713 74908 5573482 169450 12417
215 274 10000 16668 237853 5539283 205989 39430
350 153 10000 16693 237853 5557332 188208 39430
8 56 10000 16749 141819 5598382 147247 23511
305 359 10000 16890 1177 5700908 44731 196
327 338 10000 16850 74908 5680936 66412 12417
156 129 10000 16816 51067 5657271 92149 8473
280 64 10000 16195 573344 5148002 602777 95044
289 182 10000 16718 141819 5576677 174724 23511
197 272 10000 16814 51067 5652812 99240 8473
216 74 10000 16567 237853 5468001 284735 39430
349 170 10000 16825 51067 5664656 91006 8473
1 388 10000 16830 37323 5666917 89465 6187
78 292 10000 16811 51067 5651217 106567 8473
173 352 10000 16657 237853 5528288 230653 39430
393 354 10000 16791 51067 5631932 127123 8473
317 164 10000 16698 141819 5563401 196723 23511
214 34 10000 16787 74908 5628142 132763 12417
57 352 10000 16789 74908 5630860 131813 12417
29 63 10000 16610 141819 5501144 262416 23511
310 223 10000 16839 51067 5671898 91674 8473
267 387 10000 16753 141819 5600604 163790 23511
228 173 10000 16841 51067 5674506 91082 8473
23 213 10000 16776 93293 5619869 146130 15471
240 4 10000 16790 74908 5631441 134575 12417
323 348 10000 16798 74908 5641757 124619 12417
355 86 10000 16773 74908 5618355 148028 12417
259 30 10000 16831 37323 5668442 99657 6187
6 138 10000 16913 4264 5725856 42556 708
213 124 10000 16800 74908 5644795 124961 12417
186 378 10000 16860 28000 5686506 83753 4644
319 288 10000 16832 51067 5668859 101753 8473
338 218 10000 16720 237853 5577933 192784 39430
338 301 10000 16836 51067 5670303 101156 8473
294 363 10001 16847 51067 5679413 92958 8473
165 266 10001 16729 237853 5584641 187869 39430
158 236 10000 16499 573344 5408774 364341 95044
340 319 10000 16782 141819 5622303 150909 23511
370 387 10000 16861 28000 5686887 88952 4644
5 165 10000 16857 51067 5684975 91459 8473
152 2 10000 16781 93293 5621207 156251 15471
71 337 10000 16858 51067 5685437 92536 8473
245 270 10000 16819 51067 5660881 117863 8473
219 331 10000 16854 51067 5683387 96035 8473
290 285 10000 16867 141819 5689794 90367 23511
251 85 10000 16783 141819 5624541 156207 23511
93 333 10000 16621 573344 5508028 272828 95044
358 341 10001 16909 93293 5714357 66905 15471
255 282 10000 16842 51067 5675268 107538 8473
90 329 10000 16802 93293 5647237 136726 15471
302 290 10001 16864 51067 5688377 96197 8473
110 81 10000 16759 74908 5604872 179739 12417
298 208 10000 16859 51067 5686346 99003 8473
295 264 10000 16646 237853 5521975 264432 39430
215 281 10000 16612 237853 5502753 284292 39430
145 25 10000 16210 237853 5164772 622753 39430
393 322 10000 16840 51067 5674044 114263 8473
261 202 10000 16820 74908 5661715 127050 12417
357 124 10000 16779 74908 5620460 169306 12417
295 345 10000 16744 74908 5595057 194772 12417
128 88 10000 16780 141819 5620870 169343 23511
275 335 10000 16754 237853 5601172 189365 39430
99 102 10000 16678 237853 5550289 240764 39430
277 72 10000 16734 141819 5586511 204737 23511
394 107 10000 16821 74908 5662151 129529 12417
12 277 10000 16888 37323 5700174 92130 6187
63 364 10000 16566 573344 5467972 325356 95044
101 105 10000 16807 237853 5648783 144859 39430
217 5 10000 16315 573344 5256016 538620 95044
332 158 10000 16455 573344 5374458 420904 95044
346 317 10000 16891 51067 5703467 91900 8473
44 187 10000 16827 74908 5664856 131112 12417
306 335 10000 16738 141819 5591300 205851 23511
259 230 10000 16863 37323 5687885 109651 6187
190 360 10000 16812 93293 5651956 147048 15471
111 59 10000 16833 28000 5669245 131122 4644
291 5 10000 16761 237853 5605691 195117 39430
34 160 10000 16818 93293 5659040 142437 15471
211 255 10000 16904 51067 5711064 91638 8473
151 398 10000 16894 51067 5706039 97768 8473
223 208 10000 16880 37323 5696512 108786 6187
284 204 10000 16805 141819 5647775 157774 23511
331 244 10000 16697 237853 5561024 246110 39430
23 240 10000 16815 141819 5656449 151844 23511
331 353 10000 16794 93293 5636279 172627 15471
62 258 10000 16893 51067 5705729 104611 8473
78 207 10000 16851 74908 5681497 128949 12417
160 216 10000 16914 28000 5726110 84608 4644
363 346 10000 16823 74908 5664286 146519 12417
0 68 10000 16907 51067 5713923 97038 8473
107 263 10000 16878 51067 5695354 115652 8473
57 267 10000 16837 74908 5671423 140023 12417
168 228 10000 16844 93293 5677950 133611 15471
82 126 10000 16768 237853 5610312 202418 39430
104 19 10000 16896 51067 5706345 106785 8473
258 351 10000 16813 141819 5652110 162752 23511
64 250 10000 16853 93293 5682507 135716 15471
119 266 10000 16876 74908 5694802 123953 12417
147 258 10001 16806 74908 5648767 170775 12417
69 3 10000 16870 74908 5691021 129165 12417
120 216 10000 16826 141819 5664835 155767 23511
46 122 10000 16898 51067 5708800 114281 8473
146 8 10000 16886 74908 5699735 125150 12417
210 357 10000 16716 237853 5574854 250450 39430
310 369 10000 16881 74908 5696949 129417 12417
206 186 10000 16884 74908 5699201 127336 12417
190 4 10000 16490 573344 5400865 426729 95044
131 208 10000 16817 141819 5657434 171044 23511
273 319 10000 16915 28000 5726478 102092 4644
108 46 10000 16681 237853 5551824 277403 39430
150 115 10000 16855 141819 5683844 146054 23511
314 293 10000 16730 237853 5585808 244821 39430
132 203 10000 16792 74908 5633070 197662 12417
145 20 10000 16467 141819 5382079 449336 23511
218 212 10000 16991 37323 5785145 46463 6187
305 157 10000 16775 237853 5619420 214181 39430
72 89 10000 16900 74908 5709715 124518 12417
292 339 10000 16901 74908 5709900 124891 12417
255 331 10000 16843 141819 5675276 159720 23511
17 249 10000 16882 93293 5698846 136569 15471
197 52 10000 16766 141819 5606928 228532 23511
327 208 10000 16479 573344 5392941 443355 95044
312 100 10000 16984 1177 5778762 57832 196
351 68 10000 16879 93293 5695922 141435 15471
208 342 10000 16849 141819 5680238 159420 23511
39 71 10000 16747 93293 5596675 244400 15471
252 324 10000 16929 51067 5739243 105236 8473
311 130 10000 16862 93293 5687064 157654 15471
281 369 10000 16519 573344 5422927 421825 95044
230 207 10000 16808 237853 5649826 195208 39430
62 189 10000 16959 28000 5762304 84041 4644
189 238 10000 16868 93293 5690686 156231 15471
277 348 10000 16549 573344 5444496 405174 95044
305 93 10000 16735 237853 5586715 263700 39430
43 186 10000 16939 51067 5749213 103435 8473
208 297 10000 16912 74908 5723222 130668 12417
370 12 10000 16797 237853 5641075 213281 39430
102 67 10000 16887 74908 5700064 154550 12417
227 311 10000 16822 237853 5664014 192881 39430
131 345 10000 16925 74908 5733385 124614 12417
224 20 10000 16969 51067 5767844 91299 8473
307 118 10000 16726 237853 5582779 276587 39430
288 271 10000 16924 74908 5732053 128046 12417
77 269 10000 16848 141819 5679953 180438 23511
185 293 10000 16856 74908 5684547 176041 12417
305 40 10000 16852 141819 5682373 179206 23511
55 305 10000 16971 37323 5769689 92216 6187
77 163 10000 16972 37323 5769799 93987 6187
287 321 10000 16717 237853 5575679 288985 39430
90 162 10000 16951 51067 5758697 106312 8473
218 340 10001 17033 4264 5822145 43055 708
333 52 10000 16918 74908 5728578 137255 12417
308 342 10001 16975 28000 5772732 94138 4644
185 71 10001 16970 51067 5768847 99459 8473
145 306 10000 16539 141819 5437953 431830 23511
217 204 10000 16930 93293 5743111 126764 15471
326 61 10000 16976 51067 5773526 96465 8473
323 106 10000 16923 93293 5730685 140328 15471
79 363 10000 16952 51067 5758704 112769 8473
237 76 10000 16922 93293 5730562 144613 15471
163 180 10000 16940 74908 5751232 124569 12417
391 64 10000 16838 237853 5671589 205127 39430
368 108 10000 16919 141819 5729344 147482 23511
261 337 10000 16921 141819 5730358 147120 23511
300 206 10000 16906 141819 5711664 166599 23511
137 69 10000 16982 51067 5777951 100404 8473
160 34 10000 16443 573344 5367733 510981 95044
245 294 10000 16895 141819 5706201 174174 23511
31 360 10000 16885 141819 5699563 180959 23511
385 250 10000 16682 573344 5551915 328852 95044
137 150 10000 16927 93293 5735321 145459 15471
211 255 10001 16920 141819 5729789 152337 23511
95 53 10000 16795 237853 5637523 244687 39430
385 381 10001 16846 237853 5679363 203380 39430
239 349 10000 16935 74908 5746586 136430 12417
287 93 10000 16649 237853 5523287 360127 39430
16 368 10000 16953 74908 5759461 124772 12417
164 330 10000 17008 37323 5798371 85936 6187
160 327 10000 16994 51067 5787174 98225 8473
5 242 10000 16865 237853 5689122 198235 39430
123 104 10000 17005 51067 5796314 91709 8473
117 70 10000 16949 93293 5757420 130873 15471
352 100 10000 16873 28000 5691820 196578 4644
369 299 10000 16996 51067 5789257 99783 8473
179 341 10000 17012 37323 5801449 87890 6187
148 213 10000 17006 51067 5796886 93877 8473
4 94 10000 16963 74908 5765163 126250 12417
254 166 10000 17063 1177 5849523 42065 196
94 235 10000 16799 74908 5642325 249423 12417
161 123 10000 17020 28000 5809412 83771 4644
357 115 10000 16981 51067 5777526 115782 8473
224 325 10000 17001 51067 5793125 100272 8473
291 336 10000 16960 93293 5762713 131323 15471
338 373 10000 16926 141819 5733810 160723 23511
349 41 10000 17013 51067 5803154 91982 8473
293 44 10000 16961 93293 5762769 132966 15471
298 204 10001 16928 141819 5738114 158602 23511
18 228 10000 16902 237853 5710777 186455 39430
153 342 10000 16966 93293 5766694 132326 15471
146 310 10000 16964 74908 5765907 133158 12417
298 266 10000 17025 37323 5812395 87478 6187
171 210 10000 17014 51067 5803875 96974 8473
352 134 10000 16871 51067 5691278 210808 8473
227 345 10000 16958 93293 5762088 140508 15471
359 334 10000 16983 74908 5778142 125203 12417
20 329 10000 16967 93293 5766838 136580 15471
188 372 10000 17028 37323 5815155 88619 6187
370 55 10000 16941 93293 5751873 153920 15471
351 74 10000 16933 141819 5745501 162145 23511
122 389 10000 16899 237853 5709527 201597 39430
359 50 10000 16993 74908 5786292 125298 12417
337 371 10000 16947 141819 5754750 157649 23511
104 141 10000 16946 93293 5754650 161607 15471
100 88 10000 17030 51067 5818661 98589 8473
24 217 10000 17035 28000 5823746 93837 4644
382 252 10000 16942 141819 5752329 166765 23511
322 85 10000 17011 37323 5800991 118414 6187
67 109 10000 16911 237853 5722901 197740 39430
331 233 10000 16979 74908 5776298 144467 12417
212 171 10000 17004 74908 5796302 124571 12417
243 115 10001 16955 74908 5761181 159988 12417
387 255 10000 16990 74908 5784949 137335 12417
181 176 10000 17042 51067 5831703 91552 8473
316 343 10000 17029 51067 5817050 109217 8473
80 133 10000 17010 74908 5800868 126766 12417
64 120 10000 16889 237853 5700411 227806 39430
391 317 10000 16869 74908 5690883 238432 12417
151 357 10000 17000 93293 5792438 137074 15471
61 348 10000 17044 51067 5833367 96236 8473
318 166 10000 17045 51067 5836348 93736 8473
170 98 10000 17032 51067 5818780 111601 8473
73 20 10000 16945 93293 5754144 178080 15471
88 312 10000 16973 141819 5769811 162883 23511
288 279 10000 16989 93293 5784438 149025 15471
50 12 10000 17018 74908 5807999 125571 12417
331 199 10000 16633 573344 5514154 419755 95044
314 140 10000 16977 51067 5773908 160086 8473
183 29 10000 16936 237853 5747031 187236 39430
323 313 10000 16968 93293 5766962 167804 15471
256 364 10000 17041 51067 5830081 104866 8473
140 287 10000 17019 74908 5809115 126232 12417
31 318 10000 17015 93293 5804783 131324 15471
167 53 10000 16957 51067 5761672 174971 8473
65 95 10000 17043 51067 5833125 105144 8473
147 218 10000 16934 141819 5746393 191984 23511
244 234 10000 16997 74908 5789301 149875 12417
373 218 10000 17017 74908 5807579 132017 12417
25 255 10000 17026 74908 5813226 126419 12417
346 232 10000 16986 141819 5783415 159765 23511
321 63 10000 17049 51067 5839022 104301 8473
67 197 10000 16724 573344 5580710 363051 95044
256 159 10000 16954 141819 5760583 184196 23511
250 333 10000 17122 4264 5902560 42728 708
204 89 10000 17009 93293 5798458 147007 15471
312 84 10000 17056 51067 5842572 103137 8473
312 273 10000 16988 141819 5784359 162330 23511
22 248 10000 17069 51067 5855527 91658 8473
347 399 10000 17034 74908 5823271 124699 12417
333 12 10000 16690 573344 5556450 393043 95044
170 268 10000 17036 74908 5825984 125479 12417
397 141 10000 17040 74908 5829867 124494 12417
46 364 10000 17038 37323 5827722 126644 6187
311 265 10000 17066 37323 5853506 100988 6187
137 178 10000 17037 74908 5827455 127702 12417
264 178 10000 17081 37323 5868590 86624 6187
21 325 10000 16903 74908 5711018 244832 12417
256 292 10000 17083 37323 5870695 86563 6187
148 156 10000 17067 237853 5853940 103819 39430
288 2 10000 17078 51067 5866747 91080 8473
56 227 10000 16985 51067 5781196 176684 8473
143 197 10000 17060 51067 5845686 113801 8473
69 64 10000 17127 51067 5910356 50299 8473
102 136 10000 16905 237853 5711518 250226 39430
395 14 10000 16978 141819 5776060 187559 23511
159 233 10000 16999 93293 5790740 173197 15471
59 251 10000 17095 28000 5883218 84772 4644
390 184 10000 17055 51067 5841178 127046 8473
231 14 10000 17050 93293 5840145 129731 15471
395 128 10000 17057 28000 5843095 127386 4644
155 276 10000 17016 93293 5805411 167287 15471
308 291 10000 16699 237853 5563581 410661 39430
322 208 10000 16916 237853 5728165 246408 39430
219 248 10000 17097 37323 5884586 89996 6187
333 169 10000 17048 74908 5837997 136725 12417
65 315 10000 17096 51067 5883557 91643 8473
321 174 10000 16998 141819 5790171 185425 23511
218 188 10000 16600 573344 5494050 482186 95044
139 153 10000 16943 93293 5752433 224107 15471
343 110 10000 17155 15443 5930824 46373 2565
247 149 10000 15637 2076744 4691354 1289425 344245
95 343 10000 17027 74908 5814781 170132 12417
221 323 10000 17071 74908 5857068 127980 12417
94 93 10000 15748 573344 4780133 1205632 95044
389 214 10000 16866 237853 5689739 297521 39430
272 354 10000 16824 573344 5664555 325278 95044
196 130 10001 16931 237853 5743846 247207 39430
62 306 10000 17082 51067 5869807 123186 8473
9 121 10000 16877 237853 5694975 298777 39430
215 321 10000 17074 93293 5860346 134342 15471
143 206 10000 17116 51067 5899079 95723 8473
344 307 10000 17085 74908 5871577 124068 12417
333 142 10000 17110 51067 5897186 98901 8473
194 364 10000 17076 93293 5862244 135894 15471
340 33 10000 17105 37323 5891100 108295 6187
21 195 10000 16719 573344 5576901 422564 95044
205 379 10001 17103 51067 5890009 110071 8473
299 206 10000 16883 573344 5699108 302798 95044
324 15 10000 16950 237853 5757990 244819 39430
387 172 10000 16937 74908 5747618 256621 12417
34 99 10000 17084 74908 5871369 134984 12417
38 71 10000 17086 74908 5872376 134683 12417
395 356 10000 17007 51067 5798261 209031 8473
301 167 10000 17128 51067 5910778 97147 8473
398 160 10000 16692 573344 5556940 451211 95044
118 188 10000 16625 573344 5512068 496239 95044
148 204 10000 17104 51067 5890152 118727 8473
92 114 10000 17125 51067 5906573 103650 8473
144 6 10000 17039 93293 5829232 182199 15471
220 254 10000 17064 141819 5852727 159121 23511
321 232 10000 16965 237853 5766580 246589 39430
99 314 10000 16932 237853 5745446 267747 39430
314 340 10000 16845 237853 5679360 336890 39430
217 306 10000 17022 141819 5810639 206765 23511
189 85 10000 17154 37323 5929286 89415 6187
245 126 10000 16908 573344 5714038 305653 95044
285 380 10000 17108 74908 5895890 124974 12417
394 48 10000 17100 93293 5886914 134036 15471
383 51 10000 16721 573344 5578844 443640 95044
183 135 10000 17156 51067 5930855 92353 8473
165 0 10000 17046 141819 5836825 187142 23511
3 256 10001 17065 93293 5852967 173379 15471
246 283 10000 16828 573344 5665067 361936 95044
209 325 10000 17107 51067 5893754 133534 8473
157 229 10001 17164 51067 5934429 93513 8473
345 324 10000 17024 237853 5812301 215986 39430
291 51 10000 17163 51067 5934229 96225 8473
285 226 10000 17072 74908 5857691 175411 12417
362 134 10000 17121 74908 5901721 131794 12417
133 250 10000 17167 37323 5938194 96684 6187
358 22 10000 17098 141819 5885415 150445 23511
202 85 10000 17158 51067 5933353 102609 8473
53 37 10000 17120 93293 5901480 135091 15471
252 103 10000 17171 37323 5941073 95866 6187
186 233 10000 16538 573344 5437692 600351 95044
147 317 10000 17173 28000 5942480 96603 4644
82 393 10000 16875 573344 5694451 344920 95044
144 154 10001 17224 74908 5977820 61835 12417
209 25 10001 16910 573344 5714773 324888 95044
314 264 10000 16917 237853 5728480 311528 39430
132 185 10000 17088 141819 5874245 166969 23511
132 202 10000 17148 51067 5926540 117831 8473
110 148 10000 17114 141819 5898425 146496 23511
26 310 10000 17181 51067 5948176 97163 8473
322 96 10000 17111 51067 5897639 149737 8473
215 6 10000 17186 51067 5950556 97425 8473
287 322 10000 17137 51067 5920020 128156 8473
46 176 10000 16804 573344 5647756 401103 95044
24 255 10000 16732 573344 5586488 462726 95044
254 322 10000 17187 51067 5952074 97701 8473
262 347 10000 17094 74908 5882329 170740 12417
266 318 10001 17059 93293 5844299 209231 15471
118 268 10000 17087 141819 5873808 181631 23511
42 278 10000 17196 37323 5961554 94304 6187
291 101 10000 17130 93293 5913801 142484 15471
307 19 10000 17143 93293 5924281 132143 15471
81 377 10000 17197 51067 5961601 95454 8473
18 380 10000 17205 51067 5965504 92015 8473
27 172 10000 17192 51067 5957117 102608 8473
214 3 10000 17276 1177 6017777 42266 196
321 101 10000 17132 74908 5915747 144948 12417
28 86 10000 17195 28000 5961492 100584 4644
164 46 10000 17216 28000 5972784 92190 4644
55 303 10000 17172 74908 5941751 123880 12417
200 142 10000 17228 28000 5980136 85657 4644
104 208 10000 17133 51067 5916180 149905 8473
121 173 10000 17123 141819 5902896 163672 23511
322 197 10000 17157 51067 5931112 136475 8473
140 0 10000 17150 74908 5927272 140887 12417
187 123 10000 17231 37323 5982974 86540 6187
39 364 10000 17061 93293 5845765 224886 15471
382 311 10000 17240 28000 5987722 83215 4644
243 74 10000 16801 573344 5646688 424271 95044
30 297 10000 17141 93293 5923741 147559 15471
224 36 10000 17168 93293 5938408 132916 15471
95 298 10000 17182 74908 5948378 126020 12417
388 176 10000 17241 37323 5988193 87830 6187
202 354 10000 17227 51067 5979453 96746 8473
32 326 10000 17243 28000 5992519 84871 4644
298 296 10000 17316 15443 6051971 25549 2565
361 247 10000 16944 93293 5753730 324326 15471
399 102 10000 16872 573344 5691482 388037 95044
1 261 10000 17152 51067 5928792 151506 8473
392 379 10000 17054 237853 5840858 240100 39430
287 237 10000 17162 51067 5934168 146935 8473
258 265 10000 17193 74908 5958507 124137 12417
137 87 10000 17145 141819 5925104 157652 23511
351 282 10000 17106 141819 5893449 190492 23511
231 223 10000 17260 141819 6009407 74597 23511
118 102 10000 17179 237853 5946658 138034 39430
137 337 10000 17142 51067 5924278 160418 8473
55 356 10000 17118 74908 5900038 185052 12417
261 110 10000 17169 141819 5939788 146506 23511
224 40 10000 17176 74908 5945028 141633 12417
281 92 10000 17166 51067 5937563 149727 8473
319 81 10000 17212 51067 5969939 118411 8473
68 272 10000 17146 141819 5925122 164107 23511
157 341 10000 17080 141819 5866829 223261 23511
373 141 10000 17207 74908 5966097 124666 12417
20 245 10000 17194 74908 5959696 131076 12417
257 107 10000 17313 1177 6049565 41411 196
203 266 10000 17129 141819 5911005 179987 23511
315 152 10000 17204 74908 5965294 125958 12417
155 301 10000 17208 74908 5967374 123994 12417
33 363 10000 17199 74908 5962881 128880 12417
98 182 10000 17023 237853 5812073 281206 39430
284 49 10000 17149 141819 5927208 166140 23511
68 212 10000 17209 74908 5968040 125377 12417
175 389 10000 17247 51067 5995850 97802 8473
314 159 10000 17079 74908 5866758 227576 12417
90 367 10000 17242 51067 5989750 104622 8473
171 88 10000 17160 141819 5933665 160730 23511
30 222 10000 17200 74908 5963320 131446 12417
164 27 10000 17126 141819 5909140 185967 23511
102 334 10000 17183 74908 5949139 146144 12417
1 363 10000 17113 93293 5898200 197403 15471
246 34 10000 17232 37323 5983401 112295 6187
11 123 10000 17153 141819 5929028 166668 23511
66 74 10000 17315 37323 6051653 44948 6187
364 385 10000 17135 141819 5917475 179384 23511
214 322 10000 17215 74908 5972065 124804 12417
106 274 10000 17198 93293 5962595 136578 15471
326 96 10000 17206 74908 5966055 133158 12417
164 206 10000 17217 51067 5973046 126197 8473
57 335 10000 17250 51067 5996676 103751 8473
60 349 10000 17170 141819 5940300 160293 23511
89 306 10000 17256 51067 6005469 95621 8473
118 126 10000 17210 74908 5968603 133981 12417
21 165 10000 16980 237853 5777123 325538 39430
269 30 10000 17259 51067 6009155 93754 8473
82 290 10000 17248 37323 5995873 107851 6187
56 89 10000 17112 237853 5897808 205932 39430
170 220 10000 17265 51067 6012382 91891 8473
106 124 10000 17203 93293 5965202 139267 15471
228 118 10001 16987 573344 5784014 320490 95044
237 350 10000 17270 51067 6013288 94371 8473
137 23 10000 17251 51067 5996775 112576 8473
59 183 10001 16745 573344 5595130 514611 95044
128 98 10000 17267 51067 6012754 97673 8473
188 187 10000 17295 93293 6037786 72662 15471
281 141 10000 17165 74908 5934790 175996 12417
376 155 10000 17221 74908 5975732 135062 12417
109 337 10000 16974 573344 5770215 340847 95044
283 377 10000 17230 93293 5982332 130572 15471
346 114 10000 17213 93293 5971625 141453 15471
41 85 10000 17266 51067 6012407 100809 8473
229 169 10000 17284 51067 6022384 91302 8473
34 256 10000 17201 141819 5963640 150500 23511
210 22 10000 17101 93293 5887140 227579 15471
50 26 10000 17220 93293 5975621 140110 15471
173 63 10001 17202 141819 5964179 151983 23511
37 171 10000 17286 37323 6025046 91720 6187
385 324 10000 17185 74908 5950482 166615 12417
172 127 10001 17225 93293 5978932 138200 15471
368 363 10000 17252 141819 5999622 118906 23511
246 107 10000 17283 51067 6022300 96273 8473
381 35 10000 17138 51067 5920236 198411 8473
32 6 10000 17277 51067 6018489 100549 8473
157 78 10000 16788 573344 5628993 491478 95044
28 247 10000 17229 74908 5980571 140734 12417
183 295 10000 17249 74908 5995922 126064 12417
293 212 10000 17289 28000 6030097 92050 4644
243 386 10000 17092 141819 5877027 245127 23511
32 21 10000 17354 37323 6077513 47538 6187
223 18 10000 17077 93293 5863524 263822 15471
223 348 10000 17147 51067 5926005 201846 8473
232 16 10000 17051 237853 5840642 289741 39430
119 209 10000 17293 51067 6036044 94714 8473
213 182 10000 17244 93293 5992776 138048 15471
84 179 10000 17174 237853 5942876 189858 39430
77 160 10000 17297 51067 6039644 93932 8473
248 82 10000 17303 51067 6041833 91817 8473
341 229 10000 17290 51067 6030179 104368 8473
89 227 10000 17117 74908 5899683 238336 12417
128 157 10000 17296 51067 6038243 102318 8473
156 307 10000 17075 237853 5861251 279561 39430
215 310 10000 17288 51067 6027377 113551 8473
323 70 10000 17299 51067 6040123 101214 8473
174 182 10000 17269 74908 6013219 128539 12417
11 279 10000 17312 51067 6047499 95379 8473
314 146 10000 17234 74908 5984687 161298 12417
135 36 10000 17188 237853 5952719 193818 39430
389 87 10000 17282 74908 6021193 125749 12417
127 79 10001 17091 237853 5876553 272161 39430
363 10 10000 17273 74908 6014994 134427 12417
282 309 10000 17323 51067 6058395 91847 8473
130 181 10000 17318 28000 6052513 97811 4644
384 150 10000 16641 573344 5518878 631657 95044
347 305 10000 17287 74908 6026177 124885 12417
292 118 10000 17325 51067 6059556 92785 8473
177 170 10000 17390 28000 6108837 43531 4644
325 68 10000 17307 51067 6044058 108523 8473
165 219 10001 17329 51067 6061156 92513 8473
321 199 10000 17320 51067 6053461 101034 8473
93 206 10000 17319 51067 6053270 103711 8473
312 217 10000 17285 74908 6024064 133481 12417
286 153 10000 17258 93293 6008441 149714 15471
296 178 10000 17236 141819 5985917 172808 23511
269 239 10000 17330 37323 6061607 97903 6187
167 268 10000 17140 74908 5922349 237712 12417
21 366 10000 17238 74908 5986858 173888 12417
12 72 10000 17326 37323 6060772 100158 6187
306 61 10000 16770 573344 5612768 548401 95044
150 72 10000 17177 141819 5945993 215680 23511
187 309 10000 17292 74908 6032460 129384 12417
56 338 10000 17344 51067 6071501 91769 8473
321 335 10000 17426 1177 6142574 20756 196
183 74 10000 17338 51067 6067138 96216 8473
82 215 10000 17357 28000 6079633 84348 4644
335 40 10000 17144 237853 5924454 239657 39430
38 292 10000 17343 51067 6070882 93921 8473
191 399 10000 17302 74908 6041721 124616 12417
202 31 10000 17340 51067 6068633 99047 8473
375 142 10000 17218 237853 5974704 193081 39430
69 250 10000 17246 141819 5994945 172904 23511
119 21 10000 17280 141819 6020683 148374 23511
320 252 10000 17298 51067 6039779 131386 8473
327 140 10000 17226 237853 5979012 193944 39430
255 266 10000 17211 141819 5969901 203249 23511
344 118 10000 17336 51067 6066062 107435 8473
26 259 10000 16204 2076744 5159486 1014281 344245
63 346 10000 17161 237853 5934010 241005 39430
140 246 10000 17301 37323 6041484 134793 6187
352 291 10000 17178 93293 5946191 230343 15471
213 66 10000 17347 51067 6074089 102599 8473
175 276 10000 17237 237853 5986069 192690 39430
77 109 10000 17189 237853 5954303 224908 39430
46 360 10000 17003 573344 5794855 385733 95044
187 268 10000 17351 51067 6077130 105376 8473
96 263 10000 17278 93293 6018893 164375 15471
19 62 10000 17324 74908 6058439 125091 12417
50 43 10000 17423 28000 6140893 43592 4644
276 27 10000 16874 573344 5691964 492744 95044
385 388 10000 17380 93293 6102734 82745 15471
276 349 10000 17223 74908 5977552 208620 12417
382 323 10000 17372 37323 6096727 89933 6187
312 73 10000 17255 141819 6003314 183549 23511
253 365 10000 17373 51067 6096731 91647 8473
184 212 10000 17369 37323 6096181 92783 6187
379 193 10000 17294 141819 6037731 151379 23511
279 342 10000 17305 141819 6043420 145728 23511
336 28 10000 17348 51067 6074805 114585 8473
37 331 10000 17367 51067 6091599 98287 8473
170 141 10000 17379 37323 6102102 88071 6187
188 213 10000 17300 93293 6040717 150227 15471
2 254 10000 17375 51067 6098502 92757 8473
336 350 10000 17257 141819 6006944 184386 23511
25 0 10000 17337 74908 6066335 125303 12417
194 257 10000 17332 28000 6064684 127177 4644
384 260 10000 15090 2076744 4246860 1945604 344245
171 39 10000 17364 51067 6086178 106699 8473
276 368 10000 17090 573344 5876118 317378 95044
50 392 10000 17327 93293 6060809 133359 15471
112 322 10000 17261 237853 6009447 187113 39430
111 200 10000 17180 93293 5946916 251117 15471
341 67 10000 17393 37323 6111651 86504 6187
203 196 10000 16793 573344 5634074 564340 95044
394 17 10000 17366 51067 6091406 107396 8473
163 175 10000 17378 237853 6100777 99658 39430
70 91 10000 17341 93293 6069146 135885 15471
33 25 10000 17421 74908 6135616 69587 12417
386 87 10000 17159 74908 5933463 272596 12417
309 111 10000 17403 28000 6116352 90163 4644
357 119 10000 17361 74908 6082002 126029 12417
385 246 10000 17385 28000 6104663 104602 4644
342 371 10000 17377 51067 6100275 110249 8473
347 174 10000 17365 74908 6086889 123659 12417
82 235 10000 17214 237853 5971814 241351 39430
307 125 10000 17334 93293 6065629 150424 15471
229 223 10000 17430 93293 6147761 68323 15471
51 398 10000 17272 237853 6013945 203166 39430
64 154 10000 17345 141819 6071548 148972 23511
222 396 10000 17053 573344 5840777 380508 95044
395 114 10000 17350 51067 6076783 144542 8473
32 17 10000 17370 74908 6096638 124878 12417
33 9 10000 17374 74908 6097385 125839 12417
2 231 10000 17349 141819 6076398 147753 23511
96 9 10000 17418 37323 6132672 91840 6187
323 68 10000 17420 51067 6134075 91440 8473
186 380 10000 17331 141819 6061745 165309 23511
66 209 10000 17407 51067 6126047 102944 8473
319 153 10000 17405 28000 6119281 110807 4644
165 282 10000 17414 51067 6129564 101906 8473
326 157 10000 17115 237853 5898757 333979 39430
301 89 10000 17139 237853 5922182 310624 39430
222 209 10000 17413 51067 6129012 105368 8473
14 125 10000 17417 37323 6131717 106619 6187
154 41 10000 17314 237853 6051548 187382 39430
42 100 10000 17391 74908 6108880 130990 12417
387 182 10000 17406 51067 6123286 117347 8473
257 79 10000 17394 74908 6111669 129632 12417
355 310 10000 17310 141819 6045651 196708 23511
310 39 10000 17404 74908 6117953 125426 12417
231 120 10000 17398 74908 6114663 129066 12417
192 227 10000 17429 51067 6147572 96374 8473
63 271 10000 17254 237853 6001473 243444 39430
384 159 10000 16992 237853 5785671 459777 39430
389 299 10000 17317 237853 6052225 193972 39430
242 325 10000 17438 37323 6155252 92964 6187
208 200 10000 17476 74908 6189384 62126 12417
59 106 10000 17435 51067 6153905 97633 8473
133 110 10000 17099 573344 5886049 367219 95044
244 109 10000 17448 51067 6162075 92257 8473
240 330 10001 17268 93293 6012959 241379 15471
310 193 10000 17279 237853 6020003 237209 39430
155 325 10000 17381 141819 6103029 154377 23511
77 350 10000 17419 74908 6133547 124032 12417
92 82 10000 17466 141819 6178746 79081 23511
315 353 10000 17446 51067 6159998 98005 8473
177 385 10000 17410 93293 6126724 131900 15471
308 237 10000 17453 51067 6165916 93607 8473
215 264 10000 17445 51067 6159703 100001 8473
268 288 10000 17455 51067 6168865 90946 8473
198 327 10000 17459 51067 6170896 91501 8473
21 368 10000 17335 141819 6065643 197242 23511
163 298 10000 17396 141819 6112289 151547 23511
311 62 10000 17395 93293 6111941 152053 15471
238 255 10000 17109 573344 5896973 368356 95044
382 95 10000 17470 28000 6182517 85595 4644
265 283 10000 17441 51067 6157827 111887 8473
381 246 10000 17342 237853 6069727 202246 39430
199 166 10000 17353 28000 6077466 194938 4644
329 301 10000 17478 28000 6189554 84469 4644
377 107 10000 17437 51067 6155097 119021 8473
319 140 10000 17358 237853 6080051 194067 39430
345 44 10000 17483 28000 6191453 83300 4644
285 3 10000 17359 237853 6080427 196627 39430
84 139 10000 17427 93293 6146922 131970 15471
143 287 10000 17469 51067 6181774 97514 8473
127 81 10000 17360 141819 6081835 198407 23511
311 355 10000 17452 51067 6165875 115112 8473
263 295 10000 17131 573344 5914511 369692 95044
369 111 10000 17491 37323 6196547 88478 6187
316 16 10000 17462 51067 6175186 110051 8473
149 245 10000 17408 141819 6126293 159131 23511
362 216 10000 17371 237853 6096679 188794 39430
62 239 10000 17484 51067 6191553 94167 8473
148 204 10001 17439 93293 6156985 130274 15471
348 99 10000 17376 141819 6100101 187560 23511
164 294 10000 17021 573344 5810328 477447 95044
333 348 10000 17073 573344 5858825 429661 95044
100 126 10000 17449 74908 6162218 127047 12417
365 172 10000 17451 74908 6165368 124183 12417
165 213 10000 17362 237853 6083331 206737 39430
132 145 10000 17355 237853 6077994 212236 39430
7 104 10000 17415 74908 6129576 161203 12417
27 119 10000 17494 51067 6197106 93693 8473
296 19 10000 17434 93293 6153364 137462 15471
396 111 10000 17328 51067 6061034 232207 8473
344 275 10000 17495 28000 6197678 97280 4644
196 384 10000 17447 74908 6161424 133540 12417
240 2 10000 17486 51067 6192027 103713 8473
218 117 10000 17306 141819 6043859 252087 23511
252 3 10000 17496 51067 6197945 100243 8473
40 115 10000 15516 2076744 4602463 1696354 344245
234 350 10000 17498 51067 6203322 95529 8473
94 199 10000 17356 51067 6078361 222244 8473
156 196 10001 17401 237853 6115924 186695 39430
79 399 10000 17383 141819 6103898 199242 23511
234 158 10000 17460 74908 6173154 131290 12417
208 185 10000 17463 74908 6177328 127491 12417
372 183 10000 17440 141819 6157823 149237 23511
91 267 10000 17436 141819 6154842 152775 23511
169 108 10000 17124 237853 5905052 403107 39430
344 320 10000 17529 28000 6223241 86443 4644
15 365 10000 17579 4264 6265657 44387 708
256 141 10000 17399 237853 6114936 195904 39430
308 210 10000 17442 93293 6158635 153294 15471
275 265 10000 17503 237853 6209988 103914 39430
84 215 10000 17526 51067 6222459 92463 8473
229 168 10000 17472 93293 6183311 135456 15471
21 51 10001 17517 51067 6217307 102221 8473
165 252 10001 17516 37323 6216751 104147 6187
254 52 10000 17480 74908 6189648 131928 12417
285 203 10000 17535 51067 6230967 91137 8473
377 315 10000 17536 37323 6231014 91730 6187
222 11 10000 17464 141819 6177753 146108 23511
368 313 10000 17467 74908 6179151 145696 12417
237 43 10000 17532 51067 6224922 100130 8473
43 355 10000 17428 28000 6147025 179894 4644
344 134 10000 17481 93293 6189791 137772 15471
37 389 10001 17525 51067 6222204 105390 8473
346 339 10000 17191 573344 5956545 371221 95044
274 339 10000 17545 51067 6237649 91837 8473
176 119 10000 17402 51067 6116037 214752 8473
130 377 10000 17499 74908 6204424 127343 12417
11 210 10000 17548 51067 6241448 91598 8473
202 107 10000 17474 74908 6187096 146291 12417
85 211 10000 17388 51067 6106877 226560 8473
102 96 10000 17425 74908 6141644 192259 12417
137 277 10000 17507 74908 6211514 124515 12417
205 22 10000 17601 15443 6289237 48986 2565
1 391 10000 17190 237853 5955395 383464 39430
79 291 10000 17492 51067 6196805 142218 8473
102 76 10000 16373 2076744 5301278 1039002 344245
158 142 10000 17541 93293 6235050 105455 15471
255 307 10000 17558 51067 6248640 91935 8473
374 293 10000 17389 237853 6107398 233370 39430
370 188 10000 16425 2076744 5352307 988786 344245
369 3 10000 17523 74908 6220621 125819 12417
33 82 10000 17493 141819 6196876 150347 23511
79 126 10000 17309 573344 6045645 301740 95044
161 388 10000 17482 141819 6190923 157654 23511
237 141 10000 17518 93293 6217716 131284 15471
230 190 10000 17508 74908 6212853 137099 12417
230 248 10000 17559 51067 6250957 99242 8473
135 294 10000 17552 51067 6245088 106067 8473
312 280 10000 17468 141819 6180091 171317 23511
220 85 10001 17400 237853 6115079 236521 39430
131 78 10000 17497 93293 6200274 152339 15471
204 363 10000 17514 74908 6216365 137261 12417
340 101 10000 17450 237853 6164709 189351 39430
305 356 10000 17512 74908 6215747 138320 12417
168 353 10000 17626 4264 6311005 43354 708
174 212 10000 17519 93293 6217841 136895 15471
23 391 10000 17534 74908 6229716 125497 12417
326 128 10000 17487 141819 6192526 163283 23511
97 318 10000 17253 74908 6000317 356105 12417
163 220 10000 17537 74908 6231034 126079 12417
221 6 10000 17615 15443 6303219 54778 2565
146 273 10000 17569 15443 6258324 100246 2565
110 382 10000 17409 237853 6126627 232580 39430
130 131 10000 17631 37323 6314293 44984 6187
386 107 10000 17540 74908 6234644 126754 12417
310 314 10000 17544 237853 6237368 124197 39430
236 159 10000 17543 74908 6236328 125359 12417
364 217 10000 17567 51067 6257110 107364 8473
115 56 10000 17473 141819 6183386 181228 23511
312 29 10000 17547 74908 6239345 125587 12417
94 201 10000 17184 237853 5950418 414843 39430
165 289 10000 17546 74908 6238598 126813 12417
329 217 10000 17479 141819 6189574 176315 23511
316 15 10000 17433 237853 6151633 215635 39430
102 34 10000 17382 237853 6103614 263749 39430
136 127 10000 17572 237853 6261035 106574 39430
314 221 10000 17550 74908 6242799 124919 12417
192 91 10000 17551 74908 6244621 123783 12417
116 172 10000 17513 74908 6216241 153390 12417
223 203 10000 17412 74908 6128266 241576 12417
333 176 10000 17555 74908 6246138 124464 12417
219 333 10000 17539 74908 6233924 137498 12417
135 300 10000 17461 237853 6173833 199403 39430
134 189 10000 17505 93293 6210699 162770 15471
270 262 10000 17416 141819 6130825 243470 23511
56 142 10000 17556 74908 6246372 128884 12417
114 298 10000 17562 74908 6252885 124932 12417
5 275 10000 17538 141819 6232529 147008 23511
116 101 10000 17653 51067 6328951 50764 8473
46 72 10000 17271 237853 6013589 366909 39430
54 303 10000 17557 74908 6247599 134664 12417
181 364 10000 17531 141819 6224243 158465 23511
257 99 10000 17571 74908 6259399 124319 12417
339 199 10000 17363 141819 6084282 299884 23511
175 59 10000 17565 93293 6254634 131098 15471
210 251 10000 17573 74908 6262402 123746 12417
106 119 10000 17642 74908 6319829 67347 12417
30 318 10000 17502 141819 6209601 177675 23511
265 235 10000 17564 93293 6254466 132946 15471
311 160 10000 17604 28000 6292171 97388 4644
84 269 10000 17581 51067 6266483 123788 8473
114 283 10000 17610 51067 6297516 93411 8473
276 55 10000 17576 74908 6264081 127829 12417
80 46 10000 17568 93293 6258022 135084 15471
316 145 10000 17593 51067 6277041 116490 8473
333 74 10001 17566 74908 6257037 138564 12417
195 201 10001 17577 93293 6265021 131000 15471
239 372 10000 17262 573344 6009817 386927 95044
92 378 10000 17580 74908 6266031 131145 12417
177 128 10000 17511 141819 6215051 182368 23511
398 283 10000 17590 74908 6274192 123569 12417
188 90 10000 17611 37323 6299802 98274 6187
280 88 10000 17630 28000 6314153 84137 4644
152 107 10000 17554 141819 6245985 152904 23511
60 227 10000 17475 237853 6188588 212606 39430
268 29 10000 17574 93293 6263185 138117 15471
338 182 10000 17616 51067 6304873 96826 8473
85 255 10000 17458 51067 6170386 231504 8473
212 344 10001 17587 74908 6272607 129741 12417
235 0 10000 17052 573344 5840771 562478 95044
201 365 10000 17598 74908 6279892 124153 12417
103 275 10000 17515 237853 6216590 187895 39430
184 49 10000 17633 51067 6314450 90786 8473
2 144 10000 17509 237853 6213866 191649 39430
176 100 10000 17524 37323 6221230 184434 6187
315 287 10000 17594 74908 6277176 128501 12417
305 254 10000 17632 51067 6314308 91620 8473
264 14 10000 17599 74908 6281845 124788 12417
94 98 10000 17596 37323 6278184 130268 6187
396 281 10000 17346 93293 6071808 337448 15471
14 284 10000 17636 51067 6316430 93249 8473
353 116 10000 17625 51067 6310128 99964 8473
62 335 10000 17333 573344 6065314 345256 95044
382 166 10000 17274 237853 6016488 394388 39430
299 255 10000 17617 51067 6305905 109866 8473
287 275 10000 17602 74908 6290179 126119 12417
160 229 10000 17584 141819 6270700 146370 23511
141 218 10000 17521 237853 6218243 199601 39430
366 182 10000 17619 51067 6306326 112162 8473
69 132 10000 17649 51067 6327457 92577 8473
175 382 10000 17500 237853 6208163 212054 39430
161 279 10000 17652 51067 6328944 91410 8473
52 141 10000 17489 37323 6193225 227836 6187
33 234 10000 17716 4264 6381232 42815 708
292 94 10000 17291 573344 6031590 393749 95044
296 386 10000 17151 573344 5927769 502385 95044
178 77 10000 17600 141819 6286181 144057 23511
37 389 10000 17444 573344 6159685 274131 95044
208 269 10000 17645 51067 6324993 110202 8473
6 63 10000 17612 74908 6300694 134697 12417
312 98 10000 17624 74908 6310070 125836 12417
291 333 10000 17606 93293 6295024 143001 15471
108 55 10000 17608 74908 6295216 143925 12417
139 156 10000 17635 74908 6316413 123766 12417
386 398 10000 17713 74908 6379258 62610 12417
143 341 10000 17222 573344 5977247 467176 95044
56 158 10000 17682 28000 6360448 84638 4644
291 285 10000 17707 93293 6376491 68635 15471
220 270 10000 16491 2076744 5400878 1044286 344245
268 152 10000 17595 93293 6277222 168631 15471
167 319 10000 17527 74908 6222895 223017 12417
344 122 10000 17628 93293 6311112 135203 15471
125 175 10000 17640 74908 6317734 129078 12417
336 206 10000 17582 141819 6267377 180087 23511
46 237 10000 17669 51067 6343552 105148 8473
145 229 10000 17443 74908 6159673 290033 12417
21 12 10000 17603 141819 6291242 159731 23511
380 79 10000 17578 237853 6265348 186002 39430
182 16 10000 17643 93293 6320291 131492 15471
262 148 10000 17706 15443 6375902 78003 2565
300 321 10000 17281 573344 6020695 434792 95044
191 210 10000 17637 93293 6317269 138250 15471
38 153 10000 17622 93293 6309041 146777 15471
283 159 10000 17618 141819 6306124 150911 23511
272 38 10000 17623 93293 6309910 147688 15471
326 191 10000 17685 51067 6363361 95555 8473
190 140 10000 17689 51067 6367369 92812 8473
75 154 10000 17454 237853 6166847 293340 39430
69 335 10000 17659 74908 6334643 125732 12417
262 247 10000 17245 573344 5994553 465949 95044
177 174 10000 17732 74908 6394673 66067 12417
372 319 10000 17700 37323 6371939 89506 6187
341 324 10000 17609 93293 6297330 164678 15471
83 118 10000 17528 237853 6223036 239643 39430
207 299 10000 17651 93293 6328874 134097 15471
321 163 10000 17575 237853 6263654 199870 39430
338 277 10000 17620 141819 6308511 155641 23511
296 163 10000 17660 74908 6336986 127407 12417
279 0 10000 17392 573344 6108957 355960 95044
35 270 10001 17656 74908 6330765 134378 12417
249 350 10000 17661 74908 6338204 127049 12417
272 45 10000 17663 74908 6338861 126685 12417
177 337 10000 17549 237853 6242696 223331 39430
333 0 10000 17687 51067 6364166 101988 8473
175 269 10000 17714 37323 6379934 86897 6187
279 175 10000 17654 93293 6329149 137985 15471
208 344 10000 17563 237853 6254239 213613 39430
245 150 10000 17708 51067 6376592 91390 8473
20 304 10000 17560 141819 6251082 217402 23511
218 10 10000 17702 51067 6373318 95443 8473
214 3 10001 17510 237853 6214662 254359 39430
85 179 10000 17339 237853 6068562 400657 39430
163 292 10001 17671 74908 6345464 124472 12417
214 2 10000 17386 573344 6105533 364458 95044
196 133 10000 17504 237853 6210160 260694 39430
204 22 10000 17774 1177 6430810 42046 196
159 67 10000 17692 51067 6369155 103747 8473
100 124 10001 17520 237853 6218115 254880 39430
58 170 10000 16835 2076744 5669570 804238 344245
71 201 10000 17647 74908 6326883 148171 12417
0 392 10000 17641 141819 6318010 158798 23511
299 236 10000 17693 51067 6370283 106592 8473
390 393 10000 17752 74908 6406714 71996 12417
2 184 10000 17677 74908 6354136 125281 12417
385 14 10000 17589 237853 6273541 207401 39430
334 163 10000 17715 51067 6380097 103682 8473
180 3 10000 17718 51067 6382293 102174 8473
171 314 10000 17730 51067 6392959 91644 8473
83 99 10000 17680 237853 6358952 126695 39430
44 234 10000 17720 51067 6384512 102967 8473
242 219 10000 17725 37323 6386667 101397 6187
186 233 10001 16897 2076744 5708140 780202 344245
185 215 10000 17533 93293 6226448 262664 15471
3 6 10000 17650 237853 6327929 161242 39430
92 28 10001 17683 74908 6360493 129124 12417
383 118 10000 17734 51067 6396038 94676 8473
281 172 10000 17457 141819 6170275 321295 23511
66 376 10000 17727 51067 6390458 101496 8473
147 86 10000 17175 573344 5943637 550966 95044
384 102 10000 17709 51067 6376792 118157 8473
181 78 10000 17686 74908 6363482 132927 12417
158 331 10000 17485 573344 6191898 305547 95044
58 54 10000 17666 51067 6342236 155850 8473
320 95 10000 17263 573344 6009904 488904 95044
85 178 10000 17586 51067 6272486 226827 8473
97 310 10000 17119 141819 5901047 599761 23511
104 120 10000 16786 2076744 5627645 873432 344245
207 296 10000 17673 141819 6347746 153369 23511
338 298 10000 17690 74908 6367403 134523 12417
390 226 10000 17501 237853 6209386 293312 39430
120 83 10001 17644 141819 6321610 181365 23511
313 121 10000 17311 573344 6047166 456754 95044
124 252 10000 17678 141819 6354800 149301 23511
350 156 10000 17665 141819 6341147 163053 23511
283 211 10000 17809 15443 6458171 46866 2565
16 100 10000 17736 51067 6397721 107559 8473
120 31 10000 17264 573344 6012004 493881 95044
13 230 10000 17411 141819 6127688 378754 23511
39 349 10000 17696 51067 6371537 136081 8473
341 128 10000 17634 237853 6314658 193105 39430
51 29 10000 17758 51067 6417122 90932 8473
35 198 10000 17701 93293 6372657 135867 15471
298 162 10000 17621 237853 6308959 200435 39430
67 176 10000 17712 93293 6377834 131808 15471
310 11 10000 17456 573344 6169997 339967 95044
201 281 10000 17785 1177 6439884 71545 196
63 190 10000 17722 74908 6385605 127229 12417
240 113 10000 17748 51067 6405073 108694 8473
167 239 10000 17672 51067 6347514 167245 8473
136 131 10001 17818 51067 6466714 51228 8473
84 372 10000 17726 93293 6387969 131044 15471
233 342 10000 17813 15443 6462258 57077 2565
359 252 10000 17767 51067 6427542 93072 8473
194 362 10000 17729 93293 6390792 130664 15471
10 129 10000 17779 37323 6433655 89327 6187
392 23 10000 17477 141819 6189520 333744 23511
99 308 10000 17704 74908 6373964 151300 12417
398 274 10000 17542 74908 6235517 291064 12417
128 398 10000 17368 237853 6093240 434363 39430
345 61 10000 17780 51067 6434234 93867 8473
82 217 10000 17703 93293 6373851 154838 15471
308 119 10001 17717 141819 6381903 148856 23511
75 281 10000 17471 237853 6182786 348388 39430
354 251 10000 17787 51067 6440489 91394 8473
44 5 10000 17838 1177 6491361 40820 196
195 140 10000 17737 74908 6397756 135221 12417
242 134 10000 17769 51067 6428291 105100 8473
112 152 10000 17522 237853 6219715 314069 39430
97 361 10000 17308 237853 6045165 488984 39430
32 165 10000 17742 74908 6402779 131702 12417
136 203 10000 17638 51067 6317371 219091 8473
205 363 10000 17776 28000 6431938 104926 4644
62 339 10000 17724 93293 6385964 152952 15471
100 377 10000 17397 573344 6112465 427618 95044
194 246 10000 17800 51067 6450962 90786 8473
4 109 10000 17781 51067 6436198 107154 8473
270 76 10000 12593 7521945 2175336 4368276 1246840
248 393 10000 17760 74908 6419229 124831 12417
44 64 10000 17733 37323 6394989 149506 6187
55 101 10000 17855 1177 6503683 41382 196
351 83 10000 17750 93293 6406206 139301 15471
282 6 10000 17744 93293 6404161 141852 15471
359 178 10000 17859 1177 6505736 40996 196
273 196 10000 17684 141819 6360708 186073 23511
218 353 10000 17679 237853 6357978 189017 39430
386 351 10000 17756 93293 6409704 138762 15471
83 87 10001 17861 28000 6506288 42363 4644
104 171 10000 17749 74908 6405080 143992 12417
241 49 10000 17681 237853 6359454 190468 39430
329 50 10000 17592 237853 6276195 274387 39430
128 339 10000 17788 51067 6441044 109890 8473
69 31 10001 17815 37323 6464374 86869 6187
40 136 10000 17761 93293 6420621 131370 15471
310 14 10000 17764 74908 6424138 128820 12417
141 160 10000 17810 51067 6458462 95314 8473
30 249 10000 17506 573344 6211230 342823 95044
177 158 10000 17814 51067 6462864 91612 8473
65 1 10000 17699 51067 6371884 182908 8473
377 121 10000 17763 74908 6421917 134603 12417
381 102 10000 17797 37323 6447605 109310 6187
252 239 10000 17802 51067 6452427 105771 8473
6 222 10000 17759 74908 6418415 141084 12417
352 245 10000 17664 74908 6340485 219319 12417
36 250 10000 17772 74908 6430476 130162 12417
334 355 10000 17803 51067 6452770 108238 8473
25 181 10000 17747 93293 6404905 156709 15471
105 222 10000 17583 573344 6270193 291727 95044
360 186 10000 17465 573344 6177946 386120 95044
18 347 10000 17773 93293 6430765 134656 15471
150 22 10000 17805 51067 6455554 110969 8473
107 157 10000 17657 237853 6332451 235270 39430
249 395 10000 17775 93293 6431085 138455 15471
338 85 10000 17754 141819 6408041 162031 23511
224 162 10000 17688 237853 6367005 203070 39430
155 253 10000 17698 237853 6371881 198437 39430
128 35 10000 17719 141819 6383856 187276 23511
192 176 10000 17746 141819 6404821 167180 23511
162 360 10000 17839 37323 6491647 86144 6187
327 368 10000 17753 141819 6407476 172009 23511
283 365 10001 17790 93293 6444054 136704 15471
108 282 10000 17762 141819 6421121 159807 23511
233 26 10000 17826 51067 6477323 103797 8473
7 3 10000 17891 51067 6529864 51729 8473
306 200 10000 17840 28000 6492576 89387 4644
74 126 10000 17821 37323 6469577 112820 6187
157 300 10000 17801 93293 6452375 130132 15471
43 30 10000 17740 141819 6400403 182668 23511
38 366 10001 17721 237853 6385110 199552 39430
302 106 10000 17793 93293 6445599 140097 15471
355 45 10001 17811 74908 6459028 129139 12417
151 390 10000 17765 141819 6424855 164025 23511
56 31 10000 17655 93293 6329370 260631 15471
203 95 10000 17757 74908 6413202 177526 12417
246 9 10000 17881 1177 6523400 67674 196
12 18 10000 17871 93293 6515515 75696 15471
249 20 10000 17738 237853 6398998 192229 39430
46 115 10000 17847 37323 6498679 93163 6187
106 22 10000 17605 573344 6292474 301557 95044
242 247 10000 17921 37323 6549023 45199 6187
131 242 10000 17768 141819 6428192 166934 23511
135 93 10000 17627 93293 6311031 284593 15471
376 391 10000 17791 141819 6444817 150885 23511
363 302 10000 17710 237853 6377176 218534 39430
245 141 10000 17817 93293 6465653 130119 15471
68 366 10000 17864 37323 6509752 86984 6187
328 61 10000 17822 74908 6473330 125702 12417
38 2 10000 17786 141819 6439909 159343 23511
93 237 10000 17851 51067 6499321 101126 8473
150 73 10000 17783 141819 6438697 162672 23511
358 389 10000 17648 573344 6327321 274121 95044
309 113 10000 17862 51067 6507229 94464 8473
395 221 10000 17432 74908 6151466 450454 12417
232 43 10001 17731 141819 6393399 209852 23511
385 326 10000 17728 237853 6390731 212846 39430
343 377 10000 17879 28000 6521500 84577 4644
115 272 10000 17867 51067 6511208 95947 8473
241 70 10000 17856 51067 6504320 103975 8473
49 40 10000 17931 51067 6559627 49475 8473
136 354 10000 17828 93293 6479570 130709 15471
203 208 10000 17876 51067 6518827 91547 8473
324 72 10000 17304 573344 6043105 568141 95044
84 101 10000 17888 28000 6529083 83510 4644
294 289 10000 17906 74908 6542619 71387 12417
317 291 10000 17795 141819 6447232 167028 23511
283 364 10000 17834 74908 6488085 128392 12417
212 267 10000 17872 51067 6517734 98750 8473
364 251 10000 17789 74908 6441657 174942 12417
313 123 10000 17675 51067 6352565 264232 8473
329 85 10000 17832 93293 6484810 132541 15471
252 341 10000 17844 74908 6495424 123854 12417
153 120 10000 17883 51067 6525607 95139 8473
182 166 10000 17825 93293 6475003 147301 15471
180 193 10000 17919 93293 6548396 73945 15471
162 165 10000 17911 141819 6544010 79332 23511
211 92 10000 17829 141819 6480462 142982 23511
219 224 10000 17848 74908 6499080 124414 12417
11 15 10000 17933 74908 6560874 62688 12417
203 268 10000 17796 141819 6447289 177234 23511
345 147 10000 17849 74908 6499199 125870 12417
289 290 10000 17914 141819 6546085 79807 23511
218 290 10000 17887 51067 6528772 97358 8473
108 378 10000 17853 74908 6499821 126754 12417
304 324 10000 17869 51067 6513267 113991 8473
296 35 10000 17895 37323 6531942 95436 6187
350 107 10000 17970 1177 6588208 41652 196
198 252 10000 17845 74908 6495949 134415 12417
226 185 10000 17833 93293 6485361 147988 15471
64 170 10000 17903 51067 6540171 93452 8473
264 17 10000 17745 237853 6404485 229462 39430
181 28 10000 17766 237853 6427170 208710 39430
218 322 10000 17909 51067 6543158 93157 8473
357 33 10000 17860 74908 6505954 131609 12417
283 67 10000 17233 573344 5984652 653642 95044
158 196 10000 17894 51067 6531794 107169 8473
311 394 10000 17923 28000 6550600 88661 4644
307 18 10000 17804 237853 6453530 186411 39430
373 3 10000 17982 1177 6597268 42767 196
181 380 10000 17905 51067 6541668 99062 8473
286 119 10000 17062 2076744 5847196 793789 344245
344 281 10000 17387 573344 6106547 535321 95044
360 248 10000 17794 237853 6446472 195700 39430
395 69 10000 17697 141819 6371699 271057 23511
254 197 10000 17694 237853 6370685 274246 39430
89 110 10001 17865 93293 6510309 135044 15471
287 198 10000 17899 51067 6536880 108628 8473
396 377 10000 17431 237853 6150668 495804 39430
177 250 10000 17880 74908 6523319 126567 12417
103 380 10000 17792 141819 6445204 204859 23511
277 329 10000 17591 573344 6275734 374724 95044
385 340 10000 17798 141819 6448503 203260 23511
70 92 10000 17870 93293 6513643 138177 15471
294 148 10000 17588 573344 6272853 379078 95044
385 302 10000 17837 74908 6491349 161384 12417
290 367 10000 17936 51067 6561711 91824 8473
191 304 10001 17868 51067 6511720 142919 8473
351 227 10000 17841 141819 6493498 161350 23511
385 150 10000 17843 74908 6494575 160622 12417
296 90 10000 17889 74908 6529415 125911 12417
366 82 10000 17893 74908 6531266 126862 12417
350 385 10000 17935 51067 6561689 97347 8473
297 329 10000 17892 74908 6530145 128985 12417
256 308 10000 17882 74908 6524816 134579 12417
179 324 10000 17943 28000 6566526 93051 4644
239 228 10000 17998 51067 6610859 49823 8473
296 298 10000 17941 141819 6566281 94802 23511
42 260 10000 17930 51067 6559173 102115 8473
25 291 10000 17944 51067 6567528 96089 8473
309 310 10000 17938 74908 6563628 100556 12417
155 48 10000 17824 237853 6474398 190634 39430
340 105 10000 17948 51067 6568526 98651 8473
233 270 10000 17830 141819 6480903 186527 23511
306 358 10001 17912 74908 6544081 124452 12417
106 344 10000 17735 237853 6397608 273142 39430
369 137 10000 17965 37323 6583896 88522 6187
106 252 10000 17219 573344 5975470 697327 95044
358 363 10000 17896 93293 6535305 138621 15471
174 159 10000 17922 74908 6549901 124205 12417
189 186 10000 18015 51067 6619256 55302 8473
253 90 10000 17915 74908 6546637 127964 12417
358 309 10000 17959 51067 6576426 98955 8473
244 61 10000 17857 141819 6504566 171088 23511
352 343 10000 17808 74908 6457400 218367 12417
350 41 10000 17658 237853 6332509 344810 39430
338 335 10000 18032 51067 6629225 49249 8473
40 93 10000 17924 74908 6551677 127183 12417
197 24 10000 17967 37323 6584679 94501 6187
342 44 10000 17977 28000 6593774 85494 4644
241 92 10000 17835 141819 6488880 193544 23511
313 267 10000 17422 573344 6139092 543604 95044
197 312 10000 17898 51067 6536251 146473 8473
73 92 10000 17755 74908 6409394 274304 12417
335 78 10000 17958 51067 6576286 108918 8473
24 227 10000 17901 51067 6539641 146147 8473
276 274 10000 18004 93293 6615315 70867 15471
189 34 10000 17976 51067 6592330 96293 8473
203 85 10000 17854 93293 6502923 185805 15471
245 22 10000 17972 51067 6589346 99576 8473
57 378 10000 17937 74908 6562654 126294 12417
280 151 10000 17962 51067 6578191 110763 8473
31 68 10000 17973 51067 6590574 98483 8473
334 336 10000 18027 74908 6627563 62420 12417
138 379 10000 17836 141819 6489622 202966 23511
82 94 10000 18056 28000 6652599 42505 4644
53 157 10000 18062 1177 6654771 41924 196
54 314 10000 17951 51067 6572697 124108 8473
335 9 10000 17850 93293 6499319 198916 15471
38 277 10001 18003 28000 6614939 84053 4644
353 395 10000 17904 141819 6540368 161461 23511
79 53 10000 17984 28000 6598534 103725 4644
103 171 10000 18000 51067 6611596 92246 8473
261 391 10000 17639 573344 6317694 386945 95044
74 367 10000 18078 1177 6662264 45030 196
245 383 10000 17928 141819 6555390 152209 23511
181 103 10000 17947 93293 6568335 139437 15471
218 63 10000 17953 93293 6573296 134886 15471
342 375 10000 18018 37323 6622301 87388 6187
215 55 10000 17993 51067 6606448 103837 8473
326 156 10000 17897 74908 6535869 174932 12417
384 167 10000 17670 573344 6344823 366709 95044
231 83 10000 18083 4264 6666982 46370 708
17 61 10000 17778 237853 6433046 281464 39430
371 200 10000 17968 93293 6585334 131082 15471
309 373 10000 18008 51067 6617372 99535 8473
299 71 10000 17900 141819 6539603 177483 23511
210 321 10000 18010 51067 6618014 99748 8473
276 190 10000 17842 141819 6494490 224866 23511
22 365 10000 17996 51067 6609141 110399 8473
225 213 10001 17955 93293 6574919 144759 15471
274 185 10000 17799 93293 6450721 269534 15471
328 322 10000 18052 141819 6649756 74073 23511
381 192 10000 18013 28000 6618959 105480 4644
225 23 10000 18034 51067 6631145 93630 8473
153 192 10000 17963 74908 6578374 148051 12417
222 97 10000 17986 74908 6600540 125897 12417
106 179 10000 17979 93293 6594005 134988 15471
330 151 10000 18040 51067 6638422 91768 8473
262 46 10000 18030 51067 6629079 101164 8473
253 388 10000 17994 51067 6606641 124069 8473
383 130 10000 17877 237853 6520214 210609 39430
31 220 10000 17960 141819 6576921 154621 23511
237 163 10000 17987 93293 6601007 131490 15471
357 146 10000 18048 28000 6647971 84847 4644
178 310 10000 17866 141819 6510816 222141 23511
224 199 10000 17981 74908 6596926 136346 12417
360 354 10000 17917 237853 6547568 186861 39430
322 21 10000 17741 237853 6400590 334240 39430
70 323 10000 17916 237853 6547201 188635 39430
52 350 10000 17874 51067 6517905 219022 8473
38 312 10000 18043 51067 6638707 99586 8473
209 374 10000 17945 141819 6568191 171606 23511
138 20 10000 17929 93293 6556205 184282 15471
47 245 10000 17925 93293 6552730 189034 15471
59 148 10000 17954 93293 6574460 168427 15471
89 370 10000 18072 28000 6658100 85061 4644
356 124 10000 17969 141819 6587476 155900 23511
12 387 10000 17812 237853 6461951 282003 39430
248 72 10000 18051 51067 6649328 94636 8473
274 205 10000 18053 51067 6650929 93145 8473
221 306 10000 17971 141819 6588284 157155 23511
207 228 10000 18014 74908 6619028 126423 12417
160 89 10000 17920 237853 6548743 196988 39430
197 394 10000 18029 51067 6629058 120277 8473
228 337 10000 18139 4264 6707730 41998 708
346 213 10000 17667 573344 6342675 407469 95044
276 253 10000 18069 51067 6656157 94943 8473
138 84 10000 17932 74908 6559706 192228 12417
365 366 10000 18127 51067 6694249 58078 8473
51 166 10000 18066 28000 6655539 97015 4644
226 101 10000 18067 37323 6655687 98148 6187
160 149 10000 18019 93293 6622543 132241 15471
393 0 10000 17980 141819 6595176 160419 23511
322 253 10000 18007 74908 6616984 140439 12417
385 351 10000 18068 51067 6655720 102395 8473
135 383 10000 17777 573344 6432061 326346 95044
44 112 10000 18085 51067 6667509 91448 8473
62 292 10000 18057 51067 6653062 105906 8473
256 119 10000 17890 237853 6529689 230266 39430
379 183 10000 18036 74908 6633043 127004 12417
13 250 10000 17966 74908 6584551 175924 12417
203 98 10001 17614 573344 6301175 459501 95044
132 139 10000 18142 51067 6709868 51059 8473
2 301 10000 18049 51067 6648443 113075 8473
350 1 10000 18012 93293 6618242 143468 15471
218 197 10000 18081 51067 6666369 95685 8473
338 223 10000 18009 141819 6617912 145934 23511
140 62 10000 17949 141819 6569374 195535 23511
35 144 10000 18026 93293 6627402 137734 15471
384 141 10000 17957 74908 6575036 190116 12417
112 93 10000 18162 1177 6725290 40820 196
247 26 10000 17723 573344 6385834 381483 95044
285 46 10001 18044 74908 6640587 127144 12417
397 256 10000 18082 51067 6666601 101785 8473
346 38 10000 17997 74908 6610711 157705 12417
297 28 10001 18165 1177 6727060 41949 196
253 119 10000 18001 141819 6612637 158025 23511
286 86 10000 18024 93293 6627200 144038 15471
294 69 10000 17946 141819 6568266 204205 23511
282 252 10000 18119 28000 6686867 86913 4644
132 349 10000 18117 28000 6686098 87694 4644
180 28 10000 17988 141819 6601080 172793 23511
28 79 10000 18006 93293 6616817 157279 15471
106 75 10001 18112 51067 6682457 92532 8473
388 0 10000 18058 51067 6653714 121775 8473
295 312 10000 18023 93293 6626955 148666 15471
296 1 10000 18039 93293 6636332 139841 15471
62 153 10000 17961 237853 6577080 199640 39430
397 84 10000 18106 37323 6680694 96940 6187
98 273 10000 18050 74908 6649263 129596 12417
86 45 10000 17806 573344 6455879 326166 95044
51 188 10001 18124 51067 6691021 91291 8473
103 80 10000 18111 51067 6681926 100465 8473
92 364 10000 17819 141819 6466813 317938 23511
199 30 10000 18002 51067 6613865 171237 8473
304 62 10000 18126 51067 6692711 92536 8473
164 278 10000 17985 237853 6599172 186588 39430
396 97 10000 17831 74908 6481108 305317 12417
75 288 10000 17607 237853 6295153 492090 39430
232 5 10000 17908 93293 6543054 245651 15471
187 212 10000 18073 74908 6658632 131488 12417
365 124 10000 17989 237853 6602138 188203 39430
232 36 10000 17823 237853 6474356 317337 39430
126 137 10000 18161 93293 6724985 67857 15471
226 38 10001 18136 37323 6705521 88224 6187
344 192 10000 18089 74908 6669268 124737 12417
81 145 10000 18016 141819 6620348 173886 23511
336 235 10000 18047 141819 6647203 147086 23511
324 57 10000 18080 74908 6664222 130927 12417
50 350 10000 18077 93293 6661501 133806 15471
148 181 10000 18141 37323 6709250 86175 6187
210 226 10000 18075 74908 6659591 136272 12417
99 340 10001 18070 74908 6656697 139567 12417
142 234 10000 14920 7521945 4092124 2704497 1246840
54 335 10000 18088 74908 6669227 127655 12417
287 100 10000 18020 74908 6622611 176770 12417
165 196 10000 18061 93293 6654758 144925 15471
256 11 10000 17913 237853 6544530 255318 39430
285 326 10000 18045 141819 6645483 154775 23511
92 210 10000 18022 141819 6626664 173899 23511
46 317 10000 17990 141819 6603366 197584 23511
11 233 10000 17934 237853 6561543 240064 39430
264 192 10000 18103 74908 6678038 123813 12417
180 131 10001 17873 237853 6517761 284311 39430
345 319 10000 18104 74908 6679795 124226 12417
18 198 10000 17910 237853 6543205 261780 39430
308 104 10000 18094 93293 6672149 134234 15471
20 84 10000 18041 93293 6638475 168237 15471
217 118 10000 18046 37323 6646622 160595 6187
251 336 10000 18154 37323 6720493 86952 6187
197 88 10000 18120 51067 6687968 119729 8473
373 34 10000 18150 51067 6717030 91168 8473
129 303 10000 18033 51067 6630784 177489 8473
14 68 10000 18025 141819 6627239 181181 23511
358 281 10000 18109 74908 6681514 126909 12417
317 145 10000 18148 51067 6715349 93643 8473
124 361 10000 18005 237853 6615331 193756 39430
223 59 10000 17863 93293 6507774 302756 15471
180 240 10000 17858 237853 6505595 306089 39430
39 4 10001 18011 93293 6618228 193807 15471
58 7 10000 17662 237853 6338500 474702 39430
105 112 10000 18201 51067 6756623 57708 8473
350 143 10000 18115 93293 6684000 130724 15471
256 383 10000 17952 237853 6573162 241748 39430
46 305 10000 18090 74908 6669410 145785 12417
293 114 10000 18105 51067 6680449 134964 8473
151 371 10000 18079 93293 6663671 151896 15471
363 265 10000 18121 74908 6688804 128697 12417
137 123 10000 18217 51067 6767811 49775 8473
107 123 10000 18087 141819 6668676 149568 23511
9 155 10000 18160 37323 6724245 97639 6187
273 242 10000 18065 74908 6655503 167256 12417
104 79 10000 18038 237853 6635891 188116 39430
133 161 10000 18021 141819 6625431 198643 23511
88 63 10000 17918 237853 6547667 276724 39430
102 149 10000 18159 51067 6724105 100559 8473
382 63 10000 18091 93293 6670451 154246 15471
12 59 10000 17820 573344 6467663 357555 95044
116 379 10000 18163 51067 6725680 99723 8473
166 128 10000 18017 141819 6621069 205589 23511
300 316 10000 18129 237853 6698999 128029 39430
302 337 10000 18179 28000 6741129 85977 4644
160 314 10000 18173 51067 6734977 92472 8473
143 355 10000 18116 141819 6684374 143279 23511
154 399 10000 18092 141819 6670454 157397 23511
33 82 10001 18240 1177 6787829 41605 196
384 9 10000 18055 74908 6652194 177389 12417
81 108 10000 17956 237853 6574934 255650 39430
324 89 10000 18158 51067 6722148 108785 8473
172 14 10000 18149 51067 6716135 114884 8473
237 344 10000 18037 141819 6634129 197630 23511
388 21 10000 17705 573344 6374119 459836 95044
353 374 10000 17807 573344 6456103 378341 95044
317 273 10000 18107 93293 6680762 154882 15471
48 242 10000 18102 141819 6677524 158343 23511
69 347 10000 18134 93293 6705219 131695 15471
65 111 10000 18145 74908 6711502 125548 12417
354 293 10000 17751 573344 6406251 431819 95044
116 62 10000 18189 28000 6747995 91773 4644
316 80 10000 17782 573344 6438445 402804 95044
236 370 10000 18147 74908 6713604 127776 12417
398 76 10000 17886 573344 6528029 316506 95044
346 344 10000 18228 93293 6777120 68355 15471
194 44 10000 18157 74908 6721955 123622 12417
70 317 10000 18175 51067 6738290 108744 8473
224 399 10000 18035 237853 6632643 215206 39430
21 214 10000 17770 573344 6428782 420971 95044
343 241 10000 18114 74908 6683555 166993 12417
93 154 10000 18199 37323 6756304 94582 6187
296 16 10000 18153 93293 6719119 131896 15471
0 149 10000 18059 141819 6653964 199368 23511
85 357 10000 17816 141819 6465151 388584 23511
389 271 10000 18135 93293 6705236 149843 15471
172 296 10000 18098 141819 6676307 179968 23511
235 29 10000 17950 141819 6569736 286899 23511
352 81 10000 17884 141819 6525920 332859 23511
211 23 10000 18221 37323 6770881 87961 6187
339 292 10000 18171 74908 6733298 126614 12417
348 13 10000 18113 141819 6683013 177368 23511
278 91 10000 18168 93293 6729352 131083 15471
106 350 10000 18208 51067 6759413 101739 8473
324 286 10000 18195 37323 6753953 108236 6187
78 394 10000 18202 51067 6757746 105397 8473
106 17 10000 18285 4264 6820747 42425 708
396 256 10000 18100 51067 6677304 186189 8473
182 28 10000 18137 93293 6706868 158151 15471
33 104 10000 18063 237853 6654818 210281 39430
212 202 10000 18274 51067 6813731 52759 8473
358 357 10000 18180 141819 6741195 128824 23511
142 333 10000 18071 93293 6656773 213479 15471
31 318 10001 18164 141819 6726730 143562 23511
48 145 10000 18218 51067 6768193 104721 8473
390 217 10000 17927 573344 6555168 320146 95044
391 279 10000 17926 573344 6554296 321553 95044
168 120 10000 18186 93293 6744872 131504 15471
123 292 10000 18196 74908 6753995 123935 12417
115 121 10000 18226 51067 6776432 101503 8473
229 348 10000 18122 237853 6689650 188405 39430
275 231 10001 18169 141819 6729378 149392 23511
349 8 10000 18178 93293 6740581 138522 15471
283 59 10001 18205 74908 6758239 123579 12417
235 202 10000 18060 51067 6654611 227689 8473
301 397 10000 18206 74908 6758311 124143 12417
305 388 10000 17885 141819 6527997 355701 23511
2 328 10000 18250 51067 6792426 91376 8473
288 265 10000 18259 28000 6802885 83572 4644
52 235 10000 17995 51067 6607240 280429 8473
167 162 10000 18123 237853 6690755 196985 39430
314 166 10000 18248 51067 6791005 97524 8473
55 107 10000 18322 1177 6847998 41524 196
192 251 10000 18211 74908 6762982 126892 12417
339 279 10000 18110 141819 6681888 208813 23511
273 297 10000 18156 93293 6721640 170075 15471
67 320 10000 17992 93293 6605122 287125 15471
130 356 10000 17978 573344 6593792 300301 95044
240 292 10000 18224 51067 6774381 120566 8473
281 382 10000 18244 51067 6789504 105671 8473
245 54 10000 18239 51067 6787398 108119 8473
372 395 10000 18272 28000 6813491 83863 4644
277 103 10000 18176 141819 6739908 157969 23511
321 307 10000 18144 237853 6711477 186558 39430
147 153 10000 18302 37323 6834168 65304 6187
288 139 10000 18275 37323 6813808 86190 6187
275 198 10000 18182 141819 6742142 158041 23511
249 169 10000 18184 141819 6744455 155773 23511
40 88 10000 18219 74908 6769547 132108 12417
98 204 10000 18204 74908 6757982 144294 12417
127 390 10000 18210 74908 6762859 140195 12417
241 385 10000 18212 93293 6764480 138690 15471
389 336 10000 18190 141819 6749064 154189 23511
105 265 10000 18200 141819 6756546 147491 23511
12 248 10000 18207 141819 6759180 145125 23511
197 311 10000 18097 237853 6675923 228702 39430
355 265 10000 18099 141819 6676325 229310 23511
83 300 10000 18234 74908 6780365 125781 12417
264 48 10000 18213 74908 6765597 141976 12417
218 300 10000 18276 51067 6816822 90786 8473
284 68 10000 18143 74908 6710590 197526 12417
152 347 10001 18132 141819 6703179 205245 23511
54 12 10000 18278 51067 6818360 91425 8473
317 180 10000 18222 74908 6771682 138702 12417
42 14 10000 18232 74908 6779271 131830 12417
387 353 10000 18238 74908 6786822 124549 12417
56 189 10000 18237 74908 6785621 125769 12417
120 156 10000 18172 141819 6734592 177523 23511
345 201 10000 18277 51067 6817173 96242 8473
320 310 10000 18086 141819 6667583 246460 23511
136 139 10000 18318 74908 6844318 70092 12417
114 250 10000 18283 37323 6820683 94001 6187
165 302 10000 18247 74908 6790901 124191 12417
209 271 10001 18284 51067 6820721 94699 8473
130 216 10000 18108 237853 6681055 234643 39430
64 320 10000 18074 573344 6658976 257247 95044
276 306 10000 18191 141819 6750366 166841 23511
318 378 10000 18249 74908 6792240 125007 12417
145 133 10000 18281 51067 6819699 97553 8473
247 316 10000 18198 74908 6756005 161758 12417
287 41 10000 18138 74908 6707257 211496 12417
203 268 10001 18028 573344 6628922 290284 95044
334 122 10000 18299 28000 6830759 90063 4644
173 284 10000 18293 51067 6825938 95395 8473
154 152 10000 18377 1177 6900672 20938 196
166 47 10000 18251 51067 6793308 128375 8473
221 242 10000 18300 51067 6831059 91099 8473
176 8 10000 18140 51067 6708376 213817 8473
197 306 10000 18235 74908 6781065 141470 12417
71 46 10000 18215 93293 6767646 155663 15471
393 153 10000 18241 74908 6788181 135458 12417
270 283 10000 18064 237853 6654847 270256 39430
157 298 10000 18292 51067 6825484 99927 8473
121 179 10000 18246 93293 6790409 137309 15471
375 141 10000 18214 141819 6766836 162279 23511
225 343 10000 18258 74908 6802642 127721 12417
152 30 10000 18174 141819 6736657 194171 23511
84 61 10000 18229 93293 6777832 154194 15471
135 357 10000 18255 93293 6797598 136027 15471
255 88 10000 18260 93293 6802886 132125 15471
203 146 10000 18177 141819 6740472 194620 23511
170 71 10000 18256 93293 6799361 139339 15471
195 96 10000 18183 74908 6742483 197445 12417
172 20 10001 18265 51067 6807223 134952 8473
363 266 10000 18242 93293 6788469 153805 15471
306 46 10000 18270 74908 6812816 129571 12417
385 178 10000 18076 573344 6660755 282645 95044
94 250 10000 18209 74908 6760872 182864 12417
385 216 10000 18307 51067 6837433 109184 8473
17 123 10000 18185 237853 6744570 202542 39430
146 356 10000 18330 51067 6857389 90786 8473
178 265 10000 18266 93293 6808431 139746 15471
290 60 10000 18167 237853 6727648 223939 39430
162 218 10000 18289 93293 6822309 130416 15471
43 1 10000 18225 93293 6775123 177854 15471
223 185 10000 17711 237853 6377726 575886 39430
35 381 10000 18297 74908 6829040 125430 12417
75 266 10000 18194 141819 6752195 202328 23511
79 257 10000 17668 2076744 6342720 613117 344245
50 209 10000 18344 37323 6868184 88808 6187
208 288 10000 18339 37323 6864884 92833 6187
194 296 10000 18294 93293 6826041 131827 15471
61 342 10000 18333 51067 6859938 99396 8473
320 268 10000 18231 93293 6779217 180835 15471
69 154 10000 18345 51067 6868388 91915 8473
13 224 10000 18269 93293 6811920 149054 15471
54 47 10000 18391 51067 6913475 49942 8473
313 287 10000 18306 74908 6836701 127659 12417
246 388 10000 18352 51067 6873577 92498 8473
78 349 10000 18286 74908 6820899 148814 12417
359 265 10000 18337 37323 6862161 107824 6187
116 232 10000 18192 237853 6750597 219654 39430
173 106 10000 18354 51067 6875117 96295 8473
348 225 10001 18223 237853 6773228 198785 39430
159 295 10000 18367 28000 6890336 84189 4644
141 287 10000 18407 1177 6933524 41263 196
233 241 10000 18093 573344 6670538 304657 95044
242 100 10000 18395 15443 6921932 54040 2565
24 304 10000 18316 74908 6843453 132954 12417
365 118 10000 18327 74908 6850423 126091 12417
337 242 10000 18349 51067 6871378 105473 8473
29 183 10000 17964 141819 6579574 397553 23511
288 336 10000 18371 28000 6893611 84160 4644
142 229 10000 18290 141819 6823459 154982 23511
324 306 10000 18319 51067 6844924 133810 8473
195 347 10000 18279 141819 6818469 161036 23511
314 11 10000 18280 141819 6818958 160582 23511
192 196 10000 18376 141819 6899298 81132 23511
358 258 10000 18328 74908 6856082 124574 12417
231 150 10000 17352 2076744 6077345 904337 344245
132 87 10000 18358 51067 6876803 106995 8473
274 210 10000 17875 237853 6518803 465053 39430
115 156 10000 18329 74908 6856498 127614 12417
343 165 10000 18332 74908 6859502 124799 12417
250 350 10000 18220 237853 6770448 214265 39430
68 360 10000 18273 93293 6813492 172644 15471
393 100 10000 18366 28000 6889914 96269 4644
159 221 10000 18368 51067 6890665 97196 8473
118 253 10000 18309 93293 6838932 149124 15471
123 368 10000 18373 51067 6897384 91360 8473
384 62 10000 18359 51067 6878993 109760 8473
216 243 10000 18254 141819 6797533 191484 23511
183 334 10000 18375 28000 6898936 90214 4644
90 28 10001 18152 237853 6718778 271520 39430
376 257 10000 18400 15443 6925280 65498 2565
297 304 10000 18370 51067 6893290 97976 8473
59 200 10000 18315 141819 6843073 151758 23511
124 392 10000 18271 141819 6813215 181768 23511
314 197 10000 18331 74908 6858858 136721 12417
254 133 10000 18287 93293 6821622 174394 15471
244 362 10000 18380 51067 6903948 92139 8473
23 137 10000 18341 74908 6867228 130127 12417
195 175 10000 18308 51067 6837963 160499 8473
330 120 10000 18387 37323 6908644 89944 6187
341 153 10000 18343 93293 6868049 130573 15471
280 82 10000 17743 573344 6402949 596628 95044
131 225 10000 18257 237853 6799488 201239 39430
186 389 10000 18263 237853 6805632 196764 39430
91 264 10000 18441 4264 6960181 42308 708
388 120 10000 18348 93293 6870489 132294 15471
53 54 10000 18409 51067 6934260 68967 8473
182 154 10000 18042 573344 6638699 368137 95044
299 204 10000 18383 51067 6904711 103915 8473
124 360 10000 18095 141819 6673083 338388 23511
3 320 10000 18364 74908 6888319 124727 12417
63 245 10000 18252 237853 6796747 216326 39430
389 280 10000 18311 141819 6842122 171139 23511
238 319 10000 17999 573344 6610895 403101 95044
189 223 10000 18346 93293 6868930 145172 15471
127 376 10000 18393 51067 6916136 98690 8473
398 240 10000 18146 237853 6713466 301383 39430
179 317 10000 18347 74908 6869403 147034 12417
136 374 10000 18298 93293 6830147 186671 15471
108 378 10001 18356 93293 6875600 141648 15471
189 360 10000 18351 74908 6873216 144070 12417
359 339 10000 18403 51067 6927502 91047 8473
213 18 10000 18336 141819 6861742 156967 23511
59 236 10000 18404 51067 6928164 90940 8473
15 182 10000 18338 74908 6862400 157786 12417
397 301 10000 18396 51067 6921992 98463 8473
286 40 10000 18261 93293 6803070 217729 15471
238 57 10000 18353 93293 6874704 149239 15471
163 371 10000 18296 141819 6828355 196001 23511
251 61 10000 18405 51067 6928614 98168 8473
238 195 10000 18365 93293 6889766 137334 15471
353 202 10000 18419 28000 6944805 83233 4644
304 24 10001 18384 74908 6905395 124097 12417
154 105 10000 18372 93293 6895182 135047 15471
389 13 10000 18357 141819 6876539 154218 23511
232 136 10000 18413 51067 6939536 96518 8473
177 273 10000 18118 573344 6686188 352261 95044
376 100 10000 18253 237853 6797161 241861 39430
69 60 10000 18448 93293 6968079 70953 15471
177 174 10001 18262 573344 6804908 236291 95044
0 347 10000 18382 74908 6904533 136705 12417
282 65 10000 18394 74908 6917103 124957 12417
381 178 10000 18197 237853 6755991 286451 39430
312 105 10000 18385 93293 6905698 137841 15471
67 271 10000 18388 74908 6909272 134279 12417
317 240 10000 18314 237853 6842972 200679 39430
360 35 10000 18432 51067 6951845 91817 8473
102 27 10000 18374 93293 6898472 148219 15471
72 87 10000 18295 237853 6826046 223692 39430
338 9 10000 18436 37323 6952580 97724 6187
302 371 10000 18398 74908 6923028 127856 12417
246 270 10000 18438 51067 6955950 98352 8473
80 135 10000 18386 28000 6907195 149219 4644
105 198 10000 18399 93293 6924486 132945 15471
48 106 10000 18390 74908 6912222 145921 12417
300 388 10000 18445 37323 6965753 93855 6187
203 256 10000 18324 237853 6848425 212695 39430
12 360 10000 18362 141819 6881916 179206 23511
292 302 10000 18457 28000 6977171 84220 4644
284 266 10000 18410 74908 6936064 125724 12417
334 192 10000 18415 74908 6939985 124658 12417
315 83 10000 18408 93293 6933608 131379 15471
47 14 10000 18473 1177 6989854 76997 196
114 189 10000 18320 141819 6847714 220844 23511
196 183 10000 18482 37323 6998098 72582 6187
300 39 10000 18389 141819 6912002 159008 23511
371 215 10000 18455 51067 6975543 95568 8473
328 298 10000 18427 74908 6948634 124176 12417
149 104 10001 18471 28000 6989066 84059 4644
123 343 10000 18462 51067 6982145 91027 8473
371 374 10000 18305 573344 6835943 238189 95044
186 377 10000 18312 74908 6842406 232567 12417
380 345 10000 18363 237853 6884066 191518 39430
12 348 10000 18414 93293 6939766 136350 15471
178 80 10000 18435 74908 6952279 124470 12417
320 206 10000 18418 74908 6942710 136513 12417
266 131 10000 18423 93293 6947422 133124 15471
93 372 10000 18264 93293 6805933 274684 15471
283 293 10000 18495 93293 7013758 67170 15471
55 140 10000 18426 74908 6948370 133631 12417
34 356 10000 18468 51067 6987864 94471 8473
132 299 10000 18422 93293 6946671 135771 15471
191 57 10000 18425 93293 6947453 136640 15471
97 25 10000 18243 93293 6789240 294890 15471
106 258 10000 18342 237853 6867533 218341 39430
294 254 10000 18475 51067 6992142 94322 8473
202 105 10000 18155 573344 6720609 366832 95044
93 327 10000 18458 51067 6977427 110925 8473
11 320 10000 18420 93293 6945208 144327 15471
137 125 10000 18524 51067 7044150 49814 8473
301 185 10000 18325 237853 6848468 247900 39430
106 323 10000 18483 51067 6998570 99340 8473
165 173 10000 18569 1177 7078071 20667 196
43 245 10000 18486 37323 7003071 97381 6187
275 347 10000 18381 141819 6904069 199147 23511
32 389 10000 18411 141819 6938461 164928 23511
327 337 10000 18538 51067 7054059 49800 8473
267 35 10000 18453 93293 6973904 130484 15471
134 73 10000 18416 51067 6940956 164015 8473
104 76 10000 18507 28000 7021372 84490 4644
264 280 10000 18360 141819 6879389 228658 23511
358 183 10000 18434 93293 6952070 158983 15471
367 313 10000 18369 237853 6892448 219446 39430
275 378 10000 18444 74908 6965480 147243 12417
173 329 10000 18474 51067 6989903 122826 8473
98 388 10002 18452 93293 6973682 140519 15471
90 213 10000 18428 74908 6949634 164889 12417
50 170 10000 18459 93293 6977845 137452 15471
173 185 10000 18508 51067 7021890 93789 8473
157 197 10000 18125 573344 6691980 424600 95044
395 193 10000 16111 2076744 5075554 2041496 344245
282 357 10000 18463 51067 6982571 134584 8473
151 248 10000 18491 51067 7007503 115395 8473
357 107 10001 18433 93293 6952068 170851 15471
216 270 10000 18424 51067 6947441 178204 8473
218 127 10000 18470 93293 6988281 137815 15471
64 324 10000 18480 74908 6996451 132780 12417
366 293 10000 18580 4264 7086147 43089 708
392 326 10000 18481 74908 6997152 133493 12417
240 239 10000 18513 51067 7026372 104806 8473
301 108 10000 18406 237853 6932792 198722 39430
291 310 10000 18440 141819 6959844 173159 23511
163 208 10000 18492 74908 7008866 125056 12417
131 245 10000 18230 93293 6778230 356870 15471
273 306 10000 18437 93293 6953039 182663 15471
114 213 10000 18478 93293 6996129 140276 15471
315 198 10000 18514 51067 7027954 108515 8473
358 316 10000 18525 51067 7046130 90823 8473
333 169 10001 18466 93293 6986446 153430 15471
345 74 10000 18447 74908 6967342 173188 12417
43 201 10000 18467 93293 6987017 153781 15471
178 91 10000 18598 15443 7095024 46447 2565
225 376 10000 18429 141819 6950129 193992 23511
90 172 10000 18449 141819 6969564 174836 23511
370 57 10000 18528 51067 7049088 95781 8473
283 108 10000 18499 74908 7015821 130707 12417
27 347 10000 18379 237853 6903879 243294 39430
308 39 10000 18490 93293 7006686 141039 15471
67 377 10000 18310 237853 6840008 307819 39430
158 343 10000 18498 93293 7014773 135377 15471
243 6 10000 16948 2076744 5755505 1395002 344245
247 290 10000 18484 74908 7000974 153406 12417
196 116 10000 18469 141819 6988004 167187 23511
347 350 10000 18533 74908 7052207 103050 12417
278 260 10000 18583 74908 7087646 67623 12417
122 336 10000 18450 237853 6972381 183561 39430
100 24 10000 18547 51067 7059779 97946 8473
87 76 10000 17902 237853 6540166 618730 39430
134 96 10000 18566 28000 7076158 84386 4644
209 379 10000 18460 51067 6978269 182570 8473
18 198 10001 18558 51067 7067164 93931 8473
166 118 10000 18504 74908 7018631 142919 12417
57 354 10000 18534 51067 7052611 109117 8473
293 30 10000 18565 37323 7075383 86540 6187
279 50 10000 18511 74908 7026209 135741 12417
333 119 10001 18553 51067 7064455 97776 8473
285 286 10000 18577 141819 7084976 77524 23511
243 98 10000 18476 74908 6992791 170942 12417
143 26 10000 18521 74908 7038916 127073 12417
187 152 10000 18326 573344 6848531 317581 95044
243 247 10000 18216 573344 6767743 399195 95044
174 269 10000 17940 573344 6565817 601620 95044
89 123 10000 18402 237853 6926851 240945 39430
301 91 10000 18561 51067 7071031 98680 8473
196 243 10000 18545 51067 7058307 111973 8473
289 266 10000 18497 141819 7014479 156025 23511
56 320 10000 18571 51067 7080471 90786 8473
106 181 10000 18512 93293 7026242 146430 15471
18 155 10000 18527 74908 7047795 124880 12417
180 260 10000 18576 28000 7084345 89760 4644
191 204 10000 18539 51067 7054176 119963 8473
101 358 10000 18523 74908 7044135 130499 12417
224 48 10000 18477 93293 6996093 178697 15471
97 246 10000 18084 573344 6667294 509311 95044
364 271 10000 18487 141819 7004099 173916 23511
311 2 10000 18518 74908 7033708 145261 12417
60 303 10000 18578 51067 7085408 93946 8473
100 121 10000 18479 237853 6996272 183452 39430
9 316 10000 18489 93293 7006189 174437 15471
395 22 10000 18355 74908 6875248 305755 12417
137 114 10000 18593 37323 7094169 86981 6187
29 213 10000 17739 573344 6399880 782514 95044
336 6 10000 18544 74908 7057823 124903 12417
295 291 10000 18465 237853 6983497 199544 39430
332 27 10000 18446 74908 6967000 216651 12417
72 219 10000 18401 237853 6925808 258850 39430
60 37 10000 18549 74908 7060833 125201 12417
181 16 10000 18541 93293 7056181 129900 15471
283 125 10000 18537 74908 7052975 134212 12417
234 58 10000 18187 573344 6745706 441581 95044
94 93 10001 18621 51067 7119140 68249 8473
391 53 10000 18663 1177 7143871 44144 196
201 108 10000 18509 141819 7025538 162505 23511
151 157 10000 18502 237853 7016794 173887 39430
151 109 10000 18520 74908 7037022 154391 12417
357 366 10000 18313 237853 6842418 349712 39430
50 183 10000 18588 37323 7089816 104089 6187
154 206 10000 18526 141819 7047026 147256 23511
263 43 10000 18151 573344 6717533 477316 95044
98 90 10000 18651 74908 7134000 62436 12417
128 172 10000 18601 51067 7097010 99507 8473
204 15 10000 18494 37323 7013619 183103 6187
180 134 10000 18612 28000 7109456 88369 4644
27 224 10001 18130 573344 6702377 495987 95044
279 194 10000 18548 74908 7060464 138095 12417
235 343 10000 17827 573344 6478757 721984 95044
193 337 10000 18532 93293 7051797 152206 15471
344 252 10000 18559 93293 7068230 137548 15471
347 269 10000 18551 74908 7064160 145785 12417
136 226 10000 17784 573344 6439361 770680 95044
135 91 10000 18568 93293 7077978 132584 15471
238 66 10001 18626 51067 7119896 91712 8473
253 69 10000 18629 51067 7121426 91141 8473
255 265 10000 18627 51067 7120530 92669 8473
151 70 10000 18529 93293 7049807 165237 15471
28 25 10000 18680 51067 7155224 60327 8473
275 190 10000 18501 141819 7016511 199413 23511
297 98 10000 18589 74908 7089872 126908 12417
345 321 10000 18540 93293 7054759 162525 15471
103 223 10000 18542 141819 7056793 160492 23511
26 298 10000 18625 51067 7119847 98035 8473
148 215 10000 18585 51067 7088767 130671 8473
70 7 10000 18596 74908 7094841 125652 12417
81 234 10000 18591 93293 7090012 131684 15471
141 305 10000 18581 93293 7086720 136152 15471
28 381 10000 18584 74908 7088498 135151 12417
98 145 10000 18622 51067 7119210 105521 8473
223 147 10000 18181 237853 6741488 483484 39430
344 370 10001 18536 141819 7052886 173226 23511
38 327 10000 18516 237853 7029864 196488 39430
199 141 10000 18430 51067 6951171 277082 8473
324 101 10000 18515 141819 7028193 200485 23511
33 158 10000 18570 141819 7078152 151263 23511
29 10 10000 15342 7521945 4464255 2768172 1246840
31 289 10000 18592 93293 7092504 140117 15471
109 12 10000 18660 51067 7140580 94252 8473
110 15 10001 18454 573344 6975362 260229 95044
202 328 10000 18661 51067 7142479 93466 8473
333 307 10000 18642 51067 7128261 107820 8473
47 292 10000 18456 141819 6976384 259700 23511
206 291 10000 18555 141819 7065327 171408 23511
260 73 10000 18666 51067 7145271 93191 8473
390 332 10000 18485 237853 7001460 237471 39430
157 324 10000 18304 573344 6835865 403150 95044
377 208 10000 18714 4264 7177422 62027 708
348 201 10000 18616 74908 7113772 125715 12417
353 287 10000 18451 573344 6972558 266977 95044
274 169 10000 18654 51067 7135506 105028 8473
212 38 10000 17530 2076744 6223435 1017782 344245
272 369 10000 18530 237853 7050449 191188 39430
102 282 10000 18608 93293 7106233 135749 15471
99 278 10000 18648 28000 7131422 111572 4644
13 195 10000 18597 93293 7094865 148256 15471
106 241 10000 18618 74908 7115893 127660 12417
391 10 10000 18535 141819 7052668 191741 23511
77 303 10000 18672 51067 7152250 92969 8473
262 44 10000 18563 141819 7072283 173071 23511
20 17 10000 18667 51067 7145367 101649 8473
22 398 10000 18610 93293 7108354 139549 15471
257 184 10000 18749 4264 7205784 42214 708
392 33 10000 18669 51067 7146997 101067 8473
342 122 10000 18556 237853 7066389 183217 39430
133 134 10000 18687 93293 7160019 89689 15471
354 365 10000 18587 141819 7089000 160818 23511
188 277 10000 18624 93293 7119759 130244 15471
126 381 10000 18688 51067 7160289 91637 8473
136 309 10000 18678 51067 7155152 96854 8473
391 42 10000 18630 74908 7121426 131043 12417
58 77 10000 18572 51067 7080873 171968 8473
113 39 10000 18620 74908 7118036 135040 12417
359 327 10000 18682 51067 7156031 97397 8473
245 360 10000 18632 93293 7122775 130918 15471
157 32 10000 18531 237853 7051005 204509 39430
249 135 10000 18619 93293 7116432 140056 15471
293 222 10000 18634 93293 7124819 132647 15471
272 192 10000 18697 51067 7167149 91716 8473
369 261 10000 18640 93293 7126553 132752 15471
319 315 10000 18762 37323 7214754 45402 6187
70 365 10000 18638 93293 7126171 136264 15471
43 137 10000 18657 74908 7137836 125042 12417
38 264 10000 18613 93293 7111161 152263 15471
283 205 10000 18564 237853 7072658 191069 39430
183 103 10000 18128 573344 6696938 567768 95044
336 362 10000 18706 51067 7173825 91328 8473
333 318 10000 18496 237853 7013869 252480 39430
319 72 10000 18676 51067 7153364 113074 8473
168 47 10000 18656 74908 7137262 129225 12417
357 50 10000 18615 141819 7112949 154047 23511
296 184 10000 18705 51067 7172634 94417 8473
367 237 10000 18702 51067 7171143 95930 8473
299 172 10000 18641 74908 7128092 139151 12417
194 0 10000 18631 141819 7121632 146885 23511
63 0 10000 18776 1177 7227682 41481 196
5 109 10000 18723 28000 7185432 83835 4644
84 19 10000 18649 93293 7131448 139053 15471
66 82 10000 18691 51067 7164765 106273 8473
179 11 10000 18717 37323 7180693 90625 6187
49 13 10000 18442 237853 6962702 309529 39430
338 43 10000 18681 51067 7155847 116643 8473
386 371 10000 18709 51067 7175584 96922 8473
111 29 10000 18417 141819 6941901 330620 23511
10 332 10000 18718 51067 7180694 91917 8473
359 370 10000 18698 51067 7168392 105325 8473
53 148 10001 18350 573344 6871808 402414 95044
89 366 10000 18606 141819 7100325 175276 23511
162 51 10000 18652 74908 7134056 141718 12417
147 243 10000 18575 141819 7082941 193143 23511
107 31 10000 18557 237853 7066722 209783 39430
78 134 10000 18639 51067 7126551 149971 8473
14 261 10000 18655 93293 7135908 141431 15471
216 163 10000 18321 573344 6847733 429704 95044
102 246 10000 18543 237853 7057171 220345 39430
258 184 10000 18600 237853 7095963 182617 39430
367 338 10000 18665 93293 7145085 133718 15471
205 98 10000 18552 141819 7064188 216601 23511
103 137 10000 18683 74908 7156170 125087 12417
46 370 10000 18546 237853 7058377 222981 39430
186 259 10000 18671 93293 7149696 131676 15471
300 160 10000 18658 93293 7138684 144166 15471
175 125 10000 18686 74908 7159776 125068 12417
191 139 10000 18595 237853 7094458 192815 39430
276 104 10000 18719 51067 7181888 106349 8473
26 154 10000 18677 93293 7153467 135100 15471
78 81 10000 18550 141819 7063557 227704 23511
0 306 10000 18789 15443 7243222 48376 2565
184 175 10000 18694 74908 7165446 126229 12417
28 126 10000 18637 141819 7125595 166753 23511
34 68 10000 18739 51067 7201756 91811 8473
269 395 10000 18602 237853 7098984 195042 39430
83 122 10000 18744 37323 7202538 91576 6187
187 213 10000 18609 237853 7107698 186695 39430
112 269 10000 18715 37323 7177966 116845 6187
385 62 10000 18701 74908 7169967 125772 12417
184 137 10000 18590 141819 7089938 206570 23511
59 112 10000 18685 93293 7158383 138260 15471
281 242 10000 18392 573344 6914071 382749 95044
322 149 10000 18737 51067 7200450 96621 8473
126 132 10000 18827 1177 7277356 20534 196
129 182 10000 18635 51067 7125165 173969 8473
62 87 10000 18623 51067 7119318 182567 8473
234 220 10000 18712 237853 7176603 126538 39430
393 57 10000 18579 237853 7085984 218022 39430
132 167 10000 18675 93293 7153102 151414 15471
359 155 10000 18670 141819 7148577 155998 23511
166 106 10000 18604 141819 7099573 205487 23511
39 0 10000 18643 37323 7129150 176080 6187
17 94 10000 18689 51067 7160573 145018 8473
33 210 10000 18662 141819 7143717 162787 23511
389 334 10000 18752 51067 7206373 100288 8473
294 240 10000 18679 74908 7155169 152462 12417
235 8 10001 18730 51067 7193595 114475 8473
383 391 10000 18797 51067 7250628 58103 8473
96 6 10000 18628 141819 7120656 188136 23511
85 366 10000 18636 51067 7125283 184531 8473
387 96 10000 18720 74908 7183699 127618 12417
39 104 10000 18562 74908 7072142 240453 12417
158 26 10000 18727 74908 7189126 124088 12417
374 3 10000 18573 237853 7081628 231704 39430
337 104 10000 18775 37323 7226260 87288 6187
383 207 10000 18713 51067 7177402 136700 8473
1 300 10000 18770 51067 7220432 94669 8473
11 98 10001 18774 51067 7222779 92334 8473
324 347 10000 18335 237853 6860438 456803 39430
171 232 10000 18780 28000 7233705 84224 4644
380 88 10000 18729 74908 7192879 126764 12417
249 31 10000 18708 141819 7175123 145009 23511
303 23 10000 18707 141819 7174615 145544 23511
380 140 10000 18725 93293 7187450 135103 15471
75 226 10000 18439 573344 6958646 364112 95044
40 43 10000 18817 51067 7270811 52286 8473
299 224 10000 18750 51067 7205832 117887 8473
23 300 10000 18673 74908 7152349 172791 12417
266 101 10000 18731 93293 7193847 132507 15471
215 105 10000 18674 141819 7152672 175287 23511
272 395 10000 18778 51067 7232629 95879 8473
310 297 10000 18745 74908 7202784 126368 12417
330 205 10000 18711 93293 7176335 153827 15471
86 139 10000 18751 74908 7205896 124404 12417
372 248 10000 18724 93293 7186116 145717 15471
41 337 10000 18464 573344 6983134 351350 95044
398 158 10000 18786 51067 7240374 94280 8473
79 98 10000 18847 1177 7293676 41215 196
100 165 10000 18835 1177 7284716 50209 196
38 202 10000 18849 1177 7294590 41113 196
339 302 10000 18769 51067 7219373 117350 8473
182 176 10000 18746 93293 7204054 133220 15471
253 299 10000 18757 74908 7211372 126341 12417
371 13 10000 18560 573344 7069363 269790 95044
89 194 10000 18726 93293 7188211 151110 15471
33 131 10000 18617 141819 7114948 224989 23511
151 92 10000 18733 93293 7195043 147701 15471
339 187 10001 18696 74908 7166273 177767 12417
310 317 10000 18848 51067 7294582 50589 8473
314 319 10000 18854 51067 7298373 48253 8473
298 273 10000 18703 93293 7171287 175790 15471
101 26 10000 18633 237853 7123475 223816 39430
281 234 10000 18582 93293 7087607 260049 15471
127 8 10000 18722 93293 7185110 162768 15471
20 319 10000 18792 28000 7245245 105519 4644
17 97 10000 18721 141819 7184776 166226 23511
194 180 10000 18839 74908 7286326 64958 12417
184 114 10000 18760 74908 7213739 139406 12417
146 152 10000 18858 51067 7304376 49907 8473
195 130 10000 18690 237853 7162240 192202 39430
159 340 10000 18791 51067 7245177 109853 8473
392 9 10000 18801 51067 7257077 98346 8473
42 320 10000 18611 237853 7108426 247006 39430
93 153 10000 18692 141819 7164848 191394 23511
57 41 10000 18603 573344 7099312 257083 95044
394 189 10000 18684 237853 7156405 200193 39430
83 28 10000 18810 37323 7264554 93923 6187
300 115 10000 18503 573344 7018171 341026 95044
184 315 10000 18763 93293 7216685 144000 15471
389 111 10000 18755 141819 7210580 151635 23511
313 107 10000 18813 51067 7268472 94553 8473
223 221 10000 18493 93293 7010946 352589 15471
321 112 10000 18767 93293 7218614 145207 15471
112 352 10000 18771 141819 7220817 143458 23511
388 81 10000 18811 51067 7265376 100883 8473
46 48 10001 18863 28000 7308065 59637 4644
190 366 10000 18834 28000 7284411 83398 4644
343 140 10000 18759 141819 7213443 154871 23511
170 23 10000 18695 237853 7166205 203634 39430
363 229 10000 18647 237853 7130688 240314 39430
257 63 10000 18816 51067 7270704 100609 8473
202 372 10000 18796 74908 7250005 125432 12417
4 11 10000 18736 74908 7199704 177046 12417
174 140 10000 18734 237853 7198488 178649 39430
154 235 10000 18831 51067 7283024 94356 8473
266 109 10000 18793 93293 7246172 131240 15471
106 105 10000 18644 573344 7129434 248705 95044
299 121 10000 18798 51067 7251380 128186 8473
135 234 10000 18837 51067 7285706 94824 8473
34 51 10000 18842 51067 7289283 91947 8473
231 299 10000 18785 93293 7237359 144610 15471
42 37 10000 18738 74908 7200908 181086 12417
345 242 10001 18700 237853 7168821 213897 39430
306 301 10000 18883 51067 7327101 58065 8473
220 385 10000 18716 237853 7178496 207475 39430
46 283 10000 18710 237853 7176197 209841 39430
370 256 10001 18836 51067 7285402 101085 8473
148 90 10000 18740 93293 7201759 186667 15471
241 67 10000 18784 141819 7236752 152869 23511
300 374 10000 18756 74908 7210717 179319 12417
73 116 10000 18806 74908 7262309 128492 12417
278 214 10000 18704 237853 7172111 220574 39430
33 321 10000 18859 37323 7304462 89509 6187
221 230 10000 18876 93293 7322211 71913 15471
78 105 10000 18594 237853 7094418 300159 39430
396 21 10000 18605 141819 7099946 297102 23511
368 235 10000 18812 93293 7266434 131510 15471
37 35 10000 18918 28000 7356507 42109 4644
201 249 10000 18790 141819 7244337 155470 23511
270 369 10000 18855 51067 7300250 100918 8473
301 116 10000 18821 93293 7272139 131489 15471
354 50 10000 18819 74908 7271569 133272 12417
283 358 10000 18860 51067 7305542 100028 8473
24 79 10000 18910 1177 7350149 57083 196
321 387 10000 18824 93293 7274393 133812 15471
217 101 10000 18815 93293 7269755 138489 15471
283 364 10001 18868 51067 7312961 95519 8473
108 92 10000 18828 74908 7277867 130894 12417
42 327 10000 18803 51067 7258727 150737 8473
264 356 10000 18809 93293 7263690 146795 15471
334 183 10000 18607 237853 7104264 306453 39430
137 16 10000 18865 51067 7310118 101044 8473
338 132 10000 18838 74908 7286182 125840 12417
244 377 10000 18871 51067 7316555 95904 8473
171 323 10000 18881 37323 7326103 87558 6187
123 135 10000 18928 51067 7362542 52365 8473
177 302 10000 18841 74908 7288667 127012 12417
83 27 10000 18732 237853 7193988 223057 39430
332 120 10000 18912 1177 7351201 67997 196
152 59 10000 18853 51067 7298294 121837 8473
296 251 10000 18586 573344 7088779 333098 95044
333 165 10000 18510 573344 7026101 397264 95044
327 184 10000 18857 74908 7301969 124638 12417
254 148 10000 18875 51067 7322131 106804 8473
68 234 10000 18826 141819 7276754 152765 23511
222 2 10000 18823 74908 7273516 157630 12417
86 366 10000 18864 74908 7308424 125089 12417
115 312 10000 18888 51067 7330485 103976 8473
325 216 10000 18850 28000 7295152 139972 4644
243 342 10001 18890 51067 7332456 103729 8473
199 89 10000 18728 74908 7191744 244733 12417
167 312 10000 18753 74908 7206500 230199 12417
114 245 10000 18804 93293 7259573 178414 15471
230 113 10000 18805 141819 7260841 179776 23511
59 132 10000 18788 237853 7241725 200463 39430
45 302 10000 18862 74908 7307903 136009 12417
330 352 10000 18735 141819 7198958 249609 23511
192 346 10000 18866 74908 7312137 136442 12417
178 280 10000 18908 51067 7349971 99195 8473
66 124 10000 18903 51067 7344436 104830 8473
29 106 10000 17235 2076744 5985738 1463951 344245
58 279 10000 18873 74908 7319287 130459 12417
146 277 10000 18869 93293 7315050 134945 15471
391 156 10000 16597 2076744 5490275 1960003 344245
135 172 10000 18920 51067 7357210 93270 8473
82 377 10000 18898 51067 7337600 113650 8473
382 134 10001 18852 141819 7296169 155227 23511
191 259 10000 18861 74908 7305908 145583 12417
303 77 10000 18993 1177 7410933 41235 196
276 224 10000 18787 237853 7240564 211856 39430
238 102 10000 18940 28000 7371103 83038 4644
112 56 10000 18880 74908 7325232 131850 12417
354 276 10000 18599 573344 7095486 361949 95044
301 358 10000 18935 51067 7366567 91009 8473
189 114 10000 18886 74908 7328326 129702 12417
90 269 10000 18884 74908 7327401 131170 12417
326 220 10001 18879 74908 7323901 135912 12417
388 385 10000 18943 74908 7373269 86982 12417
329 272 10000 18843 74908 7289367 171262 12417
167 327 10000 18748 141819 7204956 256690 23511
329 173 10000 18443 237853 6963142 498704 39430
374 19 10000 18800 237853 7256473 205622 39430
223 299 10001 18517 93293 7031160 431232 15471
359 302 10000 18938 51067 7368135 95450 8473
337 384 10000 18941 51067 7371878 94221 8473
29 92 10000 17629 573344 6311730 1156083 95044
241 361 10000 18877 141819 7322402 147019 23511
42 165 10000 18919 51067 7356661 114723 8473
233 150 10000 18802 237853 7257600 214019 39430
337 242 10001 18944 51067 7373445 98664 8473
222 134 10000 18952 51067 7380805 91752 8473
391 205 10000 18904 93293 7347141 131567 15471
324 174 10001 18900 74908 7339993 139297 12417
258 272 10000 18917 74908 7355080 124576 12417
334 378 10000 18741 237853 7202203 277542 39430
237 286 10000 18960 51067 7385862 94053 8473
39 90 10000 18799 74908 7252425 228375 12417
364 145 10000 18807 237853 7262996 217838 39430
376 244 10000 18754 74908 7209194 272398 12417
260 308 10000 18889 93293 7332025 150739 15471
388 40 10000 18885 74908 7328158 154648 12417
222 351 10000 18914 93293 7352325 130838 15471
94 11 10000 18892 51067 7333596 149911 8473
231 324 10000 18761 237853 7214506 270060 39430
197 176 10000 18818 141819 7271241 216722 23511
48 217 10000 18980 37323 7398630 89897 6187
133 393 10000 18795 237853 7247494 241609 39430
250 211 10000 18825 237853 7275072 215537 39430
314 381 10000 18963 51067 7387638 103074 8473
256 275 10000 18832 237853 7283454 207821 39430
22 121 10000 18764 141819 7217064 274763 23511
295 0 10000 18772 237853 7221292 271286 39430
199 217 10000 18779 74908 7233517 261357 12417
57 83 10000 18820 237853 7271642 223285 39430
66 337 10000 18567 573344 7077628 417861 95044
130 276 10000 18970 51067 7392687 103750 8473
118 42 10000 18924 74908 7359188 137838 12417
30 198 10000 18794 74908 7247480 249559 12417
302 186 10000 18902 93293 7344172 154326 15471
368 380 10000 18979 51067 7398188 101271 8473
298 279 10000 18933 51067 7365163 135652 8473
204 360 10000 18990 51067 7409259 91573 8473
74 358 10000 18911 74908 7350772 150896 12417
244 167 10000 18915 141819 7353811 147884 23511
231 305 10000 18982 51067 7403467 98565 8473
127 277 10000 18948 74908 7377303 125008 12417
191 5 10000 18945 74908 7374762 128022 12417
179 36 10000 18994 51067 7411808 91384 8473
340 46 10000 18998 51067 7413054 91276 8473
114 274 10000 18923 51067 7358372 146833 8473
359 380 10000 18950 74908 7379018 127059 12417
131 75 10000 18645 237853 7129786 376530 39430
23 336 10000 18668 573344 7145378 362938 95044
1 358 10000 18997 51067 7412758 95733 8473
396 398 10000 18932 28000 7364603 143916 4644
6 28 10000 18987 51067 7407108 101449 8473
294 367 10000 18926 141819 7361586 147095 23511
302 4 10000 18664 573344 7144172 364892 95044
343 56 10000 18949 93293 7378543 130772 15471
277 180 10000 18758 237853 7213359 296389 39430
263 323 10000 18931 141819 7364486 147234 23511
223 202 10000 18522 141819 7040938 471096 23511
57 255 10000 18942 51067 7372784 140424 8473
266 159 10000 19009 51067 7422312 91929 8473
395 165 10000 18245 573344 6790125 724131 95044
175 354 10000 18913 141819 7351664 162945 23511
12 273 10000 19011 51067 7423442 92002 8473
99 281 10000 18768 237853 7218938 298736 39430
74 302 10000 18947 74908 7376389 141895 12417
114 62 10000 18946 51067 7374896 144202 8473
305 185 10000 19005 51067 7418001 104815 8473
242 70 10000 18959 93293 7385662 138205 15471
252 11 10000 19014 51067 7427129 96839 8473
326 264 10000 18974 74908 7396775 128418 12417
67 137 10000 18972 74908 7393570 132163 12417
356 67 10000 18693 573344 7165033 360703 95044
234 195 10000 18971 74908 7392810 132945 12417
120 295 10000 19012 51067 7424265 102724 8473
130 374 10000 18999 51067 7413425 113811 8473
77 388 10000 19025 37323 7439827 87862 6187
21 39 10000 19024 141819 7439325 89649 23511
119 378 10000 18699 237853 7168787 361385 39430
314 66 10000 18930 93293 7363816 168050 15471
99 218 10000 19019 51067 7431909 100489 8473
152 174 10000 18899 74908 7338456 194106 12417
232 181 10000 18953 93293 7381296 152035 15471
96 375 10001 18653 573344 7134491 400959 95044
236 299 10000 18996 74908 7412249 125692 12417
197 248 10000 18894 93293 7335547 202552 15471
101 397 10000 18989 74908 7408122 130220 12417
198 185 10000 19076 51067 7488630 50014 8473
359 358 10000 19079 51067 7490953 47855 8473
316 315 10000 19070 51067 7484422 55134 8473
133 146 10000 18907 74908 7349212 190763 12417
51 132 10000 18882 237853 7326992 213514 39430
202 14 10000 19062 4264 7475819 64971 708
218 53 10000 18956 141819 7383607 159217 23511
203 36 10000 18961 141819 7387310 156044 23511
123 9 10000 19031 51067 7447471 96651 8473
193 273 10000 18574 573344 7081758 462413 95044
100 305 10000 18975 141819 7396938 148490 23511
329 61 10000 19049 1177 7462240 83492 196
257 381 10000 18916 237853 7354610 191918 39430
121 212 10000 18777 573344 7228562 318999 95044
95 267 10000 18968 51067 7391453 162215 8473
130 387 10000 19037 51067 7451541 102252 8473
21 275 10000 19044 51067 7456065 97933 8473
366 323 10000 19015 74908 7428603 125913 12417
84 112 10000 19047 37323 7459015 95984 6187
77 309 10000 18765 237853 7217166 338612 39430
82 134 10000 18991 141819 7409782 147216 23511
394 241 10000 18954 141819 7381298 175854 23511
189 47 10000 19023 74908 7433966 125833 12417
23 106 10000 18978 51067 7397897 162185 8473
157 379 10000 18937 237853 7367266 193740 39430
357 285 10000 19018 93293 7431725 131038 15471
41 209 10000 14690 7521945 3925893 3637270 1246840
32 220 10000 18951 141819 7379607 184156 23511
205 71 10000 18505 573344 7020392 544783 95044
368 40 10000 19116 1177 7523345 44575 196
385 6 10000 19021 74908 7433517 134704 12417
196 371 10000 18878 237853 7322621 246317 39430
174 21 10000 19057 51067 7472660 96481 8473
95 10 10000 18967 74908 7391384 177975 12417
80 109 10000 18939 141819 7370215 199411 23511
175 219 10000 19028 74908 7445951 125065 12417
147 263 10000 19017 74908 7430872 140651 12417
177 235 10000 19002 141819 7415739 155824 23511
63 300 10000 19035 51067 7451200 120521 8473
18 35 10000 19029 74908 7446475 126186 12417
142 50 10000 16263 2076744 5218722 2356768 344245
239 282 10001 18822 573344 7272580 304629 95044
368 2 10000 19038 74908 7452107 125702 12417
146 363 10000 19036 74908 7451210 126696 12417
202 368 10000 18929 237853 7362879 216112 39430
48 205 10000 18984 74908 7404199 176199 12417
346 324 10000 19074 51067 7486500 98230 8473
312 365 10000 18962 237853 7387493 197741 39430
202 318 10000 18977 93293 7397320 188268 15471
256 131 10000 19027 93293 7442397 143816 15471
54 83 10000 19149 1177 7544219 42319 196
146 88 10000 19158 1177 7549036 41881 196
161 2 10000 19082 51067 7494494 97125 8473
32 120 10000 19041 51067 7453604 140695 8473
46 380 10000 19086 51067 7499463 96247 8473
87 256 10000 18412 237853 6939334 656922 39430
134 243 10000 19073 37323 7486296 110689 6187
276 253 10001 19013 141819 7426165 171443 23511
4 138 10000 18901 93293 7344081 258212 15471
203 40 10000 19004 237853 7417811 185333 39430
91 166 10000 18995 237853 7412175 192366 39430
23 224 10000 19087 28000 7500410 104215 4644
176 99 10000 19077 28000 7490039 115688 4644
109 209 10000 18909 237853 7350070 255747 39430
19 250 10000 19093 51067 7504648 102807 8473
331 309 10000 18958 141819 7385634 222132 23511
289 17 10000 19170 15443 7557577 50276 2565
328 120 10000 19055 93293 7472146 136211 15471
391 91 10000 18969 74908 7392032 216432 12417
248 8 10000 19066 74908 7481619 127387 12417
348 389 10000 18981 237853 7402614 207876 39430
241 318 10000 19053 93293 7468182 143804 15471
12 357 10000 19108 51067 7518046 95098 8473
304 67 10000 19030 141819 7447311 167567 23511
55 229 10000 19034 74908 7450422 166341 12417
375 53 10000 19068 93293 7482223 136291 15471
126 264 10000 19109 51067 7518095 100874 8473
382 304 10000 19111 51067 7519140 100502 8473
388 55 10000 19056 51067 7472281 147635 8473
86 271 10000 19119 51067 7525791 95966 8473
77 123 10001 19045 141819 7456767 165410 23511
230 111 10000 18096 2076744 6674682 948175 344245
382 241 10001 19063 93293 7476023 147526 15471
27 68 10000 19043 51067 7454670 169137 8473
243 322 10001 19128 37323 7532985 90880 6187
51 225 10000 19069 74908 7483559 140546 12417
391 239 10000 19134 51067 7534626 91413 8473
50 293 10000 19085 74908 7498847 128100 12417
187 175 10000 19090 74908 7502528 124836 12417
84 353 10000 19129 51067 7533611 94375 8473
110 33 10000 19061 141819 7475105 153296 23511
215 309 10000 19137 51067 7535760 93033 8473
22 375 10000 18846 573344 7292900 337139 95044
339 252 10000 19106 51067 7516414 114471 8473
202 220 10000 19058 74908 7473758 158712 12417
191 319 10000 19150 37323 7544339 88142 6187
394 35 10000 19084 93293 7497851 134725 15471
130 327 10001 19075 141819 7487462 145568 23511
108 372 10000 19136 51067 7535386 97919 8473
163 15 10000 19097 74908 7507842 126280 12417
275 107 10001 19146 51067 7541171 93069 8473
101 311 10000 19080 93293 7491341 143093 15471
159 190 10000 19099 74908 7509206 126402 12417
173 153 10000 19135 51067 7534649 101422 8473
146 262 10000 18976 93293 7396994 243017 15471
59 56 10000 19215 51067 7591567 49905 8473
331 122 10000 19223 1177 7596833 44682 196
239 270 10000 19107 74908 7517075 125039 12417
296 262 10000 19081 141819 7493232 148973 23511
276 341 10000 19110 74908 7518475 124682 12417
220 396 10000 19112 74908 7519237 125247 12417
56 53 10000 19222 51067 7594676 50007 8473
69 137 10000 19154 37323 7547356 97540 6187
308 215 10000 19115 74908 7521595 125194 12417
333 157 10000 19160 51067 7550377 97290 8473
388 180 10000 18906 237853 7348519 300008 39430
137 147 10000 19175 37323 7560094 91780 6187
324 120 10000 19048 74908 7461695 190855 12417
364 48 10000 19118 74908 7525140 127891 12417
351 160 10000 19162 51067 7552433 101151 8473
386 133 10000 19157 51067 7548435 105923 8473
68 77 10000 19241 37323 7609498 45172 6187
193 130 10000 18992 237853 7410186 244765 39430
48 266 10000 19022 237853 7433663 221695 39430
288 16 10000 19122 74908 7526908 128744 12417
399 151 10000 19180 37323 7564149 91701 6187
3 288 10000 19103 93293 7513376 142601 15471
28 199 10000 19060 51067 7474917 182924 8473
54 318 10000 18783 573344 7234642 423357 95044
322 166 10000 19114 74908 7521480 138916 12417
398 357 10000 19096 37323 7507839 154766 6187
183 134 10000 19052 237853 7466160 197691 39430
133 253 10000 19123 74908 7527246 137484 12417
135 188 10001 19143 74908 7538219 126689 12417
206 35 10000 19125 74908 7530677 135557 12417
240 33 10000 19064 51067 7478264 188477 8473
347 342 10000 19243 28000 7611159 55584 4644
374 141 10000 19113 141819 7519523 147264 23511
273 110 10000 19016 93293 7430800 236511 15471
117 267 10000 19145 74908 7539221 128739 12417
299 73 10000 19051 237853 7466087 202277 39430
278 99 10000 19195 37323 7576357 92471 6187
366 141 10001 19140 93293 7536713 132856 15471
74 379 10000 18867 573344 7312595 357542 95044
223 284 10000 18814 74908 7269201 402606 12417
200 42 10000 19127 93293 7531807 140101 15471
158 311 10000 19153 74908 7546162 125928 12417
3 274 10000 19098 141819 7508093 165106 23511
389 153 10000 19124 141819 7527526 146612 23511
10 346 10000 19151 51067 7544855 129377 8473
273 81 10000 19148 51067 7542242 133700 8473
177 286 10000 19161 74908 7551255 125785 12417
197 246 10000 18856 573344 7300265 377511 95044
334 5 10000 19117 74908 7524555 153714 12417
348 201 10001 19199 51067 7580721 97894 8473
245 324 10000 19206 51067 7587238 92226 8473
291 168 10000 18934 237853 7366255 313599 39430
216 284 10000 19039 141819 7452808 228557 23511
74 20 10000 19040 237853 7452896 228661 39430
104 21 10000 19078 237853 7490462 192356 39430
255 352 10000 18781 237853 7233882 449243 39430
336 399 10000 18964 237853 7388771 294490 39430
383 42 10000 19205 51067 7585704 98475 8473
354 97 10000 19133 141819 7534167 150358 23511
20 55 10000 19177 28000 7561569 124103 4644
166 368 10000 18830 573344 7281837 404522 95044
329 129 10000 19026 74908 7442227 244189 12417
390 244 10000 19212 37323 7590914 96170 6187
29 89 10000 19231 28000 7603228 84510 4644
386 30 10000 19213 51067 7591042 98367 8473
134 11 10000 19165 74908 7554333 135360 12417
339 167 10000 19182 74908 7566916 125085 12417
201 389 10000 19185 74908 7568166 126412 12417
95 0 10000 19163 51067 7553799 141253 8473
306 342 10000 18895 573344 7335809 359820 95044
100 385 10000 19283 4264 7644590 51496 708
151 16 10000 19192 51067 7574642 122328 8473
212 166 10000 19218 51067 7592531 104630 8473
50 259 10000 19167 74908 7555623 142027 12417
154 24 10000 19194 74908 7575485 124183 12417
208 113 10000 19187 93293 7568715 131585 15471
238 164 10000 19197 74908 7577863 123975 12417
245 284 10000 19100 141819 7510169 194171 23511
301 267 10000 19209 51067 7589835 114793 8473
397 128 10000 19042 93293 7453903 251245 15471
162 218 10001 19310 1177 7664437 40820 196
298 125 10000 19164 51067 7554285 150977 8473
391 92 10000 19236 51067 7606875 98975 8473
206 113 10000 19006 237853 7418940 287418 39430
15 8 10000 19190 37323 7574230 133354 6187
100 344 10000 19188 93293 7572019 136678 15471
144 185 10000 19172 141819 7558679 150621 23511
10 49 10000 18925 573344 7359488 349880 95044
103 122 10000 19168 141819 7555680 153730 23511
291 104 10000 18887 573344 7330277 379212 95044
397 309 10000 19184 93293 7567971 142741 15471
341 375 10000 19171 141819 7558331 153177 23511
63 197 10000 19203 74908 7585141 126408 12417
326 51 10000 19204 74908 7585210 126994 12417
388 183 10000 19095 74908 7505609 206644 12417
256 8 10000 19176 141819 7560935 152040 23511
54 254 10000 19152 141819 7545177 168227 23511
183 244 10000 19083 93293 7495040 220140 15471
324 170 10000 19147 93293 7541255 175232 15471
259 236 10000 19251 51067 7618903 98838 8473
3 16 10000 19259 141819 7626457 92115 23511
29 279 10001 19242 51067 7609573 110189 8473
132 316 10000 15854 7521945 4862430 2858475 1246840
48 384 10000 19216 74908 7591713 129686 12417
31 102 10000 19169 141819 7556324 165426 23511
310 393 10000 19088 237853 7500638 223286 39430
243 52 10000 18893 237853 7333707 391540 39430
44 257 10000 18808 573344 7263593 461892 95044
100 266 10000 19126 237853 7531048 197056 39430
225 298 10000 18983 573344 7404012 324651 95044
348 68 10000 19262 51067 7631023 98490 8473
364 28 10001 19207 74908 7587286 142415 12417
28 127 10000 19198 93293 7578824 151003 15471
329 321 10000 19280 51067 7642184 88186 8473
18 244 10000 19174 141819 7559302 171904 23511
35 29 10000 19309 93293 7664111 67778 15471
118 16 10000 19278 51067 7641266 91688 8473
306 322 10000 19121 141819 7526591 208508 23511
307 337 10000 19276 37323 7640972 94147 6187
207 225 10000 19281 51067 7643598 95476 8473
250 263 10000 19277 37323 7641255 98791 6187
305 245 10000 19173 141819 7558877 182800 23511
329 165 10000 19094 141819 7505221 237250 23511
384 296 10000 19201 93293 7581044 162619 15471
34 302 10000 19233 74908 7605063 138843 12417
206 128 10000 18614 573344 7111618 632393 95044
57 220 10000 19202 141819 7583625 160680 23511
265 89 10000 19033 93293 7450042 294718 15471
99 283 10000 19159 141819 7549136 196710 23511
4 41 10000 19228 74908 7599207 146798 12417
80 384 10000 19279 51067 7641872 104889 8473
142 83 10000 18896 237853 7335979 410878 39430
384 206 10000 19346 1177 7689425 58499 196
332 248 10000 18922 237853 7358329 390021 39430
161 330 10000 19183 141819 7567591 181211 23511
9 151 10000 19059 141819 7474602 275143 23511
397 377 10000 19178 237853 7561898 188382 39430
109 280 10000 19293 51067 7653136 98193 8473
195 267 10001 19304 51067 7659605 93812 8473
330 219 10000 19186 141819 7568461 185443 23511
114 319 10000 19072 237853 7485497 268599 39430
189 43 10000 19102 237853 7510861 243852 39430
295 392 10000 18936 237853 7366993 388058 39430
353 293 10000 19240 141819 7609090 147151 23511
74 371 10000 19252 74908 7620795 135846 12417
131 5 10000 19245 28000 7612398 144645 4644
150 290 10000 19264 74908 7633430 124827 12417
153 345 10001 19007 573344 7420757 337667 95044
160 345 10000 19141 237853 7536960 222349 39430
218 47 10000 19239 141819 7607649 151672 23511
175 65 10000 19273 74908 7638648 124010 12417
73 177 10000 19319 51067 7671175 91889 8473
81 2 10000 19235 93293 7606723 156907 15471
182 81 10000 19300 51067 7658297 105927 8473
356 165 10000 19316 51067 7668948 96410 8473
191 343 10000 19271 74908 7638396 127218 12417
256 110 10000 19269 93293 7636556 131231 15471
280 255 10000 18833 573344 7283777 484693 95044
40 119 10000 19321 51067 7671509 97034 8473
360 77 10000 19266 93293 7634955 133883 15471
220 356 10000 19294 51067 7653795 115309 8473
149 253 10000 19332 37323 7680971 88717 6187
67 3 10000 19330 51067 7680397 91544 8473
23 325 10000 19156 237853 7547992 223958 39430
171 334 10000 19272 74908 7638568 135336 12417
260 159 10000 19221 141819 7594351 179816 23511
288 49 10000 19067 237853 7481765 292717 39430
261 51 10000 19298 51067 7657925 117247 8473
242 228 10000 19274 93293 7639123 137462 15471
81 258 10000 19290 74908 7651549 125208 12417
236 170 10000 19394 1177 7735797 41491 196
350 84 10000 19318 51067 7670153 107834 8473
50 22 10000 19328 51067 7679883 98287 8473
217 325 10000 19232 93293 7603423 176269 15471
197 271 10000 19238 93293 7607324 173676 15471
95 184 10000 19317 51067 7670036 111193 8473
72 316 10000 19342 51067 7686755 94617 8473
283 80 10000 19257 93293 7625273 157042 15471
10 372 10001 19071 573344 7484737 297986 95044
113 43 10000 19302 74908 7658600 124470 12417
337 55 10000 19265 141819 7633980 149172 23511
179 26 10000 19237 141819 7606923 176384 23511
93 119 10000 19275 141819 7639628 146125 23511
219 110 10000 19404 4264 7739211 46817 708
143 326 10000 19338 51067 7685426 101929 8473
271 81 10000 19248 74908 7613854 174386 12417
304 147 10001 19284 93293 7645255 143392 15471
193 327 10000 19345 51067 7689267 99402 8473
108 95 10000 19329 51067 7680117 109352 8473
357 74 10000 19315 74908 7666674 124603 12417
175 18 10000 19295 93293 7654217 137380 15471
11 268 10000 18986 573344 7404824 388172 95044
261 295 10000 19287 74908 7647621 145686 12417
25 328 10001 18743 573344 7202513 591417 95044
4 374 10000 19413 1177 7745207 49832 196
229 310 10000 19288 74908 7648152 147410 12417
261 54 10000 19307 93293 7661810 134527 15471
139 337 10000 19349 51067 7694430 102099 8473
323 30 10000 19311 74908 7664471 132454 12417
369 61 10000 19267 141819 7634975 162168 23511
367 235 10000 19322 74908 7671562 126075 12417
31 142 10000 19258 93293 7626429 171401 15471
351 353 10000 19402 74908 7737813 65222 12417
349 131 10000 19325 74908 7675711 128204 12417
9 93 10000 19208 93293 7588772 215540 15471
207 147 10000 19333 74908 7681194 124144 12417
219 252 10000 19367 37323 7715204 90664 6187
229 51 10000 19229 237853 7600730 205776 39430
146 113 10000 19226 93293 7598535 208825 15471
189 149 10000 19314 93293 7666036 142221 15471
391 81 10000 19313 74908 7665753 143046 12417
313 166 10000 19339 51067 7685574 123479 8473
36 305 10000 19353 51067 7697298 111991 8473
315 348 10000 19144 74908 7538442 271181 12417
358 162 10000 19312 74908 7665720 143938 12417
225 175 10000 19306 141819 7661657 148396 23511
6 156 10000 19366 51067 7714467 95589 8473
319 126 10000 19388 1177 7731189 78919 196
200 336 10000 19368 51067 7715294 97895 8473
99 161 10000 19263 74908 7631703 182778 12417
229 305 10000 19299 74908 7658137 158126 12417
360 292 10000 19234 237853 7605528 211932 39430
334 331 10000 19416 93293 7750184 68148 15471
87 267 10000 19289 1177 7648633 171717 196
223 130 10000 19010 141819 7422476 400552 23511
20 204 10000 19285 93293 7646111 177363 15471
107 206 10000 19352 74908 7696009 127799 12417
276 246 10001 19130 573344 7533628 296878 95044
265 161 10000 19191 74908 7574498 256782 12417
287 173 10000 19397 51067 7736991 94644 8473
191 94 10000 19403 37323 7738957 93230 6187
61 293 10000 19347 74908 7691066 142019 12417
297 169 10000 19360 74908 7708681 124814 12417
365 200 10000 19179 573344 7563723 270884 95044
32 395 10000 19378 51067 7722006 112675 8473
188 67 10000 19410 51067 7742043 93904 8473
247 138 10000 19046 573344 7459007 377387 95044
285 28 10000 19247 93293 7613526 223404 15471
81 349 10000 19327 51067 7679543 160106 8473
205 134 10000 19389 51067 7732752 107494 8473
282 321 10000 19092 237853 7503992 337089 39430
150 85 10000 19411 51067 7744046 97155 8473
163 224 10000 19398 51067 7737136 105192 8473
51 91 10000 19340 141819 7685881 158673 23511
266 221 10000 19369 93293 7715633 130922 15471
304 36 10000 19282 237853 7643602 202968 39430
168 353 10001 19376 74908 7721917 124904 12417
212 285 10000 19374 93293 7719061 130888 15471
155 96 10000 19246 93293 7612752 237400 15471
169 356 10000 19225 141819 7598504 251653 23511
259 352 10000 19365 93293 7711768 139066 15471
368 371 10001 19436 141819 7765459 85697 23511
148 288 10000 19412 51067 7744203 108453 8473
282 54 10000 19181 237853 7565422 287458 39430
28 81 10000 19344 93293 7688754 164478 15471
213 7 10000 19424 51067 7754714 99013 8473
104 188 10000 19429 28000 7758774 96090 4644
393 266 10000 19268 237853 7635653 220597 39430
218 236 10000 19326 141819 7677895 178778 23511
316 54 10000 19132 141819 7534163 322571 23511
370 155 10001 19386 74908 7731054 126588 12417
369 398 10000 19383 93293 7727876 130902 15471
78 202 10000 19254 237853 7622354 236451 39430
295 189 10000 19320 141819 7671261 187907 23511
64 66 10000 19483 51067 7811812 47533 8473
36 112 10000 19405 51067 7739957 120452 8473
204 43 10000 19364 141819 7711345 150696 23511
81 206 10000 19372 93293 7716864 146734 15471
296 389 10000 19362 141819 7709662 154194 23511
355 181 10000 19220 237853 7594189 271207 39430
182 371 10000 18166 2076744 6727461 1138031 344245
396 179 10000 19217 93293 7591905 273755 15471
21 383 10000 19406 74908 7740663 125443 12417
289 250 10000 19211 573344 7590811 275472 95044
361 163 10000 18301 573344 6833183 1033726 95044
54 24 10000 19418 51067 7750644 116388 8473
193 322 10000 19451 37323 7781597 88479 6187
296 119 10000 19120 237853 7526096 344201 39430
387 154 10000 19138 573344 7536050 334688 95044
292 358 10000 19409 74908 7741467 133167 12417
100 149 10000 19454 51067 7782842 91889 8473
187 58 10000 19445 51067 7773902 100905 8473
214 125 10000 19210 573344 7590789 284454 95044
320 201 10000 19391 51067 7733558 141747 8473
340 343 10001 19496 51067 7826703 49520 8473
155 249 10000 19399 74908 7737378 139479 12417
86 344 10000 19379 141819 7726098 151653 23511
148 353 10000 19415 74908 7749544 128214 12417
47 314 10000 19358 51067 7707852 170178 8473
90 158 10000 18955 573344 7383459 495630 95044
307 120 10000 19371 141819 7716404 163101 23511
64 255 10000 19020 573344 7432726 447195 95044
200 381 10000 19446 51067 7774848 105473 8473
14 66 10000 19408 74908 7741418 139340 12417
36 17 10000 19400 93293 7737477 146313 15471
151 286 10000 19227 237853 7598612 285586 39430
152 347 10002 19261 237853 7628631 255680 39430
132 309 10000 19465 28000 7800346 84084 4644
326 58 10000 19432 51067 7760601 124239 8473
74 171 10000 19375 141819 7720656 165481 23511
344 179 10000 19515 1177 7844266 44557 196
335 105 10000 19256 237853 7625009 263855 39430
25 33 10000 19498 74908 7827256 62443 12417
152 63 10000 18747 573344 7204837 685312 95044
256 311 10000 19323 141819 7673197 218830 23511
266 193 10000 19441 74908 7768358 124577 12417
117 172 10000 19387 74908 7731088 161883 12417
123 23 10000 19253 74908 7620972 272218 12417
236 224 10000 19518 51067 7845489 48710 8473
357 360 10000 19467 51067 7801699 93014 8473
86 117 10000 19244 141819 7611243 283507 23511
352 38 10000 19200 237853 7580919 315827 39430
90 153 10000 19390 74908 7733002 163866 12417
274 232 10000 19414 141819 7745591 151508 23511
139 319 10000 19444 74908 7773818 124431 12417
341 309 10000 19470 51067 7804070 95131 8473
18 296 10000 19417 74908 7750213 149191 12417
298 376 10000 19459 51067 7794930 105288 8473
29 53 10000 19443 93293 7769884 130646 15471
106 158 10000 19370 237853 7715778 185575 39430
281 52 10000 19348 51067 7691550 210708 8473
74 240 10000 19440 93293 7767786 135643 15471
320 390 10000 19351 93293 7694605 209872 15471
301 395 10000 19423 141819 7754703 150225 23511
353 84 10000 19104 237853 7514886 390120 39430
28 155 10000 19463 28000 7799944 106730 4644
165 150 10001 19385 141819 7730548 176293 23511
270 239 10000 19439 74908 7767779 139800 12417
151 18 10000 19449 51067 7779419 128929 8473
48 272 10000 19334 74908 7681878 226520 12417
137 18 10000 19477 51067 7809280 99333 8473
107 141 10000 19447 93293 7777203 131691 15471
95 36 10000 18874 573344 7319778 590272 95044
155 339 10000 19464 51067 7800037 110043 8473
161 303 10000 19453 74908 7782737 127673 12417
157 292 10000 19363 237853 7711176 199778 39430
103 366 10000 19450 93293 7780253 132202 15471
380 318 10000 19437 93293 7766489 146552 15471
28 101 10000 19442 74908 7768657 145509 12417
207 393 10000 19490 51067 7815412 100420 8473
252 292 10000 19139 237853 7536085 380511 39430
217 306 10001 19296 237853 7655664 261006 39430
241 182 10000 19032 573344 7449027 468847 95044
3 174 10000 19301 237853 7658527 259793 39430
99 348 10000 19491 51067 7815809 103574 8473
343 146 10000 19422 74908 7754401 165799 12417
42 209 10000 18317 573344 6844066 1077388 95044
284 217 10001 19297 141819 7657758 264215 23511
203 299 10000 19361 141819 7709533 214239 23511
292 325 10000 19380 237853 7726791 198184 39430
285 346 10000 19502 37323 7834415 92736 6187
6 68 10000 19356 237853 7704003 223801 39430
117 371 10000 19473 74908 7804837 125879 12417
165 199 10000 19392 141819 7735234 196733 23511
323 366 10000 19508 51067 7839266 93005 8473
6 9 10000 19492 93293 7816281 116445 15471
103 16 10000 19511 37323 7840434 93112 6187
169 149 10000 19331 141819 7680744 252959 23511
138 73 10000 19472 51067 7804605 130081 8473
360 4 10000 19509 51067 7839937 94823 8473
161 246 10000 19479 74908 7810058 125296 12417
97 238 10000 19305 141819 7661290 274820 23511
172 158 10000 19482 74908 7810888 125571 12417
320 395 10000 19308 237853 7662126 275228 39430
233 195 10000 19489 74908 7814657 123569 12417
150 285 10000 19430 141819 7759431 178858 23511
206 336 10000 19520 51067 7846883 91828 8473
170 13 10000 19553 15443 7888026 51279 2565
202 91 10000 19461 74908 7797926 143985 12417
394 111 10000 19524 37323 7855509 87769 6187
33 125 10000 19475 93293 7807681 137038 15471
101 114 10000 19562 51067 7892166 54330 8473
46 173 10000 19486 93293 7813301 133354 15471
246 319 10000 19230 237853 7602185 346772 39430
248 140 10000 19469 141819 7803257 147034 23511
333 359 10000 19480 51067 7810169 141228 8473
193 319 10000 19528 51067 7862371 91367 8473
188 242 10000 19425 237853 7755829 202970 39430
37 230 10000 19523 51067 7854404 105575 8473
369 130 10001 19537 51067 7871006 91765 8473
388 136 10000 19131 237853 7534158 430371 39430
222 28 10000 19484 141819 7812315 153112 23511
316 103 10000 19493 51067 7820399 145706 8473
65 274 10000 19354 141819 7701436 265982 23511
270 14 10000 19597 1177 7920176 47271 196
77 186 10000 19539 51067 7872925 94999 8473
164 355 10000 19533 51067 7865363 102695 8473
4 9 10000 10835 27244995 700217 7268140 4516136
216 343 10000 19532 51067 7864761 103814 8473
75 186 10000 19527 51067 7860784 108079 8473
259 46 10001 19531 51067 7863788 105776 8473
114 381 10000 18488 2076744 7005897 967126 344245
239 241 10000 19507 93293 7838592 135640 15471
386 63 10000 19541 51067 7875387 98886 8473
247 141 10000 19435 141819 7764856 211521 23511
318 242 10001 19610 1177 7933738 43425 196
121 36 10000 19495 93293 7825743 152152 15471
84 233 10000 19512 93293 7840948 139184 15471
265 245 10000 19249 237853 7616660 363652 39430
382 193 10000 19517 93293 7845029 135869 15471
228 123 10000 19514 93293 7842417 139284 15471
325 194 10000 19538 51067 7872177 109763 8473
62 314 10000 18554 573344 7064480 918783 95044
110 45 10000 19571 28000 7899898 83476 4644
236 376 10000 19420 141819 7753111 231094 23511
333 180 10000 18782 2076744 7234251 751913 344245
121 107 10000 19499 141819 7830092 158473 23511
209 235 10000 19521 93293 7848813 141292 15471
200 17 10000 19534 74908 7865566 125106 12417
284 323 10000 19516 51067 7844324 147462 8473
7 377 10000 19485 141819 7812954 179639 23511
69 247 10000 19336 573344 7683134 310086 95044
219 105 10000 19250 573344 7618478 375094 95044
369 51 10000 19575 51067 7902477 91230 8473
352 155 10000 19401 93293 7737665 256340 15471
109 180 10000 19525 93293 7858066 136908 15471
145 328 10000 19393 237853 7735676 259536 39430
354 54 10000 19503 141819 7835132 161785 23511
372 137 10000 19580 37323 7909188 89523 6187
75 244 10000 19462 141819 7799199 199631 23511
17 71 10000 19506 141819 7838014 161687 23511
77 255 10000 19500 51067 7833043 168173 8473
194 149 10000 19581 37323 7909946 92122 6187
149 64 10000 19593 28000 7917865 84507 4644
379 58 10000 19598 28000 7921247 83395 4644
101 290 10000 19583 51067 7911285 94142 8473
94 90 10000 19566 74908 7895134 110813 12417
172 158 10001 19530 93293 7863007 143111 15471
69 244 10000 19448 237853 7778729 227510 39430
153 187 10000 19535 93293 7868911 137700 15471
16 191 10000 19457 237853 7790914 216177 39430
358 386 10000 19529 141819 7862686 144666 23511
111 55 10000 18133 573344 6703721 1303971 95044
321 392 10000 19578 51067 7907565 101103 8473
19 223 10000 19455 237853 7783488 225366 39430
184 259 10000 19543 93293 7876087 133191 15471
324 153 10000 19625 1177 7953968 56538 196
33 14 10000 17585 2076744 6271679 1740990 344245
187 97 10001 19584 37323 7912656 100111 6187
351 69 10000 19547 93293 7878411 135259 15471
155 273 10000 19335 573344 7682139 333227 95044
117 283 10000 19579 51067 7908157 107510 8473
10 222 10001 19536 141819 7868983 146723 23511
62 189 10001 19427 37323 7758461 258759 6187
172 165 10000 19656 51067 7971702 47775 8473
209 351 10000 19558 74908 7889523 129984 12417
115 311 10000 19556 74908 7888720 130812 12417
293 206 10000 19561 74908 7891230 128660 12417
16 138 10000 19569 74908 7898225 124163 12417
144 295 10000 19505 237853 7837484 185243 39430
41 157 10000 19560 93293 7890510 133082 15471
367 378 10000 19663 51067 7974658 49692 8473
208 18 10000 19639 15443 7965005 59962 2565
257 190 10000 19573 74908 7901398 124344 12417
23 163 10000 19602 51067 7923892 102109 8473
294 239 10000 19373 573344 7718168 311261 95044
354 355 10000 19643 74908 7966378 64637 12417
396 169 10000 19474 51067 7805426 225991 8473
285 147 10000 19540 141819 7873507 159031 23511
287 339 10000 19621 28000 7947999 84892 4644
178 3 10000 19570 74908 7898570 135119 12417
347 93 10000 19377 237853 7721976 313840 39430
40 241 10000 19546 141819 7877842 158038 23511
162 142 10000 19620 51067 7946037 91143 8473
390 24 10000 19350 573344 7694535 343323 95044
285 20 10000 19587 74908 7914034 124427 12417
183 268 10000 19590 74908 7914830 124330 12417
26 364 10000 19555 141819 7888666 150571 23511
75 161 10000 19568 74908 7895451 143877 12417
394 19 10000 18840 573344 7286615 754370 95044
397 389 10000 19608 237853 7931765 110201 39430
390 253 10000 19619 37323 7944749 97562 6187
186 188 10000 19686 51067 7990393 53430 8473
190 178 10000 19396 573344 7736698 308353 95044
302 65 10000 19476 141819 7807829 239019 23511
170 112 10000 19600 74908 7922539 124327 12417
73 37 10000 19438 237853 7767393 280989 39430
186 222 10000 19596 74908 7919996 129303 12417
268 395 10000 19567 141819 7895253 154620 23511
61 393 10000 19628 51067 7956706 94045 8473
141 120 10001 19522 141819 7854025 197032 23511
292 322 10000 19649 28000 7968375 83416 4644
194 386 10000 19599 93293 7921409 130829 15471
347 121 10000 19381 237853 7726865 325428 39430
75 73 10000 19679 51067 7988798 64200 8473
98 93 10000 19660 141819 7972781 81188 23511
297 164 10000 19606 74908 7928296 125714 12417
278 152 10001 19549 141819 7885272 169655 23511
123 388 10000 19629 51067 7957374 97769 8473
388 237 10000 19607 74908 7928706 127188 12417
43 278 10000 19657 28000 7971890 85198 4644
299 332 10000 19604 74908 7926866 130464 12417
397 259 10000 19632 51067 7958768 99277 8473
258 208 10000 19633 51067 7959370 99011 8473
225 223 10000 19690 93293 7991251 67330 15471
255 116 10000 19557 141819 7888924 170907 23511
37 396 10000 19650 51067 7968462 92531 8473
71 271 10000 19614 74908 7938213 124331 12417
66 183 10000 18766 573344 7217481 845201 95044
109 74 10000 19605 74908 7927736 135146 12417
132 393 10000 19664 37323 7977177 86438 6187
89 282 10000 19719 1177 8020964 46314 196
205 43 10000 19592 74908 7917634 150787 12417
297 391 10000 19630 51067 7957854 111481 8473
239 175 10000 19712 15443 8014509 55654 2565
155 243 10000 19551 237853 7886964 187875 39430
278 112 10000 19603 93293 7926615 149325 15471
190 228 10000 19357 573344 7704536 373957 95044
322 104 10000 19653 51067 7970571 109419 8473
148 348 10000 19688 37323 7990630 90255 6187
1 189 10000 19676 51067 7988020 92899 8473
139 44 10000 19687 51067 7990419 91450 8473
74 292 10001 19752 1177 8040401 41619 196
133 179 10000 19563 93293 7892935 189265 15471
282 393 10000 19689 51067 7991243 91830 8473
198 246 10000 19595 141819 7918826 164359 23511
252 124 10000 19672 51067 7984253 99975 8473
138 301 10000 19677 51067 7988044 98574 8473
2 238 10000 19692 51067 7993528 93348 8473
355 249 10000 19591 74908 7916347 170931 12417
342 249 10000 19685 51067 7990159 100003 8473
45 46 10000 19750 51067 8039840 50351 8473
244 218 10000 19673 51067 7984713 105994 8473
9 224 10000 19458 93293 7791510 299346 15471
116 334 10000 19634 93293 7959535 133349 15471
83 63 10000 19617 141819 7943663 150111 23511
2 312 10000 19655 74908 7971106 125303 12417
364 2 10000 19526 141819 7859585 238845 23511
216 355 10001 19659 74908 7972037 127018 12417
128 239 10001 19564 74908 7893965 206047 12417
395 228 10000 19680 51067 7988994 111365 8473
383 50 10000 19696 51067 8000934 101566 8473
154 395 10000 19704 51067 8005972 96766 8473
117 383 10000 19703 51067 8005952 96984 8473
346 52 10000 19613 141819 7937735 165621 23511
111 116 10000 19497 74908 7827121 276513 12417
227 92 10000 19303 573344 7659552 444731 95044
195 47 10000 19714 51067 8015197 90985 8473
63 307 10000 19582 237853 7911249 196187 39430
330 343 10000 19572 237853 7900529 207437 39430
276 326 10000 19702 37323 8004668 103880 6187
386 171 10000 19577 237853 7907231 201430 39430
11 67 10000 19723 28000 8023143 86188 4644
267 110 10000 19510 237853 7840017 270337 39430
220 26 10000 19585 237853 7912877 197604 39430
365 143 10000 19601 237853 7923675 186929 39430
36 329 10000 19720 37323 8021743 88991 6187
228 160 10000 19624 141819 7952449 159981 23511
250 94 10000 19631 141819 7958659 154773 23511
206 121 10000 19715 51067 8016604 97327 8473
344 73 10000 19652 93293 7969365 145008 15471
261 197 10000 19675 74908 7986692 128925 12417
251 110 10000 19647 141819 7967597 148915 23511
389 228 10000 19384 237853 7728906 387863 39430
35 188 10000 19488 573344 7814330 302533 95044
208 276 10000 19654 93293 7970860 146070 15471
109 184 10000 19576 237853 7903536 213561 39430
65 308 10000 19684 51067 7989548 128554 8473
104 123 10001 19658 141819 7972036 146226 23511
0 327 10000 19648 141819 7968312 150879 23511
344 90 10000 19681 74908 7989332 132219 12417
305 395 10000 19683 93293 7989486 132549 15471
347 279 10000 19341 237853 7686055 436196 39430
60 65 10000 19758 74908 8046273 76041 12417
4 235 10000 19359 573344 7708342 414124 95044
227 207 10000 19754 28000 8042064 83286 4644
74 2 10000 19743 51067 8034735 91258 8473
171 138 10000 19791 1177 8068251 58091 196
183 303 10000 19224 573344 7598164 528936 95044
333 220 10000 19747 28000 8037877 90025 4644
60 306 10000 19635 51067 7960861 169489 8473
196 323 10000 19695 74908 8000845 130151 12417
53 209 10000 19742 51067 8034681 96755 8473
6 191 10000 19395 573344 7736438 396203 95044
60 284 10000 19701 74908 8003802 129000 12417
39 146 10000 19382 141819 7727370 405651 23511
143 265 10001 19651 141819 7969334 164197 23511
316 358 10000 19431 573344 7760122 374225 95044
186 308 10000 19667 141819 7981474 154069 23511
352 62 10000 19588 141819 7914476 221486 23511
152 137 10000 19612 141819 7937275 198762 23511
254 384 10000 19644 141819 7966911 171653 23511
389 273 10000 19665 93293 7978338 160292 15471
160 341 10000 19738 51067 8032502 106156 8473
176 78 10001 19622 37323 7948575 190337 6187
99 117 10000 19545 237853 7876712 262705 39430
276 159 10000 19693 141819 7993910 145675 23511
13 313 10000 19678 93293 7988187 152471 15471
286 254 10000 19709 74908 8009483 131507 12417
347 265 10000 19751 28000 8039856 102433 4644
103 235 10000 19716 74908 8016754 126408 12417
389 199 10000 19682 141819 7989367 154113 23511
225 185 10000 19671 141819 7983125 161370 23511
97 342 10000 19519 141819 7846137 298460 23511
346 67 10001 19668 93293 7982141 163103 15471
214 244 10000 19713 93293 8014805 131225 15471
165 74 10000 19700 93293 8003723 142398 15471
266 284 10000 19767 51067 8055453 91209 8473
318 151 10000 19270 573344 7636751 510677 95044
191 254 10000 19487 141819 7813591 335971 23511
166 252 10000 19616 141819 7942418 210458 23511
323 5 10000 19513 573344 7841734 312201 95044
341 87 10000 19721 74908 8022255 132262 12417
29 138 10000 19623 237853 7949517 205902 39430
3 255 10000 19481 573344 7810830 344743 95044
25 337 10001 19777 51067 8061340 94589 8473
156 290 10000 19637 237853 7963556 192438 39430
76 314 10000 19697 74908 8001535 154786 12417
161 112 10000 19666 141819 7979212 177776 23511
258 142 10000 19795 37323 8070094 87499 6187
386 203 10000 19101 573344 7510368 647293 95044
310 296 10000 19737 74908 8031970 126337 12417
331 1 10000 19741 74908 8034502 125170 12417
54 26 10000 19574 237853 7901430 258385 39430
96 318 10000 19769 51067 8056662 103717 8473
71 287 10000 19744 74908 8036087 125243 12417
277 109 10000 19789 51067 8066523 95922 8473
294 109 10000 19774 51067 8060405 102211 8473
204 333 10000 19728 74908 8025864 137184 12417
73 215 10000 19771 51067 8057371 106273 8473
153 193 10000 19855 4264 8121352 42450 708
190 241 10000 19783 51067 8063387 100528 8473
211 25 10000 19542 237853 7875595 288627 39430
244 370 10000 19781 51067 8062791 102773 8473
78 287 10000 19792 51067 8068526 97547 8473
262 158 10000 19711 74908 8012093 154626 12417
303 234 10000 19733 93293 8030332 136912 15471
182 383 10000 19748 74908 8038010 129876 12417
87 368 10000 19255 93293 7623653 544760 15471
300 318 10000 19815 93293 8088883 79554 15471
67 354 10000 19782 51067 8063012 106222 8473
79 246 10000 19801 51067 8074186 96886 8473
381 15 10000 19807 51067 8081361 92991 8473
282 290 10000 19863 51067 8127429 47904 8473
135 127 10000 19776 237853 8061207 114209 39430
367 184 10000 19786 51067 8065263 111078 8473
188 135 10000 19759 93293 8046580 130482 15471
272 301 10000 19802 51067 8074597 102495 8473
158 145 10000 19878 28000 8134991 42298 4644
262 195 10000 19707 141819 8007535 170824 23511
333 153 10000 19814 51067 8088541 90901 8473
342 43 10000 19739 141819 8032713 146945 23511
34 338 10000 19803 51067 8075596 104638 8473
284 367 10000 19813 51067 8088380 92116 8473
388 226 10000 14687 7521945 3925140 4257427 1246840
167 132 10000 19626 74908 7954260 229390 12417
54 238 10000 19806 28000 8079725 106118 4644
301 62 10000 19762 93293 8049825 136109 15471
7 33 10000 19594 93293 7918767 267963 15471
221 326 10000 19699 141819 8002017 187141 23511
148 251 10000 19670 237853 7982759 207702 39430
224 280 10000 19804 51067 8077882 112704 8473
190 210 10000 19826 51067 8099398 91318 8473
315 279 10000 19785 74908 8065247 126917 12417
185 52 10000 19765 93293 8052839 141251 15471
336 308 10000 19790 74908 8066902 128171 12417
82 354 10000 19641 141819 7966241 229191 23511
312 214 10000 19756 141819 8045214 150412 23511
395 28 10000 19901 1177 8154937 41506 196
302 221 10000 19800 74908 8073852 124423 12417
13 330 10000 19798 74908 8072670 126634 12417
32 216 10000 19904 1177 8155806 44114 196
329 288 10001 19694 74908 7997670 203193 12417
179 174 10000 19908 28000 8158120 43444 4644
147 180 10000 19615 141819 7942026 260713 23511
206 204 10000 19903 51067 8155790 47384 8473
166 95 10000 19822 51067 8096194 107586 8473
20 396 10000 19755 51067 8042590 161825 8473
278 306 10000 19727 141819 8025688 179347 23511
111 330 10000 18742 573344 7202411 1004844 95044
231 391 10000 19805 93293 8078044 131431 15471
238 240 10000 19730 141819 8027168 182586 23511
313 187 10000 19931 1177 8170098 41169 196
346 3 10000 19816 74908 8089016 123949 12417
200 285 10000 19793 93293 8068543 146789 15471
68 155 10000 19735 93293 8031007 184777 15471
366 269 10000 19662 237853 7974337 241750 39430
363 374 10000 19930 37323 8169554 46678 6187
93 166 10000 19784 141819 8064895 151628 23511
63 358 10000 19763 141819 8050756 166652 23511
234 241 10000 19799 74908 8073139 144577 12417
215 203 10000 19919 51067 8162952 57383 8473
68 332 10000 19466 573344 7801257 419615 95044
128 258 10000 19772 141819 8058231 163333 23511
34 292 10000 19858 51067 8123120 99058 8473
348 259 10000 19860 51067 8123641 100787 8473
104 370 10000 19876 51067 8132605 92654 8473
20 341 10000 19734 74908 8030726 195126 12417
242 116 10000 19856 51067 8121511 104901 8473
316 281 10000 19824 74908 8097664 129478 12417
164 338 10000 19736 237853 8031236 196847 39430
329 395 10000 19768 51067 8056137 172494 8473
165 337 10000 19456 573344 7787505 442776 95044
170 290 10000 19828 74908 8102389 127928 12417
378 10 10000 19819 93293 8094078 136344 15471
342 90 10000 19823 93293 8096239 134264 15471
251 360 10000 19836 51067 8106894 123806 8473
375 287 10000 19831 74908 8105034 125915 12417
312 125 10000 19839 74908 8107542 127618 12417
281 300 10000 19809 51067 8083680 151855 8473
158 147 10000 19948 51067 8186606 49971 8473
92 109 10000 19646 237853 7967251 270978 39430
10 263 10000 19838 93293 8107265 131639 15471
355 88 10000 19565 237853 7894034 345047 39430
16 25 10000 19642 237853 7966248 276168 39430
215 45 10000 19324 573344 7674058 568622 95044
90 284 10000 19775 74908 8060702 182256 12417
268 304 10000 19854 74908 8120257 123569 12417
75 254 10000 19718 93293 8020139 224065 15471
164 169 10000 19954 51067 8192844 52185 8473
272 331 10000 19850 74908 8117518 127785 12417
378 173 10000 19846 74908 8114403 130910 12417
34 384 10000 19760 237853 8047664 198828 39430
146 109 10000 19355 573344 7701692 545742 95044
120 38 10000 19825 141819 8099035 151006 23511
218 253 10000 19889 51067 8144685 105932 8473
229 376 10000 19922 28000 8164120 87788 4644
11 308 10000 19907 51067 8157303 94689 8473
209 53 10000 19770 237853 8056893 195448 39430
278 339 10000 19871 74908 8129296 125104 12417
175 61 10000 19757 141819 8046078 208370 23511
54 181 10000 19872 74908 8130776 124870 12417
170 234 10000 19916 51067 8162217 93500 8473
215 9 10000 19985 1177 8214085 41779 196
12 63 10000 19845 93293 8114248 144260 15471
367 119 10000 19851 93293 8118201 141101 15471
318 102 10000 19921 51067 8163601 96789 8473
1 265 10000 19911 51067 8159294 101111 8473
376 267 10000 19729 74908 8026244 235282 12417
134 325 10000 19726 141819 8025002 237130 23511
112 24 10000 19929 51067 8169517 92743 8473
70 244 10000 19849 93293 8117296 145900 15471
191 28 10000 18188 2076744 6746680 1517537 344245
254 50 10000 19830 93293 8104529 159829 15471
140 209 10000 19810 93293 8085505 179402 15471
169 294 10000 19902 37323 8155765 109487 6187
334 393 10000 19914 51067 8161566 104125 8473
288 11 10001 19913 51067 8161191 105227 8473
254 7 10000 19861 74908 8124304 142824 12417
391 179 10000 19869 93293 8129129 138293 15471
201 178 10000 19886 74908 8142941 124745 12417
155 348 10000 19745 237853 8036160 231905 39430
260 398 10000 19941 37323 8177230 91311 6187
318 174 10000 19852 74908 8119409 149235 12417
147 88 10000 19710 74908 8010689 259120 12417
388 397 10000 19895 74908 8148428 122935 12417
16 308 10000 19817 93293 8089272 182605 15471
144 248 10000 19894 74908 8148196 124897 12417
34 266 10000 19900 51067 8153139 122185 8473
348 184 10000 19897 74908 8151372 125654 12417
16 76 10000 19866 93293 8128550 148882 15471
37 184 10000 19842 93293 8110255 167833 15471
20 297 10000 19609 573344 7933404 345725 95044
358 148 10000 19951 51067 8187596 93505 8473
56 259 10000 19766 74908 8054798 227885 12417
197 309 10000 19753 237853 8041266 242421 39430
269 216 10000 19885 93293 8141444 142739 15471
333 386 10000 19888 74908 8143998 140325 12417
98 34 10000 19870 141819 8129143 155508 23511
185 380 10000 19912 74908 8160226 124831 12417
58 382 10000 19857 141819 8123046 162445 23511
126 199 10000 19837 51067 8107066 179381 8473
250 156 10000 19827 237853 8101250 185630 39430
187 223 10000 19964 37323 8201209 86769 6187
372 54 10000 19923 74908 8164578 124387 12417
396 289 10000 19559 93293 7890132 401652 15471
73 43 10000 19706 573344 8007116 285047 95044
182 251 10000 19841 141819 8109990 182619 23511
65 279 10000 18291 2076744 6824364 1468711 344245
376 42 10000 19797 74908 8071380 224704 12417
239 371 10000 19935 74908 8173138 124274 12417
296 133 10000 19834 237853 8105978 191630 39430
370 250 10000 19974 51067 8206315 92200 8473
336 395 10000 19932 74908 8170899 127810 12417
73 31 10000 19896 93293 8150247 148953 15471
313 164 10000 19925 93293 8164921 135451 15471
51 235 10000 19881 141819 8139566 163592 23511
327 27 10000 19989 37323 8216502 87439 6187
296 224 10000 19906 93293 8157228 147202 15471
58 249 10000 19909 74908 8158366 146557 12417
367 33 10000 19968 51067 8201647 103424 8473
285 271 10000 19918 93293 8162745 142821 15471
241 37 10000 19976 51067 8206869 99396 8473
124 92 10000 19928 93293 8169329 138784 15471
85 120 10000 19865 93293 8128092 181396 15471
197 126 10000 19982 51067 8212411 97995 8473
302 108 10000 19947 74908 8186474 125797 12417
203 74 10000 19946 51067 8184551 128249 8473
328 178 10000 19887 141819 8143940 169306 23511
42 113 10000 19818 93293 8090174 224062 15471
18 369 10000 19995 51067 8221723 92782 8473
193 285 10000 19910 141819 8158575 159588 23511
35 69 10000 19893 93293 8147340 171087 15471
282 244 10000 19953 74908 8190630 128683 12417
99 374 10000 19732 93293 8030081 290084 15471
198 336 10000 19936 141819 8173541 146735 23511
95 281 10000 19868 141819 8128971 191972 23511
184 215 10000 19958 74908 8196432 124548 12417
135 225 10000 19847 237853 8114629 207796 39430
170 227 10000 19934 141819 8172591 150866 23511
13 351 10000 19820 93293 8094805 228682 15471
244 14 10000 19967 74908 8201619 124982 12417
109 128 10000 18334 2076744 6859943 1467143 344245
173 50 10000 19999 51067 8226024 103501 8473
340 291 10000 19963 51067 8200028 129771 8473
108 90 10000 19957 93293 8195760 134599 15471
382 376 10000 19978 74908 8207125 124734 12417
211 231 10000 19708 237853 8008323 324880 39430
200 359 10000 19926 141819 8166936 167806 23511
284 312 10000 19970 74908 8202654 132258 12417
314 24 10000 19937 93293 8173784 162416 15471
388 325 10000 19794 573344 8069114 268617 95044
283 203 10000 19337 573344 7684141 654041 95044
92 345 10000 19812 141819 8088368 250864 23511
32 367 10000 19832 237853 8105395 234950 39430
285 374 10000 19722 237853 8022625 318540 39430
9 284 10000 19867 28000 8128755 214237 4644
361 218 10000 19419 237853 7751958 592736 39430
54 29 10000 19552 573344 7887203 459340 95044
136 331 10000 19960 93293 8198976 147636 15471
153 354 10000 19945 141819 8182387 165406 23511
318 67 10000 19961 141819 8199011 149685 23511
366 248 10000 19983 93293 8212938 135776 15471
129 363 10000 19874 141819 8131848 216986 23511
25 212 10000 19920 237853 8163436 185762 39430
355 20 10000 19843 141819 8112049 238148 23511
105 382 10000 19994 93293 8221258 131064 15471
16 168 10000 19971 93293 8203318 151130 15471
289 339 10000 19959 141819 8198783 157617 23511
72 42 10000 19969 93293 8202396 154832 15471
239 291 10000 19952 93293 8188609 169298 15471
53 248 10000 19787 237853 8065439 293301 39430
344 253 10001 19992 141819 8219672 140050 23511
199 176 10000 19724 141819 8024052 336297 23511
376 85 10001 19975 37323 8206665 154348 6187
52 20 10000 19891 28000 8145718 215606 4644
88 91 10000 19796 573344 8071379 290338 95044
9 246 10000 19761 93293 8048987 314845 15471
45 394 10000 19915 237853 8161578 202706 39430
20 397 10000 19940 93293 8176620 187822 15471
91 303 10000 19905 141819 8156696 207959 23511
335 0 10000 19973 141819 8206211 161792 23511
154 155 10000 19981 573344 8209642 158551 95044
56 90 10000 19898 237853 8152186 217700 39430
308 40 10000 19554 573344 7888159 482092 95044
141 399 10000 19965 51067 8201293 173141 8473
244 375 10000 19927 237853 8168651 206483 39430
288 65 10000 19984 93293 8214034 162507 15471
92 374 10000 19917 74908 8162663 214418 12417
90 20 10000 19636 573344 7961796 417799 95044
317 144 10000 19862 51067 8124572 260304 8473
191 260 10000 19884 237853 8141402 243678 39430
54 47 10001 19773 573344 8059454 326624 95044
317 183 10000 19873 37323 8131637 257278 6187
21 347 10000 19987 93293 8214223 176210 15471
265 351 10000 19883 141819 8141046 252235 23511
159 307 10000 19979 237853 8207570 186493 39430
9 256 10000 19054 2076744 7469808 925445 344245
308 203 10000 19155 573344 7547834 850649 95044
391 12 10000 19949 237853 8186658 212463 39430
270 352 10000 19879 141819 8138662 260684 23511
95 137 10000 19972 74908 8204128 197142 12417
272 108 10000 19844 573344 8113004 290307 95044
5 249 10000 19977 237853 8206875 198198 39430
157 175 10000 19859 237853 8123267 288787 39430
374 17 10000 19808 93293 8083319 334375 15471
316 397 10000 19840 237853 8108391 309920 39430
199 204 10000 19811 74908 8086146 332964 12417
288 110 10000 19993 93293 8220974 198378 15471
5 18 10000 19956 573344 8195454 238629 95044
270 43 10000 19848 237853 8117132 320850 39430
83 260 10000 19890 237853 8145454 293245 39430
192 9 10000 19864 141819 8127757 311653 23511
317 156 10000 19778 93293 8061662 384824 15471
199 64 10000 19986 51067 8214190 233682 8473
141 162 10000 19942 141819 8178153 275835 23511
211 58 10000 19468 573344 7801960 660642 95044
216 44 10000 19829 573344 8103830 358988 95044
87 220 10000 19627 93293 7954995 516921 15471
311 144 10000 19966 237853 8201538 274164 39430
311 16 10000 19990 237853 8217169 264124 39430
255 306 10000 19962 237853 8199899 284339 39430
307 85 10000 19000 2076744 7414098 1079704 344245
397 379 10000 19833 573344 8105416 394379 95044
20 368 10000 19780 573344 8062247 440603 95044
340 219 10000 19991 573344 8218784 285064 95044
224 178 10000 19892 573344 8147021 368637 95044
364 379 10001 19997 237853 8224744 301733 39430
381 303 10000 17490 7521945 6193599 2345710 1246840
392 217 10000 19853 573344 8119706 421216 95044
213 388 10000 19065 2076744 7478661 1066093 344245
95 296 10000 19924 573344 8164738 398992 95044
169 281 10000 16574 7521945 5474545 3090678 1246840
317 224 10000 19938 74908 8174833 398886 12417
23 88 10000 18646 2076744 7130225 1487159 344245
4 346 10000 19980 573344 8207862 410519 95044
381 199 10001 19988 573344 8215694 428756 95044
195 276 10000 19877 573344 8134399 524292 95044
72 114 10000 19996 573344 8222731 436417 95044
380 363 10000 19939 573344 8174925 491797 95044
332 21 10000 19717 573344 8017478 658841 95044
361 254 10000 19091 573344 7502984 1174663 95044
4 12 10000 19943 573344 8179772 550400 95044
341 116 10000 19674 2076744 7986492 752409 344245
39 384 10000 19638 573344 7964613 799978 95044
87 227 10000 18988 573344 7407709 1359268 95044
288 130 10000 18897 7521945 7337364 1812766 1246840
381 397 10000 19725 2076744 8024205 1154207 344245
246 183 10000 18131 7521945 6703142 2510067 1246840
314 115 10000 19899 2076744 8152954 1070831 344245
396 344 10000 19669 573344 7982376 1403957 95044
87 269 10000 19003 573344 7416137 2053649 95044
329 207 10000 18193 7521945 6751887 2723586 1246840
165 247 10000 19882 2076744 8140041 1380452 344245
172 253 10000 17907 7521945 6542917 3576298 1246840
51 24 10000 18891 7521945 7332503 2835812 1246840
39 361 10000 19880 573344 8139009 2240582 95044
176 214 10000 14513 7521945 3783189 6682505 1246840
85 116 10000 15472 7521945 4573199 5902910 1246840
324 252 10001 14223 27244995 3544162 7087581 4516136
223 280 10000 10707 27244995 565307 10529844 4516136
65 220 10000 19933 7521945 8172111 3967005 1246840
281 31 10000 15372 27244995 4481643 7767870 4516136
332 396 10000 12975 27244995 2497234 9810361 4516136
146 153 10000 19471 27244995 7804591 4824584 4516136
138 332 10000 12968 27244995 2494192 10142631 4516136
39 63 10000 15030 27244995 4181947 8469335 4516136
224 85 10000 17846 27244995 6497122 6191901 4516136
364 107 10000 16478 27244995 5391641 7349242 4516136
140 298 10000 18170 7521945 6731068 6028333 1246840
118 9 10000 19407 27244995 7741096 5439993 4516136
317 28 10000 10899 27244995 752964 12451428 4516136
46 371 10000 13588 27244995 3026710 10265361 4516136
393 249 10000 13102 27244995 2609940 11404121 4516136
101 186 10000 15894 27244995 4893391 9449406 4516136
271 50 10000 10821 27244995 689711 14226733 4516136
252 217 10000 11413 27244995 1181103 13750004 4516136
111 259 10000 16399 27244995 5333711 9814416 4516136
90 67 10000 14421 27244995 3709032 11588643 4516136
145 191 10000 14714 27244995 3940419 11578077 4516136
124 99 10000 12356 27244995 1981331 13583673 4516136
265 313 10000 18773 27244995 7222509 8553905 4516136
199 81 10000 16727 27244995 5583165 10867381 4516136
85 86 10000 15237 27244995 4371681 12613037 4516136
289 154 10000 18236 27244995 6785346 10452088 4516136
376 2 10000 14966 27244995 4133738 13657632 4516136
47 295 10000 17974 27244995 6591978 11380767 4516136
87 223 10000 10072 27244995 62455 18435632 4516136
62 384 10000 18421 27244995 6945308 11560087 4516136
61 349 10000 17002 27244995 5793475 12984808 4516136
299 47 10000 17488 27244995 6192535 12958042 4516136
332 334 10000 14279 27244995 3599257 15813772 4516136
235 273 10000 15283 27244995 4418998 15056028 4516136
30 399 10000 17047 27244995 5837169 13973399 4516136
94 115 10000 13487 27244995 2937473 16909567 4516136
53 52 10000 10395 98686787 314351 19920250 16358328
114 308 10000 13779 27244995 3175388 17063373 4516136
352 78 10000 12992 27244995 2512369 18211034 4516136
217 378 10000 11275 98686787 1062787 19764704 16358328
330 244 10000 18921 27244995 7357679 13791845 4516136
287 331 10000 13383 98686787 2852868 19035870 16358328
41 38 10000 19835 27244995 8106548 13996157 4516136
85 35 10000 11532 27244995 1281712 21033578 4516136
205 317 10000 11645 98686787 1362514 21222481 16358328
317 225 10000 18927 27244995 7361631 15705708 4516136
152 344 10000 14171 98686787 3503113 19578296 16358328
262 310 10000 16651 98686787 5523680 17965819 16358328
90 369 10000 19618 27244995 7944283 16193360 4516136
295 160 10000 16162 98686787 5122581 19060587 16358328
223 190 10000 11365 98686787 1147159 23366870 16358328
75 147 10000 13189 98686787 2694514 21990657 16358328
129 55 10000 15970 98686787 4955812 19982647 16358328
167 363 10000 19544 27244995 7876330 17210406 4516136
269 114 10000 15113 98686787 4264737 21023652 16358328
92 48 10000 19494 98686787 7821000 18063722 16358328
32 45 10000 18233 98686787 6779733 19199644 16358328
374 149 10001 19788 98686787 8066127 18647516 16358328
395 345 10000 12636 98686787 2209845 25455084 16358328
40 276 10000 18659 98686787 7139889 20542281 16358328
199 318 10000 16829 98686787 5666643 22590340 16358328
273 139 10000 11642 98686787 1360874 27064421 16358328
47 299 10000 14281 98686787 3601860 24984993 16358328
30 380 10000 19089 98686787 7501977 21499121 16358328
147 172 10000 19452 27244995 7782007 21553905 4516136
4 61 10000 17136 98686787 5917790 23459574 16358328
94 390 10000 15570 98686787 4638912 24943804 16358328
52 58 10000 19821 2076744 8095963 21537152 344245
145 254 10000 15355 98686787 4470977 25671762 16358328
377 110 10000 18340 98686787 6866488 23446888 16358328
196 367 10000 15184 98686787 4329559 28117775 16358328
9 166 10000 13925 98686787 3286500 29490712 16358328
15 348 10000 17613 98686787 6300872 27635558 16358328
7 177 10000 15097 98686787 4249967 31925169 16358328
176 365 10000 16267 98686787 5223552 31574091 16358328
361 97 10000 10651 98686787 515471 37043138 16358328
189 71 10000 15291 98686787 4426422 34512071 16358328
111 247 10000 14407 98686787 3699352 35775152 16358328
326 324 10000 11032 223092956 862926 39504712 36979891
185 278 10000 15932 98686787 4928756 36289900 16358328
355 248 10000 11372 223092956 1151733 40946094 36979891
133 286 10000 10815 223092956 678685 41873010 36979891
376 146 10000 18378 98686787 6903140 35731866 16358328
392 387 10000 16218 223092956 5172337 37729255 36979891
58 187 10000 13079 98686787 2593069 40346123 16358328
311 34 10000 13186 223092956 2692741 40289284 36979891
127 60 10000 11452 98686787 1219167 42107126 16358328
166 204 10000 14507 223092956 3775708 39572679 36979891
99 351 10000 10236 223092956 188908 43799167 36979891
383 226 10000 11041 223092956 876369 43378396 36979891
102 151 10000 13320 98686787 2798581 41470868 16358328
28 32 10000 16456 223092956 5374572 38996784 36979891
342 327 10000 19955 98686787 8193715 36288697 16358328
316 230 10000 16962 223092956 5763995 39267426 36979891
1 92 10000 12048 223092956 1723903 43622365 36979891
396 357 10000 12042 98686787 1720021 43724757 16358328
391 84 10000 19286 223092956 7647336 37959509 36979891
308 100 10000 19292 223092956 7652497 38004180 36979891
42 323 10000 15301 223092956 4435935 42160788 36979891
21 244 10000 12871 98686787 2400424 44265727 16358328
235 134 10000 14898 223092956 4072749 43080722 36979891
128 316 10000 18851 98686787 7295649 39900586 16358328
259 282 10000 16438 223092956 5361909 41843883 36979891
322 169 10000 14049 223092956 3406378 43915647 36979891
167 366 10000 15067 98686787 4226240 43915330 16358328
347 357 10000 18500 98686787 7016454 41440947 16358328
36 87 10000 10889 223092956 740058 47833215 36979891
97 293 10000 14245 98686787 3563594 45131294 16358328
384 128 10000 15357 223092956 4471331 44495444 36979891
143 170 10000 19645 223092956 7967079 41159933 36979891
352 338 10000 16245 223092956 5201263 44658190 36979891
255 329 10000 17674 223092956 6349397 43866967 36979891
77 16 10000 19731 98686787 8028422 42624689 16358328
332 337 10000 13470 223092956 2920068 47945905 36979891
140 355 10000 16750 98686787 5599011 45974159 16358328
271 94 10000 16159 223092956 5121478 46594268 36979891
335 221 10000 15573 98686787 4642859 47407976 16358328
52 339 10000 18957 98686787 7384547 44809622 16358328
60 279 10000 12904 223092956 2436103 49858364 36979891
348 232 10000 17070 98686787 5855644 47006075 16358328
306 58 10000 14289 223092956 3604486 49526799 36979891
281 296 10000 16013 223092956 4998402 48340442 36979891
23 342 10000 15413 223092956 4520001 49348312 36979891
291 96 10000 18905 223092956 7347249 46902071 36979891
65 242 10000 19193 223092956 7575313 46756988 36979891
78 334 10000 14718 98686787 3940722 50532482 16358328
14 308 10000 17058 98686787 5844279 48827951 16358328
242 185 10000 14016 223092956 3384215 51775240 36979891
361 80 10000 11559 223092956 1301578 55162464 36979891
95 89 10000 11713 98686787 1416907 55224210 16358328
147 131 10000 13040 223092956 2554028 54483998 36979891
179 309 10000 13797 223092956 3189291 54063292 36979891
202 67 10000 12669 98686787 2229402 56033498 16358328
232 117 10000 13828 223092956 3207298 55169634 36979891
317 21 10000 19105 223092956 7515396 50873480 36979891
240 187 10000 13597 98686787 3031742 55472137 16358328
309 197 10000 16995 223092956 5788951 52958926 36979891
243 136 10000 19705 98686787 8006560 51250942 16358328
165 217 10000 18966 98686787 7389760 52622378 16358328
176 25 10000 13972 223092956 3337964 57038736 36979891
396 220 10000 13356 223092956 2826123 57590671 36979891
167 143 10000 15247 98686787 4382252 56132682 16358328
95 306 10000 19950 223092956 8187237 52886013 36979891
97 352 10000 18519 98686787 7034474 54374207 16358328
347 5 10002 17646 223092956 6326872 55854806 36979891
87 16 10000 10053 98686787 46384 62258839 16358328
270 144 10001 14026 223092956 3390951 60558558 36979891
395 253 10000 18054 223092956 6651962 58128792 36979891
240 72 10000 13582 223092956 3022157 62489213 36979891
52 7 10000 13407 98686787 2873919 62689018 16358328
87 201 10000 10586 223092956 456717 65243979 36979891
39 101 10000 13899 223092956 3263903 63825385 36979891
124 202 10000 18203 98686787 6757771 60729023 16358328
35 270 10000 16602 223092956 5494637 62101659 36979891
125 98 10000 13108 98686787 2617502 65049792 16358328
325 103 10000 12658 223092956 2225082 66385582 36979891
19 363 10000 10797 223092956 655705 68199517 36979891
377 211 10000 11551 223092956 1292660 67566674 36979891
247 4 10000 14330 223092956 3633289 66969242 36979891
254 19 10000 12641 223092956 2212061 68734749 36979891
120 159 10000 13667 223092956 3083679 68783783 36979891
169 106 10000 15029 223092956 4179781 68570759 36979891
150 214 10000 19001 223092956 7414521 65860451 36979891
62 289 10000 18829 223092956 7278422 67395752 36979891
382 269 10000 13404 223092956 2873236 72444851 36979891
52 386 10000 16542 223092956 5440904 71038674 36979891
362 98 10000 16956 223092956 5761326 75933452 36979891
325 291 10000 16428 223092956 5353774 78030934 36979891
125 69 10000 11531 223092956 1281447 82282052 36979891
50 112 10000 15102 223092956 4253802 81079638 36979891
148 175 10000 19548 223092956 7879218 77763339 36979891
62 173 10000 18031 223092956 6629174 81916758 36979891
265 168 10000 17089 223092956 5874582 82893670 36979891
362 370 10000 18323 223092956 6848183 82472299 36979891
72 176 10000 18872 223092956 7318508 83061643 36979891
13 261 10000 17771 223092956 6429326 87177430 36979891
131 397 10000 18268 223092956 6810057 87278253 36979891
141 193 10000 14501 223092956 3768579 94239472 36979891
151 163 10000 13196 223092956 2703958 97602930 36979891
209 297 10000 11759 223092956 1454811 100029858 36979891
15 374 10000 18472 223092956 6989853 94776842 36979891
76 294 10000 16132 223092956 5095114 96946629 36979891
43 161 10000 14030 223092956 3394022 99754831 36979891
232 179 10000 17031 223092956 5818718 98866031 36979891
329 312 10000 12680 223092956 2236101 103221525 36979891
364 44 10000 19428 223092956 7758710 99115714 36979891
200 314 10000 10818 223092956 686657 109247459 36979891
197 40 10000 11474 223092956 1234692 108735699 36979891
323 199 10000 17093 223092956 5879437 105331667 36979891
351 181 10000 17275 223092956 6017583 105533471 36979891
270 15 10000 13845 223092956 3217576 123620180 36979891
97 8 10000 16381 223092956 5310757 128354949 36979891
97 88 10000 16346 223092956 5280255 129098862 36979891
85 395 10000 18965 223092956 7389267 136747945 36979891
88 210 10000 13490 223092956 2942390 160959812 36979891
