10007 1177 199 121389
10038 141819 23724 101177
10017 237853 39786 124214
10004 37323 6243 139422
10001 74908 12529 144637
10009 51067 8551 139029
10002 74908 12529 144183
10008 37323 6243 139320
10003 74908 12529 144177
10011 51067 8551 139086
10000 93293 15612 150184
10016 51067 8551 138950
10010 74908 12529 144232
10006 74908 12529 147447
10012 74908 12529 144281
10013 93293 15612 149586
10027 28000 4686 138972
10021 51067 8551 144256
10015 93293 15612 150486
10029 51067 8551 139577
10030 28000 4686 139297
10032 51067 8551 139518
10025 74908 12529 144269
10028 74908 12529 144155
10039 51067 8551 138981
10093 93293 15612 93487
10040 51067 8551 139401
10005 141819 23724 164876
10033 74908 12529 144799
10121 28000 4686 78127
10044 51067 8551 139060
10046 51067 8551 139176
10034 93293 15612 150529
10043 74908 12529 144510
10104 74908 12529 98294
10042 74908 12529 146037
10131 74908 12529 83683
10050 28000 4686 138351
10081 1177 199 121258
10059 51067 8551 138804
10047 93293 15612 150399
10054 74908 12529 144223
10023 141819 23724 170483
10035 141819 23724 165192
10058 74908 12529 144396
10026 141819 23724 169949
10061 51067 8551 139107
10055 93293 15612 150089
10057 93293 15612 149862
10064 51067 8551 140800
10067 51067 8551 139223
10094 1177 199 121056
10070 37323 6243 139375
10069 37323 6243 140270
10037 141819 23724 171839
10078 51067 8551 138951
10074 28000 4686 139353
10014 237853 39786 191200
10068 51067 8551 146496
10048 141819 23724 165534
10080 74908 12529 144281
10079 74908 12529 145622
10019 237853 39786 191391
10082 74908 12529 144564
10083 74908 12529 144628
10087 51067 8551 139785
10052 141819 23724 167135
10022 237853 39786 191761
10020 237853 39786 196125
10172 93293 15612 88973
10024 237853 39786 197129
10091 74908 12529 144453
10102 51067 8551 138869
10106 28000 4686 138421
10130 237853 39786 122708
10041 237853 39786 190755
10099 74908 12529 144565
10065 93293 15612 168271
10031 237853 39786 201578
10105 74908 12529 145552
10071 141819 23724 166672
10084 93293 15612 163602
10119 37323 6243 139093
10118 4264 714 140813
10096 51067 8551 156255
10085 141819 23724 165085
10108 93293 15612 150004
10051 237853 39786 191177
10132 51067 8551 139197
10120 74908 12529 146550
10090 141819 23724 167664
10123 37323 6243 145114
10075 141819 23724 177210
10134 51067 8551 140303
10097 37323 6243 163375
10056 237853 39786 194631
10138 51067 8551 139097
10140 28000 4686 139252
10141 51067 8551 139255
10101 141819 23724 164526
10122 93293 15612 150362
10100 141819 23724 165621
10060 237853 39786 198675
10171 1177 199 121088
10107 141819 23724 165526
10116 93293 15612 159579
10142 74908 12529 145826
10152 15443 2590 137813
10151 37323 6243 139198
10128 93293 15612 155175
10209 51067 8551 82305
10153 51067 8551 138992
10150 51067 8551 140441
10157 51067 8551 140352
10143 74908 12529 150699
10112 51067 8551 170889
10154 74908 12529 144927
10161 51067 8551 139417
10144 93293 15612 151272
10133 93293 15612 162353
10155 74908 12529 146531
10113 141819 23724 175504
10159 74908 12529 145610
10149 93293 15612 152661
10170 37323 6243 139506
10049 237853 39786 225094
10089 237853 39786 196554
10165 74908 12529 144997
10166 74908 12529 145146
10146 28000 4686 158847
10076 237853 39786 206476
10086 237853 39786 199719
10156 93293 15612 156449
10175 51067 8551 140712
10147 141819 23724 165257
10163 93293 15612 154675
10018 573344 95902 263339
10160 37323 6243 160133
10115 237853 39786 195500
10164 141819 23724 165077
10184 74908 12529 146472
10191 51067 8551 143329
10179 93293 15612 153775
10195 51067 8551 141570
10168 141819 23724 165436
10103 51067 8551 209830
10187 51067 8551 146607
10167 74908 12529 165962
10192 51067 8551 145406
10063 237853 39786 236028
10211 1177 199 121424
10188 93293 15612 150059
10110 237853 39786 208210
10045 573344 95902 262831
10139 237853 39786 194443
10111 237853 39786 212089
10127 237853 39786 202749
10197 74908 12529 145069
10198 51067 8551 139756
10125 237853 39786 209941
10137 237853 39786 205975
10299 37323 6243 79280
10186 141819 23724 165520
10148 237853 39786 197495
10204 37323 6243 143903
10189 141819 23724 165438
10212 51067 8551 139196
10207 74908 12529 146075
10205 93293 15612 150854
10203 74908 12529 154204
10190 141819 23724 175966
10225 51067 8551 139889
10230 51067 8551 139627
10231 51067 8551 139300
10210 37323 6243 155910
10224 74908 12529 145167
10178 237853 39786 191606
10201 141819 23724 165178
10223 74908 12529 147404
10218 74908 12529 151061
10196 51067 8551 176899
10238 37323 6243 139714
10239 37323 6243 140545
10241 51067 8551 139046
10228 51067 8551 146910
10208 74908 12529 161944
10242 51067 8551 138863
10234 74908 12529 144645
10174 237853 39786 201883
10229 74908 12529 147604
10237 74908 12529 146253
10247 51067 8551 139210
10213 74908 12529 161631
10280 1177 199 120996
10248 51067 8551 140789
10282 1177 199 121352
10202 141819 23724 176461
10249 51067 8551 143325
10245 74908 12529 144739
10246 74908 12529 144622
10162 237853 39786 219026
10220 74908 12529 162844
10226 93293 15612 157231
10250 74908 12529 145418
10181 237853 39786 204074
10215 74908 12529 168829
10261 37323 6243 140799
10259 51067 8551 144618
10274 28000 4686 139070
10109 141819 23724 264946
10255 93293 15612 151082
10227 141819 23724 166117
10266 74908 12529 144967
10182 237853 39786 211426
10268 74908 12529 145042
10256 93293 15612 152443
10260 51067 8551 150566
10278 51067 8551 140713
10279 28000 4686 138332
10253 74908 12529 156130
10169 141819 23724 231116
10200 237853 39786 194538
10276 74908 12529 146332
10263 93293 15612 154058
10273 93293 15612 152455
10290 51067 8551 139825
10293 28000 4686 139155
10264 74908 12529 158775
10251 141819 23724 169172
10285 74908 12529 146619
10283 93293 15612 149937
10206 51067 8551 199967
10294 74908 12529 144538
10219 237853 39786 191876
10185 237853 39786 228562
10284 51067 8551 153015
10257 74908 12529 171730
10129 573344 95902 275265
10298 74908 12529 144979
10305 51067 8551 139609
10289 93293 15612 151343
10303 51067 8551 140922
10272 141819 23724 164892
10267 141819 23724 168439
10309 51067 8551 139600
10310 51067 8551 139650
10232 237853 39786 191143
10240 74908 12529 189408
10233 237853 39786 194909
10313 37323 6243 139051
10301 93293 15612 152155
10295 37323 6243 157159
10073 573344 95902 322088
10235 237853 39786 198119
10300 74908 12529 158705
10304 51067 8551 155378
10316 51067 8551 140462
10319 51067 8551 140291
10321 51067 8551 139970
10254 573344 95902 192783
10095 573344 95902 315692
10317 74908 12529 143936
10315 37323 6243 146386
10324 28000 4686 138873
10320 74908 12529 144656
10323 51067 8551 143141
10297 74908 12529 170446
10330 37323 6243 139827
10217 141819 23724 222349
10180 573344 95902 262261
10327 51067 8551 142213
10098 573344 95902 322969
10334 51067 8551 139091
10332 51067 8551 142789
10338 51067 8551 139079
10270 237853 39786 193515
10445 1177 199 61095
10307 141819 23724 168715
10252 237853 39786 209147
10336 51067 8551 144495
10344 28000 4686 139013
10343 51067 8551 139854
10262 237853 39786 203214
10244 237853 39786 213821
10333 74908 12529 147299
10287 141819 23724 188620
10329 74908 12529 151267
10331 37323 6243 151410
10352 15443 2590 137897
10269 237853 39786 206432
10351 51067 8551 140715
10288 237853 39786 192003
10371 1177 199 122993
10275 237853 39786 203879
10346 74908 12529 145619
10340 93293 15612 150188
10354 51067 8551 139926
10357 51067 8551 139401
10292 237853 39786 194737
10322 141819 23724 165384
10366 4264 714 133609
10360 51067 8551 139108
10158 573344 95902 302540
10438 51067 8551 78341
10342 93293 15612 155243
10326 141819 23724 166338
10092 573344 95902 349792
10356 74908 12529 147642
10337 93293 15612 164063
10348 93293 15612 155945
10367 74908 12529 145379
10355 74908 12529 155040
10359 74908 12529 151272
10374 51067 8551 139272
10375 51067 8551 139391
10370 74908 12529 144344
10265 237853 39786 230079
10398 1177 199 121463
10362 93293 15612 155706
10335 93293 15612 175160
10135 573344 95902 337113
10353 74908 12529 163594
10404 1177 199 121206
10376 74908 12529 144572
10308 93293 15612 205894
10382 51067 8551 139072
10379 74908 12529 145831
10385 51067 8551 138968
10380 74908 12529 144139
10314 74908 12529 199334
10341 74908 12529 182836
10358 51067 8551 169445
10389 37323 6243 139427
10471 74908 12529 84103
10388 51067 8551 142278
10384 51067 8551 146341
10173 141819 23724 323395
10397 51067 8551 139724
10286 93293 15612 233076
10361 74908 12529 173809
10469 93293 15612 91181
10339 237853 39786 192926
10430 1177 199 121231
10350 51067 8551 186280
10394 74908 12529 147342
10396 74908 12529 148101
10403 74908 12529 144506
10378 141819 23724 165692
10365 141819 23724 177960
10413 15443 2590 138593
10243 573344 95902 270496
10383 74908 12529 159023
10443 1177 199 121184
10136 573344 95902 363302
10400 28000 4686 151994
10411 74908 12529 144572
10421 37323 6243 139340
10412 74908 12529 145705
10369 141819 23724 182526
10193 573344 95902 324509
10373 74908 12529 178117
10409 93293 15612 150726
10258 237853 39786 270776
10417 74908 12529 146234
10406 93293 15612 155536
10392 141819 23724 165449
10428 51067 8551 143907
10345 237853 39786 209505
10429 74908 12529 144806
10364 237853 39786 196829
10391 51067 8551 171888
10386 51067 8551 174580
10431 74908 12529 145277
10302 93293 15612 250049
10436 51067 8551 141121
10442 51067 8551 140079
10446 51067 8551 139280
10485 141819 23724 110628
10349 237853 39786 213111
10422 93293 15612 155489
10408 141819 23724 165062
10448 51067 8551 139522
10450 51067 8551 139720
10390 141819 23724 180444
10453 51067 8551 139837
10451 51067 8551 140961
10114 237853 39786 402900
10221 93293 15612 312017
10454 51067 8551 140585
10457 51067 8551 139273
10423 51067 8551 163874
10458 51067 8551 139622
10381 141819 23724 193322
10426 141819 23724 164861
10447 93293 15612 150212
10439 51067 8551 155133
10410 141819 23724 176910
10456 51067 8551 144026
10452 74908 12529 149218
10425 74908 12529 169748
10459 74908 12529 146462
10473 15443 2590 137778
10475 28000 4686 139059
10216 573344 95902 331473
10478 51067 8551 139394
10482 51067 8551 138974
10435 93293 15612 167929
10468 51067 8551 146069
10481 51067 8551 141273
10183 573344 95902 370700
10427 141819 23724 179583
10461 74908 12529 155464
10479 74908 12529 144416
10449 141819 23724 166633
10470 74908 12529 149264
10419 93293 15612 184639
10194 573344 95902 367522
10495 237853 39786 133306
10490 51067 8551 139088
10407 237853 39786 197846
10277 573344 95902 305807
10460 93293 15612 162968
10444 51067 8551 177109
10416 237853 39786 194201
10463 93293 15612 162544
10466 51067 8551 160691
10424 237853 39786 193817
10496 51067 8551 145065
10484 74908 12529 153499
10472 74908 12529 163993
10483 141819 23724 160028
10502 74908 12529 144433
10399 237853 39786 219359
10504 51067 8551 143469
10441 237853 39786 195170
10291 74908 12529 316413
10497 93293 15612 156094
10503 93293 15612 150696
10488 141819 23724 166026
10544 1177 199 121003
10487 141819 23724 167183
10512 74908 12529 144872
10520 51067 8551 139425
10489 141819 23724 167946
10480 141819 23724 176233
10508 93293 15612 151692
10462 237853 39786 191389
10525 51067 8551 139215
10522 51067 8551 143062
10518 93293 15612 150365
10533 51067 8551 138823
10493 141819 23724 176659
10523 74908 12529 147906
10440 237853 39786 214461
10524 74908 12529 149651
10501 141819 23724 174047
10535 28000 4686 144552
10509 141819 23724 165649
10528 93293 15612 149844
10527 93293 15612 151472
10546 28000 4686 139077
10541 51067 8551 144576
10532 93293 15612 150287
10547 15443 2590 138923
10550 51067 8551 139089
10529 93293 15612 153832
10602 141819 23724 102309
10543 74908 12529 145142
10281 237853 39786 351703
10539 93293 15612 150115
10519 141819 23724 167102
10578 1177 199 121004
10328 141819 23724 313417
10515 141819 23724 170312
10494 237853 39786 191828
10549 51067 8551 146125
10526 74908 12529 162885
10538 51067 8551 154030
10498 237853 39786 191520
10486 237853 39786 202201
10563 51067 8551 139700
10592 1177 199 120996
10553 93293 15612 150377
10401 93293 15612 263760
10564 51067 8551 141719
10464 51067 8551 221103
10560 74908 12529 146428
10500 237853 39786 194295
10552 93293 15612 154119
10557 74908 12529 150720
10536 141819 23724 165525
10347 573344 95902 314424
10499 237853 39786 197910
10600 1177 199 121582
10573 51067 8551 139021
10575 37323 6243 139461
10477 237853 39786 220739
10571 74908 12529 144556
10579 51067 8551 139325
10554 51067 8551 160859
10548 74908 12529 164955
10582 37323 6243 139701
10567 93293 15612 151592
10576 74908 12529 145039
10514 237853 39786 192661
10590 51067 8551 140205
10562 74908 12529 160262
10593 51067 8551 139679
10507 237853 39786 201445
10556 141819 23724 165833
10551 141819 23724 171281
10574 74908 12529 154209
10561 141819 23724 165869
10506 141819 23724 205836
10555 141819 23724 171020
10581 93293 15612 150374
10597 74908 12529 144250
10517 141819 23724 201419
10566 141819 23724 165404
10565 51067 8551 166870
10591 93293 15612 150222
10594 37323 6243 149851
10607 28000 4686 139592
10606 51067 8551 141831
10609 51067 8551 139274
10537 237853 39786 191643
10577 51067 8551 161501
10608 51067 8551 141841
10372 74908 12529 320800
10612 51067 8551 139675
10588 74908 12529 158357
10531 237853 39786 201443
10616 51067 8551 140018
10610 74908 12529 145139
10465 93293 15612 256573
10619 51067 8551 140766
10605 37323 6243 151559
10414 573344 95902 293290
10617 51067 8551 142726
10222 237853 39786 439420
10603 74908 12529 154297
10595 74908 12529 162906
10534 237853 39786 205499
10271 573344 95902 411968
10624 51067 8551 138885
10626 51067 8551 138843
10623 51067 8551 139690
10641 1177 199 121237
10614 51067 8551 148330
10387 237853 39786 316580
10558 237853 39786 191329
10598 141819 23724 165057
10631 51067 8551 139740
10625 74908 12529 145991
10117 237853 39786 539025
10634 51067 8551 139179
10601 74908 12529 169381
10559 237853 39786 198820
10530 237853 39786 219705
10621 93293 15612 152133
10630 74908 12529 147389
10415 573344 95902 307251
10632 51067 8551 143852
10627 51067 8551 151502
10640 51067 8551 138971
10455 74908 12529 282561
10639 51067 8551 140061
10611 141819 23724 164949
10638 74908 12529 144869
10613 141819 23724 166711
10467 237853 39786 281505
10599 51067 8551 181881
10604 141819 23724 178628
10474 237853 39786 279152
10644 28000 4686 139369
10516 141819 23724 244404
10437 573344 95902 306004
10568 74908 12529 207789
10620 93293 15612 169640
10629 51067 8551 165351
10645 51067 8551 143759
10587 237853 39786 195637
10642 74908 12529 151134
10647 74908 12529 144307
10214 573344 95902 484084
10652 51067 8551 140926
10649 74908 12529 146979
10628 141819 23724 176162
10636 141819 23724 166441
10650 74908 12529 147385
10545 237853 39786 239614
10656 51067 8551 139567
10654 74908 12529 144505
10673 28000 4686 139904
10669 51067 8551 142197
10663 51067 8551 145149
10646 51067 8551 163830
10666 51067 8551 144966
10476 93293 15612 307533
10677 51067 8551 138979
10637 74908 12529 181131
10491 51067 8551 298019
10665 51067 8551 147284
10633 141819 23724 186987
10667 74908 12529 148806
10311 573344 95902 436982
10368 237853 39786 392834
10742 74908 12529 85846
10648 51067 8551 168251
10124 237853 39786 586063
10676 74908 12529 145068
10684 51067 8551 139094
10679 74908 12529 145025
10671 93293 15612 151956
10686 37323 6243 139733
10689 51067 8551 139178
10692 51067 8551 139049
10418 573344 95902 356453
10690 51067 8551 140727
10748 93293 15612 88679
10683 74908 12529 147455
10682 93293 15612 150172
10691 74908 12529 144585
10695 51067 8551 140304
10662 141819 23724 165043
10696 51067 8551 140988
10681 93293 15612 155126
10698 51067 8551 139851
10615 237853 39786 220496
10701 37323 6243 139364
10699 51067 8551 142070
10705 51067 8551 138814
10687 51067 8551 155020
10706 51067 8551 139638
10693 93293 15612 153694
10658 141819 23724 175845
10510 573344 95902 304937
10694 93293 15612 154838
10655 74908 12529 180406
10580 237853 39786 253921
10703 74908 12529 144834
10708 51067 8551 139198
10702 51067 8551 146982
10711 51067 8551 139176
10769 51067 8551 79177
10675 93293 15612 174980
10680 141819 23724 170529
10716 37323 6243 139410
10719 28000 4686 138628
10718 28000 4686 139605
10722 51067 8551 139091
10653 237853 39786 191070
10126 573344 95902 618785
10724 51067 8551 139431
10725 37323 6243 139010
10717 74908 12529 144074
10715 74908 12529 145089
10727 51067 8551 139022
10714 51067 8551 147923
10657 237853 39786 192996
10712 93293 15612 152775
10734 15443 2590 138206
10589 573344 95902 264996
10737 15443 2590 138345
10661 237853 39786 196303
10697 51067 8551 171671
10704 141819 23724 166231
10670 141819 23724 196486
10678 237853 39786 191712
10728 37323 6243 151483
10709 74908 12529 163737
10740 51067 8551 139021
10513 237853 39786 331246
10738 51067 8551 149413
10674 237853 39786 203584
10741 51067 8551 142445
10735 93293 15612 154396
10710 141819 23724 170656
10739 74908 12529 151327
10733 28000 4686 157429
10746 51067 8551 141760
10749 28000 4686 138582
10540 573344 95902 320942
10745 74908 12529 145190
10505 141819 23724 349873
10685 237853 39786 199095
10752 37323 6243 139708
10433 573344 95902 410777
10312 237853 39786 509467
10730 141819 23724 173075
10732 74908 12529 176281
10750 93293 15612 150404
10833 1177 199 60498
10758 51067 8551 139420
10377 141819 23724 464424
10756 74908 12529 144682
10762 51067 8551 138868
10764 51067 8551 139748
10765 51067 8551 138933
10721 237853 39786 191590
10432 573344 95902 427693
10767 37323 6243 140000
10768 51067 8551 139751
10761 74908 12529 145417
10763 74908 12529 144556
10713 237853 39786 200913
10672 74908 12529 238381
10757 93293 15612 151021
10766 74908 12529 144254
10782 4264 714 133608
10743 51067 8551 174975
10325 573344 95902 515441
10720 93293 15612 200350
10622 573344 95902 291193
10753 74908 12529 165162
10643 141819 23724 272050
10760 74908 12529 153574
10585 573344 95902 321940
10783 51067 8551 139389
10778 51067 8551 142704
10754 141819 23724 167991
10781 51067 8551 141948
10729 237853 39786 199639
10759 51067 8551 157903
10596 573344 95902 320355
10785 37323 6243 139281
10088 573344 95902 710526
10774 93293 15612 149895
10405 237853 39786 464796
10776 74908 12529 148513
10731 237853 39786 204112
10584 573344 95902 329554
10726 237853 39786 208002
10846 51067 8551 78422
10787 74908 12529 144437
10784 51067 8551 147742
10786 51067 8551 147702
10790 74908 12529 144382
10793 51067 8551 139224
10668 573344 95902 262998
10773 93293 15612 161855
10770 141819 23724 165645
10723 237853 39786 220411
10792 51067 8551 144430
10795 74908 12529 144957
10062 2076744 347347 745651
10775 74908 12529 166955
10800 51067 8551 142039
10804 51067 8551 139496
10796 74908 12529 148726
10802 74908 12529 144368
10751 237853 39786 197619
10863 74908 12529 85733
10755 237853 39786 191480
10803 74908 12529 146650
10569 141819 23724 367107
10806 74908 12529 144754
10747 141819 23724 215449
10572 237853 39786 367908
10799 74908 12529 156280
10812 51067 8551 139470
10807 74908 12529 145378
10791 141819 23724 169501
10810 37323 6243 144483
10813 74908 12529 144542
10837 1177 199 121008
10798 141819 23724 165917
10801 74908 12529 162780
10808 74908 12529 150989
10805 51067 8551 159203
10816 51067 8551 140576
10811 93293 15612 152085
10772 237853 39786 198184
10823 51067 8551 138966
10825 51067 8551 139711
10814 93293 15612 154775
10296 2076744 347347 605293
10829 51067 8551 139813
10830 51067 8551 139580
10826 51067 8551 142285
10819 51067 8551 146667
10771 237853 39786 205622
10817 93293 15612 151750
10831 15443 2590 139454
10834 28000 4686 138314
10511 93293 15612 443082
10842 51067 8551 139446
10420 93293 15612 515602
10824 93293 15612 155709
10779 93293 15612 210196
10850 37323 6243 139214
10832 93293 15612 149952
10542 74908 12529 426941
10583 573344 95902 395034
10855 51067 8551 139070
10836 93293 15612 151355
10849 74908 12529 144512
10876 237853 39786 124400
10915 51067 8551 88103
10858 51067 8551 139093
10861 51067 8551 139170
10865 51067 8551 139374
10688 573344 95902 315067
10856 51067 8551 148192
10827 74908 12529 170051
10618 141819 23724 386101
10822 74908 12529 173062
10862 74908 12529 144866
10789 237853 39786 219838
10864 51067 8551 145797
10871 51067 8551 142252
10664 573344 95902 341691
10868 51067 8551 144778
10736 573344 95902 289212
10841 74908 12529 168645
10881 51067 8551 139075
10884 28000 4686 139055
10885 51067 8551 139325
10886 37323 6243 139054
10820 74908 12529 187381
10434 573344 95902 537069
10879 74908 12529 145843
10874 51067 8551 148418
10176 2076744 347347 745569
10873 93293 15612 150746
10883 74908 12529 144580
10659 74908 12529 354158
10870 74908 12529 153581
10893 37323 6243 139203
10887 74908 12529 145197
10854 93293 15612 172504
10875 51067 8551 154323
10913 141819 23724 116903
10853 141819 23724 174579
10891 74908 12529 144382
10897 51067 8551 140131
10882 93293 15612 154732
10888 93293 15612 150935
10895 51067 8551 143468
10866 141819 23724 169732
10892 93293 15612 153533
10840 237853 39786 192578
10844 237853 39786 191653
10845 237853 39786 191232
10848 237853 39786 191414
10906 37323 6243 139895
10894 93293 15612 155116
10902 74908 12529 146835
10903 74908 12529 145701
10898 93293 15612 152979
10900 93293 15612 150496
10912 51067 8551 139212
10964 74908 12529 90418
10911 37323 6243 141973
10920 37323 6243 140004
10521 573344 95902 505426
10985 37323 6243 83788
10952 51067 8551 108801
10857 237853 39786 200738
10828 237853 39786 224531
10880 141819 23724 185546
10928 51067 8551 138808
10402 237853 39786 602482
10872 237853 39786 192673
11001 28000 4686 78237
10926 74908 12529 144733
10963 141819 23724 107063
10924 93293 15612 150782
10907 141819 23724 164942
10923 237853 39786 152696
10905 141819 23724 167362
10878 237853 39786 196080
10660 573344 95902 399197
10919 93293 15612 157074
10990 93293 15612 97291
10929 93293 15612 151234
10940 51067 8551 139209
10914 141819 23724 165485
10927 51067 8551 160480
10860 141819 23724 218824
10921 141819 23724 165896
10944 15443 2590 137513
10938 37323 6243 147487
10744 573344 95902 343437
10852 237853 39786 231699
10942 51067 8551 145588
10939 74908 12529 150059
10947 51067 8551 139499
10788 573344 95902 300756
10946 28000 4686 142604
10945 74908 12529 146139
10949 74908 12529 144702
10932 141819 23724 166006
10950 74908 12529 145074
10922 141819 23724 177926
10959 51067 8551 139044
10930 51067 8551 168725
10961 51067 8551 139467
10908 237853 39786 192367
10960 51067 8551 142895
10967 51067 8551 139963
10937 141819 23724 166888
10969 51067 8551 139258
10936 141819 23724 168545
10970 51067 8551 139126
10777 573344 95902 322950
10966 74908 12529 144328
10935 141819 23724 175504
10843 237853 39786 258524
11022 141819 23724 109419
10943 141819 23724 166357
10877 237853 39786 235649
10978 37323 6243 141840
10984 51067 8551 138937
10941 141819 23724 176398
10851 573344 95902 262422
10983 51067 8551 140259
10987 37323 6243 140390
10986 37323 6243 141222
10859 237853 39786 257696
10979 74908 12529 147740
10951 141819 23724 170945
10700 573344 95902 420603
10971 74908 12529 157625
10957 141819 23724 166507
10955 141819 23724 167517
11102 1177 199 60727
10991 74908 12529 144184
10965 141819 23724 165287
10993 51067 8551 142284
10999 51067 8551 141207
10958 93293 15612 171048
11083 51067 8551 78400
10994 51067 8551 143910
10995 74908 12529 145357
11077 74908 12529 87788
10954 93293 15612 177822
10036 2076744 347347 959563
10968 141819 23724 170004
11004 74908 12529 144343
10973 141819 23724 164731
11013 51067 8551 140924
10934 237853 39786 202777
11078 93293 15612 93567
10996 93293 15612 153229
10980 51067 8551 166274
10948 237853 39786 190897
11002 93293 15612 154545
11020 74908 12529 144891
10982 141819 23724 168238
11016 93293 15612 149640
11028 51067 8551 140680
11015 93293 15612 152380
11000 51067 8551 160360
11026 74908 12529 144736
11021 93293 15612 150861
11031 51067 8551 145110
11014 74908 12529 159880
11037 37323 6243 139547
10972 74908 12529 186837
11003 141819 23724 166701
11012 74908 12529 162204
11039 51067 8551 138828
10976 141819 23724 185196
11034 74908 12529 145153
11019 74908 12529 159449
10997 51067 8551 171985
10956 237853 39786 205376
10977 237853 39786 191380
11017 37323 6243 169153
11044 51067 8551 139164
11023 93293 15612 164832
10974 237853 39786 200050
10992 74908 12529 187401
10988 237853 39786 191875
10492 573344 95902 646798
11046 28000 4686 144293
11045 74908 12529 145456
10867 573344 95902 303022
11048 74908 12529 145184
11062 37323 6243 139647
11006 141819 23724 186138
11061 51067 8551 141816
11070 28000 4686 138747
11069 51067 8551 139349
11133 93293 15612 89046
11055 74908 12529 144871
11068 51067 8551 140482
11035 141819 23724 165544
11049 51067 8551 148653
11040 93293 15612 160217
11063 51067 8551 146294
11036 51067 8551 168827
11053 93293 15612 150542
11066 51067 8551 146006
11076 51067 8551 140345
11141 93293 15612 91063
11067 74908 12529 146993
11038 141819 23724 168805
11042 51067 8551 162351
11139 93293 15612 93215
11081 37323 6243 139001
11057 93293 15612 152468
11150 74908 12529 85822
10989 237853 39786 208062
11051 93293 15612 156704
11108 1177 199 121048
11079 74908 12529 144349
10931 237853 39786 260013
11075 51067 8551 146517
11082 51067 8551 139550
11072 93293 15612 151820
11064 74908 12529 156339
11054 74908 12529 159139
10953 237853 39786 239632
11086 51067 8551 141966
11090 51067 8551 138989
11087 74908 12529 144440
11088 28000 4686 144465
11100 51067 8551 138987
11085 74908 12529 146504
11080 51067 8551 153823
11060 74908 12529 164312
11056 141819 23724 166233
11059 141819 23724 166080
11097 37323 6243 142731
11178 37323 6243 79661
11073 93293 15612 164102
11105 51067 8551 140796
11008 237853 39786 216744
10925 573344 95902 290504
11120 4264 714 133779
11098 93293 15612 153497
11115 51067 8551 139444
11116 28000 4686 139019
11109 74908 12529 146722
11119 51067 8551 139191
11050 141819 23724 185425
11114 51067 8551 144480
11122 51067 8551 139643
10910 573344 95902 308369
11118 51067 8551 141603
10998 141819 23724 232240
11110 74908 12529 151291
11093 93293 15612 164454
11096 141819 23724 164919
11106 93293 15612 158906
11157 1177 199 121167
11092 141819 23724 169858
11131 37323 6243 139478
11111 93293 15612 156658
11104 93293 15612 161015
11132 51067 8551 139420
10962 93293 15612 268185
11117 28000 4686 153091
11065 237853 39786 192629
11107 93293 15612 162436
10916 237853 39786 313755
11134 51067 8551 140702
11094 141819 23724 174806
11137 51067 8551 141309
11089 51067 8551 179052
11180 141819 23724 106719
11129 37323 6243 151304
11126 74908 12529 155908
11136 74908 12529 148055
11173 1177 199 121160
11145 74908 12529 144508
11112 93293 15612 171657
11155 51067 8551 139379
10847 573344 95902 390443
11149 37323 6243 145469
11143 93293 15612 150340
11043 237853 39786 222579
11123 93293 15612 167953
11071 141819 23724 209216
11154 37323 6243 145124
11127 141819 23724 166116
11130 141819 23724 165235
11160 74908 12529 144492
11099 237853 39786 192906
11166 51067 8551 142392
11091 237853 39786 198338
10933 573344 95902 324231
11152 74908 12529 153557
11162 74908 12529 148784
11163 74908 12529 148543
11169 74908 12529 144744
11190 237853 39786 126550
11174 51067 8551 140366
11161 51067 8551 152161
11101 237853 39786 199647
11164 93293 15612 151334
11158 51067 8551 155956
10917 573344 95902 348578
11151 51067 8551 164697
11121 74908 12529 190391
11184 37323 6243 140682
11172 93293 15612 152756
11171 51067 8551 155388
11179 74908 12529 147380
11187 37323 6243 143391
11167 93293 15612 164233
11183 74908 12529 147223
11165 74908 12529 166629
11198 28000 4686 139237
11197 51067 8551 139924
11047 237853 39786 249333
11189 74908 12529 146811
11095 141819 23724 221674
11192 74908 12529 145868
11200 51067 8551 140543
11182 93293 15612 152682
11170 141819 23724 167656
11103 237853 39786 219997
11175 141819 23724 164925
11227 1177 199 122089
11204 51067 8551 141251
11140 141819 23724 196034
11195 51067 8551 151850
11210 15443 2590 137825
11194 93293 15612 154002
11205 51067 8551 142191
11142 237853 39786 196761
11208 51067 8551 141971
11213 28000 4686 138938
11148 237853 39786 194329
10177 2076744 347347 1014808
11203 51067 8551 149052
10901 573344 95902 397425
11181 141819 23724 168928
11220 51067 8551 139721
11219 51067 8551 139886
11199 93293 15612 158936
11207 51067 8551 148760
11135 237853 39786 210329
11024 93293 15612 300319
11225 28000 4686 138965
11224 37323 6243 139459
11202 93293 15612 161048
11211 74908 12529 152741
11232 37323 6243 139957
11005 141819 23724 316250
11212 74908 12529 152883
11186 93293 15612 178364
11230 51067 8551 144783
11146 237853 39786 212550
11221 93293 15612 150140
11238 37323 6243 139649
11007 141819 23724 321523
11237 37323 6243 141376
11240 51067 8551 140018
11299 74908 12529 83772
11228 93293 15612 150099
11177 237853 39786 192264
11025 573344 95902 315963
11245 51067 8551 139722
11249 37323 6243 139061
11251 37323 6243 139088
11215 141819 23724 166601
11229 93293 15612 158221
11185 237853 39786 193796
11011 573344 95902 332366
11030 573344 95902 320536
11254 51067 8551 139430
11256 51067 8551 138805
11276 1177 199 121174
11257 51067 8551 140120
11033 93293 15612 320328
11243 93293 15612 153191
11138 141819 23724 239425
11156 237853 39786 227118
11239 93293 15612 159188
11248 74908 12529 151504
11315 74908 12529 83649
11261 51067 8551 139947
11260 51067 8551 140366
10975 573344 95902 362781
11159 237853 39786 228101
11216 51067 8551 178251
11247 93293 15612 153942
11223 141819 23724 172698
11264 51067 8551 140387
11255 93293 15612 150275
11235 74908 12529 170234
11250 74908 12529 158508
11259 74908 12529 148904
11266 51067 8551 144080
11234 141819 23724 172808
11270 51067 8551 140408
11201 237853 39786 201773
11258 93293 15612 153904
11209 237853 39786 195559
11272 28000 4686 140079
11274 51067 8551 140232
11244 93293 15612 170120
11279 51067 8551 138814
11280 51067 8551 139500
11330 74908 12529 87817
11253 141819 23724 165866
11267 74908 12529 157037
11281 74908 12529 145072
11268 93293 15612 158858
11252 93293 15612 174826
11278 74908 12529 149997
11265 141819 23724 165827
11294 28000 4686 140858
11293 51067 8551 142326
11290 74908 12529 145206
11298 51067 8551 139278
11295 51067 8551 143560
11300 28000 4686 139951
11316 1177 199 121425
11288 74908 12529 151927
11191 237853 39786 240031
11297 74908 12529 144280
11052 573344 95902 341974
11291 93293 15612 151103
11305 37323 6243 140667
11241 237853 39786 203110
11307 51067 8551 140012
11303 51067 8551 144557
11302 74908 12529 145005
11309 51067 8551 139048
11233 237853 39786 212534
11282 141819 23724 169856
11214 237853 39786 227359
11286 141819 23724 166565
11308 74908 12529 147732
11313 74908 12529 146627
11262 237853 39786 196331
11311 93293 15612 150599
11147 573344 95902 296549
11263 237853 39786 202348
11324 51067 8551 141980
11325 51067 8551 145970
11321 93293 15612 150300
11319 37323 6243 152632
11320 93293 15612 151475
11327 74908 12529 145168
11379 141819 23724 102152
11027 573344 95902 402789
11283 237853 39786 197156
10838 573344 95902 561415
11326 93293 15612 150778
11277 237853 39786 202787
11273 237853 39786 205058
11168 141819 23724 300031
11337 28000 4686 139613
11222 93293 15612 253586
11332 74908 12529 151244
11333 74908 12529 151603
11271 237853 39786 214636
11343 51067 8551 139628
11074 237853 39786 377510
11018 573344 95902 424090
11348 51067 8551 138991
11196 573344 95902 285501
11322 141819 23724 170230
11128 573344 95902 341590
11357 37323 6243 139945
11353 51067 8551 144673
11346 74908 12529 147986
11153 573344 95902 327760
11285 141819 23724 219245
11361 74908 12529 145729
11367 28000 4686 138958
11351 93293 15612 152224
11342 74908 12529 158029
11403 1177 199 121016
11289 237853 39786 220489
10896 573344 95902 546938
11406 1177 199 120996
11447 74908 12529 83759
11338 141819 23724 167152
11335 51067 8551 174237
11370 74908 12529 148636
11378 51067 8551 140244
11125 573344 95902 366716
11231 74908 12529 282181
11391 51067 8551 139297
11354 141819 23724 166736
11395 51067 8551 139607
11374 93293 15612 151608
11384 74908 12529 144461
11314 573344 95902 204421
11400 51067 8551 139321
11386 74908 12529 146892
11206 573344 95902 306924
11368 51067 8551 160834
11381 51067 8551 150787
11358 141819 23724 170347
11359 93293 15612 169730
11383 93293 15612 150590
11393 51067 8551 148084
11388 93293 15612 149971
11318 237853 39786 206605
11350 141819 23724 177235
11334 237853 39786 195647
11329 237853 39786 198818
11401 74908 12529 147418
11355 141819 23724 178499
11449 93293 15612 106948
11411 51067 8551 141117
11373 141819 23724 170290
11317 237853 39786 217146
11352 51067 8551 185705
11414 37323 6243 142405
11341 237853 39786 191725
11415 51067 8551 143518
11328 141819 23724 211260
10809 2076744 347347 654933
11331 237853 39786 210201
11375 93293 15612 174317
11226 573344 95902 312728
11404 74908 12529 158919
11421 51067 8551 140510
11490 74908 12529 84220
11422 51067 8551 140651
11423 37323 6243 139615
11416 74908 12529 147528
11246 141819 23724 300466
11448 1177 199 121523
11344 237853 39786 200279
11399 141819 23724 165953
11292 237853 39786 258186
11427 28000 4686 140062
11385 74908 12529 174677
11349 237853 39786 200490
11345 237853 39786 202714
11218 141819 23724 328386
11418 93293 15612 150424
11347 237853 39786 204469
11426 74908 12529 145924
11362 141819 23724 197733
11377 74908 12529 185196
11436 51067 8551 139345
11435 51067 8551 140964
11058 141819 23724 460387
11409 93293 15612 170787
11430 74908 12529 151135
11410 141819 23724 170385
11407 93293 15612 173541
11442 51067 8551 143514
11382 237853 39786 192713
11369 141819 23724 204338
11440 51067 8551 146597
11176 573344 95902 379853
11437 74908 12529 150165
11439 93293 15612 150355
11429 74908 12529 158838
11451 28000 4686 141063
11446 74908 12529 148942
11528 74908 12529 84539
11425 37323 6243 167591
11445 93293 15612 154542
11453 74908 12529 145434
11306 573344 95902 274863
11389 141819 23724 201534
11457 74908 12529 144470
11432 141819 23724 165797
11193 573344 95902 377072
11236 141819 23724 344690
11424 141819 23724 174815
11454 74908 12529 149863
11458 74908 12529 148120
11444 51067 8551 161232
11466 28000 4686 140310
11463 51067 8551 145180
11477 51067 8551 139898
11468 28000 4686 143954
11479 37323 6243 139836
11464 74908 12529 148111
11459 74908 12529 154299
11465 93293 15612 150703
11312 573344 95902 281459
11438 141819 23724 174905
11217 573344 95902 370125
11380 237853 39786 222035
11487 51067 8551 139489
11455 141819 23724 165406
11469 93293 15612 154455
11456 141819 23724 165268
10918 2076744 347347 615063
11475 93293 15612 155048
11495 51067 8551 138950
11488 51067 8551 146454
11366 237853 39786 241529
11029 237853 39786 531314
11460 93293 15612 167813
11310 237853 39786 294152
11390 237853 39786 228482
11482 93293 15612 156677
11501 28000 4686 139610
11493 51067 8551 144429
11428 141819 23724 197206
11467 141819 23724 165234
11570 51067 8551 86098
11504 51067 8551 140039
11476 93293 15612 163201
11568 93293 15612 90083
11509 51067 8551 139576
11491 93293 15612 150062
11498 28000 4686 148605
11494 51067 8551 149081
11481 141819 23724 165672
11496 93293 15612 150825
11480 141819 23724 166431
11484 93293 15612 166671
11471 141819 23724 170758
11462 573344 95902 179730
11505 74908 12529 149462
11486 93293 15612 166791
11500 93293 15612 154001
11515 74908 12529 144209
11511 74908 12529 149534
10904 2076744 347347 653267
11513 74908 12529 146973
11520 37323 6243 142665
11450 237853 39786 196028
11524 51067 8551 142068
11485 74908 12529 175448
11516 74908 12529 147644
11461 237853 39786 191399
11526 51067 8551 140891
11523 51067 8551 147514
11507 74908 12529 159589
11508 51067 8551 159592
11387 237853 39786 255565
11517 51067 8551 152323
11489 74908 12529 172008
11113 141819 23724 493893
11529 51067 8551 141432
11527 74908 12529 144645
11371 573344 95902 270736
11620 15443 2590 77819
11472 237853 39786 193169
11522 74908 12529 157527
11546 51067 8551 138984
11534 74908 12529 148196
11548 51067 8551 139839
11549 51067 8551 139436
11521 93293 15612 161621
11535 74908 12529 149521
11533 93293 15612 149989
11540 74908 12529 146514
11510 141819 23724 172811
11323 573344 95902 320978
11470 141819 23724 202044
11124 573344 95902 501139
11547 51067 8551 146464
11518 74908 12529 172147
11539 93293 15612 159130
11356 93293 15612 302391
11553 51067 8551 148893
11550 93293 15612 151605
11499 237853 39786 191410
11557 74908 12529 147321
11561 74908 12529 144679
11586 1177 199 122450
11525 141819 23724 173663
11497 237853 39786 196505
11545 93293 15612 161193
11560 74908 12529 151172
11555 237853 39786 158896
11571 51067 8551 139546
11556 51067 8551 159240
11566 74908 12529 150321
11562 74908 12529 154772
11360 237853 39786 315540
11572 74908 12529 144916
11563 51067 8551 155168
11543 141819 23724 172394
11576 51067 8551 142322
11492 237853 39786 213185
11544 93293 15612 175549
11587 51067 8551 140105
11565 51067 8551 159184
11583 28000 4686 143174
11336 141819 23724 341595
11592 51067 8551 139244
11512 237853 39786 205822
11589 28000 4686 141059
11584 74908 12529 145798
11591 51067 8551 143766
11519 141819 23724 202920
11573 51067 8551 157583
11502 237853 39786 216981
11554 141819 23724 180313
11595 74908 12529 144985
11408 573344 95902 295922
11144 93293 15612 524766
11686 51067 8551 79432
11569 93293 15612 166842
11601 51067 8551 139542
11242 74908 12529 447912
11542 141819 23724 192417
11604 51067 8551 139202
11597 74908 12529 144973
11405 573344 95902 306304
11593 93293 15612 150836
11603 51067 8551 143597
11394 573344 95902 316853
11618 51067 8551 139407
11616 28000 4686 140393
11564 141819 23724 177701
11602 28000 4686 146442
11613 74908 12529 144994
11579 141819 23724 168057
11622 51067 8551 139912
11628 4264 714 134775
11010 2076744 347347 643061
11417 237853 39786 301127
11339 573344 95902 358522
11608 93293 15612 151460
11483 141819 23724 254752
11606 93293 15612 154477
11594 141819 23724 165473
11615 93293 15612 154608
11636 37323 6243 140994
11625 74908 12529 149242
11598 141819 23724 166276
11536 237853 39786 218586
11392 141819 23724 336618
11600 141819 23724 165144
11627 74908 12529 148905
11398 141819 23724 336002
11607 141819 23724 166321
11605 141819 23724 167430
11639 93293 15612 150818
11558 237853 39786 208856
11631 74908 12529 154658
11611 141819 23724 168705
11653 28000 4686 139194
11363 141819 23724 364808
11632 93293 15612 156539
11644 74908 12529 152524
11433 141819 23724 313129
11654 37323 6243 141242
11596 141819 23724 181826
11577 237853 39786 196857
11609 141819 23724 174642
11648 28000 4686 147938
11619 74908 12529 171375
11624 141819 23724 166368
11612 141819 23724 176327
11340 237853 39786 385751
11304 93293 15612 429896
11665 15443 2590 137794
11663 51067 8551 140257
11661 51067 8551 141673
11537 237853 39786 237961
11732 51067 8551 93878
11664 51067 8551 141183
11670 51067 8551 139030
11629 93293 15612 168198
11633 141819 23724 165855
11651 93293 15612 153916
11660 51067 8551 145870
11638 141819 23724 165525
11656 28000 4686 149679
11662 51067 8551 145485
11647 74908 12529 156817
11578 51067 8551 206834
11667 51067 8551 143513
11623 51067 8551 177708
11473 237853 39786 294427
11669 74908 12529 147039
11666 51067 8551 149056
11676 74908 12529 144581
11668 93293 15612 151109
11672 93293 15612 151134
11641 74908 12529 175284
11673 93293 15612 151109
11675 74908 12529 150447
11657 93293 15612 162834
11683 51067 8551 144955
11581 237853 39786 217149
11687 51067 8551 141203
11659 74908 12529 162302
11635 141819 23724 183009
11684 74908 12529 146893
11590 237853 39786 216253
11541 237853 39786 259058
11690 74908 12529 145339
11680 51067 8551 154554
11658 37323 6243 171290
11696 74908 12529 145545
11703 51067 8551 139834
11689 237853 39786 153533
11646 237853 39786 190788
11695 51067 8551 151981
11634 15443 2590 196953
11701 74908 12529 144619
11707 51067 8551 141077
11626 74908 12529 203207
11637 237853 39786 199103
11718 15443 2590 138162
11503 573344 95902 302309
11700 74908 12529 150889
11702 74908 12529 148671
11709 74908 12529 144388
11699 74908 12529 153732
11678 141819 23724 170033
11698 93293 15612 155594
11723 37323 6243 139316
11685 51067 8551 165611
11722 37323 6243 141042
11719 37323 6243 143225
11610 237853 39786 223291
11708 51067 8551 150874
11729 51067 8551 139309
11674 37323 6243 181075
11721 74908 12529 145821
11396 74908 12529 401941
11621 237853 39786 223270
11804 51067 8551 78462
11717 93293 15612 150869
11731 74908 12529 144455
11693 141819 23724 171746
11735 51067 8551 139478
11682 51067 8551 181429
11714 74908 12529 157846
11688 93293 15612 176392
11671 237853 39786 191954
11740 51067 8551 139283
11710 93293 15612 159950
11691 141819 23724 175835
11739 51067 8551 140593
11741 51067 8551 142455
11751 4264 714 134218
11737 74908 12529 146054
11478 573344 95902 345053
11655 237853 39786 208307
11749 51067 8551 139451
11697 141819 23724 177650
11734 93293 15612 152053
11650 74908 12529 215006
11744 74908 12529 147267
11705 141819 23724 173985
11538 573344 95902 303671
11743 93293 15612 150490
11580 573344 95902 269529
11776 1177 199 123210
11726 93293 15612 166025
11758 51067 8551 140871
11716 141819 23724 172980
11742 51067 8551 156257
11679 237853 39786 201903
11754 37323 6243 146130
11506 573344 95902 336686
11736 93293 15612 161229
11761 51067 8551 141367
11760 37323 6243 141906
11764 37323 6243 138881
11765 28000 4686 138957
11756 74908 12529 148588
11724 141819 23724 174854
11752 93293 15612 153946
11768 51067 8551 140075
11755 93293 15612 154389
11772 51067 8551 141273
11763 74908 12529 147345
11757 51067 8551 157698
11774 74908 12529 144321
11585 93293 15612 286379
11750 93293 15612 165806
11777 51067 8551 140556
11567 93293 15612 303605
11552 573344 95902 321516
11781 51067 8551 139825
11771 74908 12529 153589
11746 141819 23724 176554
11785 51067 8551 139302
11712 237853 39786 202912
11727 237853 39786 194617
11773 74908 12529 156810
11775 74908 12529 155411
11783 74908 12529 144184
11588 573344 95902 295500
11269 2076744 347347 566370
11790 51067 8551 141180
11769 74908 12529 161372
11767 93293 15612 166039
11792 74908 12529 144396
11782 51067 8551 151569
11801 51067 8551 139826
11402 237853 39786 459414
11788 93293 15612 150455
11805 51067 8551 138846
11704 237853 39786 222735
11795 74908 12529 147427
11797 37323 6243 147398
11816 1177 199 121147
11791 93293 15612 153329
11728 141819 23724 212008
11802 51067 8551 148735
11779 141819 23724 165618
11514 573344 95902 374700
11808 51067 8551 140794
11803 37323 6243 150712
11770 51067 8551 178830
11793 93293 15612 157112
11443 237853 39786 433735
11811 51067 8551 139065
11807 74908 12529 148312
11812 51067 8551 140882
11799 93293 15612 159425
11784 141819 23724 170351
11786 141819 23724 171987
11813 37323 6243 143044
11575 93293 15612 337291
11420 573344 95902 463506
11796 141819 23724 172322
11817 74908 12529 147615
11818 74908 12529 146705
11599 141819 23724 328292
11824 74908 12529 145290
11706 141819 23724 251573
11832 51067 8551 138691
11810 141819 23724 165475
11890 93293 15612 88838
11831 51067 8551 142007
11822 93293 15612 154358
11826 37323 6243 149565
11753 573344 95902 228359
11780 237853 39786 203565
11766 141819 23724 218917
11778 237853 39786 205277
11815 93293 15612 165223
11837 74908 12529 147220
10780 2076744 347347 1044037
11845 51067 8551 139380
11745 141819 23724 245107
11834 74908 12529 152378
11841 74908 12529 145269
11821 141819 23724 166576
11848 51067 8551 140038
11843 51067 8551 143765
11850 51067 8551 140486
11617 93293 15612 343596
11852 15443 2590 141077
11829 93293 15612 162064
11923 51067 8551 79514
11849 74908 12529 144324
11287 2076744 347347 618382
11828 141819 23724 165813
11853 51067 8551 142772
11806 237853 39786 196275
11861 51067 8551 139636
11846 74908 12529 149460
11875 1177 199 121359
11825 141819 23724 171999
11842 93293 15612 155096
11720 141819 23724 276190
11844 93293 15612 156296
11855 74908 12529 149337
11856 51067 8551 151732
11857 93293 15612 151417
11835 141819 23724 171428
11652 573344 95902 332600
11868 15443 2590 137491
11862 93293 15612 150220
11866 51067 8551 141570
11872 37323 6243 138882
11840 141819 23724 172219
11870 15443 2590 142660
11847 141819 23724 165382
11871 51067 8551 144627
11865 74908 12529 153188
11574 237853 39786 399600
11858 51067 8551 164465
11711 573344 95902 300655
11859 141819 23724 166511
11715 573344 95902 301949
11762 573344 95902 263210
11869 93293 15612 153345
11891 51067 8551 139349
11895 4264 714 134632
11879 74908 12529 148612
11886 74908 12529 144797
11823 237853 39786 204743
11876 51067 8551 151355
11893 51067 8551 139217
11851 141819 23724 179640
11919 1177 199 121407
11694 573344 95902 326200
11885 93293 15612 154462
11904 51067 8551 139466
11839 237853 39786 196973
11899 51067 8551 142680
11929 1177 199 121306
11887 74908 12529 154210
11800 237853 39786 245203
11867 141819 23724 169111
11908 51067 8551 139405
11900 74908 12529 147184
11894 93293 15612 153128
11884 93293 15612 163557
11914 51067 8551 140319
11419 573344 95902 555681
11922 28000 4686 139290
11888 141819 23724 168814
11926 51067 8551 139124
11873 141819 23724 181485
11878 141819 23724 177717
11915 93293 15612 150214
11874 74908 12529 180740
11883 74908 12529 175903
11892 141819 23724 168309
11913 93293 15612 152825
11933 51067 8551 140263
11643 93293 15612 394411
11921 74908 12529 148492
11935 51067 8551 139258
11907 93293 15612 160416
11927 51067 8551 145430
11880 141819 23724 181383
11936 37323 6243 139767
11939 51067 8551 139384
11990 28000 4686 85912
11930 93293 15612 150025
11836 237853 39786 231645
11947 28000 4686 138911
11909 141819 23724 167640
11911 141819 23724 166223
11910 141819 23724 167245
11882 141819 23724 189111
11948 51067 8551 139328
11896 141819 23724 179091
11934 93293 15612 150399
11944 51067 8551 147268
11938 51067 8551 149291
11949 51067 8551 142095
11912 74908 12529 169860
11084 2076744 347347 866001
11953 37323 6243 139883
11931 74908 12529 158942
11877 237853 39786 198811
11692 573344 95902 373946
11946 74908 12529 154838
11434 237853 39786 579654
11860 237853 39786 228726
12021 74908 12529 83435
11902 237853 39786 190886
11952 93293 15612 155679
11958 28000 4686 147628
11814 573344 95902 274705
11905 237853 39786 191016
11898 237853 39786 198837
11940 93293 15612 169263
11955 93293 15612 158472
11827 573344 95902 267471
11932 141819 23724 179108
11733 141819 23724 365179
11968 51067 8551 144516
11943 51067 8551 172213
11987 237853 39786 123762
11897 237853 39786 206412
11971 74908 12529 144740
11977 51067 8551 139520
11972 74908 12529 145580
11920 237853 39786 192052
11961 93293 15612 155149
11970 93293 15612 150265
11994 237853 39786 121752
11981 51067 8551 143357
11956 141819 23724 166256
11967 93293 15612 155463
11925 141819 23724 193670
11963 74908 12529 162933
11903 237853 39786 217483
11979 74908 12529 154753
11950 141819 23724 182837
11960 74908 12529 175258
11924 237853 39786 205325
12062 51067 8551 78661
11738 237853 39786 381255
11984 15443 2590 148414
11937 93293 15612 197616
11995 37323 6243 139816
11962 141819 23724 174660
11999 28000 4686 138894
11959 141819 23724 181382
11901 51067 8551 229938
11983 93293 15612 155878
11976 141819 23724 167579
12003 28000 4686 142243
11969 93293 15612 177132
11918 237853 39786 224398
12009 37323 6243 140183
12013 15443 2590 138008
11954 237853 39786 197735
12005 74908 12529 144725
11985 51067 8551 161834
11989 74908 12529 158487
12006 4264 714 146872
12016 15443 2590 137801
11188 141819 23724 848346
11997 74908 12529 154868
12017 51067 8551 140080
11975 141819 23724 184397
12004 93293 15612 153057
12018 51067 8551 139474
11988 141819 23724 166447
11794 573344 95902 353318
11991 141819 23724 165279
12014 74908 12529 146098
12012 51067 8551 150824
11996 141819 23724 165252
11998 141819 23724 164955
11640 573344 95902 486088
12030 37323 6243 140352
12029 37323 6243 141058
12031 51067 8551 139046
12032 51067 8551 139092
12024 74908 12529 147052
12028 51067 8551 142337
11974 237853 39786 201790
11649 141819 23724 486114
12036 51067 8551 139412
11957 93293 15612 217733
12002 141819 23724 173624
12008 93293 15612 168550
11681 141819 23724 464978
12022 93293 15612 156019
12011 93293 15612 166446
12037 37323 6243 142141
12001 51067 8551 175782
12039 51067 8551 142604
11789 573344 95902 376941
11965 51067 8551 212265
11951 237853 39786 230859
12020 51067 8551 161927
12041 51067 8551 142585
12000 93293 15612 179654
11798 93293 15612 373507
12070 1177 199 121192
12049 37323 6243 140870
11820 573344 95902 348893
12046 51067 8551 144315
12040 93293 15612 152961
11881 573344 95902 292862
12055 51067 8551 141359
11993 237853 39786 194309
12043 51067 8551 151269
12063 4264 714 133639
12050 74908 12529 145142
12054 74908 12529 144505
12053 51067 8551 145407
11787 141819 23724 396298
12083 1177 199 121474
12047 93293 15612 153973
12057 28000 4686 148380
12025 141819 23724 173921
12051 74908 12529 151394
12007 237853 39786 192378
12058 74908 12529 150593
12033 93293 15612 170227
12095 93293 15612 115656
12067 51067 8551 138997
12066 51067 8551 139704
12010 237853 39786 192543
12065 51067 8551 141189
11809 93293 15612 383159
12064 51067 8551 146083
12068 74908 12529 145057
12027 141819 23724 181931
12075 37323 6243 139589
11916 74908 12529 286056
12038 93293 15612 174911
11978 237853 39786 234391
12044 93293 15612 172521
12034 141819 23724 182702
12085 15443 2590 138863
12076 51067 8551 145752
12081 74908 12529 145094
12082 51067 8551 145331
12087 51067 8551 141603
12088 51067 8551 143506
12098 51067 8551 139079
12096 51067 8551 140001
12103 51067 8551 138840
12102 51067 8551 139847
11833 573344 95902 378864
11945 93293 15612 284783
12080 93293 15612 157669
12086 93293 15612 153488
12164 51067 8551 98752
11838 573344 95902 377801
12107 51067 8551 140877
12105 51067 8551 144258
12099 51067 8551 149785
12116 51067 8551 139611
12060 141819 23724 185051
12118 51067 8551 138805
12110 74908 12529 144581
12094 93293 15612 152528
12074 93293 15612 170931
12113 74908 12529 145269
12168 141819 23724 101924
12106 74908 12529 149224
12125 15443 2590 138179
12101 93293 15612 154244
12035 141819 23724 207327
12084 141819 23724 167540
12117 51067 8551 146283
12119 74908 12529 144398
12072 141819 23724 176537
12078 141819 23724 173410
12127 51067 8551 140875
12204 51067 8551 78798
12111 74908 12529 153010
12115 93293 15612 152063
12128 51067 8551 142206
12109 93293 15612 157051
12090 93293 15612 168538
12210 51067 8551 78778
12139 37323 6243 139252
12199 74908 12529 88628
12130 51067 8551 147009
12144 51067 8551 138939
12123 93293 15612 154123
12092 141819 23724 172493
12138 74908 12529 144690
12142 74908 12529 144695
12121 93293 15612 159367
12169 1177 199 120996
12135 93293 15612 152731
12069 237853 39786 196812
12143 74908 12529 146668
12146 28000 4686 146304
11614 237853 39786 600741
12149 37323 6243 143692
12153 51067 8551 140767
12140 93293 15612 150863
12093 37323 6243 180209
12136 51067 8551 155290
12133 93293 15612 157000
12166 4264 714 134402
12108 141819 23724 176950
12157 51067 8551 144827
12187 1177 199 121366
12162 51067 8551 142774
12124 141819 23724 175152
12145 93293 15612 161722
12089 237853 39786 196085
12156 74908 12529 152676
11864 141819 23724 401558
12163 74908 12529 148275
12097 237853 39786 196008
12177 51067 8551 139869
12180 28000 4686 138596
12151 74908 12529 163067
12079 237853 39786 211638
12178 51067 8551 140463
12175 37323 6243 142044
12015 237853 39786 271595
12114 237853 39786 193354
12238 37323 6243 87425
12150 141819 23724 169003
12171 51067 8551 149009
12137 141819 23724 177922
12184 37323 6243 141197
12176 51067 8551 148479
12152 141819 23724 171909
11973 573344 95902 322127
12147 141819 23724 178789
12185 28000 4686 145682
12141 141819 23724 182142
12173 93293 15612 154911
12132 237853 39786 191843
12019 237853 39786 282445
12186 74908 12529 149286
11441 2076744 347347 775104
12190 74908 12529 144604
12183 74908 12529 155247
12247 93293 15612 93159
12203 51067 8551 139276
12266 51067 8551 78520
11992 573344 95902 312563
11863 573344 95902 430699
12209 28000 4686 140033
12197 93293 15612 150135
12201 74908 12529 147144
12208 37323 6243 141044
12205 74908 12529 144193
11917 573344 95902 388823
12217 4264 714 134159
12052 237853 39786 265492
12230 1177 199 121259
12131 237853 39786 209260
12179 141819 23724 171871
12155 237853 39786 193101
12218 4264 714 139518
12194 74908 12529 159584
12211 74908 12529 145992
12216 51067 8551 143891
11747 573344 95902 561790
12206 93293 15612 151404
12159 237853 39786 192759
12148 237853 39786 206610
12200 93293 15612 159565
11730 74908 12529 577927
12182 141819 23724 176357
12158 237853 39786 195678
12243 1177 199 121398
12196 141819 23724 166027
12214 74908 12529 149465
12207 93293 15612 156834
12220 74908 12529 145211
12198 74908 12529 167489
12223 74908 12529 145556
12165 237853 39786 197015
12167 237853 39786 197740
12229 51067 8551 140996
12232 51067 8551 140422
12189 141819 23724 178153
12213 93293 15612 159606
12134 237853 39786 228701
12219 93293 15612 155453
12228 74908 12529 147238
12195 141819 23724 178577
12236 51067 8551 142974
12233 74908 12529 145030
12235 51067 8551 144600
12227 51067 8551 151580
12239 51067 8551 140566
12129 37323 6243 237073
12245 37323 6243 139267
12311 51067 8551 78871
12237 51067 8551 144361
12246 51067 8551 140229
12215 141819 23724 168207
11928 573344 95902 415277
12244 51067 8551 142793
12212 141819 23724 172174
12222 74908 12529 163013
12104 237853 39786 263096
12273 1177 199 121254
12242 93293 15612 150849
12249 74908 12529 150179
12254 37323 6243 146273
12256 74908 12529 144925
12188 237853 39786 210396
12252 51067 8551 149947
12154 237853 39786 242041
12265 51067 8551 141144
12251 74908 12529 153742
12260 74908 12529 144999
12271 28000 4686 138672
12250 74908 12529 155012
12253 74908 12529 154584
12202 141819 23724 207362
12269 74908 12529 144221
12257 74908 12529 154744
12276 51067 8551 140471
12240 141819 23724 172101
12279 51067 8551 139589
12061 573344 95902 322757
12248 141819 23724 165353
12281 51067 8551 139381
12056 74908 12529 331179
12264 93293 15612 154463
12259 74908 12529 160651
12091 237853 39786 300070
12283 51067 8551 141722
12289 28000 4686 140136
12241 141819 23724 181460
11964 237853 39786 420747
12346 93293 15612 90075
12258 141819 23724 168421
12275 51067 8551 155123
12225 237853 39786 202464
12291 51067 8551 142348
12287 37323 6243 147127
12293 51067 8551 139747
12288 74908 12529 148764
12290 74908 12529 148334
12267 141819 23724 165219
12295 51067 8551 140087
12286 51067 8551 150749
11530 573344 95902 796527
12226 237853 39786 208224
12274 141819 23724 165458
12301 51067 8551 141008
12303 51067 8551 142832
12298 51067 8551 145440
12306 28000 4686 140679
12304 51067 8551 143984
12284 93293 15612 159371
12302 74908 12529 145243
12300 51067 8551 147286
12224 237853 39786 216517
12334 1177 199 120996
12282 141819 23724 166103
12310 28000 4686 142044
12313 28000 4686 141619
12316 51067 8551 139953
11582 573344 95902 768728
12297 74908 12529 155489
12312 74908 12529 145104
12317 51067 8551 141819
12100 573344 95902 327545
12379 74908 12529 93213
12318 51067 8551 142394
12309 93293 15612 150869
12320 37323 6243 142467
12314 74908 12529 148560
12263 237853 39786 191311
12321 74908 12529 144743
12331 51067 8551 140489
12326 74908 12529 144691
12294 141819 23724 168105
12299 141819 23724 166503
12322 74908 12529 147700
12333 51067 8551 140020
12122 141819 23724 324447
12323 93293 15612 150794
12292 141819 23724 176727
12296 141819 23724 171879
12336 51067 8551 141844
12071 141819 23724 364998
12285 573344 95902 189245
12339 51067 8551 142522
12332 93293 15612 153199
12341 51067 8551 142824
12126 573344 95902 331051
12349 28000 4686 139193
12343 74908 12529 144797
12354 51067 8551 139748
12353 51067 8551 140332
12338 74908 12529 153462
12344 74908 12529 147088
12170 573344 95902 303634
12350 74908 12529 144714
12361 51067 8551 138935
12342 93293 15612 150070
12328 141819 23724 166985
12348 74908 12529 148089
12305 141819 23724 185272
12330 141819 23724 168216
12362 37323 6243 140536
12355 74908 12529 146442
12319 74908 12529 175973
12360 74908 12529 145322
12367 51067 8551 139117
12358 74908 12529 147418
12401 141819 23724 108654
12351 93293 15612 151848
12370 28000 4686 139351
12345 74908 12529 157100
12359 93293 15612 151943
12192 141819 23724 295738
12365 74908 12529 150507
12340 141819 23724 166758
12369 74908 12529 147262
12374 51067 8551 141823
12307 237853 39786 197801
12472 1177 199 60498
12308 141819 23724 197824
12372 51067 8551 146293
12402 1177 199 121335
12452 51067 8551 85082
12381 37323 6243 142848
12385 51067 8551 139227
12268 237853 39786 235238
12347 74908 12529 168947
12375 51067 8551 148574
12363 93293 15612 160226
11906 573344 95902 553609
12023 573344 95902 448607
12384 74908 12529 147152
11725 2076744 347347 726389
12388 37323 6243 141396
12376 93293 15612 152730
12357 141819 23724 169919
12315 237853 39786 201883
12364 141819 23724 165666
12390 51067 8551 142449
12371 93293 15612 161481
11942 237853 39786 536426
12398 51067 8551 139079
12352 74908 12529 181128
12391 51067 8551 147144
12366 141819 23724 172982
12395 51067 8551 147072
12387 74908 12529 156488
12399 51067 8551 146142
12400 74908 12529 145834
12378 141819 23724 167190
12026 573344 95902 462660
12278 237853 39786 251638
12392 74908 12529 155382
12193 573344 95902 330029
12380 93293 15612 170293
12393 74908 12529 156913
12394 93293 15612 156508
12411 51067 8551 142029
12413 51067 8551 142464
12386 93293 15612 166265
12397 93293 15612 156429
12389 93293 15612 165905
12073 573344 95902 428933
12272 573344 95902 266932
12383 74908 12529 175333
12277 573344 95902 262542
12424 51067 8551 139677
12404 74908 12529 157689
12161 573344 95902 368693
12407 74908 12529 157760
12405 93293 15612 160991
12426 74908 12529 144807
12377 74908 12529 187048
12414 74908 12529 156127
12403 141819 23724 165052
12262 573344 95902 282842
12423 51067 8551 149857
12438 37323 6243 140424
12431 74908 12529 147216
12337 93293 15612 225208
12447 51067 8551 139156
12430 37323 6243 150340
12446 37323 6243 139914
12443 28000 4686 142062
12433 74908 12529 149383
12439 74908 12529 145634
12410 93293 15612 168790
12444 74908 12529 146596
12455 28000 4686 139057
12417 141819 23724 165102
12445 51067 8551 148441
12382 237853 39786 200163
12425 37323 6243 162467
12373 237853 39786 205888
12463 4264 714 133730
12437 93293 15612 156436
12478 1177 199 121772
12525 74908 12529 84547
12462 28000 4686 139465
12432 141819 23724 165002
12460 51067 8551 143277
12468 51067 8551 139149
12456 93293 15612 150211
12469 51067 8551 139505
12261 141819 23724 312788
12435 141819 23724 170511
12457 93293 15612 152965
12440 51067 8551 168346
12466 74908 12529 147601
12409 237853 39786 192124
12231 237853 39786 347486
12453 93293 15612 160959
12448 141819 23724 171045
12396 237853 39786 212059
12475 74908 12529 146652
12486 51067 8551 138950
12465 51067 8551 160376
12474 93293 15612 150357
12418 237853 39786 195299
12434 141819 23724 185296
12329 573344 95902 274987
12477 37323 6243 149167
12480 74908 12529 147993
12221 237853 39786 369668
12471 93293 15612 156711
12476 93293 15612 152697
12493 37323 6243 139659
12484 37323 6243 147306
12473 51067 8551 157825
12491 74908 12529 144186
12458 93293 15612 171794
12520 1177 199 121284
12487 51067 8551 151086
12502 37323 6243 141912
12497 74908 12529 146794
12500 51067 8551 144589
12482 93293 15612 157319
12406 237853 39786 220942
11980 573344 95902 590228
12587 28000 4686 78865
12507 51067 8551 139655
12234 141819 23724 372791
12510 51067 8551 138912
12416 237853 39786 218574
12504 51067 8551 145132
12461 74908 12529 182245
12514 28000 4686 139084
12503 93293 15612 151134
12512 51067 8551 140638
12454 237853 39786 192261
12518 51067 8551 139184
11941 573344 95902 634594
12415 237853 39786 224258
12508 51067 8551 145598
12578 74908 12529 94474
12517 51067 8551 144428
12546 1177 199 120999
12609 28000 4686 78810
12509 74908 12529 153697
12523 37323 6243 142439
12451 237853 39786 207738
12521 51067 8551 147610
12555 1177 199 121812
12470 237853 39786 193070
12495 141819 23724 173044
12511 51067 8551 158950
12526 74908 12529 146239
12614 51067 8551 81676
12542 51067 8551 138767
12492 141819 23724 178516
12498 51067 8551 177516
12541 51067 8551 142995
12524 93293 15612 152484
12527 37323 6243 150615
12529 74908 12529 150831
12573 237853 39786 121842
12428 237853 39786 239502
12532 51067 8551 152491
12420 237853 39786 243464
12539 93293 15612 151198
12556 51067 8551 139680
12559 51067 8551 139281
12368 573344 95902 297632
12160 573344 95902 479065
12547 93293 15612 153300
12562 74908 12529 144504
12494 237853 39786 197246
12533 141819 23724 164882
12522 74908 12529 173294
12531 141819 23724 166766
12543 74908 12529 157462
12563 74908 12529 146192
12481 237853 39786 209280
12567 37323 6243 143585
12550 28000 4686 154253
12554 93293 15612 150698
12536 141819 23724 166487
12549 74908 12529 156428
12538 51067 8551 165510
12537 141819 23724 166805
12534 93293 15612 168189
12572 51067 8551 139720
12571 51067 8551 142197
12488 237853 39786 210525
12564 93293 15612 152077
12513 237853 39786 190735
12490 237853 39786 210676
12505 237853 39786 199883
12516 237853 39786 191733
12545 93293 15612 167172
12579 74908 12529 145436
12327 573344 95902 352272
12569 93293 15612 153581
12586 51067 8551 141061
12574 74908 12529 149663
12577 74908 12529 149612
12583 51067 8551 143996
12580 74908 12529 146695
12591 51067 8551 139044
12588 51067 8551 141699
12535 141819 23724 181160
12566 74908 12529 161295
12595 51067 8551 140158
12548 141819 23724 174997
12540 141819 23724 182298
12467 237853 39786 243538
12599 51067 8551 139746
12544 74908 12529 179611
12618 141819 23724 123794
12501 237853 39786 218540
12584 93293 15612 151570
12575 93293 15612 158213
12602 37323 6243 141306
12570 74908 12529 163362
12483 237853 39786 233185
12594 74908 12529 147811
12528 237853 39786 195855
12592 74908 12529 151325
12590 74908 12529 152701
12677 93293 15612 92416
12422 573344 95902 285594
12598 74908 12529 151791
12612 28000 4686 140928
12637 1177 199 121332
12585 74908 12529 162838
12412 237853 39786 301475
12582 74908 12529 165577
12610 37323 6243 145568
12701 51067 8551 82246
12325 573344 95902 379099
12601 51067 8551 155871
12604 93293 15612 154786
12603 93293 15612 155424
12663 141819 23724 111121
12589 141819 23724 166717
12597 93293 15612 162013
12623 51067 8551 142254
12558 141819 23724 192099
12606 74908 12529 160640
12419 51067 8551 305578
12335 573344 95902 378789
12611 74908 12529 155470
12552 237853 39786 200864
12616 74908 12529 150425
12626 74908 12529 147009
12629 74908 12529 144247
12627 74908 12529 147576
12621 93293 15612 151164
12496 141819 23724 250629
12633 51067 8551 141788
11284 2076744 347347 1283552
12628 74908 12529 149845
12613 93293 15612 162813
12638 74908 12529 144821
12605 93293 15612 174665
12642 74908 12529 144291
12634 51067 8551 147548
12625 74908 12529 157282
12581 237853 39786 191407
12651 28000 4686 138657
12620 93293 15612 161677
12530 237853 39786 231371
12649 51067 8551 143106
12644 74908 12529 147595
12650 51067 8551 141691
12646 74908 12529 147405
12421 237853 39786 323676
12619 141819 23724 169828
12666 51067 8551 139271
12671 51067 8551 138817
12643 93293 15612 156876
12630 51067 8551 164377
12659 74908 12529 145887
12647 93293 15612 154063
12408 141819 23724 347335
12674 51067 8551 142668
12652 74908 12529 153687
12657 93293 15612 150877
12450 141819 23724 317773
12673 74908 12529 146616
12683 51067 8551 140139
12665 93293 15612 150684
12499 573344 95902 277788
12678 51067 8551 144288
12662 51067 8551 153026
12631 141819 23724 173530
12436 573344 95902 331616
12676 37323 6243 147081
12682 51067 8551 143070
12600 141819 23724 202117
12449 74908 12529 324689
12654 51067 8551 163197
12655 51067 8551 161315
12661 93293 15612 159305
12693 51067 8551 140975
12675 74908 12529 154241
12690 51067 8551 143470
12672 93293 15612 155834
12615 237853 39786 193889
12718 1177 199 121120
12679 93293 15612 152746
12648 141819 23724 172011
12698 51067 8551 139796
12699 51067 8551 138866
12624 237853 39786 192644
12685 93293 15612 152615
12635 74908 12529 184154
12608 141819 23724 208544
12660 141819 23724 168819
12695 74908 12529 145652
12703 51067 8551 140549
12684 51067 8551 161882
12656 74908 12529 176511
12617 141819 23724 207850
12784 28000 4686 79117
12653 93293 15612 183296
12519 573344 95902 285867
12716 37323 6243 142450
12568 237853 39786 250206
12689 141819 23724 165829
12720 51067 8551 139331
12694 51067 8551 163047
12191 237853 39786 568654
12719 51067 8551 141805
12724 51067 8551 139108
12596 237853 39786 233135
12792 28000 4686 78488
12707 74908 12529 150336
12708 93293 15612 150180
12702 93293 15612 157504
12681 141819 23724 175257
12722 51067 8551 141644
12697 51067 8551 161657
12721 51067 8551 143162
12557 237853 39786 263947
12715 74908 12529 152734
12270 237853 39786 505594
12711 51067 8551 157039
12738 15443 2590 138597
12667 237853 39786 192391
12668 141819 23724 192642
12729 51067 8551 149283
12664 237853 39786 196383
12743 51067 8551 139940
12731 51067 8551 151751
12717 93293 15612 163157
12704 141819 23724 171195
12732 74908 12529 151107
12745 51067 8551 141615
12742 74908 12529 145416
12640 237853 39786 218258
12749 28000 4686 139128
12741 74908 12529 148637
12710 141819 23724 170758
12726 28000 4686 160374
12748 51067 8551 143246
12752 37323 6243 139360
12464 573344 95902 361646
12442 237853 39786 382529
12753 37323 6243 140370
12750 51067 8551 144556
12737 74908 12529 155475
12751 74908 12529 144377
12746 74908 12529 148891
12730 51067 8551 166603
12754 51067 8551 145774
12747 93293 15612 152245
12740 74908 12529 159407
12759 51067 8551 138964
12764 15443 2590 137768
12709 141819 23724 183333
12767 51067 8551 141764
12761 51067 8551 144671
12769 37323 6243 140397
12733 141819 23724 172673
12700 237853 39786 198160
12565 573344 95902 298988
12686 237853 39786 213114
12705 237853 39786 194250
12670 237853 39786 223734
12760 93293 15612 151079
12775 51067 8551 139071
12777 37323 6243 139596
12706 237853 39786 199101
12773 74908 12529 145255
12714 237853 39786 196934
12734 573344 95902 182685
12788 237853 39786 133955
12808 141819 23724 117739
12772 93293 15612 151788
12756 141819 23724 166041
12785 37323 6243 139707
12780 51067 8551 141803
12723 237853 39786 194158
12692 237853 39786 220849
12789 51067 8551 139755
12758 141819 23724 167235
12757 93293 15612 168088
12768 93293 15612 162931
12762 141819 23724 168807
12744 141819 23724 186185
12725 237853 39786 205277
12782 93293 15612 153359
12801 37323 6243 139326
12441 573344 95902 425702
12781 74908 12529 155005
12804 51067 8551 139347
12806 15443 2590 137436
12799 74908 12529 143922
12791 51067 8551 148278
12798 37323 6243 149640
12809 37323 6243 139261
12811 51067 8551 139394
12807 51067 8551 143344
12790 51067 8551 156252
12813 51067 8551 140257
12881 28000 4686 78443
12763 141819 23724 186986
12774 141819 23724 177193
12787 141819 23724 165527
12817 51067 8551 139033
12810 74908 12529 148716
12796 74908 12529 164067
12818 37323 6243 141460
12485 237853 39786 407400
12816 74908 12529 144298
12797 141819 23724 165469
12766 237853 39786 195446
12794 93293 15612 169540
12820 74908 12529 145049
12803 141819 23724 165109
12829 28000 4686 139658
12783 141819 23724 182696
12832 51067 8551 140329
12828 51067 8551 143377
12255 573344 95902 612325
12836 37323 6243 141578
12857 1177 199 121190
12479 237853 39786 427091
12839 51067 8551 139434
12838 51067 8551 139995
12815 93293 15612 163790
12831 28000 4686 148499
12827 93293 15612 152596
12843 15443 2590 138012
12862 1177 199 121487
12515 141819 23724 405306
12842 51067 8551 144186
12834 93293 15612 153345
12837 74908 12529 151293
12802 141819 23724 185201
12850 51067 8551 140518
12826 93293 15612 164442
12852 51067 8551 140487
12814 141819 23724 177673
12845 51067 8551 148047
12691 237853 39786 285567
12844 51067 8551 150617
12865 4264 714 133695
12848 74908 12529 146323
12855 37323 6243 140537
12856 51067 8551 140609
12858 51067 8551 139887
12833 93293 15612 165322
12174 141819 23724 711032
12860 51067 8551 141455
12639 141819 23724 325922
12823 141819 23724 175724
12866 51067 8551 139327
12887 1177 199 121702
12812 141819 23724 194122
12861 51067 8551 147063
12847 93293 15612 166817
12875 51067 8551 141537
12728 141819 23724 276748
12786 237853 39786 222526
12873 74908 12529 144508
12765 573344 95902 245045
11854 573344 95902 1001331
12045 2076744 347347 829434
12819 237853 39786 195214
12883 28000 4686 139156
12884 51067 8551 139594
12112 573344 95902 778507
12853 51067 8551 165070
12778 237853 39786 234122
12835 141819 23724 185702
12864 93293 15612 161326
12878 74908 12529 151353
12882 93293 15612 153535
12863 37323 6243 168445
12868 141819 23724 165345
12879 74908 12529 155862
12955 74908 12529 83760
12830 237853 39786 199830
12849 93293 15612 181554
12867 51067 8551 169112
12869 141819 23724 171345
12895 51067 8551 143489
12890 74908 12529 150984
12553 237853 39786 427527
12902 51067 8551 140873
12840 141819 23724 199067
12824 237853 39786 213378
12892 74908 12529 153445
12903 51067 8551 145224
12886 51067 8551 164837
12899 74908 12529 149891
12891 37323 6243 159168
12324 573344 95902 626943
12821 237853 39786 224369
12859 237853 39786 191633
12911 28000 4686 138951
12896 74908 12529 154510
12910 74908 12529 144610
12907 51067 8551 146344
12905 93293 15612 150368
12736 141819 23724 306923
12908 37323 6243 148583
12851 237853 39786 202694
12906 93293 15612 152729
12912 74908 12529 144584
12938 1177 199 121943
12885 141819 23724 177187
12889 141819 23724 170463
12919 28000 4686 139756
12489 573344 95902 498940
12825 237853 39786 233073
12915 51067 8551 147854
12923 51067 8551 142119
12921 51067 8551 144140
12917 51067 8551 147843
12920 74908 12529 144727
12927 51067 8551 141760
12929 51067 8551 140394
12922 51067 8551 147963
12913 93293 15612 156099
12645 237853 39786 389661
12931 51067 8551 139608
12632 237853 39786 397367
12930 28000 4686 141419
12560 237853 39786 455581
12822 237853 39786 244716
12894 141819 23724 178183
12935 28000 4686 140005
12928 51067 8551 149332
12924 93293 15612 151521
12688 141819 23724 367093
12933 51067 8551 142397
12739 93293 15612 327683
12941 51067 8551 138972
12932 74908 12529 145196
12934 51067 8551 144055
13001 93293 15612 91388
12939 51067 8551 143695
12942 51067 8551 141937
12712 237853 39786 353627
12925 51067 8551 158843
12880 237853 39786 206564
12779 573344 95902 295521
12943 51067 8551 143594
12936 93293 15612 150580
13022 51067 8551 78817
12954 51067 8551 142826
12901 237853 39786 194693
12958 74908 12529 146715
12965 51067 8551 139392
12946 51067 8551 155645
12952 93293 15612 154468
12969 51067 8551 139666
12993 1177 199 121497
12713 573344 95902 371815
12898 237853 39786 203171
12976 51067 8551 138732
12964 74908 12529 145204
12947 93293 15612 158643
12948 74908 12529 158377
12959 37323 6243 153980
12953 93293 15612 156673
12945 93293 15612 163006
12971 74908 12529 144530
12974 51067 8551 142901
12916 237853 39786 192941
12961 93293 15612 155975
12977 74908 12529 144356
12978 51067 8551 144073
12956 51067 8551 162564
12950 141819 23724 166610
12735 141819 23724 367866
12980 51067 8551 144711
13052 74908 12529 86168
12960 74908 12529 164498
12982 74908 12529 147223
12987 51067 8551 144458
12995 28000 4686 138829
12957 141819 23724 172010
12949 141819 23724 176770
12963 51067 8551 166693
13000 51067 8551 140112
13017 1177 199 121550
12996 74908 12529 144805
12972 93293 15612 166642
12999 37323 6243 141575
12973 51067 8551 170696
12918 237853 39786 215161
12994 51067 8551 155020
13008 37323 6243 139999
12983 141819 23724 165404
12874 237853 39786 266634
12937 237853 39786 204456
12997 74908 12529 156610
12914 237853 39786 227586
12755 573344 95902 378402
13078 74908 12529 84078
13003 74908 12529 151044
13013 51067 8551 148481
13024 51067 8551 139757
12793 573344 95902 351574
13023 51067 8551 141033
12951 237853 39786 205729
13020 74908 12529 144588
13029 51067 8551 139333
13011 74908 12529 156782
13031 51067 8551 139728
13009 93293 15612 157516
13033 51067 8551 139098
13018 28000 4686 148461
13034 37323 6243 141287
13028 74908 12529 144448
13025 51067 8551 146019
13035 37323 6243 142785
13026 51067 8551 146693
13030 37323 6243 147439
13044 28000 4686 139342
12962 237853 39786 206391
13041 51067 8551 142281
13046 28000 4686 138995
13027 15443 2590 150417
12979 237853 39786 196151
13037 74908 12529 145972
13087 141819 23724 101150
13049 37323 6243 139649
12854 93293 15612 309125
12770 573344 95902 391350
12172 2076744 347347 880871
13051 51067 8551 140525
13057 28000 4686 139651
13043 93293 15612 151148
13019 141819 23724 166671
12576 573344 95902 544436
12940 237853 39786 238273
12985 237853 39786 202495
13042 93293 15612 154361
13122 51067 8551 80329
13038 51067 8551 156396
13010 141819 23724 183614
13032 141819 23724 165340
13048 93293 15612 154418
13016 141819 23724 176548
13063 37323 6243 140736
13015 141819 23724 178726
13047 51067 8551 157318
13053 74908 12529 151766
13066 51067 8551 139184
12970 141819 23724 222343
13021 141819 23724 175905
13004 237853 39786 192791
13062 51067 8551 147197
13055 93293 15612 155361
12888 93293 15612 302059
12429 141819 23724 679943
12771 573344 95902 416645
13060 51067 8551 158572
13012 237853 39786 195078
12990 141819 23724 217423
13100 1177 199 121543
13073 74908 12529 145348
13103 1177 199 121378
13064 93293 15612 158892
13036 141819 23724 184637
13007 237853 39786 206528
13083 51067 8551 140336
13092 4264 714 134203
13081 51067 8551 141230
13085 74908 12529 144420
13067 93293 15612 163881
13096 37323 6243 140083
13086 51067 8551 148609
12966 573344 95902 253057
13075 74908 12529 162321
13101 37323 6243 141040
13099 51067 8551 143143
13091 74908 12529 152024
13084 93293 15612 158837
13080 93293 15612 160930
13152 74908 12529 99737
12944 237853 39786 280875
12607 573344 95902 572678
12696 237853 39786 507047
13095 51067 8551 154860
13112 51067 8551 141175
12897 141819 23724 330520
13114 37323 6243 139470
13106 51067 8551 146695
12795 573344 95902 432354
13105 74908 12529 151978
13054 141819 23724 201746
12120 573344 95902 986437
13088 141819 23724 167982
13109 93293 15612 150411
13121 37323 6243 141115
13118 74908 12529 144362
13124 51067 8551 139191
13097 141819 23724 165190
13065 141819 23724 195811
13094 141819 23724 170092
13059 237853 39786 205688
13058 237853 39786 207592
13153 1177 199 121054
13074 237853 39786 192862
13130 51067 8551 142171
13128 74908 12529 144267
13120 74908 12529 153727
13138 15443 2590 143490
13126 74908 12529 151241
13143 51067 8551 139715
13111 141819 23724 165505
13089 93293 15612 185834
13144 37323 6243 139758
13132 51067 8551 150524
13197 74908 12529 83260
13135 93293 15612 151262
13070 237853 39786 209174
13133 93293 15612 153377
12926 573344 95902 334579
13131 74908 12529 154787
12841 573344 95902 418605
13098 141819 23724 188531
13151 51067 8551 140838
12909 141819 23724 357931
13168 1177 199 121186
13155 51067 8551 142923
13157 51067 8551 141854
13127 141819 23724 166347
13141 74908 12529 160996
13134 141819 23724 165042
13071 141819 23724 222164
13160 74908 12529 145380
13069 4264 714 227429
13045 237853 39786 252199
13227 51067 8551 81831
13159 74908 12529 151164
13137 141819 23724 172852
12893 573344 95902 388980
12805 74908 12529 471464
12800 573344 95902 477555
12727 573344 95902 542258
13165 51067 8551 140888
13162 74908 12529 145942
13164 51067 8551 142618
13139 93293 15612 177535
13163 51067 8551 144734
13119 237853 39786 191859
13115 237853 39786 196360
13104 237853 39786 205993
13156 93293 15612 163867
13072 237853 39786 236919
11982 2076744 347347 1160671
12776 237853 39786 506205
13170 51067 8551 143233
13116 237853 39786 201805
13123 141819 23724 195568
13181 37323 6243 139431
13166 51067 8551 156935
13188 51067 8551 140341
13175 51067 8551 152248
13154 141819 23724 180274
13161 141819 23724 170751
13183 74908 12529 147630
12900 237853 39786 404857
12998 573344 95902 318772
13195 51067 8551 139463
13179 93293 15612 153532
13190 74908 12529 150345
13107 237853 39786 229213
12622 573344 95902 648319
13182 74908 12529 158063
12427 93293 15612 804964
13014 573344 95902 312455
13174 141819 23724 166104
13192 74908 12529 150234
13207 28000 4686 139078
13203 51067 8551 142959
13232 1177 199 121995
13202 74908 12529 144706
13173 141819 23724 172240
13289 51067 8551 78752
12991 573344 95902 343726
12551 573344 95902 712258
13142 51067 8551 213145
13209 51067 8551 141450
13210 51067 8551 141210
13198 93293 15612 150731
13146 93293 15612 209679
13199 93293 15612 153649
13221 51067 8551 139448
13191 141819 23724 170685
13200 93293 15612 157639
13216 51067 8551 145181
13226 51067 8551 141106
13217 74908 12529 147303
13213 93293 15612 150344
13215 74908 12529 150886
13208 74908 12529 157205
13219 51067 8551 148491
12984 573344 95902 368254
13193 93293 15612 172940
13234 51067 8551 140363
13233 51067 8551 142715
13223 93293 15612 151344
13206 51067 8551 166303
13244 37323 6243 139870
13225 93293 15612 153025
10794 7521945 1258074 2226904
13240 37323 6243 143804
13231 93293 15612 150678
13241 51067 8551 143541
13218 141819 23724 161035
13185 74908 12529 193111
13236 74908 12529 149331
13245 74908 12529 145217
13250 51067 8551 141397
13237 74908 12529 151030
12981 573344 95902 384791
13249 37323 6243 143278
13238 74908 12529 152507
13252 37323 6243 142292
13247 74908 12529 147686
13093 573344 95902 289724
13187 93293 15612 198275
13309 74908 12529 102459
12280 2076744 347347 974078
13324 93293 15612 92813
13257 51067 8551 141425
13267 51067 8551 139412
13255 37323 6243 143041
13258 51067 8551 142097
13269 51067 8551 139587
13242 74908 12529 159031
13235 93293 15612 164394
13259 28000 4686 146930
13266 74908 12529 145506
13271 51067 8551 142078
13230 141819 23724 172328
13340 93293 15612 88783
13039 237853 39786 350767
13336 93293 15612 93633
13265 93293 15612 151076
12986 573344 95902 400149
13256 74908 12529 156007
13274 74908 12529 145930
13286 37323 6243 139058
13279 51067 8551 147838
13291 51067 8551 139956
13222 237853 39786 192908
13313 237853 39786 122982
13288 37323 6243 143058
13264 74908 12529 165963
13273 51067 8551 157950
13296 37323 6243 139541
13284 51067 8551 149300
12989 573344 95902 411248
13254 93293 15612 171019
13262 141819 23724 171139
13293 74908 12529 146243
13002 573344 95902 404021
13117 573344 95902 302425
13261 141819 23724 173708
13294 74908 12529 147085
13346 141819 23724 109146
13268 74908 12529 172787
13301 51067 8551 143606
13129 141819 23724 294070
13248 141819 23724 186682
13113 237853 39786 313550
12506 2076744 347347 829052
13318 37323 6243 139374
13307 37323 6243 151108
13276 141819 23724 175998
13317 51067 8551 144119
13295 93293 15612 160650
13394 51067 8551 78449
13136 573344 95902 302349
13171 237853 39786 261015
13281 74908 12529 175008
13308 93293 15612 153635
13325 51067 8551 142280
13316 74908 12529 146800
13315 74908 12529 149663
13314 93293 15612 151022
13056 93293 15612 380884
13246 237853 39786 206871
13326 74908 12529 146123
13397 28000 4686 79548
13263 237853 39786 195110
13396 37323 6243 84127
13319 93293 15612 151526
13392 51067 8551 89615
13322 51067 8551 150712
13331 74908 12529 144533
13158 573344 95902 294084
13304 93293 15612 167777
13178 573344 95902 267800
13342 237853 39786 140569
13275 237853 39786 192905
13272 93293 15612 197087
13006 573344 95902 432372
13321 74908 12529 163924
13220 237853 39786 239193
13335 74908 12529 153615
13172 573344 95902 280683
13306 93293 15612 175596
13228 237853 39786 233801
13353 37323 6243 140819
13283 237853 39786 194848
13343 74908 12529 147352
13312 93293 15612 172976
13351 51067 8551 143660
13323 93293 15612 168080
13363 28000 4686 140664
13339 93293 15612 155948
13355 28000 4686 144951
13329 93293 15612 168002
13149 141819 23724 321867
13368 51067 8551 141518
13005 237853 39786 450471
13300 237853 39786 193745
13338 141819 23724 165883
13399 93293 15612 109824
13253 93293 15612 231956
13243 237853 39786 239702
13176 237853 39786 295637
13350 93293 15612 157135
13332 93293 15612 172735
13167 573344 95902 303760
13177 141819 23724 295032
13204 74908 12529 271837
13341 51067 8551 168522
13364 51067 8551 154458
13369 51067 8551 148150
13377 51067 8551 143416
13285 237853 39786 215045
13374 51067 8551 146455
13378 74908 12529 145249
12687 237853 39786 748767
13381 51067 8551 139698
13348 93293 15612 173883
13229 573344 95902 263191
13145 141819 23724 345131
13382 37323 6243 142236
13406 1177 199 122291
13366 141819 23724 165377
13375 74908 12529 154939
13389 51067 8551 139730
13385 28000 4686 146071
13362 141819 23724 172981
13372 37323 6243 161946
13390 51067 8551 143605
13388 74908 12529 147306
13365 141819 23724 176920
13393 74908 12529 147163
13333 141819 23724 201120
13344 74908 12529 192272
13395 74908 12529 147386
13148 141819 23724 363066
13411 51067 8551 139222
12459 573344 95902 946604
13475 74908 12529 89101
13214 573344 95902 297220
13398 74908 12529 148935
13357 237853 39786 193346
13400 93293 15612 150553
13419 51067 8551 139181
13359 74908 12529 195230
13405 74908 12529 149432
13401 93293 15612 153340
13379 141819 23724 174833
13418 28000 4686 142305
13349 237853 39786 203274
13416 51067 8551 143534
12561 141819 23724 874663
13420 74908 12529 144428
13417 74908 12529 146009
13169 573344 95902 349592
13428 37323 6243 139564
13437 4264 714 134527
13424 74908 12529 146385
13431 51067 8551 139551
13494 51067 8551 84791
13380 141819 23724 183057
13387 141819 23724 177270
13427 51067 8551 149633
13371 237853 39786 199534
13435 37323 6243 144499
13422 51067 8551 156743
13327 237853 39786 240983
13180 573344 95902 355857
13441 74908 12529 146238
13438 74908 12529 148547
13403 141819 23724 173549
13412 141819 23724 170108
13450 51067 8551 141211
13251 51067 8551 302238
13413 93293 15612 171070
13386 237853 39786 194062
13140 573344 95902 408850
13454 51067 8551 142150
13455 51067 8551 144418
13402 141819 23724 183139
13442 93293 15612 157101
13467 28000 4686 139856
13361 237853 39786 229735
13447 74908 12529 154152
13282 573344 95902 289187
13303 74908 12529 271870
13434 74908 12529 163919
13463 74908 12529 145454
13443 74908 12529 161468
13125 573344 95902 429793
13433 141819 23724 168490
13471 51067 8551 142577
13453 93293 15612 155570
13473 28000 4686 139859
13211 237853 39786 345591
13472 51067 8551 142482
13194 573344 95902 364677
13464 93293 15612 151412
13452 74908 12529 159830
13409 237853 39786 192286
13077 93293 15612 476642
13457 51067 8551 159224
13367 237853 39786 235214
13439 51067 8551 172472
13465 28000 4686 155270
13459 93293 15612 160189
13425 51067 8551 184654
13462 93293 15612 159361
13476 74908 12529 144638
13483 28000 4686 139569
13212 93293 15612 353175
13481 1177 199 142229
13533 93293 15612 89160
13488 51067 8551 139611
13426 141819 23724 189958
13460 93293 15612 166972
13328 93293 15612 276007
13485 51067 8551 145755
13491 51067 8551 139589
12967 237853 39786 589513
13445 74908 12529 183086
13278 573344 95902 321800
13560 51067 8551 78632
13478 51067 8551 157947
13449 93293 15612 185729
13436 141819 23724 194320
13432 237853 39786 197222
13239 237853 39786 356211
13110 573344 95902 475394
12876 141819 23724 687586
13292 573344 95902 317683
13489 74908 12529 157491
13448 141819 23724 194090
13499 74908 12529 149052
13446 237853 39786 198623
13510 51067 8551 141824
13305 573344 95902 315981
13505 51067 8551 146068
13479 93293 15612 172496
13512 74908 12529 144678
13482 74908 12529 173461
13520 51067 8551 139446
13260 74908 12529 355719
13581 74908 12529 88086
13337 51067 8551 298341
13498 93293 15612 163794
13521 51067 8551 141542
13444 93293 15612 213716
13518 74908 12529 148066
13509 74908 12529 156334
13522 51067 8551 143091
13358 573344 95902 289525
13517 37323 6243 150215
13360 573344 95902 289665
13547 1177 199 121836
13507 93293 15612 162784
13495 141819 23724 173556
13469 237853 39786 202784
13493 141819 23724 177032
13519 93293 15612 156006
13529 51067 8551 142921
13528 51067 8551 143477
13503 93293 15612 170613
13523 93293 15612 150770
13297 237853 39786 346467
13536 28000 4686 138914
13302 237853 39786 343546
13524 93293 15612 154527
13514 37323 6243 168751
13370 141819 23724 294625
13535 51067 8551 142824
13484 141819 23724 198846
13492 141819 23724 193750
13496 141819 23724 189435
13516 141819 23724 174741
13551 37323 6243 140536
13468 237853 39786 223924
13423 237853 39786 257348
13640 37323 6243 78542
13415 237853 39786 262895
10363 7521945 1258074 2861156
13500 237853 39786 193837
13550 74908 12529 145103
13554 51067 8551 140344
13552 51067 8551 144249
13559 51067 8551 139458
13558 51067 8551 140223
13543 74908 12529 152856
13527 141819 23724 167276
13287 51067 8551 374667
13540 51067 8551 156733
13539 93293 15612 157069
13513 141819 23724 188684
13502 237853 39786 196481
13563 51067 8551 142928
13553 93293 15612 152876
13557 74908 12529 148049
13538 237853 39786 162372
13277 237853 39786 390847
13570 51067 8551 140478
13345 141819 23724 338542
13619 141819 23724 104920
13461 237853 39786 244427
13572 51067 8551 141141
13531 51067 8551 172179
13564 51067 8551 149065
13534 141819 23724 172115
13474 237853 39786 235143
13571 74908 12529 144152
13224 237853 39786 432551
13311 237853 39786 367804
13549 74908 12529 163494
13567 93293 15612 151494
13577 74908 12529 144505
13586 51067 8551 139939
13515 237853 39786 202454
13669 74908 12529 83767
13270 74908 12529 411272
13585 74908 12529 145013
13574 74908 12529 153102
13546 93293 15612 173824
13354 573344 95902 345900
13598 51067 8551 140405
13603 4264 714 133600
13576 51067 8551 155770
13591 37323 6243 145992
13578 51067 8551 156678
13601 51067 8551 139232
13594 74908 12529 144794
13410 93293 15612 301020
13579 93293 15612 157417
13569 93293 15612 164664
13606 51067 8551 139039
13501 237853 39786 226528
13590 93293 15612 152257
13593 93293 15612 150959
13600 74908 12529 148478
13587 74908 12529 158414
13150 573344 95902 529689
13205 237853 39786 474689
13602 93293 15612 150129
13605 74908 12529 147864
13414 573344 95902 310366
13621 37323 6243 139416
13486 141819 23724 256032
13352 141819 23724 369649
13580 141819 23724 172948
13616 74908 12529 148133
13592 93293 15612 168970
13568 141819 23724 185266
13584 141819 23724 174403
13634 51067 8551 140635
13614 93293 15612 155151
13626 51067 8551 146063
13280 573344 95902 437685
13555 237853 39786 197857
13637 28000 4686 140676
13622 93293 15612 151091
13456 74908 12529 297249
13624 74908 12529 152965
13638 74908 12529 144285
13643 28000 4686 141924
13607 141819 23724 168780
13644 51067 8551 142765
13648 51067 8551 141553
13629 93293 15612 155175
13596 141819 23724 180131
13604 141819 23724 172774
13506 141819 23724 255535
13631 37323 6243 155717
13636 51067 8551 150976
13628 51067 8551 157573
13641 51067 8551 149576
13458 573344 95902 305291
13609 93293 15612 173108
13654 28000 4686 139628
13612 141819 23724 172547
13679 1177 199 122042
13611 74908 12529 173593
13610 141819 23724 175239
13630 51067 8551 162887
13625 51067 8551 164817
13650 74908 12529 152927
12872 237853 39786 824042
13668 51067 8551 140422
13671 51067 8551 139278
13617 141819 23724 177667
13646 93293 15612 159921
13633 141819 23724 171244
13672 51067 8551 140358
13691 1177 199 121715
13647 51067 8551 162195
13657 93293 15612 156309
13673 74908 12529 144479
13632 93293 15612 176756
13649 141819 23724 166001
13310 573344 95902 444233
13659 74908 12529 157407
13677 51067 8551 142730
13674 74908 12529 146057
13676 51067 8551 144962
13661 93293 15612 160208
13664 51067 8551 157540
13613 141819 23724 195785
13061 93293 15612 670775
13290 237853 39786 465098
13670 51067 8551 160334
13688 51067 8551 139006
13451 237853 39786 339899
13429 573344 95902 356476
13421 51067 8551 365383
13391 573344 95902 388692
13384 573344 95902 395254
13665 74908 12529 166804
13589 237853 39786 225096
13692 37323 6243 139398
13662 74908 12529 172975
13696 51067 8551 140029
13680 93293 15612 158443
13477 573344 95902 325260
13682 51067 8551 158469
13685 74908 12529 155798
13702 51067 8551 140099
13770 51067 8551 88274
13683 51067 8551 161468
13704 37323 6243 139122
13698 37323 6243 147692
13595 93293 15612 230574
13545 573344 95902 267969
13708 51067 8551 140039
13689 74908 12529 157981
13700 74908 12529 148144
13525 573344 95902 286943
13707 37323 6243 141732
13687 74908 12529 161088
13635 237853 39786 209383
13681 74908 12529 171359
13711 37323 6243 145094
13686 51067 8551 166797
13720 51067 8551 139865
13703 93293 15612 152660
13690 141819 23724 166623
13705 74908 12529 151835
13695 93293 15612 161536
13710 51067 8551 149110
13727 28000 4686 138858
13709 74908 12529 152424
13792 93293 15612 94420
13656 237853 39786 204812
13714 74908 12529 153219
13712 93293 15612 153664
12846 2076744 347347 903336
13652 237853 39786 211217
13734 51067 8551 139955
13530 237853 39786 301940
13645 237853 39786 218275
13735 51067 8551 141167
13729 74908 12529 146167
13717 51067 8551 157377
13739 51067 8551 141215
13573 237853 39786 273716
13740 51067 8551 141681
13508 237853 39786 334167
13618 237853 39786 243032
13663 237853 39786 214668
13793 141819 23724 109344
13747 51067 8551 140285
13750 51067 8551 139197
13723 51067 8551 163082
13737 93293 15612 153147
13583 141819 23724 276928
13497 573344 95902 352791
13721 93293 15612 168553
13347 93293 15612 482419
13738 74908 12529 155151
13759 51067 8551 139096
13718 93293 15612 170839
13716 74908 12529 171622
13726 93293 15612 167587
13756 74908 12529 145388
13675 237853 39786 216806
13724 74908 12529 173040
13751 74908 12529 150499
13330 573344 95902 503050
13761 74908 12529 144753
13068 573344 95902 730317
13857 51067 8551 79115
13753 93293 15612 150468
13754 93293 15612 150750
13746 74908 12529 158131
13548 573344 95902 316812
13758 93293 15612 150575
13749 74908 12529 157038
13745 93293 15612 162367
13762 74908 12529 149421
13757 93293 15612 152405
13767 51067 8551 146686
13736 141819 23724 171496
13651 237853 39786 245185
13748 37323 6243 162484
11412 7521945 1258074 2138769
13774 51067 8551 146657
13783 51067 8551 140510
13741 141819 23724 171761
13780 74908 12529 146278
13732 93293 15612 179814
13778 74908 12529 148210
13730 74908 12529 181968
13658 141819 23724 247519
13725 141819 23724 187930
13562 573344 95902 317600
13766 93293 15612 156820
13785 74908 12529 145487
13796 51067 8551 139194
13772 93293 15612 156015
13765 93293 15612 161081
13660 237853 39786 251392
13800 51067 8551 139675
13760 141819 23724 167046
13728 237853 39786 191278
13791 74908 12529 146666
13801 51067 8551 141811
13835 1177 199 121858
13794 51067 8551 149050
13769 141819 23724 165980
13805 74908 12529 145186
13511 573344 95902 378467
13722 237853 39786 205697
13706 237853 39786 216577
13812 51067 8551 141781
13803 93293 15612 149778
13802 93293 15612 150663
13542 573344 95902 348301
13811 51067 8551 145302
13541 573344 95902 349363
13806 51067 8551 149835
13870 141819 23724 102116
13822 37323 6243 139525
13804 74908 12529 152057
13818 51067 8551 143309
13744 141819 23724 194323
13813 74908 12529 148163
13827 37323 6243 139957
13816 74908 12529 145112
13820 51067 8551 144172
13764 141819 23724 181855
13684 237853 39786 248811
13809 93293 15612 155329
13832 51067 8551 142126
13890 93293 15612 97532
13819 74908 12529 149653
13815 74908 12529 155267
13825 74908 12529 148698
13814 74908 12529 155964
13790 74908 12529 169669
13843 51067 8551 139990
13808 51067 8551 164646
13798 141819 23724 170040
13752 237853 39786 201221
13795 93293 15612 173519
13846 51067 8551 141283
13608 141819 23724 320762
13844 51067 8551 145008
13556 237853 39786 356267
13922 15443 2590 78157
13838 74908 12529 148634
13834 51067 8551 154381
13855 51067 8551 140971
13833 51067 8551 160249
13851 51067 8551 143998
13697 237853 39786 257281
13839 51067 8551 156312
13775 237853 39786 199998
13829 141819 23724 165737
13856 74908 12529 145225
13852 51067 8551 146761
13859 51067 8551 140101
13841 93293 15612 157096
13799 74908 12529 183761
13678 573344 95902 282111
13830 93293 15612 168813
13853 74908 12529 150061
13864 51067 8551 140071
13868 28000 4686 140130
13781 141819 23724 203245
13620 573344 95902 327330
13862 51067 8551 144348
13544 573344 95902 385330
13784 237853 39786 204168
13869 51067 8551 143962
13789 74908 12529 201268
13787 141819 23724 202190
13840 93293 15612 169915
13786 237853 39786 204313
13807 237853 39786 193134
13871 51067 8551 144913
13876 28000 4686 140578
13836 93293 15612 174462
13879 51067 8551 142003
13882 51067 8551 139344
13948 51067 8551 79859
13883 51067 8551 141512
13906 1177 199 121784
13885 28000 4686 141136
13719 237853 39786 261295
13887 51067 8551 142829
13788 237853 39786 213896
13824 237853 39786 192616
13894 51067 8551 140141
13889 74908 12529 145245
13713 237853 39786 271393
13873 93293 15612 156350
13849 141819 23724 177908
13919 1177 199 121036
13763 141819 23724 236583
13831 93293 15612 195856
13886 237853 39786 152385
13773 237853 39786 232389
13888 37323 6243 151615
13866 74908 12529 166279
13895 74908 12529 147703
13900 51067 8551 143044
13901 51067 8551 144370
13905 28000 4686 140227
13910 15443 2590 137647
13884 74908 12529 159763
13909 51067 8551 139520
13912 51067 8551 139701
13867 141819 23724 174360
13898 74908 12529 152473
13880 93293 15612 166877
13914 37323 6243 140265
13861 141819 23724 183863
13916 15443 2590 139260
13623 573344 95902 364876
13639 573344 95902 355071
13897 93293 15612 157456
13911 74908 12529 149752
13913 51067 8551 147679
13860 4264 714 189573
13924 51067 8551 139603
13903 93293 15612 159959
13908 74908 12529 154925
13917 74908 12529 148223
13694 573344 95902 316960
13817 237853 39786 229805
13847 237853 39786 212356
13930 74908 12529 144333
13934 51067 8551 139616
13928 74908 12529 147781
13915 93293 15612 159412
13920 74908 12529 155823
13858 141819 23724 208426
13941 37323 6243 139362
13907 93293 15612 171428
13939 51067 8551 141742
13848 237853 39786 219445
13944 51067 8551 139180
13892 141819 23724 187204
13946 51067 8551 138989
13699 573344 95902 330730
13480 237853 39786 515084
13937 74908 12529 146711
13850 237853 39786 221838
13942 51067 8551 147155
13923 93293 15612 166031
13837 74908 12529 238197
13891 237853 39786 201145
13771 573344 95902 285055
13956 15443 2590 137826
13715 573344 95902 329955
13943 93293 15612 156195
13927 141819 23724 172753
13935 51067 8551 163579
13954 51067 8551 143816
13933 93293 15612 170061
13947 74908 12529 157895
13961 51067 8551 139896
13877 237853 39786 220698
13949 37323 6243 153001
13953 51067 8551 149685
13960 51067 8551 142423
13964 51067 8551 143717
13565 573344 95902 468615
13959 93293 15612 154268
13978 51067 8551 139998
13965 74908 12529 151160
13969 51067 8551 147719
13874 141819 23724 237441
13334 573344 95902 675358
13952 74908 12529 165193
13968 93293 15612 151322
13966 93293 15612 152364
13983 51067 8551 142348
13977 74908 12529 146809
13973 93293 15612 151434
13975 74908 12529 148869
13936 237853 39786 192087
13997 37323 6243 139204
13974 93293 15612 151223
13967 74908 12529 158124
13976 74908 12529 151533
13985 51067 8551 149462
13982 74908 12529 151099
13990 74908 12529 148881
13991 74908 12529 147339
13921 237853 39786 213700
13755 74908 12529 335207
13950 573344 95902 179668
13958 141819 23724 171842
13918 237853 39786 217805
13742 237853 39786 347229
13994 74908 12529 150267
13989 93293 15612 156672
13999 74908 12529 147402
13987 93293 15612 158415
13957 141819 23724 181454
13298 2076744 347347 722483
13904 237853 39786 238659
13996 74908 12529 157793
13865 93293 15612 272472
13970 141819 23724 173453
14001 51067 8551 152713
14000 51067 8551 153716
14006 37323 6243 139658
14007 28000 4686 139537
13962 141819 23724 182251
13537 237853 39786 521282
14008 51067 8551 139136
13842 573344 95902 297373
13777 573344 95902 339941
13902 237853 39786 249930
14005 51067 8551 149397
13575 237853 39786 502529
13821 237853 39786 318759
14012 51067 8551 144147
13980 93293 15612 181945
13931 237853 39786 236017
14015 28000 4686 147220
14013 93293 15612 150571
14009 93293 15612 155481
14003 93293 15612 165945
13733 573344 95902 388850
14028 51067 8551 139885
14023 74908 12529 145493
14029 37323 6243 140771
14031 28000 4686 139103
14033 51067 8551 139247
14061 1177 199 122184
14036 37323 6243 139918
14041 37323 6243 139791
13810 141819 23724 343061
13971 237853 39786 203866
13986 237853 39786 196115
14035 51067 8551 144373
13995 237853 39786 191879
14038 51067 8551 145334
13992 237853 39786 193819
13642 141819 23724 477586
14042 51067 8551 144429
14043 74908 12529 144600
14025 74908 12529 155951
13893 93293 15612 287544
13988 237853 39786 200613
13951 237853 39786 228322
13653 237853 39786 473715
14119 37323 6243 85318
14078 1177 199 121026
14037 93293 15612 150461
14010 141819 23724 174987
14051 51067 8551 144841
14052 141819 23724 145162
13955 141819 23724 234090
14002 141819 23724 189933
14034 51067 8551 159412
14131 74908 12529 85576
14054 74908 12529 149523
14060 74908 12529 146439
14022 141819 23724 177534
14047 74908 12529 159833
14018 141819 23724 180107
13940 573344 95902 264022
14039 141819 23724 169275
14011 237853 39786 191890
13731 573344 95902 425743
14070 74908 12529 147388
14080 51067 8551 142201
14064 51067 8551 152063
14067 93293 15612 152135
14081 74908 12529 144812
14085 28000 4686 143259
14056 93293 15612 162241
14074 74908 12529 149913
13872 573344 95902 333023
14062 74908 12529 162833
14083 74908 12529 148670
14017 237853 39786 193560
13993 237853 39786 229261
14071 93293 15612 156072
14095 51067 8551 139612
14063 74908 12529 162919
14075 51067 8551 156406
14088 51067 8551 146178
14021 237853 39786 197361
14077 93293 15612 157328
14066 93293 15612 165308
14121 1177 199 121834
14094 51067 8551 143926
14072 93293 15612 161629
13823 573344 95902 383565
14090 28000 4686 151450
14068 74908 12529 169123
13782 573344 95902 416787
14058 141819 23724 181581
14020 93293 15612 210534
14104 74908 12529 148388
13878 237853 39786 350369
14184 74908 12529 84916
14111 51067 8551 142650
14092 37323 6243 160620
14117 28000 4686 138981
14076 141819 23724 175067
14118 51067 8551 139448
14120 51067 8551 139615
14115 37323 6243 143251
14112 37323 6243 146728
14110 51067 8551 149406
14103 37323 6243 157719
14125 51067 8551 139716
14108 93293 15612 154111
13615 573344 95902 559783
13701 573344 95902 486845
13526 573344 95902 628144
14082 141819 23724 179827
13090 2076744 347347 1007829
14116 74908 12529 146941
14130 51067 8551 139315
14096 141819 23724 168183
14019 237853 39786 224023
13743 573344 95902 458604
14128 51067 8551 142848
14123 51067 8551 147592
14113 93293 15612 155463
14089 93293 15612 176233
14127 51067 8551 145462
13896 141819 23724 353797
14050 141819 23724 208685
14086 141819 23724 186124
14135 37323 6243 140544
14134 37323 6243 145181
14141 28000 4686 140151
13963 237853 39786 292705
14126 93293 15612 158506
14144 51067 8551 141643
14140 51067 8551 144319
14149 51067 8551 139335
14145 51067 8551 143741
13532 237853 39786 644226
14151 37323 6243 140115
14146 74908 12529 145329
10869 7521945 1258074 2905189
14093 237853 39786 192423
14142 74908 12529 151353
14147 74908 12529 150667
14157 37323 6243 140911
14155 51067 8551 143249
14137 74908 12529 158091
14234 51067 8551 83346
14024 237853 39786 249008
14122 141819 23724 175737
14203 141819 23724 106792
11397 573344 95902 2471847
14165 51067 8551 140663
14154 74908 12529 149333
14239 74908 12529 83535
14173 51067 8551 139665
13981 141819 23724 302000
14226 93293 15612 97928
14161 51067 8551 148946
14053 237853 39786 237405
14160 74908 12529 150474
14156 37323 6243 157171
14175 74908 12529 146963
13854 573344 95902 425013
14097 237853 39786 214206
14172 51067 8551 152479
14186 51067 8551 142689
14178 51067 8551 148321
14182 74908 12529 144527
14189 51067 8551 141081
14153 93293 15612 165943
14101 237853 39786 215027
14185 74908 12529 149508
14114 74908 12529 205095
14221 1177 199 121623
14099 237853 39786 222618
14014 237853 39786 284067
14143 573344 95902 182986
14195 37323 6243 144718
14069 74908 12529 246485
13979 573344 95902 324598
14152 141819 23724 178442
14202 51067 8551 139621
14218 141819 23724 130232
14190 28000 4686 153264
14200 28000 4686 143100
14159 93293 15612 176203
14180 51067 8551 160962
13666 237853 39786 589664
14183 51067 8551 161838
14262 93293 15612 90100
14124 93293 15612 212320
14197 93293 15612 154381
14206 51067 8551 144974
14213 37323 6243 139826
14193 51067 8551 159485
14162 51067 8551 182850
14216 51067 8551 141315
14177 141819 23724 173709
14243 1177 199 122153
14192 93293 15612 164967
14224 28000 4686 139365
14205 74908 12529 151352
14217 28000 4686 145118
14246 1177 199 121939
14170 93293 15612 184711
14212 74908 12529 148277
14225 51067 8551 139772
14211 15443 2590 150237
14106 237853 39786 238164
14236 4264 714 134250
14204 93293 15612 157675
14214 74908 12529 150859
14209 74908 12529 155468
14046 237853 39786 289531
14219 74908 12529 151849
13561 573344 95902 685189
14073 141819 23724 269109
14228 74908 12529 145635
14148 237853 39786 207293
13776 237853 39786 522192
14201 93293 15612 164225
14191 141819 23724 177332
14179 74908 12529 184819
14220 74908 12529 155952
14233 74908 12529 145115
14136 237853 39786 222906
14181 237853 39786 192158
14040 51067 8551 306270
14215 51067 8551 168705
14150 237853 39786 218681
14244 51067 8551 150707
14231 93293 15612 162094
14048 573344 95902 311349
14232 93293 15612 166181
14250 93293 15612 151081
14027 141819 23724 330863
13932 573344 95902 430485
14230 74908 12529 173541
14237 74908 12529 168604
14107 93293 15612 274791
14207 237853 39786 191493
14255 74908 12529 147563
14263 51067 8551 141574
14259 51067 8551 143452
14210 141819 23724 192812
13373 237853 39786 887878
14256 74908 12529 151655
14238 141819 23724 174651
14254 51067 8551 154343
14247 93293 15612 169382
14241 93293 15612 173848
13050 2076744 347347 1173900
14264 74908 12529 150077
14271 51067 8551 142184
14275 51067 8551 139446
14274 51067 8551 142185
14229 141819 23724 188221
14132 237853 39786 267376
14258 51067 8551 156047
14270 74908 12529 145786
14248 141819 23724 174763
14045 237853 39786 338157
14267 74908 12529 152398
14290 51067 8551 139883
14222 141819 23724 202560
14260 37323 6243 162055
14273 93293 15612 152122
13875 141819 23724 499952
14283 51067 8551 144002
14129 93293 15612 278389
14253 141819 23724 172606
14268 74908 12529 155563
14032 141819 23724 352864
14227 141819 23724 201454
14079 573344 95902 323214
14272 51067 8551 156616
14249 141819 23724 183960
14297 28000 4686 144552
14105 573344 95902 302564
14084 573344 95902 323241
14291 74908 12529 148493
14288 74908 12529 149816
14277 93293 15612 156090
14235 141819 23724 200811
14311 37323 6243 139175
14298 93293 15612 150398
14309 51067 8551 141989
14285 93293 15612 156559
14302 51067 8551 150571
14315 51067 8551 142076
14102 93293 15612 318566
14317 51067 8551 142130
14313 74908 12529 147659
14301 93293 15612 156190
14294 28000 4686 160308
14316 51067 8551 144182
14293 93293 15612 165852
14324 74908 12529 145633
14278 141819 23724 175290
14327 51067 8551 144629
14284 141819 23724 172388
14333 51067 8551 140038
14335 51067 8551 138853
14257 237853 39786 194744
14312 93293 15612 159072
14321 93293 15612 154789
14334 51067 8551 146014
14363 1177 199 121244
14328 51067 8551 151749
14326 93293 15612 153404
14091 573344 95902 346858
14420 28000 4686 78734
14342 51067 8551 144237
14337 74908 12529 152299
14343 74908 12529 145852
14332 74908 12529 159444
14352 51067 8551 140207
14322 93293 15612 171135
14339 93293 15612 154099
14310 141819 23724 179871
14357 51067 8551 141439
14355 37323 6243 143607
14208 237853 39786 265558
13998 573344 95902 448063
14338 93293 15612 160691
14348 74908 12529 152499
14358 51067 8551 145285
14198 237853 39786 279189
14292 237853 39786 199904
14329 28000 4686 174613
14323 141819 23724 179475
14282 237853 39786 204886
14350 93293 15612 156490
14280 141819 23724 209227
14373 51067 8551 140900
14372 51067 8551 142096
14376 51067 8551 140398
14336 93293 15612 175846
14351 51067 8551 162226
14187 237853 39786 300910
14344 93293 15612 167365
14368 74908 12529 149485
14194 573344 95902 296224
14266 237853 39786 230353
14370 28000 4686 150687
14385 28000 4686 139790
14365 74908 12529 156735
14455 51067 8551 84088
14389 51067 8551 139493
14382 51067 8551 147649
14331 141819 23724 189770
14109 237853 39786 372365
14377 93293 15612 152447
14381 74908 12529 152117
14393 37323 6243 142320
14325 237853 39786 196864
14479 1177 199 80281
14364 51067 8551 165398
14375 51067 8551 156291
14402 51067 8551 139417
14319 237853 39786 205317
14394 74908 12529 144932
14395 51067 8551 146048
14308 237853 39786 216494
14367 141819 23724 169782
13938 573344 95902 531777
14398 74908 12529 147855
14188 74908 12529 319432
14400 51067 8551 146833
14306 237853 39786 221667
14384 51067 8551 159367
14299 237853 39786 227612
14387 93293 15612 157046
14163 237853 39786 342042
14199 93293 15612 312054
14359 141819 23724 180829
14379 141819 23724 166844
14414 51067 8551 139735
14391 74908 12529 159479
14406 51067 8551 144974
14411 51067 8551 142931
14408 74908 12529 145070
14399 74908 12529 159492
14380 141819 23724 172854
14413 74908 12529 145487
14404 51067 8551 154482
13566 573344 95902 839604
14196 573344 95902 328053
14410 93293 15612 150746
14371 141819 23724 181068
14356 237853 39786 195255
14374 15443 2590 180504
14397 51067 8551 166493
14431 51067 8551 140003
14425 51067 8551 143535
14403 28000 4686 166799
14426 51067 8551 146545
14360 141819 23724 199437
14164 573344 95902 361875
14437 51067 8551 140194
14409 93293 15612 164060
14441 51067 8551 141889
14416 93293 15612 165719
14436 51067 8551 151662
14252 141819 23724 301851
14430 74908 12529 159992
14304 573344 95902 262611
14369 237853 39786 207505
14452 51067 8551 139390
14422 141819 23724 166816
14388 237853 39786 195380
14459 51067 8551 139490
14434 51067 8551 160473
14450 74908 12529 145107
14448 74908 12529 146920
14424 141819 23724 168564
14449 74908 12529 147338
14427 93293 15612 168230
14464 28000 4686 141959
14345 237853 39786 233963
14418 93293 15612 176869
14438 51067 8551 159770
14456 51067 8551 146784
14139 237853 39786 404885
14483 4264 714 133392
14419 37323 6243 178579
14004 237853 39786 518747
14432 74908 12529 172090
14453 74908 12529 152407
14435 51067 8551 167619
14475 51067 8551 144285
14474 74908 12529 144969
14446 93293 15612 159046
14412 141819 23724 191962
13926 237853 39786 607834
14488 51067 8551 139499
14470 51067 8551 152627
14443 141819 23724 169142
14482 51067 8551 145167
14485 51067 8551 144445
14439 74908 12529 172577
14487 51067 8551 142950
14480 74908 12529 151282
14473 51067 8551 155670
14472 51067 8551 157955
14490 74908 12529 144943
13147 573344 95902 1253561
14492 51067 8551 144046
14467 93293 15612 162728
14390 37323 6243 221723
14495 51067 8551 142104
14489 74908 12529 147535
14457 141819 23724 167793
14484 74908 12529 153650
14300 573344 95902 296577
14451 141819 23724 171988
14466 141819 23724 167024
14493 51067 8551 149623
14486 74908 12529 157349
14314 237853 39786 292104
14276 93293 15612 314536
14497 74908 12529 147684
14498 74908 12529 148055
14169 237853 39786 413868
14468 93293 15612 171308
14494 51067 8551 155046
14599 4264 714 73845
14555 93293 15612 113589
14469 141819 23724 177490
14433 237853 39786 204568
14440 237853 39786 197533
14361 141819 23724 262293
14346 573344 95902 276171
14251 51067 8551 353969
14500 93293 15612 157982
14341 141819 23724 280748
14516 37323 6243 141307
14519 51067 8551 140272
14509 74908 12529 150272
14508 74908 12529 151737
14415 237853 39786 226531
14504 93293 15612 159016
14524 51067 8551 139633
14320 74908 12529 305679
14515 74908 12529 146964
14444 141819 23724 204419
14098 74908 12529 490928
14442 237853 39786 204951
14521 51067 8551 144613
14514 74908 12529 148578
14510 51067 8551 155940
14491 93293 15612 177153
14505 141819 23724 166560
14512 51067 8551 160566
14567 1177 199 121343
14417 74908 12529 235631
14383 237853 39786 265777
14523 74908 12529 153435
14548 51067 8551 142180
13826 573344 95902 738150
14362 237853 39786 283438
14536 74908 12529 148803
14526 74908 12529 155719
14579 1177 199 120996
14529 74908 12529 153342
14550 51067 8551 144839
14525 51067 8551 157972
14349 74908 12529 297213
14544 74908 12529 149505
14055 573344 95902 541514
14520 51067 8551 162822
14552 51067 8551 146598
14546 74908 12529 151181
14537 74908 12529 156016
14551 93293 15612 152652
14528 74908 12529 165084
14569 15443 2590 137654
14564 74908 12529 145358
14533 51067 8551 162071
14554 93293 15612 153782
14269 573344 95902 367705
14571 51067 8551 138964
14305 237853 39786 349459
14502 93293 15612 194335
14539 93293 15612 165103
14556 74908 12529 157329
14538 93293 15612 166810
14242 573344 95902 406086
14541 93293 15612 169227
14566 28000 4686 151314
14583 51067 8551 140663
14574 51067 8551 146705
14511 237853 39786 192012
13655 2076744 347347 894825
14542 93293 15612 171876
14581 51067 8551 143411
14522 141819 23724 183163
14587 51067 8551 141349
14586 28000 4686 141470
14557 37323 6243 165346
14576 74908 12529 148719
14540 74908 12529 175084
14588 51067 8551 142802
14100 74908 12529 531961
14543 141819 23724 176120
14168 573344 95902 476552
14547 141819 23724 176863
14534 74908 12529 180889
14570 74908 12529 156166
14592 51067 8551 140398
14593 37323 6243 140264
14471 237853 39786 236397
14590 51067 8551 144765
14602 141819 23724 134203
14481 237853 39786 235678
14553 141819 23724 180522
14596 74908 12529 144985
14261 74908 12529 403217
14601 51067 8551 141860
14597 51067 8551 144680
14133 237853 39786 514770
14561 141819 23724 181738
14603 37323 6243 139662
14580 93293 15612 164348
14584 51067 8551 164036
14595 74908 12529 153719
14517 237853 39786 208149
14591 74908 12529 157421
14657 51067 8551 94424
14672 51067 8551 82285
14582 141819 23724 167057
14613 51067 8551 139376
14532 237853 39786 198293
14614 51067 8551 141024
14295 573344 95902 392427
14604 51067 8551 149053
14683 51067 8551 81516
14620 51067 8551 139873
14678 74908 12529 85993
14560 93293 15612 195419
14600 51067 8551 159506
14612 74908 12529 148710
14549 141819 23724 202331
14611 93293 15612 149913
14518 237853 39786 219718
14623 51067 8551 146529
14633 28000 4686 139567
14535 141819 23724 212987
14637 51067 8551 139920
14615 93293 15612 160029
14629 74908 12529 149226
14575 573344 95902 194095
14621 93293 15612 155617
14641 51067 8551 138931
14627 37323 6243 153836
14610 141819 23724 165688
14617 93293 15612 162081
14618 51067 8551 161416
14645 37323 6243 140497
14625 93293 15612 161412
14624 74908 12529 162315
14642 51067 8551 144014
14626 93293 15612 161201
14594 141819 23724 188481
14643 74908 12529 146011
14565 237853 39786 211715
14445 573344 95902 300050
14630 74908 12529 165566
14578 237853 39786 209938
14654 51067 8551 142066
14650 74908 12529 147514
14644 93293 15612 153977
14628 141819 23724 170103
14396 573344 95902 352752
14589 237853 39786 206181
14506 573344 95902 266812
14658 37323 6243 140108
14636 141819 23724 168669
14646 93293 15612 158251
14638 74908 12529 166854
14659 51067 8551 141731
14655 51067 8551 149739
14647 93293 15612 158435
14660 51067 8551 142775
14648 93293 15612 159130
14664 51067 8551 140954
14240 237853 39786 487968
14166 573344 95902 548216
14651 51067 8551 160231
14608 237853 39786 196804
14649 93293 15612 163594
14661 51067 8551 148634
14670 51067 8551 142762
14503 573344 95902 285299
14634 141819 23724 182661
14669 74908 12529 144870
14619 237853 39786 195240
14665 51067 8551 151340
14652 93293 15612 165918
14465 28000 4686 319493
14667 51067 8551 151819
14174 573344 95902 555298
14286 573344 95902 458146
14676 28000 4686 149604
14606 237853 39786 210277
14462 573344 95902 324477
14656 74908 12529 164645
14686 51067 8551 141134
14693 28000 4686 138978
14340 573344 95902 425320
14692 37323 6243 141582
14675 74908 12529 156329
14680 74908 12529 151757
14695 51067 8551 142407
14679 51067 8551 154231
14694 51067 8551 143962
14631 141819 23724 203459
14684 37323 6243 154047
14688 74908 12529 150146
14697 37323 6243 144400
14639 237853 39786 198953
14682 74908 12529 157962
14461 237853 39786 339112
14635 237853 39786 204407
14710 51067 8551 138990
14717 15443 2590 138258
14745 1177 199 121953
14691 74908 12529 155011
14700 74908 12529 149140
14653 93293 15612 188099
14585 237853 39786 251749
14685 93293 15612 161398
14752 1177 199 122488
14725 51067 8551 140909
14711 74908 12529 146539
14640 141819 23724 206074
14712 74908 12529 147381
14724 51067 8551 143921
14709 51067 8551 150090
14736 28000 4686 138984
14713 51067 8551 148848
14731 28000 4686 143242
14706 51067 8551 155653
14726 51067 8551 147032
14786 141819 23724 108312
14605 237853 39786 240256
14671 93293 15612 181747
14677 141819 23724 179403
14727 28000 4686 151716
14720 93293 15612 156130
14744 51067 8551 140877
14743 51067 8551 143481
14733 74908 12529 151790
14748 51067 8551 142795
14730 74908 12529 153622
14723 93293 15612 157505
14738 74908 12529 150238
14734 74908 12529 154846
14740 51067 8551 151460
14719 74908 12529 164319
14704 237853 39786 170152
14755 51067 8551 141651
14716 141819 23724 166821
14735 51067 8551 157642
14702 141819 23724 175059
14765 37323 6243 139971
14757 51067 8551 143502
14708 93293 15612 171314
14698 141819 23724 179248
14747 74908 12529 153181
14265 237853 39786 526081
14746 74908 12529 156918
14739 74908 12529 161562
14772 28000 4686 139820
14760 74908 12529 148203
14728 74908 12529 168972
14763 74908 12529 149329
14756 37323 6243 153305
14845 93293 15612 89247
14777 51067 8551 139438
14779 51067 8551 139775
14754 93293 15612 156729
14737 93293 15612 168652
14673 51067 8551 208348
14767 51067 8551 150769
14573 573344 95902 298056
14781 28000 4686 142280
14668 237853 39786 214060
14577 237853 39786 298569
14729 141819 23724 176173
14768 93293 15612 154167
14662 237853 39786 220022
14789 28000 4686 140109
14607 237853 39786 272755
14759 74908 12529 160063
14785 28000 4686 143945
14699 93293 15612 197584
13929 2076744 347347 839556
14758 93293 15612 163842
14784 74908 12529 147572
14771 74908 12529 156353
14766 93293 15612 162114
14769 93293 15612 159809
14795 51067 8551 140579
14780 74908 12529 156024
14794 51067 8551 144550
14788 37323 6243 150577
14853 15443 2590 101376
14773 93293 15612 161703
14797 28000 4686 143726
14791 51067 8551 149135
14834 1177 199 122020
14761 141819 23724 173442
14796 74908 12529 148952
14824 237853 39786 129847
14787 51067 8551 158573
14778 51067 8551 167093
14750 74908 12529 187410
14812 37323 6243 140415
14803 74908 12529 149146
14347 573344 95902 497798
14815 51067 8551 139890
14805 74908 12529 150633
14801 93293 15612 152645
14847 1177 199 121695
14598 573344 95902 307435
14809 74908 12529 147473
14774 74908 12529 178342
14826 28000 4686 139002
14889 74908 12529 87595
14701 237853 39786 222254
14287 237853 39786 552612
14804 93293 15612 159361
14799 93293 15612 163980
14836 28000 4686 139679
14813 93293 15612 151570
14832 51067 8551 142011
14833 51067 8551 142576
14839 28000 4686 140339
14811 93293 15612 154992
14793 74908 12529 172067
14817 28000 4686 152653
14830 51067 8551 146085
14827 74908 12529 148246
14825 93293 15612 150046
14572 141819 23724 341541
14903 51067 8551 87656
14822 93293 15612 153659
14844 28000 4686 139664
14846 28000 4686 138802
14816 74908 12529 157983
14783 141819 23724 185743
14828 93293 15612 152164
14852 4264 714 134409
14837 74908 12529 149671
14807 141819 23724 167545
14851 28000 4686 139621
14818 93293 15612 162663
14848 51067 8551 144877
14843 74908 12529 147296
14429 237853 39786 460776
14924 51067 8551 81022
14842 74908 12529 151332
14841 4264 714 154436
14810 141819 23724 172680
14850 51067 8551 145595
14856 51067 8551 142585
14751 93293 15612 219791
14835 237853 39786 161329
14829 93293 15612 164777
14854 74908 12529 147050
14814 51067 8551 173730
14858 51067 8551 145463
14862 51067 8551 144018
14838 74908 12529 169341
14869 51067 8551 140786
14855 93293 15612 155011
14866 51067 8551 142238
14802 237853 39786 193670
14871 28000 4686 141908
14874 51067 8551 140373
14880 51067 8551 140546
14864 74908 12529 153656
14865 74908 12529 151669
14906 1177 199 121676
14860 51067 8551 160505
14742 51067 8551 247212
14703 573344 95902 267095
14881 37323 6243 142093
14870 51067 8551 153862
14883 37323 6243 142295
14663 93293 15612 299752
14792 237853 39786 215378
14910 1177 199 121561
14884 51067 8551 141234
14872 74908 12529 156432
14876 74908 12529 153931
14888 28000 4686 143581
14894 28000 4686 138981
14878 93293 15612 154792
14896 51067 8551 139745
14877 93293 15612 157141
14899 51067 8551 139848
14886 74908 12529 149153
14545 573344 95902 414123
14428 573344 95902 500943
14819 141819 23724 204949
14776 237853 39786 238584
14868 74908 12529 168367
14895 74908 12529 147278
14897 74908 12529 149092
14902 51067 8551 143432
14879 51067 8551 164702
14840 237853 39786 200254
14882 51067 8551 162784
14905 74908 12529 146459
14911 28000 4686 141689
14609 237853 39786 374130
14913 51067 8551 143538
14875 93293 15612 177300
14892 93293 15612 162149
14909 51067 8551 150494
14907 74908 12529 155522
14918 51067 8551 143837
14927 37323 6243 139757
14890 141819 23724 170546
14926 51067 8551 146619
14936 37323 6243 141777
14885 74908 12529 181509
14917 74908 12529 158794
14900 141819 23724 172679
14941 51067 8551 139042
14961 1177 199 121391
14775 237853 39786 272870
14931 51067 8551 148948
14940 51067 8551 141832
14935 74908 12529 149011
14666 93293 15612 345414
14933 74908 12529 151482
14782 74908 12529 274545
15006 93293 15612 93388
14901 74908 12529 180267
14938 74908 12529 149676
14946 37323 6243 140432
14831 237853 39786 240060
15023 74908 12529 86855
14689 573344 95902 333050
14950 51067 8551 140980
14942 74908 12529 149043
14916 141819 23724 172127
14867 141819 23724 210754
14558 237853 39786 453472
14952 51067 8551 140423
14954 51067 8551 139535
14955 37323 6243 140000
14158 573344 95902 768812
13627 2076744 347347 1210139
14945 51067 8551 150338
14949 74908 12529 148750
14951 74908 12529 147752
14863 237853 39786 225793
14891 141819 23724 198248
14861 237853 39786 227983
14944 74908 12529 155672
14925 141819 23724 173762
14934 237853 39786 168161
14957 74908 12529 145318
15019 74908 12529 102506
14948 93293 15612 155173
14928 141819 23724 175611
14923 141819 23724 181210
14531 573344 95902 480473
14953 93293 15612 153359
14973 37323 6243 139538
14721 237853 39786 337038
14971 51067 8551 143106
14964 74908 12529 148716
14972 37323 6243 142266
14974 37323 6243 142192
14859 237853 39786 240911
14969 74908 12529 146944
14979 15443 2590 139881
14976 51067 8551 143163
14975 51067 8551 143529
14963 74908 12529 156264
14798 573344 95902 294619
14978 51067 8551 149826
14622 573344 95902 428073
14988 51067 8551 140905
14980 93293 15612 151383
14914 237853 39786 207824
14922 237853 39786 199226
14707 237853 39786 357957
14999 28000 4686 140642
14904 237853 39786 222429
14987 74908 12529 150675
14977 51067 8551 162421
14960 141819 23724 174998
15005 51067 8551 140894
14986 74908 12529 152359
14820 237853 39786 292194
15001 51067 8551 144742
14919 237853 39786 212163
14968 141819 23724 170216
14873 237853 39786 253506
14981 93293 15612 163249
14967 141819 23724 173939
14993 51067 8551 154643
15004 74908 12529 147454
15007 51067 8551 145383
15015 51067 8551 141055
15014 51067 8551 141678
14496 237853 39786 550798
14929 237853 39786 216079
14800 573344 95902 321345
14849 573344 95902 283891
15073 51067 8551 86041
14956 141819 23724 192709
15000 93293 15612 159824
15018 74908 12529 150049
15024 51067 8551 148768
14722 237853 39786 378178
15009 93293 15612 157512
15034 51067 8551 139366
15012 93293 15612 159747
14790 573344 95902 341058
15020 51067 8551 157021
14943 237853 39786 217824
15016 51067 8551 162970
15008 93293 15612 168908
15036 51067 8551 145893
15032 93293 15612 150686
14821 573344 95902 325243
15042 28000 4686 140338
15010 93293 15612 172489
15025 74908 12529 166713
15033 51067 8551 155602
15038 93293 15612 151764
14959 141819 23724 216973
14958 237853 39786 218376
15017 141819 23724 176160
14065 237853 39786 931765
14985 237853 39786 201003
14764 141819 23724 382839
13693 573344 95902 1238314
14947 237853 39786 234311
15051 74908 12529 145192
15037 51067 8551 162914
14749 573344 95902 394646
15045 51067 8551 152599
15043 1177 199 158151
15002 237853 39786 198361
15028 74908 12529 181864
15056 74908 12529 145979
14930 237853 39786 258347
15031 141819 23724 178186
15027 93293 15612 185950
15048 74908 12529 157227
15053 51067 8551 151210
15058 74908 12529 145797
15041 74908 12529 164966
14970 237853 39786 228490
14176 2076744 347347 857583
15055 74908 12529 153024
14994 237853 39786 210951
15060 74908 12529 147453
15046 93293 15612 164180
14806 141819 23724 367327
14741 573344 95902 414899
14989 141819 23724 217464
15092 1177 199 122388
15095 1177 199 122174
14998 237853 39786 216802
15075 15443 2590 143020
15070 51067 8551 146865
15054 37323 6243 163821
15147 28000 4686 78781
15044 93293 15612 178035
15052 93293 15612 166816
14770 237853 39786 403210
15064 93293 15612 152813
15063 74908 12529 156246
15072 74908 12529 150393
15076 51067 8551 147999
15078 74908 12529 144507
15082 51067 8551 139579
14318 573344 95902 758355
15081 51067 8551 142698
15084 51067 8551 142211
15135 141819 23724 101283
15071 74908 12529 156306
15077 93293 15612 150793
14983 237853 39786 241022
15094 51067 8551 139446
15059 141819 23724 171332
14995 237853 39786 232237
15035 141819 23724 201481
15080 74908 12529 148542
15089 51067 8551 143237
14887 74908 12529 325184
14912 573344 95902 307894
15065 141819 23724 169594
15083 74908 12529 152882
14893 93293 15612 325841
15066 93293 15612 175040
15069 141819 23724 173165
14087 573344 95902 969603
15099 51067 8551 150891
15079 51067 8551 165717
15109 28000 4686 147382
15108 74908 12529 150751
15103 74908 12529 153064
15120 15443 2590 138111
15087 37323 6243 163799
15122 51067 8551 139878
15112 51067 8551 148728
15003 237853 39786 251358
14476 237853 39786 665956
14823 573344 95902 398930
15110 74908 12529 152014
14303 573344 95902 803445
15093 93293 15612 168165
14962 237853 39786 285796
15124 51067 8551 142593
15116 51067 8551 148222
15088 141819 23724 173833
14354 2076744 347347 763623
15131 28000 4686 140769
14696 573344 95902 492248
15098 74908 12529 171979
15136 51067 8551 143161
15140 51067 8551 141725
15062 141819 23724 205762
15133 74908 12529 145976
15121 51067 8551 159632
15040 237853 39786 233898
15118 74908 12529 161694
14307 237853 39786 816982
14559 573344 95902 624946
14808 74908 12529 427803
14454 573344 95902 696396
15022 237853 39786 262349
15139 74908 12529 149040
15111 141819 23724 173213
15105 93293 15612 180015
15039 237853 39786 246857
15149 28000 4686 142330
15148 51067 8551 144704
15127 141819 23724 165780
15156 51067 8551 138965
15151 51067 8551 143479
15157 51067 8551 139840
15086 237853 39786 200008
15132 74908 12529 166311
15150 51067 8551 150543
15100 141819 23724 199596
15168 51067 8551 139923
15163 51067 8551 143732
15160 74908 12529 146314
13430 573344 95902 1562807
15169 28000 4686 139757
15190 1177 199 121352
15152 93293 15612 158798
14932 141819 23724 355645
15167 51067 8551 147479
15172 51067 8551 141572
15143 93293 15612 171096
15107 237853 39786 206666
15144 141819 23724 172645
15101 237853 39786 212879
15145 141819 23724 172792
14965 573344 95902 331521
15125 141819 23724 190477
15162 51067 8551 160057
15114 237853 39786 202339
14857 573344 95902 431431
15091 237853 39786 221355
15165 93293 15612 160993
15179 51067 8551 145259
15173 93293 15612 151936
15142 141819 23724 185857
15196 4264 714 135356
15182 74908 12529 147527
14984 141819 23724 328377
15186 51067 8551 144410
15176 93293 15612 153003
15181 74908 12529 150246
15187 37323 6243 145101
15180 74908 12529 150486
15189 37323 6243 144205
15138 237853 39786 194637
15183 74908 12529 150019
15191 51067 8551 145648
15153 141819 23724 179836
15185 74908 12529 150471
15197 51067 8551 141837
15188 74908 12529 149546
15203 51067 8551 138903
14616 237853 39786 627979
15166 141819 23724 175585
15195 74908 12529 148246
15201 37323 6243 142568
15261 93293 15612 89217
15199 74908 12529 146467
15164 141819 23724 178799
15232 1177 199 121202
15085 237853 39786 245645
15209 51067 8551 141100
15174 141819 23724 166874
15205 51067 8551 146315
14401 573344 95902 801837
15213 37323 6243 140154
14992 237853 39786 340182
15175 141819 23724 171140
15193 93293 15612 160316
15217 51067 8551 141986
15278 74908 12529 83657
15171 141819 23724 182023
15227 51067 8551 139862
15225 51067 8551 143156
15224 51067 8551 145437
15155 237853 39786 202872
15026 237853 39786 331793
15210 51067 8551 157607
15233 1177 199 139674
15218 51067 8551 152470
15234 51067 8551 140320
15236 51067 8551 139856
15206 74908 12529 164670
15238 28000 4686 138640
15220 93293 15612 154954
15202 93293 15612 168094
15129 237853 39786 236342
15239 28000 4686 140021
15154 93293 15612 213378
15222 74908 12529 155213
15198 141819 23724 174037
15208 51067 8551 166822
15221 93293 15612 158837
15231 93293 15612 151978
15241 51067 8551 144015
15229 93293 15612 155268
15219 93293 15612 161791
15050 573344 95902 314313
15177 237853 39786 203019
15320 51067 8551 78492
14674 237853 39786 615710
15223 74908 12529 169747
15161 237853 39786 224265
15248 28000 4686 148409
15327 15443 2590 77956
14059 2076744 347347 1120469
15250 37323 6243 148542
15252 74908 12529 148447
15262 51067 8551 139913
15338 51067 8551 79328
15264 51067 8551 140929
15318 93293 15612 94652
15194 237853 39786 205916
15251 74908 12529 157052
15302 141819 23724 108969
15290 1177 199 121585
15258 51067 8551 154566
15267 51067 8551 146531
15243 141819 23724 173209
15235 74908 12529 182352
15256 51067 8551 157733
15277 51067 8551 140017
15253 74908 12529 162135
15104 237853 39786 298848
15242 141819 23724 179831
13201 2076744 347347 1843854
15106 141819 23724 299786
15270 74908 12529 151171
15274 74908 12529 149983
15271 51067 8551 153146
15263 4264 714 159326
15255 93293 15612 164772
15214 141819 23724 206492
14715 93293 15612 623160
15280 51067 8551 149872
15259 51067 8551 169277
15021 573344 95902 395913
15254 141819 23724 174892
15289 51067 8551 143831
15269 141819 23724 164663
15266 74908 12529 169310
15265 93293 15612 170115
15246 237853 39786 191538
15240 237853 39786 200065
15287 93293 15612 156228
15282 93293 15612 161149
15385 51067 8551 83652
15288 93293 15612 158660
15049 237853 39786 376700
15207 141819 23724 235820
15299 74908 12529 147013
15134 141819 23724 301147
15294 74908 12529 151389
15286 74908 12529 165175
15317 51067 8551 139745
15316 51067 8551 142224
15311 74908 12529 145077
15298 74908 12529 152412
15324 51067 8551 138883
15313 51067 8551 145321
15211 237853 39786 239140
15321 51067 8551 141416
15284 93293 15612 171419
15322 28000 4686 141689
15011 93293 15612 423655
15013 573344 95902 424347
14991 573344 95902 441446
15306 51067 8551 154895
15309 93293 15612 154744
15297 74908 12529 162027
15305 51067 8551 158182
15312 51067 8551 153910
15304 74908 12529 159143
15300 93293 15612 163126
15303 93293 15612 162236
15336 51067 8551 142282
15341 51067 8551 139640
15117 573344 95902 334411
15334 51067 8551 142678
15333 74908 12529 146401
15345 28000 4686 139184
15337 28000 4686 145091
14632 573344 95902 737854
15347 51067 8551 139865
15340 37323 6243 146385
15382 141819 23724 112854
15323 93293 15612 159859
15344 37323 6243 143589
15335 51067 8551 149674
15330 93293 15612 156600
15432 51067 8551 78568
15351 74908 12529 148330
15356 74908 12529 146846
15361 51067 8551 143928
15416 51067 8551 96994
15362 51067 8551 144291
15364 51067 8551 143758
15369 37323 6243 140344
15319 141819 23724 173784
15352 74908 12529 151422
15354 51067 8551 151348
15310 141819 23724 179208
15353 74908 12529 152335
15348 28000 4686 153840
15428 93293 15612 91748
15349 74908 12529 157685
15367 74908 12529 148662
15371 74908 12529 148041
15295 141819 23724 198035
15281 237853 39786 217185
15359 74908 12529 159947
15365 28000 4686 156060
15370 93293 15612 155950
14478 237853 39786 891624
14386 573344 95902 959344
15268 237853 39786 235471
15204 573344 95902 295374
15350 141819 23724 172914
15373 74908 12529 161042
15380 74908 12529 150405
15387 51067 8551 143366
15386 74908 12529 145057
15216 93293 15612 292294
15420 1177 199 121530
15393 51067 8551 140968
15384 74908 12529 150368
15390 74908 12529 146560
15389 51067 8551 148043
14447 2076744 347347 916487
15170 573344 95902 333755
15391 51067 8551 146988
15394 51067 8551 144089
15388 74908 12529 151709
15245 141819 23724 271044
15404 28000 4686 142652
15406 51067 8551 140231
15374 93293 15612 173939
15395 74908 12529 151711
15378 141819 23724 170343
15396 74908 12529 152666
15228 93293 15612 296974
15408 28000 4686 143950
15397 51067 8551 157870
15400 93293 15612 155466
15257 93293 15612 277261
15418 51067 8551 148062
14499 237853 39786 906424
15412 51067 8551 154141
15068 573344 95902 449613
15407 51067 8551 160963
15417 93293 15612 157370
15436 28000 4686 141441
15366 237853 39786 202731
15430 74908 12529 148239
15440 28000 4686 139342
15427 74908 12529 156603
15435 74908 12529 149657
15410 141819 23724 171682
15447 37323 6243 139670
15215 74908 12529 335955
15431 51067 8551 154568
15438 51067 8551 150435
15448 51067 8551 143529
15343 237853 39786 230045
15426 141819 23724 167867
15249 573344 95902 314514
15273 93293 15612 294438
15244 573344 95902 323666
15425 93293 15612 173143
15453 74908 12529 148850
15444 93293 15612 158385
15401 93293 15612 193725
15403 237853 39786 193006
15451 74908 12529 153433
15446 51067 8551 159753
15445 93293 15612 160916
15429 141819 23724 176209
15442 93293 15612 164351
15493 1177 199 121805
15470 51067 8551 140209
15461 51067 8551 146907
15474 51067 8551 141788
15475 51067 8551 142211
15464 74908 12529 147190
15477 37323 6243 142039
15473 51067 8551 146607
15449 93293 15612 169814
15419 237853 39786 195537
15471 74908 12529 149150
15476 74908 12529 148177
15398 141819 23724 214104
15463 74908 12529 157155
15484 51067 8551 144106
15480 74908 12529 146292
15481 74908 12529 145828
15443 93293 15612 180234
15479 51067 8551 149347
15200 141819 23724 386216
15415 93293 15612 207015
15486 51067 8551 150600
15498 51067 8551 140045
15462 51067 8551 170127
15414 141819 23724 215981
15478 93293 15612 161851
15510 51067 8551 140627
15363 51067 8551 264428
15458 93293 15612 178312
15515 37323 6243 139914
15507 37323 6243 143899
15500 51067 8551 149414
15452 141819 23724 188991
15454 141819 23724 185923
15497 74908 12529 151831
15519 51067 8551 140244
15511 74908 12529 145207
15517 51067 8551 141942
15503 74908 12529 149949
15296 141819 23724 312525
15456 74908 12529 187023
15292 74908 12529 319913
15505 74908 12529 151987
15422 237853 39786 221854
15521 51067 8551 147143
15501 74908 12529 157277
15465 141819 23724 181731
15526 51067 8551 146678
15529 51067 8551 143985
15467 141819 23724 182864
15483 51067 8551 174130
15392 237853 39786 251442
15536 51067 8551 139076
15439 237853 39786 213493
15524 93293 15612 150459
15538 51067 8551 140558
15522 51067 8551 154438
15457 141819 23724 198781
15530 28000 4686 150872
15487 141819 23724 178652
15557 93293 15612 135984
15499 141819 23724 170160
15549 37323 6243 140165
15518 93293 15612 161439
15535 74908 12529 149288
15546 51067 8551 143282
15547 51067 8551 142806
15551 51067 8551 141794
15490 141819 23724 182255
15260 573344 95902 372516
15556 51067 8551 142463
15541 74908 12529 150457
14460 2076744 347347 1033091
15308 237853 39786 331197
15279 237853 39786 357986
15545 93293 15612 151810
15562 15443 2590 139576
15564 37323 6243 140080
15544 74908 12529 154674
15542 74908 12529 156716
15509 141819 23724 179282
15533 93293 15612 162792
15540 74908 12529 160610
15272 573344 95902 373352
15513 141819 23724 179748
15565 74908 12529 146847
15561 51067 8551 151378
15574 51067 8551 142381
15602 1177 199 121266
15375 573344 95902 304044
15582 51067 8551 139259
15580 51067 8551 144363
15578 51067 8551 145938
15554 74908 12529 165331
15328 573344 95902 336601
15567 93293 15612 156036
15482 237853 39786 211977
15575 74908 12529 148760
15568 93293 15612 156630
15539 37323 6243 174669
15550 141819 23724 168828
14405 573344 95902 1100897
15548 37323 6243 172741
15579 74908 12529 150658
15506 237853 39786 198388
15495 237853 39786 205630
15491 237853 39786 208692
15528 237853 39786 192825
15589 51067 8551 147031
15552 141819 23724 177557
15581 74908 12529 155162
15572 93293 15612 162066
15587 74908 12529 149893
15601 51067 8551 140367
15583 51067 8551 153663
15437 141819 23724 265688
15346 237853 39786 339989
15527 1177 199 200889
15061 237853 39786 588584
15512 237853 39786 208614
15604 28000 4686 141892
15674 74908 12529 91844
15598 51067 8551 151832
15607 51067 8551 144474
15596 37323 6243 154604
15593 74908 12529 157339
15615 51067 8551 142743
15585 93293 15612 164680
15586 74908 12529 166105
15230 573344 95902 454944
15525 237853 39786 213351
15609 74908 12529 148890
15383 93293 15612 324630
14392 141819 23724 1137190
15623 28000 4686 139956
15617 74908 12529 150221
15621 74908 12529 146475
15606 74908 12529 158954
15421 573344 95902 302346
15618 51067 8551 151620
15377 573344 95902 342638
15640 51067 8551 140250
15492 237853 39786 244105
15566 237853 39786 198536
15591 141819 23724 176190
15630 74908 12529 146846
15632 51067 8551 145065
15643 51067 8551 142023
15611 141819 23724 167502
15612 141819 23724 166949
15531 237853 39786 229305
15622 1177 199 158131
15648 51067 8551 142206
15558 93293 15612 213266
15625 93293 15612 159894
15658 28000 4686 139638
15646 74908 12529 148233
15653 51067 8551 143565
15628 74908 12529 160649
15638 51067 8551 154759
15634 74908 12529 156067
15626 51067 8551 162581
15636 51067 8551 155961
15532 141819 23724 234848
15631 74908 12529 159233
15642 93293 15612 155221
15508 74908 12529 251201
15405 573344 95902 333890
15619 141819 23724 171173
15645 74908 12529 155149
15666 51067 8551 142212
15597 141819 23724 192335
15662 74908 12529 145507
15360 237853 39786 379356
15563 237853 39786 220141
15668 51067 8551 142995
15376 237853 39786 369357
15661 74908 12529 147985
15647 93293 15612 159582
15599 237853 39786 194175
15667 51067 8551 146596
15660 74908 12529 151307
15644 93293 15612 162789
15673 28000 4686 142176
15663 74908 12529 151349
15455 237853 39786 300752
15620 141819 23724 181201
15659 93293 15612 155837
15701 141819 23724 117353
15489 237853 39786 279220
15584 237853 39786 213065
15677 51067 8551 142691
15676 51067 8551 143149
15679 51067 8551 141698
15669 74908 12529 153666
15665 93293 15612 157031
14167 2076744 347347 1369211
15675 37323 6243 149098
15466 141819 23724 299630
15610 237853 39786 200768
15685 51067 8551 141716
15682 1177 199 142557
15285 573344 95902 454502
15553 573344 95902 250902
15123 573344 95902 606181
15635 141819 23724 187035
15688 51067 8551 140298
15633 141819 23724 189072
15613 237853 39786 206428
15600 237853 39786 215577
15692 51067 8551 141127
15680 93293 15612 152803
15624 237853 39786 199132
15689 74908 12529 144416
15409 141819 23724 365787
15315 93293 15612 438377
15664 141819 23724 173444
15641 237853 39786 191948
15307 573344 95902 444654
15698 37323 6243 142573
15590 237853 39786 230780
15695 51067 8551 147753
15276 93293 15612 480553
15293 237853 39786 458334
15696 51067 8551 148373
15141 141819 23724 606324
15707 51067 8551 141583
15687 93293 15612 161603
15502 573344 95902 300715
14423 237853 39786 1185542
15684 141819 23724 168450
15723 4264 714 133157
15671 141819 23724 185379
15717 37323 6243 139650
15797 51067 8551 82033
15711 51067 8551 147710
15672 141819 23724 186679
15710 74908 12529 148579
14568 573344 95902 1083840
15649 237853 39786 206987
15720 51067 8551 139643
15629 237853 39786 220244
15656 237853 39786 204256
15706 93293 15612 156795
15719 51067 8551 145074
15690 93293 15612 172629
15718 74908 12529 147032
15728 51067 8551 144633
15810 93293 15612 88821
15734 51067 8551 144417
15691 141819 23724 178931
15650 237853 39786 218284
15702 93293 15612 169615
15772 237853 39786 124031
15697 141819 23724 175363
15434 573344 95902 381592
15708 93293 15612 166793
15736 74908 12529 148723
15732 74908 12529 149860
15705 141819 23724 169994
15722 74908 12529 154679
15709 51067 8551 166400
15460 573344 95902 359395
15743 51067 8551 148319
15683 237853 39786 194542
15712 141819 23724 168705
15704 141819 23724 175921
15725 93293 15612 159334
15627 237853 39786 242501
15543 74908 12529 307570
15703 93293 15612 178836
15751 15443 2590 147051
15450 141819 23724 377729
15764 51067 8551 141935
15761 51067 8551 144137
15729 74908 12529 162802
15735 93293 15612 161263
15745 74908 12529 153839
15741 93293 15612 158736
15724 141819 23724 166793
15130 573344 95902 657967
15773 37323 6243 142320
15569 93293 15612 299901
15776 37323 6243 141350
15789 1177 199 121268
15339 237853 39786 475004
15747 74908 12529 157938
15588 237853 39786 282602
15762 37323 6243 149898
15754 51067 8551 156721
15752 93293 15612 157244
15756 93293 15612 156108
15686 237853 39786 206885
15358 573344 95902 466549
15767 51067 8551 149568
15846 74908 12529 84375
15763 74908 12529 151429
15715 141819 23724 185101
15770 74908 12529 151729
15765 51067 8551 154262
15777 74908 12529 148998
15769 51067 8551 152991
15326 2076744 347347 493047
15504 573344 95902 349067
15740 74908 12529 172343
15779 237853 39786 146490
15699 237853 39786 204499
15651 237853 39786 250398
14353 237853 39786 1295509
15126 573344 95902 674986
15785 51067 8551 141823
15534 573344 95902 337171
15778 93293 15612 153349
15768 74908 12529 160825
15771 15443 2590 160756
15571 237853 39786 314116
15726 51067 8551 186539
15074 573344 95902 726858
15782 74908 12529 151219
15757 141819 23724 176343
15800 28000 4686 139246
15801 51067 8551 139778
15753 141819 23724 179092
15780 74908 12529 157071
15783 51067 8551 153983
15325 141819 23724 511298
15739 93293 15612 190188
15788 51067 8551 151367
15275 573344 95902 556838
15811 51067 8551 139734
15381 237853 39786 471135
15814 51067 8551 139637
15639 573344 95902 277339
15694 237853 39786 229512
15819 4264 714 139359
15790 51067 8551 155670
15737 141819 23724 199512
15592 74908 12529 315560
15799 74908 12529 153239
15693 237853 39786 235597
15824 51067 8551 141456
15825 51067 8551 143764
15829 51067 8551 141198
15808 93293 15612 157658
15816 51067 8551 152673
15795 74908 12529 164210
15791 141819 23724 167905
15559 74908 12529 354063
15835 51067 8551 141312
15786 93293 15612 175465
15758 237853 39786 204546
15838 51067 8551 140525
15731 237853 39786 219195
15794 74908 12529 172644
15496 74908 12529 399148
15807 74908 12529 165532
15834 74908 12529 146912
15815 74908 12529 161944
15818 93293 15612 161351
15713 573344 95902 235136
15792 141819 23724 176223
15803 93293 15612 170522
15784 141819 23724 183490
15793 141819 23724 176791
15823 74908 12529 158547
15833 93293 15612 153894
15605 573344 95902 329002
15652 141819 23724 298676
15821 74908 12529 163678
15813 93293 15612 171993
15830 93293 15612 159803
15560 237853 39786 368385
15850 51067 8551 142085
15831 51067 8551 161939
15848 74908 12529 144541
15755 237853 39786 221636
15922 74908 12529 83223
15858 51067 8551 140513
15849 51067 8551 147501
15744 237853 39786 230103
15843 74908 12529 153499
15844 51067 8551 154012
15860 28000 4686 140946
15576 237853 39786 364790
15817 141819 23724 178762
15841 74908 12529 156556
15866 28000 4686 139432
13881 573344 95902 1760224
15865 51067 8551 142343
15828 51067 8551 172886
15158 141819 23724 708876
15402 93293 15612 501219
15869 37323 6243 140292
15840 93293 15612 164497
15681 573344 95902 287238
15864 74908 12529 147442
15855 74908 12529 154204
15856 93293 15612 155053
15861 51067 8551 151924
15852 93293 15612 159832
15915 141819 23724 102532
15871 74908 12529 144530
15862 93293 15612 155048
15878 51067 8551 143022
15867 51067 8551 153105
15839 141819 23724 174332
15882 51067 8551 141540
15868 93293 15612 155587
15857 93293 15612 163027
15879 28000 4686 146791
15845 141819 23724 174737
15890 51067 8551 140461
15781 237853 39786 227464
15826 74908 12529 194941
15827 237853 39786 194609
15898 51067 8551 138996
15863 93293 15612 166532
15896 51067 8551 142181
15888 74908 12529 147946
15859 93293 15612 170592
15853 141819 23724 176286
15774 141819 23724 244841
15873 51067 8551 161857
15872 93293 15612 163190
15760 93293 15612 254730
14996 573344 95902 884007
15886 74908 12529 154917
15899 51067 8551 144770
15608 237853 39786 371784
15880 74908 12529 159654
15836 237853 39786 198872
15877 141819 23724 167596
15714 141819 23724 289725
15883 74908 12529 163954
15891 93293 15612 157255
15906 51067 8551 145493
15908 51067 8551 148461
15901 28000 4686 158201
15670 141819 23724 343439
15945 1177 199 122457
15919 37323 6243 141291
15926 15443 2590 138940
15904 93293 15612 159305
15700 237853 39786 318759
15927 51067 8551 139596
15900 74908 12529 168242
15903 28000 4686 162031
15893 93293 15612 173968
15616 237853 39786 391877
15738 237853 39786 293787
15909 51067 8551 159791
15796 74908 12529 249121
15929 51067 8551 143414
15876 141819 23724 192343
15775 237853 39786 276235
15920 51067 8551 149402
15514 573344 95902 470138
15874 93293 15612 193789
15934 51067 8551 141081
15655 141819 23724 370780
15931 51067 8551 147898
15875 237853 39786 200538
15907 141819 23724 173356
15917 74908 12529 163135
15943 51067 8551 142228
15937 51067 8551 146894
15949 51067 8551 140857
15933 74908 12529 155325
15678 93293 15612 361546
15537 573344 95902 466932
15423 573344 95902 557903
15742 141819 23724 310590
15921 37323 6243 164800
15928 74908 12529 161291
15331 573344 95902 629227
15910 93293 15612 176783
15941 37323 6243 149195
15957 28000 4686 140784
15837 237853 39786 244196
15657 237853 39786 384663
15947 51067 8551 148781
15952 28000 4686 146569
15944 74908 12529 152073
15959 37323 6243 144397
15809 237853 39786 267757
15942 93293 15612 154940
15913 51067 8551 178114
15940 74908 12529 155858
15832 237853 39786 252687
15953 74908 12529 150680
15989 1177 199 121396
15958 74908 12529 148531
15935 51067 8551 162665
15842 237853 39786 244156
15964 74908 12529 147647
16030 74908 12529 87740
15895 237853 39786 209218
15716 573344 95902 342686
15974 51067 8551 142589
15960 74908 12529 155169
15967 51067 8551 149003
15963 74908 12529 153608
15971 51067 8551 149897
15948 141819 23724 166045
15969 93293 15612 154553
15520 93293 15612 506520
15750 237853 39786 330343
15939 141819 23724 174498
15975 51067 8551 150968
15962 93293 15612 163156
15966 51067 8551 160350
16007 141819 23724 122069
15979 74908 12529 150227
15985 74908 12529 151510
15986 74908 12529 151723
15923 141819 23724 199317
16054 37323 6243 86076
15981 93293 15612 156409
15976 51067 8551 158899
15930 141819 23724 198221
15746 237853 39786 345107
15973 93293 15612 165976
15992 37323 6243 144127
15654 573344 95902 423869
15990 93293 15612 151705
15988 51067 8551 154299
16024 1177 199 121943
16005 37323 6243 140078
15954 93293 15612 184701
16057 51067 8551 91296
15999 74908 12529 145969
15995 74908 12529 147367
15996 51067 8551 147166
16009 51067 8551 139318
15978 141819 23724 168683
15802 573344 95902 312190
16025 237853 39786 128816
16004 51067 8551 148356
16014 51067 8551 139194
15146 237853 39786 846399
15119 237853 39786 869478
16000 93293 15612 152606
16015 51067 8551 142335
16011 28000 4686 143754
15997 74908 12529 156352
15798 573344 95902 321520
15115 93293 15612 875586
16002 93293 15612 155279
16012 51067 8551 145748
16003 51067 8551 158073
16028 37323 6243 141139
15727 237853 39786 382991
16048 1177 199 121524
16034 51067 8551 140113
15984 141819 23724 187674
16037 51067 8551 139465
16019 74908 12529 156669
16031 74908 12529 147206
16016 74908 12529 160793
16039 51067 8551 142695
15968 237853 39786 206899
15987 93293 15612 189814
15977 237853 39786 198695
16032 15443 2590 150655
15993 141819 23724 184083
16041 37323 6243 142917
14908 573344 95902 1085072
15488 573344 95902 583685
15936 51067 8551 235513
16044 51067 8551 142210
16047 51067 8551 139692
16017 141819 23724 171318
16045 51067 8551 143219
15998 141819 23724 188551
16036 93293 15612 158183
16043 74908 12529 147830
14044 2076744 347347 1774530
15555 237853 39786 552408
16089 141819 23724 115309
15733 573344 95902 407804
15961 237853 39786 230333
16026 141819 23724 172739
16053 74908 12529 145327
15991 237853 39786 202028
16035 141819 23724 170238
15887 237853 39786 297902
16062 28000 4686 144217
16093 1177 199 122523
15851 93293 15612 328031
16008 237853 39786 195622
15721 573344 95902 422628
16071 51067 8551 140548
15806 573344 95902 365702
16001 237853 39786 202802
16073 51067 8551 141950
15759 573344 95902 406997
16070 51067 8551 144656
15057 237853 39786 978527
15892 141819 23724 301660
16075 37323 6243 143905
16033 93293 15612 180838
16060 74908 12529 155054
16069 74908 12529 149615
16148 51067 8551 80823
15822 573344 95902 363236
16042 141819 23724 172357
16078 51067 8551 147578
16080 51067 8551 141037
15178 237853 39786 875775
15812 141819 23724 372748
15884 93293 15612 314811
16067 74908 12529 155128
16101 4264 714 133663
15459 573344 95902 638872
16090 51067 8551 140426
15805 93293 15612 383401
16092 51067 8551 143902
16061 141819 23724 166913
16029 237853 39786 197497
16049 141819 23724 175177
16023 141819 23724 201566
16098 51067 8551 143028
16084 51067 8551 148970
16108 4264 714 135422
15956 141819 23724 265504
16077 51067 8551 159757
15881 93293 15612 327174
16085 51067 8551 150045
16097 74908 12529 146502
16102 37323 6243 144022
16100 74908 12529 147296
16110 37323 6243 140341
16109 51067 8551 142433
16052 141819 23724 182428
16063 74908 12529 175182
16018 141819 23724 218055
15469 237853 39786 648382
16006 141819 23724 230612
16087 74908 12529 160258
16149 141819 23724 106273
16046 237853 39786 194515
16107 51067 8551 153934
15614 573344 95902 554169
16121 51067 8551 141953
15730 74908 12529 457392
16112 93293 15612 150700
16122 37323 6243 143510
16086 141819 23724 169483
15916 93293 15612 313853
14705 573344 95902 1296932
16068 74908 12529 186669
16099 141819 23724 167659
16081 141819 23724 176199
16027 237853 39786 227386
16131 51067 8551 141381
16117 74908 12529 153766
15870 141819 23724 361174
16124 74908 12529 148925
16056 141819 23724 198489
16128 74908 12529 145926
15804 573344 95902 415950
16130 51067 8551 147126
15523 573344 95902 636445
16114 93293 15612 164024
16137 15443 2590 139563
16134 37323 6243 145456
16059 237853 39786 203865
16129 51067 8551 151971
16113 93293 15612 168293
16142 15443 2590 138402
16120 51067 8551 161514
16138 51067 8551 141757
14527 573344 95902 1454897
15897 141819 23724 353413
16088 141819 23724 186055
15983 93293 15612 282544
16050 237853 39786 217374
16118 74908 12529 169333
16144 51067 8551 141456
15905 93293 15612 350478
16105 93293 15612 183483
16139 51067 8551 149159
16119 141819 23724 172531
16135 74908 12529 158300
15433 573344 95902 720371
16127 51067 8551 167656
15226 573344 95902 897827
16147 51067 8551 144019
16146 51067 8551 144326
16123 141819 23724 171965
15924 93293 15612 337254
16145 74908 12529 150045
16160 37323 6243 141770
16103 141819 23724 194610
16126 93293 15612 174666
16153 51067 8551 144856
16150 51067 8551 147738
16156 51067 8551 145591
15955 573344 95902 320915
16164 51067 8551 143014
16169 37323 6243 140062
16175 51067 8551 140850
16178 51067 8551 139620
16170 51067 8551 143228
16176 51067 8551 141571
16177 28000 4686 141142
16096 93293 15612 204976
16143 93293 15612 160919
15946 573344 95902 330653
16079 237853 39786 214825
16157 28000 4686 151833
16064 237853 39786 231156
15441 573344 95902 730378
16168 74908 12529 149141
16166 51067 8551 150623
16185 28000 4686 141348
15951 573344 95902 334626
16189 51067 8551 142374
16173 74908 12529 153107
16155 28000 4686 162187
16182 74908 12529 149579
16167 74908 12529 159309
15902 74908 12529 383985
16158 93293 15612 166104
16179 93293 15612 156160
16106 237853 39786 216322
16248 74908 12529 85112
16082 74908 12529 230844
15982 93293 15612 323762
16151 237853 39786 173520
16193 51067 8551 149483
16202 51067 8551 140940
14366 2076744 347347 1633784
16187 74908 12529 160542
16180 51067 8551 164706
16186 51067 8551 161626
15914 573344 95902 381756
16205 37323 6243 140082
16022 141819 23724 294900
16194 74908 12529 154446
16192 74908 12529 157815
16199 74908 12529 150171
16208 51067 8551 142005
16094 237853 39786 237845
16206 51067 8551 145406
16104 237853 39786 233718
16271 37323 6243 80749
16203 74908 12529 151575
16214 51067 8551 143414
16215 51067 8551 139905
16083 237853 39786 251082
16211 51067 8551 146752
14982 2076744 347347 1170301
16201 74908 12529 160976
16200 93293 15612 162377
16133 237853 39786 217794
15212 2076744 347347 967085
16226 37323 6243 139357
16196 141819 23724 170386
16241 1177 199 121606
16224 51067 8551 141809
16221 51067 8551 151725
16225 74908 12529 149142
16228 51067 8551 149625
15424 141819 23724 801888
16074 573344 95902 279617
16251 1177 199 121119
16234 51067 8551 143760
16209 74908 12529 166550
16229 93293 15612 151773
16233 51067 8551 148369
16183 237853 39786 198603
16222 93293 15612 157089
16223 93293 15612 155997
16236 37323 6243 142862
16197 141819 23724 186299
16212 141819 23724 171283
16231 51067 8551 154406
16230 51067 8551 157913
16240 51067 8551 146134
16227 51067 8551 160872
16163 141819 23724 223256
16260 4264 714 133096
16318 93293 15612 89194
16252 28000 4686 139667
16273 1177 199 122292
16268 141819 23724 129747
16333 74908 12529 85649
16243 93293 15612 155284
16277 237853 39786 123187
16259 51067 8551 140609
16262 51067 8551 140879
16258 51067 8551 143685
16276 141819 23724 130106
15399 573344 95902 851247
16247 51067 8551 159069
16253 93293 15612 153489
16255 51067 8551 153051
16238 141819 23724 173271
16198 237853 39786 214140
16264 51067 8551 147832
16020 573344 95902 363736
16213 237853 39786 201126
16246 28000 4686 165450
16269 51067 8551 143529
15749 141819 23724 587267
15885 573344 95902 482730
16265 74908 12529 149559
16355 51067 8551 80380
16280 51067 8551 139548
16250 93293 15612 165892
15911 141819 23724 462182
16275 74908 12529 146113
15192 573344 95902 1041634
16266 93293 15612 153344
16210 237853 39786 211549
16261 93293 15612 163314
16237 141819 23724 188515
16283 74908 12529 147186
16272 74908 12529 153817
16219 237853 39786 208435
16065 141819 23724 339554
16297 51067 8551 140502
16235 141819 23724 194025
16285 51067 8551 149622
16220 93293 15612 213136
16293 51067 8551 147474
16095 573344 95902 323881
16295 51067 8551 149109
16291 51067 8551 150525
16289 74908 12529 152570
16281 93293 15612 159714
16256 141819 23724 180863
16308 37323 6243 144777
16249 141819 23724 191415
16125 51067 8551 308520
16310 51067 8551 145357
16242 237853 39786 202054
16320 28000 4686 141199
16306 74908 12529 149872
14477 573344 95902 1655389
16316 51067 8551 143847
16010 573344 95902 406826
16296 51067 8551 160733
16066 573344 95902 358979
16287 93293 15612 168749
16351 1177 199 121781
16325 51067 8551 145316
16294 51067 8551 165561
16286 93293 15612 170688
16352 1177 199 121933
16309 74908 12529 157269
16254 237853 39786 200032
16284 141819 23724 177127
16322 93293 15612 152121
16299 141819 23724 167715
16190 93293 15612 270266
16321 74908 12529 154352
16274 141819 23724 184565
16336 51067 8551 144180
16278 141819 23724 184619
16342 15443 2590 139095
16314 28000 4686 161301
16339 51067 8551 141269
16331 93293 15612 152543
16341 51067 8551 140807
16332 74908 12529 151184
16304 93293 15612 170855
16319 51067 8551 160741
16188 141819 23724 282313
16307 74908 12529 169123
16312 93293 15612 166370
16076 93293 15612 371396
16334 74908 12529 155324
16347 51067 8551 142361
16327 51067 8551 163096
16279 141819 23724 195466
16337 74908 12529 157672
16038 141819 23724 411433
16356 51067 8551 139442
16345 51067 8551 150954
16424 37323 6243 78835
16349 74908 12529 149291
16136 93293 15612 330952
16298 141819 23724 189383
16195 573344 95902 284528
16141 141819 23724 326296
16335 141819 23724 164909
15159 237853 39786 1130917
16350 93293 15612 153515
16416 74908 12529 89375
16353 74908 12529 150028
16270 237853 39786 214512
16364 74908 12529 145414
16393 51067 8551 112316
16375 51067 8551 138909
16305 141819 23724 194890
16348 93293 15612 164116
16290 237853 39786 205185
16282 237853 39786 212886
16371 28000 4686 145421
16328 141819 23724 183726
16369 51067 8551 147403
16338 93293 15612 172117
16330 93293 15612 184163
16361 74908 12529 155514
16376 51067 8551 143495
16357 37323 6243 159836
16051 237853 39786 415787
16368 51067 8551 152005
16378 28000 4686 143543
16379 37323 6243 142669
16302 51067 8551 206712
16396 1177 199 121239
16363 74908 12529 159745
15950 237853 39786 511773
16288 141819 23724 216457
16382 51067 8551 140681
16340 141819 23724 180386
16344 141819 23724 179908
16387 51067 8551 139271
15994 573344 95902 477505
15847 141819 23724 601738
15972 237853 39786 506228
16372 93293 15612 165590
16244 237853 39786 267044
16385 74908 12529 147999
16388 51067 8551 143502
16391 51067 8551 141198
16383 51067 8551 154855
16397 51067 8551 139715
16365 93293 15612 175481
16152 237853 39786 353201
16427 1177 199 121415
16398 51067 8551 141900
16384 93293 15612 158462
16313 237853 39786 222271
16386 93293 15612 158337
15595 573344 95902 818755
16469 74908 12529 96957
16370 141819 23724 181328
16390 74908 12529 155134
16394 74908 12529 153515
16400 51067 8551 150461
15594 573344 95902 826427
16395 51067 8551 156460
16412 51067 8551 142380
16401 93293 15612 154919
16444 1177 199 121729
15748 573344 95902 710650
16407 28000 4686 149271
16408 28000 4686 149019
16374 93293 15612 191202
16409 15443 2590 151886
16510 51067 8551 80206
16415 51067 8551 147938
16421 74908 12529 146840
16403 74908 12529 159286
16462 141819 23724 117425
16426 51067 8551 145652
16417 74908 12529 149845
16324 237853 39786 239216
16239 573344 95902 305675
16430 51067 8551 146031
16414 74908 12529 153309
16433 51067 8551 144187
16422 74908 12529 151727
16506 74908 12529 88607
16419 93293 15612 153101
16418 74908 12529 153850
16411 74908 12529 158593
16040 237853 39786 482721
16423 93293 15612 154759
16413 51067 8551 158427
16439 37323 6243 141242
16434 74908 12529 151703
16449 51067 8551 141717
16441 74908 12529 145101
16457 51067 8551 142582
16360 237853 39786 224931
16362 237853 39786 222950
16181 573344 95902 385814
16191 237853 39786 375793
16448 74908 12529 150616
16389 141819 23724 192039
16442 28000 4686 155622
16453 28000 4686 150709
15577 237853 39786 878418
16450 93293 15612 152993
14753 573344 95902 1562174
15912 141819 23724 609884
16410 74908 12529 184231
16454 74908 12529 153471
16464 51067 8551 146592
16445 93293 15612 159954
16461 74908 12529 149462
16463 51067 8551 150177
16055 573344 95902 493358
16458 51067 8551 156371
16474 28000 4686 142179
16459 74908 12529 154845
16432 141819 23724 177798
16548 93293 15612 90935
16451 51067 8551 164675
16184 573344 95902 400819
16466 51067 8551 153862
16472 141819 23724 148817
16477 51067 8551 146630
16165 93293 15612 413594
16380 28000 4686 227619
16429 141819 23724 183634
16486 51067 8551 140995
16484 51067 8551 141725
16446 74908 12529 169970
16366 237853 39786 242193
16475 74908 12529 149811
16317 573344 95902 282538
16493 51067 8551 140125
16465 93293 15612 160411
16300 237853 39786 299265
15411 573344 95902 1029095
16473 93293 15612 158431
16232 141819 23724 365240
16487 37323 6243 149430
16154 141819 23724 429019
16436 141819 23724 188715
16497 51067 8551 142594
16550 141819 23724 101281
16494 37323 6243 148257
16257 573344 95902 339835
16498 37323 6243 143914
16435 237853 39786 192762
16482 93293 15612 156913
16496 37323 6243 147052
16505 51067 8551 141571
15494 573344 95902 964602
16488 93293 15612 154157
16508 28000 4686 140581
16470 141819 23724 170920
16534 1177 199 122382
16116 141819 23724 477451
16512 51067 8551 140176
16503 74908 12529 148165
16440 141819 23724 193080
16507 51067 8551 145969
16492 74908 12529 158876
16504 51067 8551 149394
16502 51067 8551 152179
16511 51067 8551 145499
16518 51067 8551 140227
16467 141819 23724 183525
16500 74908 12529 157045
16509 51067 8551 152686
16515 51067 8551 146218
16513 74908 12529 148559
16523 74908 12529 144815
16522 51067 8551 145076
16480 141819 23724 178394
16521 74908 12529 148948
16524 74908 12529 149076
16528 28000 4686 144740
16531 51067 8551 143814
16536 51067 8551 140441
16537 51067 8551 140373
16485 141819 23724 180364
16535 37323 6243 141700
16207 237853 39786 417839
16525 74908 12529 152198
16140 141819 23724 471879
16526 93293 15612 154232
16520 93293 15612 158101
15379 573344 95902 1093499
16532 51067 8551 150775
16601 51067 8551 91886
16404 51067 8551 247831
16501 141819 23724 178246
16514 51067 8551 168373
16420 141819 23724 239200
16447 141819 23724 219430
16546 74908 12529 145776
16552 51067 8551 140644
16527 93293 15612 161574
16358 141819 23724 305056
16174 573344 95902 467781
16544 93293 15612 154588
16460 237853 39786 221945
16560 51067 8551 140438
16530 93293 15612 168594
16555 37323 6243 147928
16561 51067 8551 141522
16533 74908 12529 168813
16303 74908 12529 355781
16311 141819 23724 351549
16343 74908 12529 328462
16554 74908 12529 153618
16563 51067 8551 143229
16489 237853 39786 209117
16570 28000 4686 139267
16551 93293 15612 160503
14732 237853 39786 1662210
16367 573344 95902 312563
16481 237853 39786 220594
16573 51067 8551 142898
16543 141819 23724 177163
16292 141819 23724 379708
16578 51067 8551 144268
16584 51067 8551 141059
16579 74908 12529 147746
16354 93293 15612 337072
16471 237853 39786 239993
16671 74908 12529 84072
16581 74908 12529 148962
16406 573344 95902 288302
16595 51067 8551 140607
16583 51067 8551 148248
16588 74908 12529 146655
16553 141819 23724 179842
16593 51067 8551 145824
16585 93293 15612 150325
16599 51067 8551 143063
16592 74908 12529 149711
16603 51067 8551 144248
16545 237853 39786 197097
16604 51067 8551 145000
16529 237853 39786 208892
16608 37323 6243 142372
16575 51067 8551 167238
16559 141819 23724 181813
16577 141819 23724 167335
16613 28000 4686 140348
16541 141819 23724 204616
16590 74908 12529 158752
16609 28000 4686 145348
15787 573344 95902 833171
16576 141819 23724 172971
16571 51067 8551 177024
16557 141819 23724 190474
16580 141819 23724 170178
16598 74908 12529 158547
16606 74908 12529 155542
16627 4264 714 140203
16591 37323 6243 167000
16705 93293 15612 89232
16596 141819 23724 166147
16558 237853 39786 197062
16634 51067 8551 142449
16702 93293 15612 93100
16638 51067 8551 142687
16642 51067 8551 141139
16629 74908 12529 147648
16628 74908 12529 148853
16547 237853 39786 217780
16643 37323 6243 142293
16618 74908 12529 155553
16650 51067 8551 139376
15314 573344 95902 1218446
16582 141819 23724 181951
16605 93293 15612 166868
16540 74908 12529 224913
16653 51067 8551 140236
16626 93293 15612 152473
16706 93293 15612 97654
16645 51067 8551 144360
16640 74908 12529 148523
16594 141819 23724 178927
16611 93293 15612 168152
16437 141819 23724 308573
16660 37323 6243 140255
16616 51067 8551 164930
16661 51067 8551 140587
16620 93293 15612 164680
16562 237853 39786 208461
16622 93293 15612 164332
16639 93293 15612 155431
16315 573344 95902 418159
16655 74908 12529 148637
16392 93293 15612 345180
16662 51067 8551 144595
16495 74908 12529 270907
16539 141819 23724 238874
16637 93293 15612 160931
16443 573344 95902 311781
16658 93293 15612 151915
16568 237853 39786 210710
16656 93293 15612 153963
16614 93293 15612 177500
16647 93293 15612 160114
16654 51067 8551 158247
16670 37323 6243 140735
16644 74908 12529 165949
16631 141819 23724 172943
16704 1177 199 121853
16624 51067 8551 176708
16666 93293 15612 152645
16677 51067 8551 142169
16564 237853 39786 226156
16683 51067 8551 139807
16667 93293 15612 155381
16691 4264 714 135901
16710 1177 199 121605
16673 74908 12529 149136
16623 141819 23724 185208
16665 93293 15612 160220
16652 74908 12529 173135
16617 51067 8551 190780
16669 74908 12529 154752
16684 37323 6243 146083
16689 51067 8551 144112
16663 74908 12529 164017
15820 573344 95902 865932
16567 237853 39786 233349
16696 37323 6243 142130
16679 51067 8551 152009
16680 51067 8551 152584
16676 37323 6243 156885
16728 1177 199 121158
16700 51067 8551 141534
16672 93293 15612 163801
16452 573344 95902 337281
16632 237853 39786 195789
16589 141819 23724 223913
16736 1177 199 122697
16701 74908 12529 147453
16712 28000 4686 139553
16739 1177 199 121284
16499 573344 95902 305392
16615 237853 39786 209792
16686 74908 12529 162185
16703 93293 15612 151176
16695 51067 8551 160224
16565 93293 15612 253464
16708 74908 12529 150367
16725 37323 6243 139797
16711 74908 12529 150892
16659 51067 8551 193515
16402 237853 39786 388286
16675 141819 23724 178507
16572 237853 39786 252090
16731 51067 8551 140682
16586 141819 23724 243263
16664 141819 23724 193021
16694 141819 23724 171985
16714 51067 8551 156422
16740 51067 8551 143181
16657 237853 39786 207983
16722 51067 8551 159629
16752 51067 8551 139486
16685 93293 15612 186618
16646 237853 39786 217249
16809 93293 15612 89152
16748 51067 8551 142697
16742 51067 8551 145727
16741 51067 8551 148318
16556 51067 8551 285722
16751 51067 8551 141927
16687 93293 15612 188651
16610 141819 23724 241146
16733 93293 15612 157308
16715 141819 23724 169948
16431 573344 95902 389306
16757 51067 8551 140470
16698 141819 23724 182329
16746 74908 12529 150823
16762 74908 12529 145716
16764 74908 12529 145011
16744 74908 12529 158185
16767 51067 8551 144049
16756 51067 8551 150855
16769 51067 8551 143558
16171 573344 95902 629554
16747 93293 15612 159961
16760 74908 12529 153059
16758 51067 8551 153554
16772 51067 8551 145215
16737 141819 23724 170524
16649 237853 39786 236422
16681 237853 39786 209241
16755 74908 12529 158906
16774 51067 8551 142720
16778 51067 8551 141079
16630 141819 23724 248767
16468 237853 39786 378265
16765 74908 12529 155391
16678 237853 39786 211871
16771 51067 8551 150275
16668 237853 39786 224307
16743 74908 12529 168870
16517 237853 39786 341942
16674 237853 39786 219939
16850 74908 12529 87021
16693 237853 39786 210719
16569 237853 39786 297085
16720 237853 39786 192632
16807 237853 39786 122084
16301 237853 39786 525099
16779 74908 12529 151547
16784 51067 8551 147678
15889 573344 95902 883944
16217 141819 23724 603886
16781 93293 15612 154735
16773 74908 12529 157870
16716 237853 39786 201584
16787 74908 12529 148770
16476 237853 39786 386259
16490 573344 95902 377995
16785 51067 8551 151795
16791 51067 8551 148230
16713 74908 12529 208560
16792 74908 12529 150785
16753 141819 23724 183567
16734 141819 23724 197780
16483 93293 15612 388813
16566 573344 95902 319207
16777 37323 6243 167018
16803 37323 6243 143133
16749 141819 23724 192189
16789 74908 12529 160113
16834 1177 199 121986
16799 74908 12529 149688
16726 237853 39786 210090
16794 93293 15612 156854
16798 74908 12529 151656
16782 141819 23724 173581
16867 141819 23724 106145
16707 74908 12529 227971
16776 93293 15612 177188
16810 51067 8551 146356
16811 51067 8551 147147
16816 51067 8551 143062
16800 74908 12529 155816
16717 237853 39786 226108
16909 93293 15612 88435
16806 74908 12529 155536
16802 93293 15612 157673
16812 93293 15612 153517
16766 141819 23724 199056
16825 51067 8551 142248
16790 74908 12529 175663
16821 74908 12529 146819
16830 37323 6243 143097
16814 51067 8551 157919
16846 237853 39786 131815
16832 51067 8551 142841
16833 28000 4686 142464
16820 74908 12529 150562
16699 237853 39786 248698
16831 37323 6243 144101
16783 141819 23724 189749
16836 51067 8551 144256
16840 51067 8551 141940
14937 573344 95902 1711783
16841 51067 8551 142775
16839 51067 8551 145428
16738 141819 23724 226701
16819 51067 8551 158482
16823 74908 12529 155346
16813 141819 23724 168013
16842 51067 8551 145562
16837 74908 12529 150713
16847 51067 8551 144346
16827 74908 12529 159124
16359 237853 39786 533847
16860 28000 4686 139684
16780 141819 23724 205347
16818 93293 15612 167983
16857 51067 8551 142259
16115 237853 39786 747787
16864 51067 8551 141970
16863 37323 6243 144771
16805 141819 23724 185203
16858 51067 8551 148482
16851 74908 12529 153070
15918 573344 95902 914321
16878 51067 8551 139920
16870 74908 12529 144673
16853 93293 15612 153952
16862 93293 15612 151060
16871 51067 8551 146980
16854 51067 8551 157527
16873 28000 4686 149559
16861 28000 4686 154935
16868 93293 15612 151223
16881 74908 12529 145479
16817 141819 23724 185264
16826 141819 23724 178065
16888 37323 6243 143057
16797 237853 39786 202255
16859 51067 8551 157936
16621 573344 95902 338834
16884 74908 12529 148788
16856 74908 12529 164686
16879 93293 15612 153418
16848 141819 23724 169804
16377 237853 39786 542594
16894 51067 8551 144179
16808 237853 39786 201026
16896 51067 8551 145562
16876 74908 12529 157637
16907 51067 8551 142645
16855 141819 23724 174437
16901 74908 12529 149039
16849 141819 23724 179005
16735 237853 39786 272978
16900 74908 12529 150536
16890 1177 199 159367
16904 51067 8551 149544
16913 4264 714 135813
16880 37323 6243 165835
16822 237853 39786 198985
16991 37323 6243 78922
16914 28000 4686 139546
16768 237853 39786 255477
16886 74908 12529 166464
16915 28000 4686 140662
16635 51067 8551 351816
16891 51067 8551 164695
16607 141819 23724 373638
16893 51067 8551 165676
16754 237853 39786 270456
16885 141819 23724 172804
16730 237853 39786 287630
16882 93293 15612 175112
16844 93293 15612 196382
16852 141819 23724 193518
16903 74908 12529 165335
16815 141819 23724 221493
16759 74908 12529 274084
16887 74908 12529 180877
16925 74908 12529 148073
16924 74908 12529 151935
16922 93293 15612 158612
16329 573344 95902 625562
16912 74908 12529 166471
16906 141819 23724 180253
16877 237853 39786 199357
16895 141819 23724 188686
16935 74908 12529 149046
16918 74908 12529 169571
16761 237853 39786 292993
16940 74908 12529 148424
16951 51067 8551 141342
16984 1177 199 122032
16939 51067 8551 151789
16927 93293 15612 165882
16952 51067 8551 142957
16937 74908 12529 154107
16718 141819 23724 326857
16957 51067 8551 143567
16923 93293 15612 174616
16929 51067 8551 167155
16945 93293 15612 152571
16866 237853 39786 217420
16943 93293 15612 155526
16926 141819 23724 174845
16953 74908 12529 150647
16549 573344 95902 466660
16972 37323 6243 142145
16961 93293 15612 150471
16969 51067 8551 147500
16161 237853 39786 793375
16971 37323 6243 146749
16959 28000 4686 154332
16933 141819 23724 171959
16968 93293 15612 151720
16982 51067 8551 140973
16934 141819 23724 173436
16976 51067 8551 147511
16960 93293 15612 158564
16964 74908 12529 156123
16928 141819 23724 185130
16985 51067 8551 143457
16942 141819 23724 172614
16983 74908 12529 146932
16977 51067 8551 153920
16963 74908 12529 163607
16941 93293 15612 178717
16975 28000 4686 157887
16795 237853 39786 293215
16990 74908 12529 147286
16899 237853 39786 224180
16690 573344 95902 377468
16997 74908 12529 144971
16996 51067 8551 145035
16981 51067 8551 157750
16648 573344 95902 412353
16721 573344 95902 356546
16967 93293 15612 168635
16994 51067 8551 148442
17001 51067 8551 142996
17006 51067 8551 139892
16944 93293 15612 183414
16966 93293 15612 171074
17008 37323 6243 139482
16970 51067 8551 169695
16865 237853 39786 249936
17005 51067 8551 142778
17013 51067 8551 140166
16993 74908 12529 157226
16729 237853 39786 360965
16989 93293 15612 161883
16911 237853 39786 223757
16845 237853 39786 267726
16936 237853 39786 200367
17011 37323 6243 147478
17010 74908 12529 148759
17020 28000 4686 141106
17014 51067 8551 146837
16973 141819 23724 182052
16988 141819 23724 168949
16745 573344 95902 358599
17000 93293 15612 161719
17007 51067 8551 156231
17025 37323 6243 142437
16932 237853 39786 211032
17033 4264 714 134481
17015 93293 15612 153158
17028 37323 6243 142829
17012 37323 6243 157265
16775 237853 39786 339712
16824 573344 95902 294788
16688 93293 15612 406274
16986 141819 23724 176842
17029 51067 8551 143508
17009 93293 15612 162704
17017 74908 12529 154212
17018 74908 12529 153914
16949 93293 15612 205812
17035 28000 4686 139503
16930 93293 15612 221584
17030 51067 8551 146326
17027 74908 12529 151577
17026 74908 12529 155065
17004 74908 12529 172571
16770 573344 95902 356131
17032 51067 8551 150680
16697 237853 39786 408439
16917 237853 39786 242677
16719 573344 95902 394494
17019 74908 12529 162444
17063 1177 199 122320
16999 93293 15612 181114
17034 74908 12529 148864
17036 74908 12529 146178
17016 93293 15612 167435
15332 573344 95902 1516056
17043 51067 8551 143478
16838 237853 39786 305210
17044 51067 8551 144495
16692 573344 95902 421588
17045 51067 8551 142190
17041 51067 8551 149276
17037 74908 12529 152465
17040 74908 12529 150535
17049 51067 8551 142895
17042 51067 8551 153084
16950 237853 39786 228445
17055 51067 8551 147039
16965 237853 39786 222603
17057 28000 4686 146967
17127 51067 8551 81572
16519 573344 95902 570243
16905 237853 39786 281971
17060 51067 8551 149491
17039 93293 15612 166416
16910 573344 95902 282016
17048 74908 12529 161533
17069 51067 8551 144425
17066 37323 6243 147454
17067 237853 39786 147585
16916 237853 39786 275243
17050 93293 15612 164307
17065 93293 15612 153654
17056 51067 8551 164425
16954 141819 23724 246845
17081 37323 6243 139240
17072 74908 12529 151656
16883 573344 95902 311560
16931 237853 39786 266900
16323 237853 39786 751292
17071 74908 12529 154332
17078 51067 8551 146176
17082 51067 8551 143901
17023 237853 39786 203104
17083 37323 6243 145090
17074 93293 15612 155743
16980 237853 39786 240066
16804 573344 95902 370294
17079 74908 12529 151366
16204 2076744 347347 860126
17084 74908 12529 150763
17095 28000 4686 139009
17086 74908 12529 152900
16875 573344 95902 332216
17094 74908 12529 144770
17077 93293 15612 164325
17096 51067 8551 144649
16633 573344 95902 514229
17097 37323 6243 145192
17105 37323 6243 138994
16898 51067 8551 322292
17046 141819 23724 196134
17064 141819 23724 180667
17104 51067 8551 145116
16869 74908 12529 345699
17076 93293 15612 175046
17122 4264 714 135928
17111 51067 8551 142254
16788 573344 95902 410907
16172 237853 39786 913607
17108 74908 12529 147712
17110 51067 8551 148244
17116 51067 8551 146831
17103 51067 8551 157495
17100 93293 15612 162451
17107 51067 8551 155834
17087 141819 23724 175936
16682 573344 95902 498178
17051 237853 39786 210017
17118 74908 12529 151452
16946 93293 15612 297631
16987 573344 95902 268764
17101 93293 15612 166414
17117 74908 12529 154325
17121 74908 12529 152547
17085 74908 12529 183070
17038 37323 6243 228389
17088 141819 23724 183649
17113 93293 15612 159843
17128 51067 8551 149417
17138 51067 8551 140377
15090 2076744 347347 1814683
17120 93293 15612 160431
17098 141819 23724 176723
16902 237853 39786 352277
17092 141819 23724 186316
17125 51067 8551 157305
17061 93293 15612 222409
17224 74908 12529 91782
16843 141819 23724 394853
16636 237853 39786 553066
17154 37323 6243 141652
16793 573344 95902 437103
17134 237853 39786 154409
17091 237853 39786 194962
17106 141819 23724 178419
17156 51067 8551 141108
17133 51067 8551 156704
16889 237853 39786 373929
17163 51067 8551 140362
17123 141819 23724 171792
17162 51067 8551 141767
17167 37323 6243 140114
17143 93293 15612 155828
17140 74908 12529 157942
17164 51067 8551 147172
17132 74908 12529 166465
17157 51067 8551 151769
16921 141819 23724 353446
17141 93293 15612 160375
17126 141819 23724 175174
17142 51067 8551 161259
17158 51067 8551 152291
16872 573344 95902 394597
17147 51067 8551 160281
17130 93293 15612 172836
17119 141819 23724 185797
17114 141819 23724 189325
17137 51067 8551 167909
16801 573344 95902 441464
17171 37323 6243 147195
17155 15443 2590 158277
16919 141819 23724 359794
17166 51067 8551 155021
17146 141819 23724 167581
17168 93293 15612 154710
17187 51067 8551 141630
17182 74908 12529 145348
17173 28000 4686 153537
17129 141819 23724 185504
17159 74908 12529 163654
17172 74908 12529 155697
16058 573344 95902 1057185
17186 51067 8551 147921
17183 74908 12529 151900
17181 51067 8551 154731
17153 141819 23724 175011
16947 141819 23724 349702
17193 74908 12529 146295
16405 573344 95902 766092
17160 141819 23724 172968
17024 237853 39786 295104
17165 74908 12529 172644
17196 37323 6243 146040
16709 141819 23724 536206
15637 2076744 347347 1416928
17180 93293 15612 161467
17135 141819 23724 191635
17197 51067 8551 147515
17115 237853 39786 211672
17192 51067 8551 154795
17178 93293 15612 167064
17205 51067 8551 148328
17194 74908 12529 154619
17185 74908 12529 163921
17212 51067 8551 144752
17204 74908 12529 152293
17149 141819 23724 191906
17209 74908 12529 151108
17169 141819 23724 179791
17208 74908 12529 152869
16828 573344 95902 456811
17195 28000 4686 160732
17198 93293 15612 160480
17145 141819 23724 199165
17207 74908 12529 159074
17231 37323 6243 142654
17227 51067 8551 146558
16908 573344 95902 412189
17217 51067 8551 153577
17232 37323 6243 145056
17210 74908 12529 159919
17220 93293 15612 153638
17221 74908 12529 153716
17316 15443 2590 78466
17315 37323 6243 79253
17206 74908 12529 164925
17225 93293 15612 152172
17200 74908 12529 168061
16263 2076744 347347 912667
17177 141819 23724 185616
17240 28000 4686 145796
17199 74908 12529 170662
17203 93293 15612 168530
17243 28000 4686 141265
17241 37323 6243 145961
16979 74908 12529 358803
17161 237853 39786 201782
17054 237853 39786 295282
17112 237853 39786 238573
17247 51067 8551 141581
17202 141819 23724 173576
17248 37323 6243 142638
17228 28000 4686 159118
17276 1177 199 121552
17234 74908 12529 154852
17238 74908 12529 153020
17251 51067 8551 143150
17216 28000 4686 167276
17242 51067 8551 151143
16958 93293 15612 378810
17170 141819 23724 201328
17250 51067 8551 145438
17174 237853 39786 199469
17249 74908 12529 147786
17223 74908 12529 166258
17211 141819 23724 176340
17295 93293 15612 110438
17229 74908 12529 167953
17236 141819 23724 165321
17256 51067 8551 146287
17270 51067 8551 139803
17152 51067 8551 225861
17139 237853 39786 233472
17266 51067 8551 143923
17213 93293 15612 184891
17267 51067 8551 143877
17230 93293 15612 175497
17259 51067 8551 148741
15938 2076744 347347 1219670
17265 51067 8551 146689
17124 237853 39786 254334
17239 141819 23724 173362
17244 93293 15612 170364
17277 51067 8551 144975
17284 51067 8551 141720
17286 37323 6243 139214
17273 74908 12529 150254
17253 74908 12529 165320
17179 237853 39786 219600
17289 28000 4686 138726
17188 237853 39786 217199
16216 573344 95902 999028
17354 37323 6243 93401
17313 1177 199 122239
17290 51067 8551 142582
17257 141819 23724 166356
17268 93293 15612 161047
17059 93293 15612 330358
17287 74908 12529 148583
17282 74908 12529 154056
17285 74908 12529 151606
17293 51067 8551 140536
17148 51067 8551 253129
17299 51067 8551 139875
17090 573344 95902 304268
17278 93293 15612 161582
17303 51067 8551 139670
17283 51067 8551 160214
17301 37323 6243 141531
17296 51067 8551 145470
17297 51067 8551 144350
17252 141819 23724 186256
17075 237853 39786 325351
17226 237853 39786 207713
17201 141819 23724 223624
17288 51067 8551 160167
17184 237853 39786 237141
17390 28000 4686 78905
17312 51067 8551 140671
17307 51067 8551 144773
17021 573344 95902 380839
17189 237853 39786 238112
17318 28000 4686 139908
17269 74908 12529 179605
17298 51067 8551 154085
17319 51067 8551 140832
17302 74908 12529 152763
17053 573344 95902 354234
16723 141819 23724 614919
17280 141819 23724 174649
17300 93293 15612 155057
17380 93293 15612 93256
17255 141819 23724 192729
17320 51067 8551 144353
17324 74908 12529 144912
17329 51067 8551 142554
17426 1177 199 61715
17272 237853 39786 191545
17325 51067 8551 147236
17338 51067 8551 140381
16455 573344 95902 833719
17332 28000 4686 144202
17237 237853 39786 223029
17305 141819 23724 166154
17340 51067 8551 141714
17344 51067 8551 139811
17343 51067 8551 142170
17330 37323 6243 151782
17347 51067 8551 140116
17336 51067 8551 148545
17326 37323 6243 154955
17323 51067 8551 158762
17292 74908 12529 186376
17341 93293 15612 150187
17421 74908 12529 84525
17351 51067 8551 143625
17337 74908 12529 154483
17334 93293 15612 155437
17357 28000 4686 142747
14921 573344 95902 2128163
17423 28000 4686 81721
17350 51067 8551 148099
17306 141819 23724 181640
17366 51067 8551 139641
17367 51067 8551 139950
17109 573344 95902 336236
17254 237853 39786 231955
17353 28000 4686 157193
17361 74908 12529 152988
17365 74908 12529 148517
17369 37323 6243 139747
17348 51067 8551 161351
17356 51067 8551 158087
17310 141819 23724 191379
17322 141819 23724 179973
17372 37323 6243 142351
17260 141819 23724 229673
17373 51067 8551 142920
17364 51067 8551 153757
17331 141819 23724 179577
17370 74908 12529 147767
17314 237853 39786 193505
17131 573344 95902 331644
17345 141819 23724 175842
17377 51067 8551 148736
17328 51067 8551 188171
17385 28000 4686 147282
17430 93293 15612 105093
17222 573344 95902 277571
17360 141819 23724 173628
17393 37323 6243 144954
17349 141819 23724 182746
17378 237853 39786 158559
17394 74908 12529 147751
17374 74908 12529 162223
17346 93293 15612 189496
17274 237853 39786 245643
16724 573344 95902 682995
17379 37323 6243 162146
17416 141819 23724 134446
17403 28000 4686 150533
17404 74908 12529 149663
17395 93293 15612 158097
17375 51067 8551 171603
17405 28000 4686 150940
16978 141819 23724 494326
17363 141819 23724 187249
17191 573344 95902 315215
17406 51067 8551 148612
17176 74908 12529 327552
17391 74908 12529 164824
17359 237853 39786 193642
17414 51067 8551 144692
17402 51067 8551 158284
17417 37323 6243 143401
17420 51067 8551 141974
17381 141819 23724 173692
17413 51067 8551 147856
17398 74908 12529 162315
17415 74908 12529 148370
17476 74908 12529 88744
17271 237853 39786 265322
17419 74908 12529 146132
16479 573344 95902 888075
17407 51067 8551 155823
17214 237853 39786 311397
17466 141819 23724 104636
17418 37323 6243 154103
17429 51067 8551 139685
17308 237853 39786 242281
17144 237853 39786 365644
17428 28000 4686 144731
17317 237853 39786 240681
17396 141819 23724 181007
17412 74908 12529 165142
17262 573344 95902 284883
17438 37323 6243 141213
17376 141819 23724 199809
17445 51067 8551 140397
17435 51067 8551 146852
17437 51067 8551 147210
17448 51067 8551 141381
17410 93293 15612 176750
17441 51067 8551 145813
17425 74908 12529 163022
17371 237853 39786 208092
17073 573344 95902 446993
17342 237853 39786 236315
17446 51067 8551 146573
17455 51067 8551 139457
17281 573344 95902 288740
17432 74908 12529 158649
17355 237853 39786 232697
17459 51067 8551 140240
17447 74908 12529 150927
17427 93293 15612 165706
17399 237853 39786 198888
17408 141819 23724 189748
17452 51067 8551 151751
17453 51067 8551 151748
17443 74908 12529 158248
17401 237853 39786 204309
17460 74908 12529 147666
17400 237853 39786 206736
17449 74908 12529 160051
17383 141819 23724 218474
17470 28000 4686 142914
17469 51067 8551 143676
17215 74908 12529 355424
17442 93293 15612 169005
16998 141819 23724 537956
17462 51067 8551 152996
17451 74908 12529 162946
17258 93293 15612 322226
16612 237853 39786 828011
17467 74908 12529 151626
17436 141819 23724 176168
17483 28000 4686 141612
17409 237853 39786 206569
17486 51067 8551 141907
16974 573344 95902 563745
17458 51067 8551 164411
17463 74908 12529 159181
17190 237853 39786 383784
17478 28000 4686 149648
17491 37323 6243 142797
17440 141819 23724 181531
17484 51067 8551 148963
17494 51067 8551 143849
17495 28000 4686 145858
17358 237853 39786 263595
17472 93293 15612 161035
17291 573344 95902 314989
17474 74908 12529 159688
17473 141819 23724 165843
17362 237853 39786 266735
17481 93293 15612 162255
17498 51067 8551 149737
16491 2076744 347347 953197
17068 573344 95902 499438
17468 141819 23724 175091
17553 93293 15612 110786
17080 141819 23724 490342
17492 51067 8551 160426
17480 74908 12529 167624
17517 51067 8551 140707
17489 37323 6243 166147
17516 37323 6243 143002
17596 37323 6243 81907
17508 74908 12529 147740
17450 237853 39786 198152
17497 93293 15612 163115
17526 51067 8551 141411
17514 74908 12529 147582
17525 51067 8551 141982
17524 37323 6243 143382
17382 237853 39786 261172
17339 237853 39786 297590
17505 93293 15612 155645
17218 237853 39786 391943
17541 93293 15612 132666
17245 573344 95902 373229
17246 141819 23724 372956
17507 74908 12529 157113
17532 51067 8551 143714
17513 74908 12529 153322
15980 573344 95902 1404308
17527 74908 12529 148450
17411 141819 23724 244225
17335 141819 23724 307455
17482 141819 23724 182381
17479 141819 23724 183871
17529 28000 4686 150267
17499 74908 12529 169417
17512 74908 12529 158512
16732 573344 95902 788042
16111 2076744 347347 1300520
17535 51067 8551 148022
16072 573344 95902 1331361
17150 74908 12529 453478
17536 37323 6243 150577
17539 74908 12529 149567
17502 141819 23724 173952
17545 51067 8551 146990
17542 74908 12529 150062
17546 74908 12529 147002
17537 74908 12529 154880
17572 237853 39786 125070
17368 237853 39786 294730
17388 51067 8551 281688
17518 93293 15612 171023
17548 51067 8551 148976
17547 74908 12529 151224
17559 51067 8551 139982
17533 93293 15612 164733
17534 74908 12529 162980
17493 141819 23724 196307
17631 37323 6243 79289
17503 237853 39786 184607
17552 51067 8551 150609
17569 15443 2590 138298
17550 74908 12529 154098
17551 74908 12529 153151
17555 74908 12529 151931
17543 74908 12529 162277
17562 74908 12529 146789
17558 51067 8551 151410
17557 74908 12529 154360
17461 237853 39786 228464
17567 51067 8551 145498
17540 74908 12529 169875
17642 74908 12529 85408
17566 74908 12529 148747
17565 93293 15612 152416
17471 237853 39786 224421
17571 74908 12529 149088
17573 74908 12529 146509
17653 51067 8551 81866
16955 74908 12529 649789
17580 74908 12529 145407
17581 51067 8551 145614
17433 237853 39786 261365
16600 573344 95902 920421
17564 93293 15612 162383
17576 74908 12529 153364
17568 93293 15612 161205
17579 4264 714 153681
17509 237853 39786 207088
17327 93293 15612 360159
17477 141819 23724 232648
17556 74908 12529 175984
17522 237853 39786 203535
17431 237853 39786 273039
17544 237853 39786 187019
17500 237853 39786 218512
17531 141819 23724 202697
17586 51067 8551 154635
17528 237853 39786 206327
17560 141819 23724 178698
17590 74908 12529 156258
17601 15443 2590 141725
17487 141819 23724 238442
17593 51067 8551 154107
17263 573344 95902 421895
17577 93293 15612 167718
17598 74908 12529 155517
17582 141819 23724 168713
17574 93293 15612 176630
17264 573344 95902 427902
17611 37323 6243 140926
17602 74908 12529 151343
17594 74908 12529 164372
16874 573344 95902 750499
17616 51067 8551 140008
17595 93293 15612 168429
17626 4264 714 134763
17619 51067 8551 139900
17617 51067 8551 141404
17610 51067 8551 151026
17606 93293 15612 156113
17600 141819 23724 166273
17587 74908 12529 180897
17633 51067 8551 139289
17630 28000 4686 141604
17609 93293 15612 159128
17632 51067 8551 143205
17625 51067 8551 147554
17604 28000 4686 165757
17501 237853 39786 248697
17622 93293 15612 150269
17599 74908 12529 177999
17612 74908 12529 159841
17538 141819 23724 230155
17608 74908 12529 167512
17578 237853 39786 197962
17713 74908 12529 84122
17584 141819 23724 192833
17628 93293 15612 152720
17151 573344 95902 536771
17707 93293 15612 88896
14681 2076744 347347 2546304
17627 93293 15612 155287
16538 573344 95902 1029730
17649 51067 8551 140909
17636 51067 8551 152680
17637 93293 15612 152592
17635 74908 12529 154365
17515 237853 39786 254549
17638 51067 8551 155642
17623 93293 15612 163743
17603 141819 23724 183735
15047 7521945 1258074 2273566
17652 51067 8551 148843
17454 237853 39786 310999
17615 15443 2590 174688
17640 74908 12529 160343
17732 74908 12529 84517
17554 141819 23724 233350
17570 237853 39786 222687
17656 74908 12529 152542
17647 74908 12529 157141
17261 237853 39786 474722
17643 93293 15612 164357
17464 141819 23724 310020
17672 51067 8551 140935
17444 573344 95902 330067
17661 74908 12529 152215
17666 51067 8551 148303
17651 93293 15612 162180
17660 74908 12529 154425
17620 141819 23724 183286
17422 573344 95902 353077
17752 74908 12529 86896
17645 51067 8551 168775
17659 74908 12529 159613
17669 51067 8551 150761
17511 141819 23724 281441
17233 573344 95902 513197
17618 141819 23724 192042
17677 74908 12529 145164
17434 93293 15612 346312
17671 74908 12529 154784
17663 74908 12529 162666
17675 51067 8551 149252
17654 93293 15612 172760
17644 141819 23724 181164
17685 51067 8551 140818
17549 237853 39786 262287
17680 237853 39786 146677
17592 237853 39786 230239
17386 573344 95902 402337
17655 93293 15612 179723
17621 237853 39786 201269
16786 2076744 347347 883629
17607 237853 39786 216130
17692 51067 8551 142676
17689 51067 8551 144489
17589 237853 39786 238901
17693 51067 8551 142423
17687 51067 8551 148860
17702 51067 8551 139921
17664 74908 12529 174082
17700 37323 6243 143720
17682 28000 4686 155361
17696 51067 8551 144325
17686 74908 12529 152628
16920 141819 23724 788305
17690 74908 12529 151764
17683 74908 12529 158858
17699 51067 8551 148980
17708 51067 8551 146039
17714 37323 6243 145010
17706 15443 2590 149125
17718 51067 8551 143386
17725 37323 6243 139828
17392 573344 95902 421898
17727 51067 8551 140899
17715 51067 8551 151859
17684 141819 23724 171542
17716 4264 714 151452
17712 93293 15612 154923
17673 141819 23724 185463
17709 51067 8551 156658
17730 51067 8551 141505
17733 37323 6243 139877
17657 237853 39786 203228
17658 237853 39786 203647
17641 141819 23724 218846
17703 93293 15612 165541
17736 51067 8551 142238
17704 74908 12529 167346
17726 93293 15612 153930
17729 93293 15612 152684
17734 51067 8551 148019
17748 51067 8551 139729
17808 74908 12529 88851
17737 74908 12529 148535
17304 573344 95902 503881
17818 51067 8551 80720
17634 237853 39786 233488
17701 93293 15612 176380
17720 51067 8551 167285
17774 1177 199 123772
17321 573344 95902 500944
17697 141819 23724 184147
17520 237853 39786 338027
17742 74908 12529 154048
17485 573344 95902 366631
17722 74908 12529 173280
17747 93293 15612 154777
17719 141819 23724 176252
17563 237853 39786 306069
17679 237853 39786 203758
17785 1177 199 122134
17750 93293 15612 156162
17698 237853 39786 191592
17717 141819 23724 182159
17757 74908 12529 151111
17758 51067 8551 148927
14687 7521945 1258074 2641926
17763 74908 12529 145994
17691 141819 23724 199221
17767 51067 8551 142372
17753 141819 23724 167523
17583 573344 95902 305228
17759 74908 12529 157185
17779 37323 6243 141983
17769 51067 8551 147565
17731 141819 23724 183037
17710 237853 39786 199680
17760 74908 12529 160588
17764 74908 12529 155707
17496 51067 8551 382916
17776 28000 4686 149110
17744 93293 15612 176939
17333 573344 95902 516507
17740 141819 23724 181771
17676 237853 39786 229089
17746 141819 23724 178695
17756 93293 15612 173979
17773 93293 15612 153134
17761 93293 15612 163632
17456 573344 95902 416310
17781 51067 8551 150133
17861 28000 4686 80719
17780 51067 8551 153117
17797 37323 6243 142278
17788 51067 8551 149937
17775 93293 15612 160055
17755 74908 12529 182974
17062 2076744 347347 747190
17588 573344 95902 323027
17800 51067 8551 146693
17724 93293 15612 211882
17809 15443 2590 140328
17790 93293 15612 154523
17810 51067 8551 140533
17772 74908 12529 168902
17813 15443 2590 138920
17805 51067 8551 146413
17721 237853 39786 216959
17815 37323 6243 139906
17814 51067 8551 142012
17876 51067 8551 86731
17793 93293 15612 161388
17523 74908 12529 387144
17789 74908 12529 166211
17639 573344 95902 290936
17803 51067 8551 156092
17821 37323 6243 139716
17891 51067 8551 79967
17802 51067 8551 157447
17741 237853 39786 210788
17838 1177 199 121200
17457 141819 23724 442372
17738 237853 39786 214679
17735 237853 39786 218520
17799 93293 15612 165776
17871 93293 15612 101551
17792 141819 23724 172529
17768 141819 23724 191917
17783 141819 23724 182434
17795 141819 23724 175339
17817 93293 15612 156972
17387 573344 95902 517172
17826 51067 8551 147966
17728 237853 39786 235213
17855 1177 199 122385
17859 1177 199 121131
17906 74908 12529 85371
17650 237853 39786 301401
16597 2076744 347347 1139631
17921 37323 6243 82253
17786 141819 23724 192939
17825 93293 15612 158475
17839 37323 6243 142240
17798 141819 23724 185495
17791 141819 23724 190324
17831 74908 12529 154292
17840 28000 4686 144187
17561 573344 95902 385304
17765 141819 23724 215442
17309 573344 95902 596831
17847 37323 6243 145882
17851 51067 8551 145365
17881 1177 199 122086
17848 74908 12529 146912
17175 573344 95902 702811
17911 141819 23724 102796
17834 74908 12529 158894
17694 237853 39786 277688
17933 74908 12529 87681
17856 51067 8551 144474
17862 51067 8551 141756
17833 93293 15612 164109
17853 74908 12529 149876
17832 93293 15612 165348
17867 51067 8551 139810
17605 573344 95902 358594
17688 237853 39786 284301
17864 37323 6243 142463
17762 141819 23724 231335
17868 51067 8551 142482
17914 141819 23724 108177
17819 141819 23724 187727
17837 74908 12529 163378
17931 51067 8551 95534
17822 74908 12529 183315
17849 74908 12529 157515
17845 74908 12529 161460
17872 51067 8551 141736
17850 93293 15612 160622
17648 573344 95902 333370
17860 74908 12529 154812
17869 51067 8551 147697
17879 28000 4686 139606
10909 7521945 1258074 5896610
17801 93293 15612 209583
17874 51067 8551 144356
17844 74908 12529 167085
17841 141819 23724 170829
17883 51067 8551 141920
17816 141819 23724 203303
17022 141819 23724 858046
17863 93293 15612 161582
17887 51067 8551 141704
17843 74908 12529 176025
17880 74908 12529 147739
17888 28000 4686 143292
17882 74908 12529 148944
17804 237853 39786 221978
17919 93293 15612 127780
17811 74908 12529 217192
17895 37323 6243 144797
17842 141819 23724 183306
17889 74908 12529 148966
17894 51067 8551 146778
17749 74908 12529 274160
17903 51067 8551 140475
17941 141819 23724 116861
17909 51067 8551 140589
17905 51067 8551 143563
17865 93293 15612 174995
17892 74908 12529 155661
17901 51067 8551 146439
17870 93293 15612 172632
17893 74908 12529 155301
17898 51067 8551 150721
17794 237853 39786 241315
17830 141819 23724 207045
17998 51067 8551 78448
17866 141819 23724 179317
17754 141819 23724 282172
17896 93293 15612 156068
17923 28000 4686 141351
17912 74908 12529 149007
17857 141819 23724 190512
17908 93293 15612 154770
17829 141819 23724 217622
17723 573344 95902 312845
17824 237853 39786 225639
17922 74908 12529 151420
17504 237853 39786 492295
17935 51067 8551 140942
17936 51067 8551 141357
17930 51067 8551 144246
17439 93293 15612 546513
17925 93293 15612 151338
18004 93293 15612 91267
17948 51067 8551 138968
17924 74908 12529 157251
18032 51067 8551 80319
17970 1177 199 121749
18015 51067 8551 91150
17877 237853 39786 193190
17951 51067 8551 140909
18027 74908 12529 86344
17711 237853 39786 337755
17778 237853 39786 283359
17812 237853 39786 254718
17904 141819 23724 177357
17982 1177 199 121940
17929 93293 15612 164778
17947 93293 15612 152756
17943 28000 4686 154570
17506 573344 95902 510186
17932 74908 12529 161968
17766 237853 39786 294638
17958 51067 8551 146914
17944 51067 8551 156141
17937 74908 12529 161495
17967 37323 6243 140219
17963 74908 12529 146661
17959 51067 8551 149670
17962 51067 8551 149070
17965 37323 6243 144013
17957 74908 12529 154238
17954 93293 15612 155518
17973 51067 8551 139841
17858 237853 39786 224922
18056 28000 4686 80928
17972 51067 8551 144430
17976 51067 8551 141866
17519 93293 15612 516554
17977 28000 4686 140900
17900 141819 23724 195924
17946 141819 23724 169550
17770 573344 95902 310292
17787 51067 8551 299000
17743 573344 95902 336697
17984 28000 4686 141641
17928 141819 23724 187069
17884 141819 23724 217485
17875 237853 39786 226482
17828 93293 15612 265881
17966 74908 12529 160929
17624 74908 12529 435954
17311 573344 95902 699741
17955 93293 15612 172292
17981 74908 12529 151143
17993 51067 8551 142317
17994 51067 8551 142408
17986 74908 12529 150118
17873 237853 39786 234604
17949 141819 23724 183114
17968 93293 15612 167200
17996 51067 8551 144136
18003 28000 4686 140504
17979 93293 15612 162564
17997 74908 12529 146213
17950 141819 23724 188519
17992 93293 15612 153783
18008 51067 8551 141873
18000 51067 8551 147662
18052 141819 23724 109530
18010 51067 8551 141336
17575 237853 39786 496120
17971 141819 23724 171503
18013 28000 4686 141988
18018 37323 6243 139595
17777 573344 95902 330597
15368 2076744 347347 2283230
17705 573344 95902 390818
17681 237853 39786 406058
17980 141819 23724 170987
18002 51067 8551 152901
17960 141819 23724 190991
17662 237853 39786 429777
17969 141819 23724 181561
17389 237853 39786 663961
18030 51067 8551 143407
18007 74908 12529 156526
18034 51067 8551 143205
18029 51067 8551 145829
18033 51067 8551 144306
17915 74908 12529 229375
18127 51067 8551 81806
18062 1177 199 121602
18020 74908 12529 154260
17987 93293 15612 176458
17945 141819 23724 211834
17961 237853 39786 205293
18012 93293 15612 166061
18078 1177 199 122441
18001 141819 23724 172630
16425 2076744 347347 1433901
18046 37323 6243 141230
18048 28000 4686 140575
18040 51067 8551 150156
18024 93293 15612 161845
17913 237853 39786 244687
18049 51067 8551 140859
17916 237853 39786 242133
18011 93293 15612 171577
18036 74908 12529 156889
18051 51067 8551 140653
18044 74908 12529 149451
18017 141819 23724 169259
18014 74908 12529 173445
17988 141819 23724 192176
17890 237853 39786 264797
18023 93293 15612 169114
18039 93293 15612 160795
18067 37323 6243 141611
18053 51067 8551 147206
18043 51067 8551 159479
18050 74908 12529 149262
18068 51067 8551 144610
18083 4264 714 133454
17397 573344 95902 689588
18057 51067 8551 149602
18066 28000 4686 148471
17784 573344 95902 364815
18058 51067 8551 151385
17990 141819 23724 203034
18072 28000 4686 148667
17910 237853 39786 263600
17964 141819 23724 227548
18070 74908 12529 151867
18037 141819 23724 174928
18065 74908 12529 154664
17807 573344 95902 354984
18060 51067 8551 156530
18061 93293 15612 156428
18022 141819 23724 186331
18069 51067 8551 156963
18161 93293 15612 88732
18080 74908 12529 149771
18077 93293 15612 153254
17917 237853 39786 267298
17918 237853 39786 267223
18071 93293 15612 160496
18045 141819 23724 172286
14915 2076744 347347 2731949
17902 237853 39786 278163
18073 74908 12529 159953
17897 74908 12529 283259
18055 74908 12529 167222
18142 51067 8551 110406
18059 141819 23724 168706
18088 74908 12529 154966
17510 237853 39786 609741
17983 237853 39786 226785
18111 51067 8551 143150
18025 141819 23724 197989
18090 74908 12529 156760
18112 51067 8551 144998
18119 28000 4686 141153
18085 51067 8551 160732
18101 74908 12529 150950
18117 28000 4686 142679
18082 51067 8551 163732
17956 237853 39786 257232
18079 93293 15612 168809
18109 74908 12529 151581
18124 51067 8551 142190
18081 51067 8551 168141
18091 93293 15612 164067
18123 237853 39786 143822
18094 93293 15612 162842
18087 141819 23724 167128
18105 51067 8551 157776
18201 51067 8551 82010
18006 93293 15612 222519
18021 141819 23724 214397
18104 74908 12529 160959
18115 93293 15612 157726
18100 51067 8551 164634
18126 51067 8551 149501
18139 4264 714 134539
18114 74908 12529 160271
18106 37323 6243 163296
17989 237853 39786 242665
18041 93293 15612 206928
18141 37323 6243 139341
18165 1177 199 122961
18120 51067 8551 162490
18047 141819 23724 203950
18009 141819 23724 233690
18136 37323 6243 146703
18129 237853 39786 153516
17899 51067 8551 317457
18180 141819 23724 114181
18150 51067 8551 139373
18098 141819 23724 181295
18095 141819 23724 186298
18145 74908 12529 149560
18154 37323 6243 140587
18134 93293 15612 156320
18107 93293 15612 181071
18138 74908 12529 155406
17820 573344 95902 395599
18135 93293 15612 158864
18116 141819 23724 181037
18143 74908 12529 155868
18162 1177 199 141418
18140 51067 8551 159097
18163 51067 8551 141801
18160 37323 6243 143810
18035 237853 39786 235420
18228 93293 15612 92121
17835 141819 23724 380381
18005 237853 39786 254226
18153 93293 15612 151246
18099 141819 23724 194043
18147 74908 12529 157807
18016 141819 23724 251498
17938 74908 12529 309314
18157 74908 12529 153533
18149 51067 8551 159448
18148 51067 8551 160433
17796 141819 23724 428763
18159 51067 8551 152233
18103 74908 12529 198383
17591 573344 95902 601134
18064 237853 39786 222068
18175 51067 8551 142603
17926 573344 95902 328118
18179 28000 4686 141767
18171 74908 12529 151904
17927 573344 95902 330656
18183 74908 12529 145090
17836 141819 23724 398603
18173 51067 8551 153300
18168 93293 15612 159851
18108 237853 39786 209402
18158 51067 8551 169705
18137 93293 15612 185844
17745 237853 39786 489254
18189 28000 4686 146099
18132 141819 23724 192349
18195 37323 6243 142453
18274 51067 8551 82916
18202 51067 8551 141935
18217 51067 8551 132154
18199 37323 6243 143702
18186 93293 15612 155359
18122 237853 39786 211017
18019 93293 15612 281690
18178 93293 15612 164769
18211 74908 12529 144231
18144 237853 39786 196180
18086 141819 23724 240891
17934 237853 39786 347141
18240 1177 199 121469
18221 37323 6243 140674
18213 74908 12529 146159
17279 237853 39786 893358
18198 74908 12529 158321
18206 74908 12529 157019
18302 37323 6243 81543
18218 51067 8551 147672
18204 74908 12529 157940
18226 51067 8551 140361
18174 141819 23724 180562
18219 74908 12529 148471
18208 51067 8551 160107
18222 74908 12529 148306
18184 141819 23724 175674
18212 93293 15612 156333
18210 74908 12529 158902
18215 93293 15612 155664
18194 141819 23724 171710
18205 74908 12529 166026
18200 141819 23724 169350
18191 141819 23724 175853
18234 74908 12529 146288
17670 573344 95902 582407
18207 141819 23724 168311
18169 141819 23724 199485
18239 51067 8551 142235
17521 237853 39786 713733
18229 93293 15612 154148
17995 51067 8551 326077
18238 74908 12529 147399
18250 51067 8551 142556
17665 141819 23724 594117
18225 93293 15612 160497
18237 74908 12529 150694
18241 74908 12529 148371
18244 51067 8551 147286
18230 93293 15612 158899
18176 141819 23724 197381
18167 237853 39786 210323
18318 74908 12529 94204
18209 74908 12529 177815
18214 141819 23724 172266
18248 51067 8551 148199
17003 573344 95902 1144539
18232 74908 12529 161981
18231 93293 15612 163038
18251 51067 8551 149806
18235 74908 12529 162297
18247 74908 12529 152481
18249 74908 12529 151717
18243 93293 15612 156956
18246 93293 15612 156366
18265 51067 8551 142212
18259 28000 4686 149655
17475 237853 39786 764208
17294 141819 23724 916988
18285 4264 714 134151
18102 141819 23724 277569
18272 28000 4686 142041
18256 93293 15612 157370
18276 51067 8551 140091
18275 37323 6243 144117
18277 51067 8551 140945
18224 51067 8551 183915
18278 51067 8551 140167
18377 1177 199 60505
15128 2076744 347347 2685481
18258 74908 12529 159929
18284 51067 8551 142508
18283 37323 6243 142584
18190 141819 23724 215362
18270 74908 12529 152417
18293 51067 8551 140883
18292 51067 8551 142105
17827 573344 95902 489636
18322 1177 199 122003
18254 141819 23724 172555
18261 93293 15612 167283
18260 93293 15612 167495
18299 28000 4686 140064
18281 51067 8551 153005
18264 93293 15612 166779
18300 51067 8551 142580
18197 237853 39786 218424
18273 93293 15612 161074
18289 93293 15612 153656
18181 237853 39786 234518
18286 74908 12529 157439
18294 93293 15612 153176
18308 51067 8551 141342
18269 93293 15612 168678
18287 93293 15612 159601
18092 141819 23724 311898
18266 93293 15612 174702
18306 74908 12529 147915
17823 237853 39786 513726
18316 74908 12529 144840
18307 51067 8551 151201
18297 74908 12529 160108
18280 141819 23724 170538
18196 74908 12529 235800
18152 237853 39786 273058
18391 51067 8551 79226
18076 573344 95902 335509
18309 93293 15612 157867
18327 74908 12529 146535
16897 2076744 347347 1289784
18063 237853 39786 344279
18298 93293 15612 170631
18333 51067 8551 141593
18290 141819 23724 178424
18255 93293 15612 205253
18312 74908 12529 161182
18319 51067 8551 158679
18332 74908 12529 145600
18376 141819 23724 106492
17978 573344 95902 412530
18262 573344 95902 201806
17614 573344 95902 706058
18330 51067 8551 149975
18344 37323 6243 141957
18252 237853 39786 214634
18341 74908 12529 145028
18339 37323 6243 147606
18345 51067 8551 144328
18338 74908 12529 151216
18337 37323 6243 151807
17667 573344 95902 672156
18315 141819 23724 173769
18253 237853 39786 219808
13184 7521945 1258074 4325575
18347 74908 12529 148378
17920 237853 39786 469808
18358 51067 8551 142212
18320 141819 23724 171375
18354 51067 8551 144401
17465 573344 95902 842280
17953 93293 15612 447886
18349 51067 8551 150233
18074 573344 95902 363054
18329 74908 12529 166319
18296 141819 23724 194586
18409 51067 8551 89573
18331 74908 12529 165186
18359 51067 8551 145379
18348 93293 15612 154502
18352 51067 8551 152186
18328 74908 12529 169815
18311 141819 23724 185689
18146 237853 39786 315041
18355 74908 12529 155007
18353 93293 15612 156476
18366 28000 4686 141864
18336 141819 23724 172150
18028 573344 95902 405126
18371 28000 4686 141264
18346 93293 15612 166913
18373 51067 8551 139392
18368 51067 8551 147545
18367 28000 4686 148240
18364 74908 12529 151354
18216 573344 95902 272270
17678 141819 23724 686973
18343 93293 15612 174570
18375 28000 4686 145220
18386 28000 4686 140292
17751 573344 95902 641328
18380 51067 8551 144146
18089 74908 12529 380466
18384 74908 12529 144725
18370 51067 8551 157163
18387 37323 6243 141960
18383 51067 8551 147175
18356 93293 15612 178174
18263 237853 39786 249440
18325 237853 39786 209141
18121 74908 12529 369965
18393 51067 8551 144248
17999 573344 95902 451765
18314 237853 39786 220202
18396 51067 8551 141414
18357 141819 23724 187114
18372 93293 15612 169317
18223 237853 39786 291903
18448 93293 15612 97989
18365 93293 15612 176353
18388 74908 12529 156951
18310 237853 39786 228173
18257 237853 39786 269053
18362 141819 23724 186797
18400 15443 2590 143841
18395 15443 2590 148349
18405 51067 8551 142624
18404 51067 8551 143735
18185 237853 39786 327554
18220 237853 39786 301976
18038 237853 39786 437211
18398 74908 12529 151576
18390 74908 12529 162402
18385 93293 15612 169303
18403 51067 8551 150275
18363 237853 39786 193844
18407 1177 199 144672
18394 74908 12529 161683
18093 573344 95902 408630
18360 141819 23724 200627
18389 141819 23724 168618
18416 51067 8551 139740
18242 93293 15612 292347
18413 51067 8551 143215
18410 74908 12529 147521
18419 28000 4686 140412
18075 74908 12529 426387
18408 93293 15612 152488
18130 573344 95902 385768
18324 237853 39786 240027
18097 237853 39786 412618
18418 74908 12529 147338
18313 237853 39786 247904
18182 141819 23724 349496
18415 74908 12529 151812
18441 4264 714 132971
18427 74908 12529 145187
18432 51067 8551 144189
18436 37323 6243 143583
18172 141819 23724 362159
18424 51067 8551 150415
18425 93293 15612 151466
17530 2076744 347347 877092
18414 93293 15612 161388
18482 37323 6243 105037
18382 74908 12529 198620
18426 74908 12529 155488
18430 51067 8551 152705
18493 93293 15612 94270
18187 573344 95902 360052
18495 93293 15612 92553
18435 74908 12529 155058
18445 37323 6243 144434
18437 93293 15612 159561
18447 74908 12529 147718
18438 51067 8551 160358
18374 93293 15612 218105
18434 93293 15612 165484
18458 51067 8551 140241
18455 51067 8551 142975
18369 237853 39786 227510
18422 93293 15612 173345
18457 28000 4686 143302
18113 141819 23724 437661
18420 93293 15612 176008
18460 51067 8551 143305
18462 51067 8551 142121
18524 51067 8551 80437
18463 51067 8551 143670
18411 141819 23724 188080
18417 141819 23724 185064
18440 141819 23724 167785
18471 28000 4686 140235
17352 2076744 347347 1052444
18399 93293 15612 205625
18429 141819 23724 180932
18473 1177 199 141268
18468 51067 8551 143285
18446 74908 12529 164713
18155 573344 95902 412054
18406 237853 39786 201504
17219 573344 95902 1160015
17940 573344 95902 570083
18483 51067 8551 140537
18474 51067 8551 149467
18402 237853 39786 213364
18453 93293 15612 166315
18151 573344 95902 423200
18470 93293 15612 153750
18466 93293 15612 158021
18459 93293 15612 167570
18477 93293 15612 150629
18456 141819 23724 170955
18486 37323 6243 145126
18484 74908 12529 149961
18476 74908 12529 159913
18475 51067 8551 162477
18449 141819 23724 185661
18164 141819 23724 428585
18492 74908 12529 146649
17886 573344 95902 628391
18478 93293 15612 160338
18538 51067 8551 104701
18491 51067 8551 153238
18507 28000 4686 140833
16992 237853 39786 1376906
18480 74908 12529 166437
18125 573344 95902 471563
18401 237853 39786 237916
18490 93293 15612 157399
18504 74908 12529 146397
18489 93293 15612 159694
18279 141819 23724 349082
18469 141819 23724 180194
18305 573344 95902 333356
18465 237853 39786 185887
18498 93293 15612 154852
18481 74908 12529 174468
18494 37323 6243 158287
18513 51067 8551 145809
18511 74908 12529 148135
18442 237853 39786 211741
18583 74908 12529 92200
18450 237853 39786 212008
18295 237853 39786 362502
18518 74908 12529 155005
18523 74908 12529 146414
18479 237853 39786 194686
18443 237853 39786 228010
18521 74908 12529 152568
18527 74908 12529 144611
18534 51067 8551 140213
18508 51067 8551 174308
18525 51067 8551 150554
18528 51067 8551 147690
18569 1177 199 119456
18128 573344 95902 501990
18621 51067 8551 81345
18539 51067 8551 146869
18501 141819 23724 184692
18497 141819 23724 187743
18545 51067 8551 144423
18537 74908 12529 152792
18541 93293 15612 151384
18548 74908 12529 148812
18544 74908 12529 151640
18549 74908 12529 149280
18547 51067 8551 150375
18351 74908 12529 337339
15516 2076744 347347 2608365
15965 573344 95902 2258788
18379 237853 39786 308161
18487 141819 23724 208094
18577 141819 23724 130440
18566 28000 4686 140170
18026 93293 15612 589201
18533 74908 12529 164405
18317 573344 95902 372918
18540 93293 15612 162266
18561 51067 8551 146213
18565 37323 6243 142891
18553 51067 8551 154073
18562 74908 12529 147392
18558 51067 8551 153014
18580 4264 714 134277
18651 74908 12529 87094
18572 51067 8551 140478
17854 93293 15612 719458
18245 573344 95902 433257
18529 93293 15612 173576
18571 51067 8551 145074
18578 51067 8551 140554
18326 573344 95902 377963
18535 141819 23724 174575
18526 141819 23724 181049
17668 2076744 347347 886291
18542 141819 23724 172302
18485 237853 39786 227789
18585 51067 8551 140771
18342 237853 39786 363085
18532 93293 15612 180918
18515 141819 23724 206104
18593 37323 6243 141056
18551 74908 12529 172266
18522 141819 23724 196743
18156 93293 15612 516555
18588 37323 6243 148689
18559 93293 15612 172308
18536 141819 23724 188672
18584 74908 12529 153396
18516 237853 39786 212222
18601 51067 8551 145078
18563 141819 23724 169961
18576 28000 4686 160907
18581 93293 15612 158687
18568 93293 15612 167734
18592 93293 15612 154529
18680 51067 8551 95106
18589 74908 12529 160469
18597 93293 15612 155743
18598 15443 2590 158320
18596 74908 12529 161135
18612 28000 4686 146795
18590 141819 23724 167775
18428 74908 12529 310790
18625 51067 8551 141146
18608 93293 15612 155388
18556 237853 39786 195503
18629 51067 8551 140857
18627 51067 8551 141843
18618 74908 12529 147771
18626 51067 8551 145303
18663 1177 199 121945
18557 237853 39786 199606
18622 51067 8551 149275
18635 51067 8551 143336
18530 237853 39786 218277
18630 74908 12529 148357
18570 141819 23724 192344
18624 93293 15612 150943
18575 141819 23724 187815
18582 93293 15612 184185
18620 74908 12529 154689
18616 74908 12529 159151
18350 573344 95902 401643
18642 51067 8551 147004
18619 93293 15612 159812
18634 93293 15612 152554
18648 28000 4686 146041
18587 141819 23724 189489
18639 51067 8551 151939
18641 74908 12529 151125
18573 237853 39786 199376
18654 51067 8551 145528
18610 93293 15612 173094
18632 93293 15612 159195
18687 93293 15612 122898
18606 141819 23724 182753
18660 51067 8551 142523
18666 51067 8551 139341
18502 237853 39786 269791
18667 51067 8551 141357
18499 74908 12529 271572
18656 74908 12529 150173
18509 141819 23724 262766
17885 141819 23724 761085
18600 237853 39786 194459
18439 573344 95902 331921
18636 51067 8551 165731
18661 51067 8551 149931
18762 37323 6243 80511
18678 51067 8551 140181
18676 51067 8551 142365
18665 93293 15612 151575
18433 93293 15612 344727
18652 74908 12529 162937
18669 51067 8551 150240
18552 141819 23724 234372
18564 237853 39786 229274
18615 141819 23724 190052
18691 51067 8551 139298
18658 93293 15612 165698
18671 93293 15612 154909
18672 51067 8551 154524
18649 93293 15612 176077
18697 51067 8551 142254
18631 141819 23724 187799
18686 74908 12529 149724
18714 4264 714 133459
18702 51067 8551 139885
18657 74908 12529 173729
18673 74908 12529 160377
18689 51067 8551 152180
18681 51067 8551 158670
18679 74908 12529 160097
18705 51067 8551 143228
18084 573344 95902 650527
18512 93293 15612 291651
18696 74908 12529 152448
18701 74908 12529 149008
18674 141819 23724 167442
18452 93293 15612 346575
18514 51067 8551 292624
18670 141819 23724 172537
18617 141819 23724 206713
18736 74908 12529 122010
18694 74908 12529 156275
18712 237853 39786 145172
18688 51067 8551 161486
18685 93293 15612 163585
18675 93293 15612 169516
17952 237853 39786 750255
18715 37323 6243 146061
18717 37323 6243 143479
18719 51067 8551 143337
18713 51067 8551 147994
18579 237853 39786 240462
18706 51067 8551 152886
18723 28000 4686 141490
18718 51067 8551 146304
18531 237853 39786 277605
18177 141819 23724 588926
18797 51067 8551 78939
16625 573344 95902 1818847
18711 93293 15612 155365
18720 74908 12529 148420
18683 74908 12529 178375
18609 237853 39786 228495
18496 237853 39786 323271
18727 74908 12529 148497
18827 1177 199 60801
18637 141819 23724 214947
18737 51067 8551 141117
18703 93293 15612 170307
18739 51067 8551 140351
18729 74908 12529 149433
18692 141819 23724 177666
18633 237853 39786 219659
18707 141819 23724 173400
16091 573344 95902 2284846
18724 93293 15612 163008
18611 237853 39786 241099
18603 573344 95902 250476
18725 93293 15612 164111
18607 237853 39786 248191
17782 573344 95902 914173
18731 93293 15612 158936
18750 51067 8551 147198
18817 51067 8551 82647
18740 93293 15612 152746
18708 141819 23724 179506
18738 74908 12529 155239
18690 237853 39786 195440
18756 74908 12529 147335
18647 237853 39786 227768
18749 4264 714 153207
18730 51067 8551 165619
18517 93293 15612 328105
18752 51067 8551 153118
18744 37323 6243 157580
18770 51067 8551 139942
18645 237853 39786 231606
18754 74908 12529 152282
18726 93293 15612 173846
18769 51067 8551 143407
18192 237853 39786 612370
18751 74908 12529 157219
18745 74908 12529 161118
18110 141819 23724 682231
18392 573344 95902 451558
18757 74908 12529 155202
18721 141819 23724 181862
18760 74908 12529 153607
18774 51067 8551 144718
18695 237853 39786 201864
18733 93293 15612 174295
18550 141819 23724 306330
18753 74908 12529 164078
18775 37323 6243 145967
18778 51067 8551 142570
18848 51067 8551 81179
18412 237853 39786 437685
18854 51067 8551 78999
18662 141819 23724 234822
18699 237853 39786 210374
18767 93293 15612 161339
18786 51067 8551 139714
18780 28000 4686 148747
18789 15443 2590 139845
18684 237853 39786 226823
18755 141819 23724 173787
18735 141819 23724 186023
18604 141819 23724 285577
18792 28000 4686 140207
18858 51067 8551 82460
18763 93293 15612 170461
18764 141819 23724 171709
18863 28000 4686 83925
18710 237853 39786 215836
18791 51067 8551 148146
18779 74908 12529 160428
18444 74908 12529 429289
18798 51067 8551 144043
18700 237853 39786 228574
18796 74908 12529 148293
18801 51067 8551 143372
18835 1177 199 121555
18803 51067 8551 147676
18883 51067 8551 79830
18794 74908 12529 161583
18361 573344 95902 529813
18813 51067 8551 142688
18716 237853 39786 233412
18804 93293 15612 152437
18799 74908 12529 160348
18811 51067 8551 148955
18771 141819 23724 193528
18847 1177 199 121162
18594 237853 39786 322081
18849 1177 199 122581
18809 93293 15612 153736
18793 93293 15612 171887
18819 74908 12529 146810
18810 37323 6243 153930
18555 141819 23724 353603
18812 93293 15612 152837
18816 51067 8551 149369
18732 237853 39786 226288
18381 141819 23724 520000
18831 51067 8551 141075
18748 141819 23724 219177
18834 28000 4686 140249
18776 1177 199 197762
18628 141819 23724 306354
18806 74908 12529 165436
18876 93293 15612 105734
18815 93293 15612 158541
18814 74908 12529 159679
18554 573344 95902 364852
18823 74908 12529 155842
18842 51067 8551 140521
18301 573344 95902 597093
18655 93293 15612 295755
18821 93293 15612 160102
18643 37323 6243 303402
18805 141819 23724 172414
18638 93293 15612 308205
18836 51067 8551 150241
18918 28000 4686 79849
18838 74908 12529 150329
18850 28000 4686 142841
18828 74908 12529 160973
18843 74908 12529 151484
18928 51067 8551 79009
18758 237853 39786 228656
18853 51067 8551 145216
18788 237853 39786 202574
18859 37323 6243 141079
18860 51067 8551 140551
18855 51067 8551 148016
18857 74908 12529 146355
18574 573344 95902 366574
18841 74908 12529 161191
18932 28000 4686 85882
18865 51067 8551 140724
18605 141819 23724 350992
18423 93293 15612 504429
18464 573344 95902 473564
18861 74908 12529 151567
18866 74908 12529 145785
18871 51067 8551 141731
18868 51067 8551 145965
18734 237853 39786 261477
18795 237853 39786 212764
18704 237853 39786 290297
18862 74908 12529 155858
18943 74908 12529 90966
18787 237853 39786 224580
18818 141819 23724 194409
18881 37323 6243 141682
18852 141819 23724 172808
18591 93293 15612 379336
18800 237853 39786 213614
18880 74908 12529 144915
18844 141819 23724 180752
18875 51067 8551 148434
18888 51067 8551 140455
18746 93293 15612 267880
18910 1177 199 121788
18826 141819 23724 195264
18879 74908 12529 148598
18869 93293 15612 158445
18761 237853 39786 259127
18912 1177 199 122651
18864 74908 12529 166487
18892 51067 8551 142236
18802 237853 39786 219214
18772 237853 39786 256320
18682 51067 8551 321583
18898 51067 8551 142050
18884 74908 12529 156322
18664 573344 95902 342090
18903 51067 8551 142760
18886 74908 12529 158889
18890 51067 8551 159860
18743 573344 95902 290051
18885 74908 12529 164509
18908 51067 8551 142902
18839 74908 12529 207392
18837 51067 8551 208727
18640 93293 15612 369269
18873 74908 12529 177567
18919 51067 8551 140239
18728 74908 12529 306432
18820 237853 39786 227468
18832 237853 39786 217018
18920 51067 8551 143830
18923 51067 8551 142932
18907 74908 12529 154320
18902 93293 15612 159639
18889 93293 15612 174271
18924 74908 12529 150499
18917 74908 12529 155409
18940 28000 4686 139951
18901 93293 15612 167059
18914 93293 15612 158945
18900 74908 12529 172143
18825 237853 39786 237445
18741 237853 39786 310447
18271 141819 23724 700672
18586 573344 95902 425853
18938 51067 8551 147960
18942 51067 8551 143734
18510 573344 95902 491510
18930 93293 15612 154936
18807 237853 39786 255982
18946 51067 8551 144887
18933 51067 8551 154890
18899 74908 12529 184550
18944 51067 8551 150902
18960 51067 8551 139566
18941 51067 8551 154815
18926 141819 23724 166853
18913 141819 23724 177176
18948 74908 12529 152826
18963 51067 8551 143536
18993 1177 199 121467
18742 573344 95902 330803
18950 74908 12529 154359
18952 51067 8551 153600
18896 237853 39786 199593
18945 74908 12529 161278
17052 573344 95902 1695663
18968 51067 8551 145050
18969 74908 12529 144554
18785 93293 15612 299573
18644 573344 95902 407596
18971 74908 12529 144355
18972 74908 12529 145239
18978 51067 8551 146303
19024 141819 23724 104928
18947 74908 12529 168503
18303 237853 39786 712246
18954 141819 23724 165517
18931 141819 23724 183293
18677 93293 15612 395175
18980 37323 6243 150906
18953 93293 15612 169232
18959 93293 15612 165377
18994 51067 8551 140548
18982 51067 8551 149648
18956 141819 23724 171020
18984 74908 12529 152105
18998 51067 8551 143401
18974 74908 12529 160929
18990 51067 8551 148841
18709 51067 8551 382829
18976 93293 15612 161823
18824 93293 15612 284543
19005 51067 8551 142698
18989 74908 12529 152801
18935 51067 8551 194379
18970 51067 8551 168302
18949 93293 15612 182909
18822 573344 95902 290266
18546 237853 39786 504770
18939 141819 23724 194287
18979 51067 8551 166901
18911 74908 12529 214457
18909 237853 39786 215356
19070 51067 8551 81136
19012 51067 8551 141609
18999 51067 8551 152681
18505 573344 95902 547302
19011 51067 8551 145001
18623 51067 8551 449615
19009 51067 8551 147193
18958 141819 23724 184081
19079 51067 8551 79031
18951 141819 23724 191383
19076 51067 8551 82709
18929 237853 39786 210972
18916 237853 39786 221155
19019 51067 8551 144363
18613 93293 15612 465356
18997 51067 8551 164770
19014 51067 8551 150827
14997 7521945 1258074 3421592
18975 141819 23724 182430
18987 51067 8551 172591
19025 37323 6243 140390
19018 93293 15612 150289
19021 74908 12529 149319
18878 237853 39786 260957
19049 1177 199 122238
19023 74908 12529 151952
19015 74908 12529 157988
19031 51067 8551 142278
19028 74908 12529 147142
18962 237853 39786 205810
19043 51067 8551 140351
18833 573344 95902 311317
19026 74908 12529 153367
19016 93293 15612 164873
16641 573344 95902 2079140
19013 141819 23724 171980
19047 37323 6243 142761
19035 51067 8551 150986
19002 141819 23724 186923
18790 141819 23724 358509
19029 74908 12529 156673
19037 51067 8551 153545
18467 93293 15612 618514
18937 237853 39786 239842
19034 74908 12529 160208
19036 74908 12529 159950
19038 74908 12529 161616
19042 93293 15612 159902
19057 51067 8551 142852
19062 4264 714 140287
18964 237853 39786 227644
18981 237853 39786 214970
19044 51067 8551 163092
19041 51067 8551 167989
19008 237853 39786 199641
19048 74908 12529 160272
19064 51067 8551 145739
19058 74908 12529 150519
18520 74908 12529 588057
17939 2076744 347347 1062558
19056 51067 8551 155619
18846 573344 95902 336115
19045 141819 23724 173572
19053 93293 15612 166118
19077 28000 4686 145034
19063 93293 15612 160045
19069 74908 12529 154836
19073 37323 6243 153128
19074 51067 8551 154408
19082 51067 8551 146570
19066 74908 12529 159583
19060 51067 8551 166759
19006 237853 39786 223682
19087 28000 4686 142318
18693 573344 95902 477835
18995 237853 39786 230752
18783 573344 95902 408534
19116 1177 199 121676
19080 93293 15612 155963
19022 237853 39786 213705
19055 93293 15612 176174
19068 93293 15612 167283
19061 141819 23724 177120
18653 573344 95902 517767
19093 51067 8551 148917
19090 74908 12529 152961
19085 74908 12529 157151
19095 74908 12529 151148
19096 37323 6243 149347
18992 237853 39786 247891
19083 93293 15612 163289
19109 51067 8551 140836
19111 51067 8551 139919
19106 51067 8551 142803
19075 141819 23724 171983
19099 74908 12529 151094
19086 51067 8551 162210
19059 141819 23724 187412
19190 37323 6243 88842
19097 74908 12529 155244
19149 1177 199 121807
18887 573344 95902 335810
19110 74908 12529 147710
19112 74908 12529 147733
19051 237853 39786 203422
19084 93293 15612 171784
18599 573344 95902 574537
19103 93293 15612 156956
19215 51067 8551 79229
19158 1177 199 122233
19107 74908 12529 154768
19129 51067 8551 140559
19118 74908 12529 149635
19134 51067 8551 140631
19114 74908 12529 154105
19081 141819 23724 182423
19128 37323 6243 143037
19117 74908 12529 152012
19052 237853 39786 210531
19119 51067 8551 151303
19135 51067 8551 142465
19222 51067 8551 82710
19123 74908 12529 151309
18781 237853 39786 445332
19136 51067 8551 144677
19146 51067 8551 139383
19115 74908 12529 160291
19108 51067 8551 164070
18595 237853 39786 587892
19137 51067 8551 147247
18922 237853 39786 325658
19150 37323 6243 140021
19145 74908 12529 145307
19151 51067 8551 142975
19154 37323 6243 140994
19241 37323 6243 78988
19144 74908 12529 152350
19143 74908 12529 153313
19243 28000 4686 80494
19148 51067 8551 149530
19157 51067 8551 144853
18567 573344 95902 616341
19127 93293 15612 162955
19100 141819 23724 184747
19040 237853 39786 242043
19067 237853 39786 213384
19113 141819 23724 176431
19098 141819 23724 190493
19140 93293 15612 162009
19153 74908 12529 153321
19121 141819 23724 173910
19162 51067 8551 148076
19160 51067 8551 151393
19161 74908 12529 150849
15854 7521945 1258074 2842627
18321 573344 95902 858074
19163 51067 8551 152056
19170 15443 2590 148320
19133 141819 23724 172446
19165 74908 12529 152599
19180 37323 6243 142807
19175 37323 6243 147981
19164 51067 8551 155607
19177 28000 4686 148340
19132 141819 23724 176301
19124 141819 23724 182993
19147 93293 15612 169691
18925 573344 95902 355142
18291 2076744 347347 891001
18042 573344 95902 1077098
19092 237853 39786 212199
19185 74908 12529 148646
19167 74908 12529 161599
18961 141819 23724 329976
18777 573344 95902 489853
19223 1177 199 121889
19195 37323 6243 143499
19182 74908 12529 154411
19194 74908 12529 146479
19280 51067 8551 80136
19199 51067 8551 141972
19017 74908 12529 292558
19168 141819 23724 167805
19159 141819 23724 177217
19072 237853 39786 241174
19197 74908 12529 149170
18967 74908 12529 336965
19173 141819 23724 170139
19205 51067 8551 143798
18991 141819 23724 320140
19139 237853 39786 197343
19122 74908 12529 207373
18996 74908 12529 323461
18768 237853 39786 517040
19131 237853 39786 202112
19094 141819 23724 231746
19206 51067 8551 149991
19186 141819 23724 169114
19169 141819 23724 181355
18722 93293 15612 552788
19191 74908 12529 165068
19212 37323 6243 148693
19216 74908 12529 148710
19120 237853 39786 215919
19183 141819 23724 175097
19208 93293 15612 155659
19218 51067 8551 152210
19192 51067 8551 171568
19188 93293 15612 175039
19203 74908 12529 162059
19027 93293 15612 305064
19198 93293 15612 170650
19172 141819 23724 190812
19236 51067 8551 142628
19231 28000 4686 146710
19207 74908 12529 164790
19213 51067 8551 162864
19233 74908 12529 149047
19245 28000 4686 142065
19202 141819 23724 171069
19259 141819 23724 128384
19209 51067 8551 165508
18904 93293 15612 408591
19226 93293 15612 157453
19004 237853 39786 338664
18602 237853 39786 658123
19204 74908 12529 171934
19221 141819 23724 166222
19309 93293 15612 97061
19184 93293 15612 193233
19078 237853 39786 270873
18983 573344 95902 357366
18759 141819 23724 548005
19166 141819 23724 206275
19251 51067 8551 142763
19201 93293 15612 181521
18765 237853 39786 548276
19228 74908 12529 167119
19238 93293 15612 160841
19156 237853 39786 221330
19181 237853 39786 204691
19289 1177 199 123545
19252 74908 12529 152049
19246 93293 15612 160848
19104 237853 39786 260271
19253 74908 12529 154386
19189 141819 23724 202522
19141 237853 39786 240639
17806 573344 95902 1322511
19232 93293 15612 177611
19258 93293 15612 155923
19264 74908 12529 150398
19273 74908 12529 147430
19176 141819 23724 226244
19262 51067 8551 156655
19276 37323 6243 146910
19310 1177 199 123596
18698 51067 8551 619817
19271 74908 12529 151426
19279 51067 8551 149477
19272 74908 12529 152929
19277 37323 6243 150548
19278 51067 8551 151347
19248 74908 12529 179895
19274 93293 15612 154882
19263 74908 12529 162925
18808 573344 95902 531431
19178 237853 39786 233304
19235 93293 15612 188721
19269 93293 15612 160423
19293 51067 8551 143957
19281 51067 8551 153949
19283 4264 714 153100
17235 2076744 347347 1813367
19020 573344 95902 366733
19217 93293 15612 207964
19287 74908 12529 152916
19294 51067 8551 147078
19266 93293 15612 166041
19285 93293 15612 155450
19257 93293 15612 178220
19125 74908 12529 273067
19295 93293 15612 150454
19284 93293 15612 162082
19302 74908 12529 149098
18133 573344 95902 1104103
19126 237853 39786 278190
19304 51067 8551 151166
18934 237853 39786 444873
19299 74908 12529 153501
19319 51067 8551 140633
19317 51067 8551 142577
19267 141819 23724 178020
19300 51067 8551 155247
19240 141819 23724 204561
19298 51067 8551 156326
18118 573344 95902 1128574
19315 74908 12529 148392
19311 74908 12529 151169
19288 74908 12529 168595
19229 237853 39786 217529
18856 573344 95902 518919
19247 93293 15612 205717
19244 141819 23724 209037
19316 51067 8551 151389
19307 93293 15612 159143
19332 37323 6243 140958
19312 74908 12529 156257
18334 2076744 347347 963224
19254 237853 39786 200960
19330 51067 8551 144029
19402 74908 12529 87865
19329 51067 8551 145630
19334 74908 12529 144758
19339 51067 8551 141319
19290 74908 12529 176562
19321 51067 8551 156630
19328 51067 8551 149402
19325 74908 12529 154596
19275 141819 23724 190937
19338 51067 8551 147635
18096 2076744 347347 1158925
19345 51067 8551 144976
19342 51067 8551 148378
19039 141819 23724 382673
19333 74908 12529 155517
19220 237853 39786 243121
19327 51067 8551 158790
19416 93293 15612 89605
19353 51067 8551 142781
18784 141819 23724 604369
19326 141819 23724 166196
19314 93293 15612 180672
18977 93293 15612 449784
19358 51067 8551 140995
19346 1177 199 159841
19268 237853 39786 214674
19352 74908 12529 154669
19349 51067 8551 156450
18936 237853 39786 484222
19301 237853 39786 192933
18454 573344 95902 876480
19313 74908 12529 186261
19388 1177 199 121399
19323 141819 23724 179631
19348 51067 8551 161339
18986 573344 95902 448571
19347 74908 12529 162427
19366 51067 8551 140274
19351 93293 15612 160295
19340 141819 23724 170633
19320 141819 23724 185400
19367 37323 6243 141502
19360 74908 12529 148703
19282 237853 39786 213880
19306 141819 23724 196963
19368 51067 8551 143670
19343 141819 23724 178784
19030 141819 23724 422108
19297 141819 23724 211884
19007 573344 95902 449014
18955 573344 95902 487173
19261 237853 39786 242106
19378 51067 8551 148750
19376 74908 12529 149363
19365 93293 15612 160107
18614 573344 95902 760987
19032 573344 95902 427373
19369 93293 15612 160964
19436 141819 23724 111711
18304 573344 95902 1041746
19398 51067 8551 140923
19033 93293 15612 428821
19404 4264 714 139912
19374 93293 15612 160107
19091 573344 95902 376460
19354 141819 23724 179210
19171 141819 23724 322447
19386 74908 12529 150198
19390 74908 12529 148311
19389 51067 8551 148975
19403 37323 6243 143734
19397 51067 8551 146230
18894 93293 15612 548416
19391 51067 8551 150418
19399 74908 12529 146896
19308 237853 39786 223169
19383 93293 15612 158614
19406 74908 12529 146534
19412 51067 8551 143052
19409 74908 12529 146313
19413 1177 199 142767
19362 141819 23724 178529
19410 51067 8551 146197
19210 573344 95902 298360
19483 51067 8551 78946
18988 573344 95902 483203
14920 7521945 1258074 3800507
19411 51067 8551 149366
19387 74908 12529 162605
19418 51067 8551 143501
19424 51067 8551 140918
18877 141819 23724 576400
19230 237853 39786 296841
19408 74908 12529 158429
19046 573344 95902 443247
19429 28000 4686 143847
19417 74908 12529 152981
19371 141819 23724 186886
19427 37323 6243 145102
19496 51067 8551 78264
10835 27244995 4556823 7205229
19400 93293 15612 168533
19242 51067 8551 296932
19385 141819 23724 177193
17878 573344 95902 1387377
19405 51067 8551 170012
19401 93293 15612 174727
19498 74908 12529 85689
19372 93293 15612 197104
19363 237853 39786 205149
19239 141819 23724 310019
19442 74908 12529 149456
19227 237853 39786 319911
19445 51067 8551 145722
19422 74908 12529 165572
19432 51067 8551 161331
19492 93293 15612 106400
19420 141819 23724 169879
19010 141819 23724 500663
19370 237853 39786 207926
19451 37323 6243 142377
19439 74908 12529 156567
19444 74908 12529 150932
19187 93293 15612 358227
19443 93293 15612 157502
19454 51067 8551 144576
19446 51067 8551 152884
19211 573344 95902 337209
19518 51067 8551 82789
19380 237853 39786 202142
19440 93293 15612 162704
19449 51067 8551 153634
19459 51067 8551 141071
19441 74908 12529 169104
19453 74908 12529 155546
19265 141819 23724 306564
19430 141819 23724 182691
19465 28000 4686 143503
19382 141819 23724 216648
19447 93293 15612 168266
19322 74908 12529 274035
19461 74908 12529 148091
19130 573344 95902 412494
19464 51067 8551 147162
19467 51067 8551 145869
19470 51067 8551 144319
19477 51067 8551 139439
19414 141819 23724 205007
19356 237853 39786 246669
19472 51067 8551 146503
19179 573344 95902 389186
19421 141819 23724 199635
19480 51067 8551 144970
19393 237853 39786 221102
19491 51067 8551 142263
19458 93293 15612 166831
19224 573344 95902 361336
19463 28000 4686 159864
19234 237853 39786 355243
19482 74908 12529 149937
19474 51067 8551 156291
19438 237853 39786 195312
19493 51067 8551 143709
19479 74908 12529 154660
19515 1177 199 121628
19249 237853 39786 349936
19490 51067 8551 151688
19419 237853 39786 218019
19486 93293 15612 160099
19562 51067 8551 82245
19502 37323 6243 140809
18915 141819 23724 622696
19469 141819 23724 173536
17585 2076744 347347 1705137
19475 93293 15612 169159
19500 51067 8551 146049
19511 37323 6243 140968
19566 74908 12529 88691
19394 1177 199 248152
19476 141819 23724 176313
19225 141819 23724 386978
19489 74908 12529 171072
19508 51067 8551 147142
19484 141819 23724 174947
19507 93293 15612 150558
19516 51067 8551 145086
19520 51067 8551 143159
19473 74908 12529 185745
19088 237853 39786 492842
19495 93293 15612 168132
19512 93293 15612 154189
19524 37323 6243 142298
19462 141819 23724 199460
19509 51067 8551 158760
19487 141819 23724 186445
19499 141819 23724 171361
18747 573344 95902 799370
19531 51067 8551 140720
19528 51067 8551 142564
19523 51067 8551 152807
19255 93293 15612 383720
19533 51067 8551 144623
19521 93293 15612 162876
19415 74908 12529 263521
19517 93293 15612 168061
19503 141819 23724 178990
19527 51067 8551 153736
19532 51067 8551 149899
19514 93293 15612 172382
19537 51067 8551 144370
19303 573344 95902 356912
19152 141819 23724 471536
19525 93293 15612 160079
19455 237853 39786 236020
19534 74908 12529 154099
19541 51067 8551 144495
19364 141819 23724 310126
19538 51067 8551 149323
19318 51067 8551 351716
19497 74908 12529 195201
19344 93293 15612 334786
19270 573344 95902 389018
19102 237853 39786 516503
19553 15443 2590 139611
17985 237853 39786 1429560
19529 141819 23724 169479
19324 573344 95902 358452
19539 51067 8551 159679
19155 573344 95902 484934
19396 573344 95902 298919
19543 93293 15612 159996
19536 141819 23724 167270
19305 141819 23724 379332
19597 1177 199 121213
19510 237853 39786 202648
19564 74908 12529 149181
19425 237853 39786 288279
19570 74908 12529 147613
19505 237853 39786 208875
19575 51067 8551 144225
19560 93293 15612 156859
19569 74908 12529 149156
19563 93293 15612 154864
19568 74908 12529 152358
19580 37323 6243 139497
19556 74908 12529 161023
19579 51067 8551 142395
19581 37323 6243 140974
18840 573344 95902 765286
19379 141819 23724 326195
19375 141819 23724 331822
19573 74908 12529 151125
19457 237853 39786 261681
19656 51067 8551 81038
19561 74908 12529 161563
19663 51067 8551 78897
19547 93293 15612 175259
19549 141819 23724 168813
19578 51067 8551 147000
19610 1177 199 122376
19643 74908 12529 90774
19593 28000 4686 140442
19583 51067 8551 147835
19540 141819 23724 186534
19598 28000 4686 139511
19589 237853 39786 146875
19557 141819 23724 173704
19571 28000 4686 163853
19555 141819 23724 175119
19526 141819 23724 205558
19590 74908 12529 151058
16892 2076744 347347 2361303
19602 51067 8551 143055
19679 51067 8551 80264
19546 141819 23724 191918
19567 141819 23724 174513
19686 51067 8551 80573
19594 93293 15612 153111
19608 237853 39786 140911
19607 74908 12529 145036
19587 74908 12529 159959
19660 141819 23724 101828
19559 93293 15612 185037
19592 74908 12529 157966
19584 37323 6243 162988
19355 573344 95902 374184
19606 74908 12529 147698
19423 141819 23724 321450
19596 74908 12529 156455
19625 1177 199 123654
18335 237853 39786 1217194
19450 93293 15612 301954
19605 74908 12529 154611
19591 74908 12529 166530
19434 237853 39786 320692
18288 237853 39786 1261500
19599 93293 15612 162816
19690 93293 15612 95418
19620 51067 8551 141126
19530 93293 15612 224214
19619 37323 6243 143145
19614 74908 12529 151052
19604 74908 12529 163294
19621 28000 4686 142604
19588 141819 23724 177292
19485 141819 23724 279159
19595 141819 23724 173329
19622 37323 6243 145184
19551 237853 39786 207741
19437 93293 15612 328624
19600 74908 12529 175789
19628 51067 8551 142253
19633 51067 8551 143206
19545 237853 39786 227396
19630 51067 8551 146953
19639 15443 2590 140458
19629 51067 8551 148610
19542 237853 39786 233915
15342 7521945 1258074 3645403
19519 141819 23724 263627
18882 237853 39786 783191
19632 51067 8551 152232
19650 51067 8551 142690
19627 93293 15612 157442
19653 51067 8551 143802
19649 28000 4686 147588
19655 74908 12529 146666
19635 51067 8551 157007
19572 237853 39786 218606
19576 237853 39786 215681
19750 51067 8551 79851
19617 141819 23724 179120
19585 237853 39786 209948
19174 141819 23724 563565
19359 573344 95902 416964
19664 37323 6243 148749
19634 93293 15612 167526
19673 51067 8551 142743
19654 93293 15612 158381
19672 51067 8551 145191
19676 51067 8551 142163
19687 51067 8551 140366
19677 51067 8551 143160
19631 141819 23724 173277
19685 51067 8551 141914
19659 74908 12529 160100
19612 141819 23724 196243
19758 74908 12529 89014
19692 51067 8551 143192
19603 93293 15612 210428
19657 28000 4686 165349
19641 141819 23724 172428
19689 51067 8551 148101
18867 573344 95902 827151
19431 573344 95902 380884
19648 141819 23724 174275
19696 51067 8551 141753
19361 141819 23724 435109
19652 93293 15612 175305
19684 51067 8551 155975
19688 37323 6243 154981
19680 51067 8551 156834
19719 1177 199 125597
19675 74908 12529 159901
19644 141819 23724 179920
19200 237853 39786 567760
19702 37323 6243 146396
19574 237853 39786 249713
19695 74908 12529 151895
19712 15443 2590 138825
19678 93293 15612 165492
19703 51067 8551 149384
19697 74908 12529 154868
19681 74908 12529 167221
19565 237853 39786 264164
19577 237853 39786 251883
19709 74908 12529 149655
19671 141819 23724 176978
19665 93293 15612 182443
19704 51067 8551 155872
19752 1177 199 121711
19720 37323 6243 141882
19714 51067 8551 149148
19694 74908 12529 167548
19651 141819 23724 196203
19701 74908 12529 163563
19700 93293 15612 164960
19373 573344 95902 451588
19716 74908 12529 153448
19637 237853 39786 206787
19721 74908 12529 148115
18397 573344 95902 1249361
19668 93293 15612 190747
19623 237853 39786 224623
19728 74908 12529 148719
18451 573344 95902 1202348
19723 28000 4686 152242
19715 51067 8551 160050
19742 51067 8551 141993
19710 74908 12529 166613
19219 573344 95902 584324
19738 51067 8551 145689
19729 74908 12529 152037
19711 74908 12529 167100
19699 141819 23724 177484
19718 93293 15612 159565
19481 573344 95902 368879
17695 573344 95902 1808941
19741 74908 12529 145791
19754 28000 4686 139275
19747 28000 4686 143932
19743 51067 8551 147540
19734 74908 12529 152150
19733 93293 15612 153129
19735 93293 15612 153766
19693 141819 23724 192891
19682 141819 23724 198378
19751 28000 4686 150142
19713 93293 15612 175403
19791 1177 199 123579
19642 237853 39786 226054
19776 237853 39786 132331
19726 141819 23724 168829
19744 74908 12529 158060
19513 573344 95902 353556
19815 93293 15612 107301
19730 141819 23724 169937
19748 74908 12529 159733
19250 573344 95902 580605
19766 74908 12529 144860
19737 74908 12529 167776
19558 74908 12529 312425
19707 141819 23724 195734
19771 51067 8551 146193
19768 51067 8551 147959
19783 51067 8551 141333
19786 51067 8551 139796
19762 93293 15612 156041
19761 93293 15612 156907
19767 51067 8551 151027
19662 237853 39786 233002
19466 573344 95902 406103
19774 51067 8551 147829
19769 51067 8551 151722
19782 51067 8551 146453
19646 237853 39786 243092
19777 51067 8551 149004
19488 573344 95902 396095
19739 141819 23724 179316
19789 51067 8551 145525
19795 37323 6243 143850
19781 51067 8551 151307
19878 28000 4686 79381
19792 51067 8551 147306
19765 93293 15612 164007
19799 74908 12529 144979
19804 51067 8551 140346
19863 51067 8551 92042
19790 74908 12529 153489
19803 51067 8551 145095
19759 93293 15612 174294
19478 74908 12529 411169
18543 237853 39786 1165683
19757 141819 23724 177403
19802 51067 8551 149484
19806 28000 4686 144368
19801 51067 8551 150460
19793 93293 15612 156969
19772 141819 23724 168311
19785 74908 12529 161817
19797 74908 12529 156383
19724 141819 23724 203976
19800 74908 12529 154594
19798 74908 12529 157774
19809 51067 8551 147161
19736 237853 39786 200341
19670 237853 39786 250028
19813 51067 8551 144769
19335 573344 95902 552453
19816 74908 12529 145671
19331 141819 23724 555407
19908 28000 4686 78252
18782 2076744 347347 1003462
19807 51067 8551 156427
19903 51067 8551 82134
19826 51067 8551 139984
19814 51067 8551 151628
19822 51067 8551 144375
19626 74908 12529 286626
19818 93293 15612 150977
19698 237853 39786 239638
19805 93293 15612 163705
19810 93293 15612 157950
19811 74908 12529 158265
19784 141819 23724 183272
19919 51067 8551 86050
19745 237853 39786 213282
19824 74908 12529 152678
19808 93293 15612 167873
19837 51067 8551 146357
19819 93293 15612 160791
19778 93293 15612 194450
19855 4264 714 134991
19456 573344 95902 468955
19753 237853 39786 216521
19839 74908 12529 150248
19823 93293 15612 163059
19930 37323 6243 90904
19770 237853 39786 206589
19830 93293 15612 158988
19828 74908 12529 161470
19856 51067 8551 142774
19838 93293 15612 157386
19854 74908 12529 144517
19812 141819 23724 177418
19858 51067 8551 143395
19948 51067 8551 81026
19831 74908 12529 162719
19836 51067 8551 161915
19867 28000 4686 140916
19852 74908 12529 150559
19845 93293 15612 156427
19846 74908 12529 157522
19779 237853 39786 210423
19862 51067 8551 149620
19647 141819 23724 306824
19954 51067 8551 82708
19861 74908 12529 151391
19851 93293 15612 159206
19901 1177 199 122912
19616 141819 23724 335464
19904 1177 199 123007
19624 141819 23724 326616
19871 74908 12529 150618
19722 237853 39786 260835
19843 141819 23724 173776
19889 51067 8551 141418
19860 51067 8551 163693
19522 141819 23724 433699
19760 237853 39786 241003
19876 51067 8551 156183
19787 237853 39786 225785
19850 74908 12529 174641
19931 1177 199 122257
19873 37323 6243 161469
19872 74908 12529 163021
18188 2076744 347347 1548394
19869 93293 15612 166750
19891 28000 4686 150353
19841 141819 23724 186949
19888 74908 12529 153167
19661 237853 39786 324812
19864 141819 23724 170542
19866 93293 15612 170398
19842 93293 15612 190012
19857 141819 23724 177550
19834 237853 39786 194934
19907 51067 8551 143918
19913 51067 8551 140792
19916 51067 8551 140442
19896 93293 15612 154476
19922 28000 4686 140837
19914 51067 8551 145009
19894 74908 12529 160257
19902 37323 6243 156304
18906 237853 39786 964644
19825 141819 23724 215806
19900 51067 8551 161883
19885 93293 15612 174184
19923 74908 12529 151517
19921 51067 8551 153263
19666 141819 23724 339314
19911 51067 8551 159563
19827 237853 39786 218351
19932 74908 12529 148771
19941 37323 6243 142469
19897 74908 12529 168646
19906 93293 15612 164564
19925 93293 15612 157807
19918 93293 15612 161260
19395 573344 95902 590882
19870 141819 23724 198451
19658 141819 23724 356602
19865 93293 15612 201108
19951 51067 8551 142229
19928 93293 15612 162259
19613 141819 23724 394727
19947 74908 12529 147220
19935 74908 12529 162358
19946 51067 8551 151424
19392 141819 23724 601031
19985 1177 199 122222
19740 237853 39786 303732
19940 93293 15612 160836
19929 51067 8551 168727
19859 237853 39786 215125
19910 141819 23724 180474
19237 141819 23724 733079
19953 74908 12529 149791
19934 141819 23724 168244
19917 74908 12529 178961
19926 141819 23724 174769
19976 51067 8551 139083
19847 237853 39786 231570
19965 51067 8551 145721
19974 51067 8551 143650
19506 141819 23724 512367
19775 74908 12529 289782
19755 51067 8551 308102
19937 93293 15612 177041
19975 37323 6243 145381
19968 51067 8551 151931
19350 573344 95902 660078
19986 51067 8551 141084
19945 141819 23724 173140
19978 74908 12529 149955
19796 573344 95902 286624
19982 51067 8551 145921
18895 573344 95902 1022862
19960 93293 15612 160314
19964 37323 6243 158984
19995 51067 8551 139722
19972 74908 12529 157421
19958 74908 12529 165282
19970 74908 12529 159808
19260 141819 23724 735447
19920 237853 39786 199996
19936 141819 23724 190529
19874 141819 23724 232291
19967 74908 12529 163457
19971 93293 15612 162140
19849 93293 15612 250459
19999 51067 8551 142302
18668 573344 95902 1224507
19969 93293 15612 167879
19895 74908 12529 222407
19989 37323 6243 154676
19942 141819 23724 193250
19997 237853 39786 148740
19667 141819 23724 392235
19732 93293 15612 344317
19601 237853 39786 451600
19994 93293 15612 155761
19987 93293 15612 162806
19384 237853 39786 649057
19961 141819 23724 179021
19683 93293 15612 388686
19959 141819 23724 180494
18560 573344 95902 1310218
19957 93293 15612 186545
19973 141819 23724 176433
19898 237853 39786 231451
19915 237853 39786 222995
19763 141819 23724 335083
19708 237853 39786 378002
19848 237853 39786 270346
19535 93293 15612 522183
19981 573344 95902 182782
19984 93293 15612 181098
19448 237853 39786 617404
19983 93293 15612 184662
19992 141819 23724 179743
19638 573344 95902 436334
19927 237853 39786 234497
19979 237853 39786 195691
19944 237853 39786 225839
19881 141819 23724 275180
19717 573344 95902 400437
19977 237853 39786 215697
18830 573344 95902 1147338
19963 51067 8551 229974
19820 93293 15612 341446
19938 74908 12529 261470
19609 573344 95902 507925
19706 573344 95902 436903
19829 573344 95902 343409
19773 573344 95902 389150
19956 573344 95902 256189
18488 2076744 347347 1446504
19912 74908 12529 293758
19817 93293 15612 365668
19966 237853 39786 253504
19357 573344 95902 751869
19962 237853 39786 257137
19990 237853 39786 248266
19887 141819 23724 330632
19886 74908 12529 335262
19909 74908 12529 337911
19435 141819 23724 732489
19877 573344 95902 364355
19844 573344 95902 405514
19893 93293 15612 372955
19980 573344 95902 313495
19615 141819 23724 580897
19993 93293 15612 308901
19890 237853 39786 387416
19065 2076744 347347 1064508
19296 237853 39786 901523
19879 141819 23724 423523
19949 237853 39786 378597
17629 573344 95902 2268340
19880 573344 95902 445026
19991 573344 95902 375858
19636 573344 95902 638784
19468 573344 95902 800692
19552 573344 95902 721959
19071 573344 95902 1124648
19554 573344 95902 723760
19905 141819 23724 469407
19138 573344 95902 1096111
19727 141819 23724 614082
19000 2076744 347347 1225798
19256 237853 39786 1017807
17991 573344 95902 2042734
18766 573344 95902 1440640
19337 573344 95902 977682
18166 2076744 347347 1935237
15096 7521945 1258074 4416602
19943 573344 95902 499113
19952 93293 15612 515851
19336 573344 95902 1022233
19833 573344 95902 606092
19883 141819 23724 592388
19582 237853 39786 844394
19341 237853 39786 1076418
19884 237853 39786 674810
19840 237853 39786 710121
19381 237853 39786 1118278
19892 573344 95902 765048
17739 573344 95902 2515398
19794 573344 95902 855798
18646 2076744 347347 1813650
17099 573344 95902 3109415
19899 2076744 347347 845030
19939 573344 95902 875678
19377 237853 39786 1329748
18503 573344 95902 2075940
12877 2076744 347347 6708147
19924 573344 95902 960280
19868 141819 23724 1060030
19756 141819 23724 1149970
19746 573344 95902 1224802
17597 7521945 1258074 2982662
19725 2076744 347347 1239999
18893 237853 39786 1949468
18891 7521945 1258074 1974402
15925 7521945 1258074 4403876
16574 7521945 1258074 3853536
19882 2076744 347347 1324789
19640 2076744 347347 1646052
19780 573344 95902 1692722
19101 573344 95902 2282938
17490 7521945 1258074 3734148
18193 7521945 1258074 3468634
18897 7521945 1258074 2917067
14690 7521945 1258074 6340719
18874 573344 95902 3026141
12593 7521945 1258074 8227704
14138 27244995 4556823 6966716
18973 573344 95902 3199624
19832 237853 39786 2515056
19821 2076744 347347 2742862
17942 7521945 1258074 4329386
19996 573344 95902 2802541
18170 7521945 1258074 4547677
10707 27244995 4556823 10720712
19988 573344 95902 3104410
12968 27244995 4556823 8993547
13588 27244995 4556823 8525211
19933 7521945 1258074 3443781
14057 2076744 347347 8411043
12870 27244995 4556823 9447557
17002 27244995 4556823 6184942
19669 573344 95902 4116120
19853 573344 95902 3982540
10821 27244995 4556823 11740459
18131 7521945 1258074 5739009
10145 27244995 4556823 12605136
19471 27244995 4556823 5133572
11413 27244995 4556823 11830230
15237 27244995 4556823 8646823
14223 27244995 4556823 9534877
16373 2076744 347347 8373729
10899 27244995 4556823 13100795
15894 27244995 4556823 9414154
16478 27244995 4556823 8938564
14562 27244995 4556823 10520891
17047 27244995 4556823 8634008
19875 27244995 4556823 6460247
14714 27244995 4556823 10783619
11532 27244995 4556823 13480721
16516 27244995 4556823 9373279
11376 27244995 4556823 13658440
19452 27244995 4556823 7333337
15766 27244995 4556823 10665426
18927 27244995 4556823 8144497
13102 27244995 4556823 12920474
15030 27244995 4556823 11388820
14421 27244995 4556823 11945681
17488 27244995 4556823 10262785
12356 27244995 4556823 14571345
18236 27244995 4556823 10497495
13779 27244995 4556823 14193329
15472 7521945 1258074 12920047
12992 27244995 4556823 15045381
17974 27244995 4556823 11441800
19407 27244995 4556823 10332691
19214 27244995 4556823 10537994
13376 27244995 4556823 15364712
18921 27244995 4556823 10936268
19998 27244995 4556823 10073796
17846 27244995 4556823 11823322
16727 27244995 4556823 12973145
16948 2076744 347347 12923453
18773 27244995 4556823 11466049
19003 573344 95902 11291591
16399 27244995 4556823 13435266
15372 27244995 4556823 15305464
19835 27244995 4556823 11713193
14513 7521945 1258074 16828510
18985 27244995 4556823 13359420
10395 98686787 16505702 20460544
19054 2076744 347347 13430272
13487 27244995 4556823 18415777
14279 27244995 4556823 18700941
11986 98686787 16505702 20935564
19674 2076744 347347 15144925
11431 27244995 4556823 22279963
13383 98686787 16505702 21613375
10635 98686787 16505702 24041909
14966 27244995 4556823 20849670
10393 98686787 16505702 25663401
15932 98686787 16505702 21320377
12975 27244995 4556823 24301862
14718 98686787 16505702 23271172
16750 98686787 16505702 21959733
11452 98686787 16505702 26403737
13320 98686787 16505702 25317253
12669 98686787 16505702 26192892
17136 98686787 16505702 22671251
11296 27244995 4556823 27980211
10981 98686787 16505702 28317266
18233 98686787 16505702 22444431
15113 98686787 16505702 25457429
16835 2076744 347347 24891177
16162 98686787 16505702 25682742
14530 98686787 16505702 27078932
12636 98686787 16505702 29323111
14458 27244995 4556823 28151429
12871 98686787 16505702 29797371
11713 98686787 16505702 30785923
19494 98686787 16505702 24622810
14407 98686787 16505702 28913747
19089 98686787 16505702 26639250
11645 98686787 16505702 32990308
11642 98686787 16505702 33321494
15355 98686787 16505702 30254506
18282 98686787 16505702 28466116
18378 98686787 16505702 29122123
19618 27244995 4556823 28126161
11365 98686787 16505702 35227386
15570 98686787 16505702 32053409
15184 98686787 16505702 32647606
15970 98686787 16505702 33133007
19731 98686787 16505702 30373592
18506 98686787 16505702 31574697
13079 98686787 16505702 36422299
16651 98686787 16505702 33541941
18431 98686787 16505702 32568874
17058 98686787 16505702 33871628
10570 98686787 16505702 39621716
15291 98686787 16505702 35928982
15573 98686787 16505702 36049826
11677 98686787 16505702 39477816
14463 98686787 16505702 37130350
17907 7521945 1258074 34411146
18203 98686787 16505702 34529040
16267 98686787 16505702 36071250
16829 98686787 16505702 35746271
11032 223092956 37313044 40615336
18227 98686787 16505702 34942564
14171 98686787 16505702 38233578
18845 98686787 16505702 34728531
18500 98686787 16505702 35410419
19705 98686787 16505702 34437413
13597 98686787 16505702 39620453
19426 98686787 16505702 34949809
10066 98686787 16505702 42666352
11830 223092956 37313044 41367419
17102 98686787 16505702 37384351
19764 98686787 16505702 35311492
18957 98686787 16505702 36027352
16218 223092956 37313044 38246087
19501 98686787 16505702 35740202
18267 98686787 16505702 36772399
19788 98686787 16505702 35538100
11041 223092956 37313044 43292720
10651 98686787 16505702 43910599
17070 98686787 16505702 38705418
11275 98686787 16505702 43692606
15097 98686787 16505702 40918725
13440 98686787 16505702 42310300
11759 223092956 37313044 44700711
11748 223092956 37313044 44802011
14296 98686787 16505702 42781286
16456 223092956 37313044 41393268
19544 27244995 4556823 38977482
19050 98686787 16505702 40360262
10318 98686787 16505702 47975734
18851 98686787 16505702 41136960
10199 98686787 16505702 48743721
11474 223092956 37313044 48063613
19955 98686787 16505702 41192612
10077 98686787 16505702 49323467
10072 27244995 4556823 49733327
17089 223092956 37313044 44195240
13076 223092956 37313044 47629209
18872 223092956 37313044 43323425
15329 98686787 16505702 46779414
14030 223092956 37313044 47845752
16013 223092956 37313044 46307533
19645 223092956 37313044 43350231
18966 98686787 16505702 44183643
14898 223092956 37313044 47601832
13470 223092956 37313044 50128654
19292 223092956 37313044 45528658
19749 223092956 37313044 45164921
19428 223092956 37313044 46198625
16132 223092956 37313044 49479956
17674 223092956 37313044 48699041
17975 98686787 16505702 49157302
19611 98686787 16505702 49313909
12042 98686787 16505702 56167312
10053 98686787 16505702 58483793
11372 223092956 37313044 57497858
16021 98686787 16505702 54094083
13863 223092956 37313044 56006726
19550 98686787 16505702 51525383
10890 223092956 37313044 58984536
13490 223092956 37313044 56893150
16159 223092956 37313044 55293146
14501 223092956 37313044 56804087
13356 223092956 37313044 57854121
19001 223092956 37313044 53378493
18323 223092956 37313044 54089385
14330 223092956 37313044 57307044
13196 223092956 37313044 58596122
12048 223092956 37313044 59865102
16763 98686787 16505702 56218809
15067 98686787 16505702 57662649
13408 98686787 16505702 59781118
18905 223092956 37313044 55881547
16995 223092956 37313044 57950231
11559 223092956 37313044 62910409
13667 223092956 37313044 61397780
15603 27244995 4556823 59927246
15301 223092956 37313044 60359975
13189 98686787 16505702 62341923
13945 98686787 16505702 61969211
14507 223092956 37313044 61589239
13082 223092956 37313044 62778102
14289 223092956 37313044 61970577
15247 98686787 16505702 61230715
13040 223092956 37313044 63059700
10586 223092956 37313044 65205934
17646 223092956 37313044 59579644
11630 223092956 37313044 64561381
17613 98686787 16505702 59826738
15357 223092956 37313044 61906461
17424 223092956 37313044 60758880
16245 223092956 37313044 62127771
19548 223092956 37313044 60099935
19193 223092956 37313044 61482131
10839 223092956 37313044 68585044
11531 223092956 37313044 68130695
10889 223092956 37313044 69297096
15137 223092956 37313044 66132253
13404 223092956 37313044 67579956
14990 223092956 37313044 66473070
13186 223092956 37313044 69250399
12988 223092956 37313044 70697232
19504 223092956 37313044 65422506
17275 223092956 37313044 67413743
14281 98686787 16505702 70040518
10306 98686787 16505702 74930809
19196 98686787 16505702 67638857
13407 98686787 16505702 72766434
14016 223092956 37313044 72658201
11551 223092956 37313044 75113124
11364 223092956 37313044 75309242
12077 223092956 37313044 74881353
14026 223092956 37313044 73705832
17093 223092956 37313044 71248365
16962 223092956 37313044 71656016
10797 223092956 37313044 78023545
15468 223092956 37313044 74526836
18340 98686787 16505702 72393246
12658 223092956 37313044 77556298
11819 223092956 37313044 78489678
13582 223092956 37313044 77537217
10236 223092956 37313044 81109408
13299 223092956 37313044 78804087
16438 223092956 37313044 76336243
12181 223092956 37313044 80333757
18829 223092956 37313044 74894088
10818 223092956 37313044 81567136
12680 223092956 37313044 80080561
15283 27244995 4556823 77936887
16938 223092956 37313044 76948417
13828 223092956 37313044 79616914
12641 223092956 37313044 80746158
15102 223092956 37313044 78927447
17771 223092956 37313044 77619019
14563 223092956 37313044 80644340
15029 223092956 37313044 81006075
15485 98686787 16505702 81020656
13972 223092956 37313044 82263986
18519 98686787 16505702 78783149
17852 223092956 37313044 79333877
11301 223092956 37313044 84956974
19142 223092956 37313044 78513520
18031 223092956 37313044 79453332
19105 223092956 37313044 78614995
19460 223092956 37313044 79278752
14049 223092956 37313044 83851511
18421 27244995 4556823 81504761
18965 223092956 37313044 81368124
11966 223092956 37313044 87785659
19286 223092956 37313044 81989663
17031 223092956 37313044 84208336
18054 223092956 37313044 84180182
19691 223092956 37313044 82995572
19950 223092956 37313044 82962759
12059 98686787 16505702 89982229
13599 223092956 37313044 89370054
14939 223092956 37313044 89966964
13768 223092956 37313044 91322078
13899 223092956 37313044 92657602
19291 223092956 37313044 88428219
18650 223092956 37313044 88971834
16587 223092956 37313044 91949957
16619 223092956 37313044 93083225
15413 223092956 37313044 94561409
13984 98686787 16505702 96070147
12904 223092956 37313044 98021310
18472 223092956 37313044 94977935
13925 98686787 16505702 98684180
13108 98686787 16505702 100509303
17384 223092956 37313044 97124256
14378 223092956 37313044 99702278
16428 223092956 37313044 101046866
18461 98686787 16505702 99976052
16796 223092956 37313044 101463534
11009 223092956 37313044 108175902
11889 223092956 37313044 107544584
18659 98686787 16505702 102580622
16346 223092956 37313044 106904136
13504 223092956 37313044 109651567
13466 223092956 37313044 115211226
16326 223092956 37313044 113206442
13797 223092956 37313044 117627504
19433 223092956 37313044 115716845
14245 98686787 16505702 120308562
16542 223092956 37313044 118861805
13845 223092956 37313044 122562927
16602 223092956 37313044 120832899
18870 223092956 37313044 119973656
10815 223092956 37313044 129648523
14762 223092956 37313044 128290298
19586 223092956 37313044 127999647
18268 223092956 37313044 136289725
16381 223092956 37313044 140958490
16956 223092956 37313044 142635551
