148 155 10000 10009 560 4718 20214 98
235 399 10000 10002 180 1173 40184 37
277 178 10000 10001 1870 152 41513 316
304 87 10000 10000 3160 66 41998 531
107 338 10000 10004 250 2414 40228 48
380 0 10000 10007 560 3711 40428 98
387 398 10000 10048 1100 24604 20386 184
233 64 10000 10008 1870 3813 41513 316
76 236 10000 10010 900 4775 40644 152
26 372 10000 10011 1100 4958 40772 184
389 65 10000 10013 180 6264 40184 37
21 207 10000 10012 900 6004 40644 152
119 126 10000 10018 180 9151 40184 37
34 222 10000 10017 1870 9015 41513 316
395 48 10000 10021 560 10139 40428 98
90 340 10000 10022 180 10740 40184 37
33 30 10000 10016 10000 8980 41998 1660
175 208 10000 10023 250 10758 40228 48
171 322 10000 10026 1100 11944 40772 184
395 369 10000 10028 900 12609 40644 152
243 287 10000 10025 1870 11746 41513 316
200 147 10000 10029 560 12900 40428 98
9 374 10000 10031 250 14551 40228 48
113 166 10000 10032 900 15071 40644 152
333 369 10000 10033 250 15921 40228 48
113 88 10000 10036 900 17355 40644 152
29 210 10000 10037 900 17445 40644 152
374 80 10000 10034 3160 16272 41998 531
248 369 10000 10039 180 19106 40184 37
24 230 10000 10041 1100 20102 40772 184
312 366 10000 10045 560 23079 40428 98
90 295 10000 10043 1870 22070 41513 316
153 366 10000 10047 560 24273 40428 98
231 218 10000 10049 900 25422 40644 152
350 18 10000 10050 900 25497 40644 152
136 179 10000 10055 180 26882 40184 37
262 232 10000 10053 560 26743 40428 98
202 2 10000 10054 900 26787 40644 152
309 67 10000 10056 180 27403 40184 37
107 305 10000 10057 1100 27615 40772 184
209 371 10000 10058 250 28477 40228 48
105 58 10000 10060 3160 28588 41998 531
302 249 10000 10063 560 31173 40428 98
145 189 10000 10064 560 32414 40428 98
347 213 10000 10068 250 33194 40228 48
88 263 10000 10066 1870 32586 41513 316
243 50 10000 10071 560 33949 40428 98
298 269 10000 10067 3160 32766 42312 531
248 334 10000 10073 1100 35553 40772 184
194 155 10000 10074 560 36115 40428 98
166 136 10000 10076 1100 36712 40772 184
183 202 10000 10077 250 37385 40228 48
204 256 10000 10078 900 38017 40644 152
184 118 10000 10079 560 38696 40428 98
169 3 10000 10081 900 40149 40644 152
358 159 10000 10083 180 40754 40184 37
354 357 10000 10115 560 60925 20214 98
20 187 10000 10084 560 43759 40428 98
214 69 10000 10086 1100 44926 40772 184
119 379 10000 10087 1100 45181 40962 184
185 48 10000 10090 250 45861 40393 48
397 61 10000 10088 1870 45672 41513 316
381 337 10000 10089 1870 45738 41513 316
92 390 10000 10093 250 48993 40228 48
285 200 10000 10092 900 48680 40644 152
189 301 10000 10091 1870 48181 41513 316
120 138 10000 10134 560 70376 20214 98
200 256 10000 10095 250 51085 40228 48
351 189 10000 10094 1870 50039 41513 316
394 280 10000 10098 180 51460 40184 37
379 251 10000 10096 1100 51273 40772 184
221 395 10000 10101 560 52539 40448 98
345 201 10000 10097 3160 51275 41998 531
320 193 10000 10099 1870 52145 41513 316
53 143 10000 10024 10000 10848 83026 1660
353 15 10000 10102 900 54451 40644 152
122 186 10000 10106 560 56382 40428 98
36 73 10000 10107 560 56551 40428 98
101 313 10000 10108 560 56597 40428 98
277 302 10000 10105 1870 56160 41513 316
276 274 10000 10155 250 78731 20114 48
310 65 10000 10113 250 60117 40228 48
181 344 10000 10114 250 60697 40228 48
138 182 10000 10112 1870 59476 41513 316
134 221 10000 10040 10000 19361 83026 1660
25 359 10000 10117 1100 61998 40772 184
252 49 10000 10119 560 62499 40428 98
17 151 10000 10116 1870 61521 41513 316
190 72 10000 10123 560 64422 40428 98
125 39 10000 10124 560 65058 40428 98
370 32 10000 10122 1870 64106 41513 316
96 396 10000 10126 900 65848 40644 152
188 212 10000 10121 1870 64015 42707 316
251 258 10000 10171 560 86998 20214 98
229 347 10000 10127 1870 66119 41513 316
124 190 10000 10129 560 68036 40428 98
311 92 10000 10130 560 68292 40438 98
69 156 10000 10132 250 69091 40228 48
79 230 10000 10052 10000 26367 83026 1660
382 289 10000 10131 180 68881 40759 37
310 380 10000 10133 1100 69812 40772 184
69 122 10000 10137 560 71038 40428 98
380 97 10000 10136 560 70634 40874 98
135 117 10000 10059 10000 28558 83026 1660
6 182 10000 10140 900 72110 40644 152
284 212 10000 10143 560 73086 40428 98
247 198 10000 10141 1870 72575 41513 316
335 375 10000 10146 900 74988 40644 152
296 193 10000 10150 180 76376 40184 37
205 171 10000 10148 1100 75840 40772 184
252 77 10000 10072 10000 34354 83026 1660
6 193 10000 10153 1100 77218 40772 184
91 230 10000 10151 1870 76938 41513 316
276 30 10000 10156 180 78789 40184 37
226 361 10000 10158 560 79236 40428 98
86 102 10000 10159 250 80339 40228 48
1 331 10000 10160 900 81000 40644 152
268 290 10000 10165 900 84562 40644 152
216 110 10000 10163 1870 84214 41513 316
311 230 10000 10170 560 86422 40428 98
112 63 10000 10169 1870 86298 41513 316
28 208 10000 10172 1100 87974 40772 184
394 257 10000 10174 250 88873 40228 48
318 320 10000 10173 1100 88743 40772 184
118 67 10000 10178 250 90583 40228 48
220 243 10000 10176 900 90284 40644 152
306 162 10000 10179 560 91324 40428 98
386 21 10000 10180 560 91325 40428 98
9 255 10000 10181 900 91798 40644 152
250 200 10000 10183 560 92504 40428 98
320 8 10000 10185 560 92805 40428 98
165 370 10000 10184 3160 92631 41998 531
295 20 10000 10190 560 94375 40428 98
149 44 10000 10100 10000 52169 83026 1660
31 153 10000 10192 250 95414 40228 48
342 326 10000 10189 1870 94176 41513 316
303 391 10000 10193 900 95544 40644 152
117 23 10000 10196 180 96232 40184 37
46 354 10000 10197 900 96318 40644 152
32 279 10000 10195 1100 96228 40772 184
304 301 10000 10241 560 116980 20214 98
294 278 10000 10198 900 96664 40644 152
232 359 10000 10199 560 97354 40428 98
83 391 10000 10191 560 94555 44246 98
314 360 10000 10202 180 98886 40184 37
359 95 10000 10200 3160 97643 41998 531
331 381 10000 10110 10000 57257 83026 1660
224 398 10000 10203 1100 99831 40772 184
9 275 10000 10204 900 100075 40644 152
175 350 10000 10206 560 101480 40428 98
397 121 10000 10208 560 102669 40428 98
370 200 10000 10211 180 102972 40184 37
275 165 10000 10207 1870 101852 41513 316
113 191 10000 10205 3160 101475 41998 531
157 249 10000 10212 560 103057 40428 98
384 137 10000 10214 180 104018 40184 37
230 71 10000 10213 560 103872 40428 98
140 0 10000 10215 250 104409 40228 48
194 263 10000 10216 560 104584 40428 98
157 252 10000 10118 10000 62252 83026 1660
361 123 10000 10218 900 105620 40644 152
239 244 10000 10219 180 106156 40184 37
397 126 10000 10221 180 106689 40184 37
361 310 10000 10220 900 106246 40644 152
127 43 10000 10224 900 108736 40644 152
364 5 10000 10225 900 109130 40644 152
362 215 10000 10226 900 110322 40644 152
62 321 10000 10227 250 110951 40228 48
33 226 10000 10231 900 112092 40644 152
36 185 10000 10228 3160 111191 41998 531
327 264 10000 10234 900 112657 40644 152
294 360 10000 10233 1870 112522 41513 316
234 267 10000 10138 10000 71213 83026 1660
98 0 10000 10235 3160 112996 41998 531
386 275 10000 10236 560 114731 40428 98
66 109 10000 10237 560 115374 40428 98
380 244 10000 10139 10000 71968 84035 1660
234 73 10000 10238 560 116317 40428 98
276 49 10000 10239 560 116340 40428 98
25 151 10000 10240 1100 116557 40772 184
354 106 10000 10243 1100 117610 40961 184
151 16 10000 10242 1870 117423 41513 316
274 392 10000 10246 900 120254 40644 152
54 323 10000 10247 560 120859 40428 98
55 141 10000 10245 3160 119499 41998 531
6 233 10000 10248 180 121515 40184 37
134 93 10000 10250 560 122911 40428 98
259 128 10000 10252 560 123179 40428 98
258 14 10000 10254 900 123999 40644 152
53 37 10000 10251 560 123014 42322 98
375 110 10000 10255 560 125019 40428 98
174 127 10000 10256 900 125177 40644 152
232 201 10000 10253 3160 123888 41998 531
338 306 10000 10162 10000 83043 83026 1660
375 22 10000 10257 900 125827 40644 152
39 18 10000 10258 900 126005 40644 152
276 348 10000 10260 1100 127082 40772 184
248 364 10000 10261 250 127808 40271 48
203 307 10000 10263 560 128195 40428 98
365 324 10000 10166 10000 85693 83026 1660
295 119 10000 10266 560 128648 40428 98
82 114 10000 10265 900 128464 40644 152
192 48 10000 10267 250 129465 40228 48
297 242 10000 10264 1870 128380 41513 316
271 9 10000 10268 560 130373 40428 98
224 201 10000 10271 900 130756 40851 152
268 11 10000 10175 10000 89296 83026 1660
21 376 10000 10273 1870 131834 41513 316
12 272 10000 10275 900 133418 40644 152
276 207 10000 10276 1100 133560 40772 184
67 5 10000 10274 1870 132883 41513 316
68 378 10000 10182 10000 91952 83026 1660
48 236 10000 10277 1100 134727 40772 184
84 147 10000 10278 1870 134904 41513 316
120 192 10000 10279 560 136651 40428 98
290 210 10000 10280 900 136702 40947 152
97 69 10000 10282 560 138450 40428 98
66 42 10000 10194 10000 95989 83026 1660
98 91 10000 10283 10000 138525 41998 1660
4 230 10000 10286 180 140054 40571 37
50 294 10000 10285 1870 139494 41513 316
136 366 10000 10287 1100 140394 40772 184
122 175 10000 10288 900 140950 40644 152
1 33 10000 10289 900 141833 40644 152
126 233 10000 10292 1100 143167 40772 184
11 157 10000 10293 1100 143456 40772 184
323 237 10000 10291 1870 143036 41513 316
61 319 10000 10295 180 144565 40232 37
394 320 10000 10297 560 144974 40428 98
0 60 10000 10298 560 145039 40428 98
247 376 10000 10299 560 145097 40428 98
390 169 10000 10294 1870 144290 41513 316
353 370 10000 10210 10000 102925 83026 1660
267 333 10000 10302 560 145667 40428 98
75 223 10000 10300 1100 145374 40772 184
274 113 10000 10306 180 147061 40184 37
300 20 10000 10217 10000 104689 83026 1660
58 162 10000 10304 1870 146224 41513 316
242 71 10000 10307 180 148034 40184 37
282 317 10000 10303 3160 146206 42520 531
42 0 10000 10310 560 148713 40428 98
56 214 10000 10308 1870 148205 41513 316
126 174 10000 10309 1870 148558 41513 316
137 2 10000 10312 560 149755 40428 98
91 192 10000 10223 10000 108668 83104 1660
293 197 10000 10313 900 150924 41150 152
243 5 10000 10316 1100 152075 40772 184
288 319 10000 10314 3160 151229 41998 531
208 42 10000 10319 560 153066 40428 98
225 74 10000 10321 560 153645 40428 98
309 213 10000 10323 250 155051 40402 48
92 264 10000 10320 3160 153641 41998 531
153 365 10000 10324 1870 155587 41513 316
371 93 10000 10327 560 156791 40428 98
249 117 10000 10326 1100 156614 40772 184
269 226 10000 10329 180 158132 40184 37
19 385 10000 10328 900 157824 40644 152
47 358 10000 10332 250 158817 40228 48
36 338 10000 10331 560 158652 40430 98
138 81 10000 10334 1100 158900 40772 184
127 335 10000 10338 560 160075 40556 98
176 84 10000 10340 900 160308 40644 152
321 148 10000 10342 560 160973 40428 98
319 147 10000 10339 1870 160283 41678 316
385 97 10000 10344 900 161558 40885 152
33 123 10000 10347 560 163593 40428 98
101 108 10000 10396 560 184127 20436 98
360 337 10000 10348 560 164099 40529 98
149 219 10000 10349 560 164321 40428 98
303 301 10000 10400 560 184775 20318 98
319 166 10000 10249 10000 122726 83026 1660
54 374 10000 10351 1870 164720 41513 316
288 340 10000 10353 560 167241 40428 98
18 397 10000 10355 560 167731 40428 98
136 295 10000 10358 560 168588 40428 98
341 38 10000 10354 1870 167568 41513 316
328 20 10000 10359 900 168670 40644 152
380 93 10000 10259 10000 126825 83026 1660
235 103 10000 10360 560 169176 40715 98
218 302 10000 10003 100001 2052 208050 16579
131 366 10000 10262 10000 127832 83026 1660
355 32 10000 10365 1100 170641 40772 184
166 87 10000 10367 560 171255 40428 98
242 270 10000 10368 250 171987 40228 48
137 78 10000 10371 560 172685 40428 98
62 17 10000 10375 560 173853 40428 98
155 316 10000 10370 3160 172561 42018 531
131 174 10000 10376 560 174130 40499 98
330 32 10000 10374 1870 173762 41582 316
363 366 10000 10373 10000 173363 41998 1660
277 51 10000 10377 1100 174365 41048 184
26 276 10000 10372 1870 172962 42459 316
77 237 10000 10379 1100 175114 40772 184
358 260 10000 10378 900 175098 40845 152
390 164 10000 10380 560 175992 40428 98
398 357 10000 10382 250 176547 40228 48
285 36 10000 10019 100001 9241 208170 16579
72 203 10000 10020 100001 9737 208050 16579
121 197 10000 10384 1100 177436 40948 184
116 306 10000 10383 3160 176779 43377 531
179 233 10000 10389 250 179933 40228 48
327 315 10000 10387 3160 178511 41998 531
77 68 10000 10433 1100 200183 20386 184
334 361 10000 10391 560 181103 40498 98
278 67 10000 10390 1870 180791 41513 316
175 169 10000 10437 900 202152 20322 152
91 271 10000 10392 560 181874 41318 98
275 362 10000 10395 560 182913 40428 98
369 252 10000 10394 180 182850 40607 37
129 79 10000 10399 250 184427 40228 48
277 199 10000 10290 10000 142131 83026 1660
297 184 10000 10397 3160 184127 41998 531
355 221 10000 10404 180 186277 40184 37
304 157 10000 10403 900 185943 40644 152
282 202 10000 10296 10000 144788 83026 1660
354 252 10000 10409 560 187388 40428 98
203 31 10000 10407 1870 186843 41513 316
362 13 10000 10411 900 188659 40649 152
293 340 10000 10042 100001 21172 208348 16579
208 247 10000 10305 10000 146821 83026 1660
204 252 10000 10410 3160 187849 41998 531
364 260 10000 10413 180 189717 40184 37
187 26 10000 10401 3160 185619 44557 531
112 170 10000 10412 560 189363 41116 98
70 362 10000 10414 3160 189886 41998 531
66 14 10000 10418 250 192759 40228 48
234 11 10000 10416 1870 191200 41798 316
137 351 10000 10415 3160 190387 43611 531
377 166 10000 10419 180 193820 40184 37
139 204 10000 10417 3160 192131 41998 531
75 331 10000 10423 900 195191 40644 152
98 213 10000 10424 900 195206 40644 152
31 113 10000 10422 900 195114 40892 152
32 135 10000 10425 560 195506 40834 98
308 348 10000 10429 900 197250 40644 152
271 304 10000 10431 560 197676 40428 98
300 35 10000 10430 1100 197576 40772 184
106 54 10000 10325 10000 155664 83026 1660
79 275 10000 10432 900 199261 40644 152
145 106 10000 10065 100001 32442 208120 16579
28 262 10000 10434 560 200208 40791 98
274 371 10000 10335 10000 159215 83026 1660
117 193 10000 10441 900 203126 40644 152
113 53 10000 10440 1870 203048 41859 316
277 1 10000 10444 250 204693 40228 48
8 270 10000 10443 900 204399 40644 152
280 286 10000 10491 560 225288 20214 98
214 309 10000 10445 900 204956 40644 152
394 103 10000 10345 10000 162151 83494 1660
176 275 10000 10446 560 205804 40428 98
186 289 10000 10447 560 206117 40428 98
22 285 10000 10350 10000 164397 83245 1660
84 75 10000 10346 10000 163393 84755 1660
343 177 10000 10082 100001 40628 208050 16579
395 73 10000 10452 250 208503 40228 48
297 140 10000 10455 560 209281 40428 98
22 158 10000 10453 900 209126 40888 152
9 368 10000 10460 560 210257 40428 98
29 52 10000 10459 1100 209680 41051 184
295 300 10000 10457 1870 209508 41513 316
349 81 10000 10356 10000 168012 83026 1660
210 116 10000 10456 1870 209468 42015 316
170 205 10000 10357 10000 168492 83026 1660
79 37 10000 10361 10000 169492 83026 1660
334 191 10000 10461 1100 211204 41342 184
280 337 10000 10362 10000 169653 83026 1660
201 14 10000 10466 560 212543 40428 98
323 278 10000 10363 10000 170024 83026 1660
170 253 10000 10467 1100 212799 40772 184
188 132 10000 10468 560 213266 40428 98
176 398 10000 10471 560 213376 40428 98
326 164 10000 10464 1870 212261 41595 316
235 150 10000 10364 10000 170516 84636 1660
94 72 10000 10472 1100 214632 41111 184
51 159 10000 10473 560 216302 40428 98
399 318 10000 10477 900 218248 40644 152
54 126 10000 10385 10000 178317 83026 1660
69 232 10000 10483 180 220820 40671 37
13 322 10000 10486 1870 221148 41513 316
126 335 10000 10488 560 223642 40428 98
374 114 10000 10482 250 220581 44790 48
153 379 10000 10492 250 225400 40228 48
146 289 10000 10490 1100 224977 41253 184
282 365 10000 10494 900 226056 40644 152
317 43 10000 10493 1100 225883 41259 184
171 243 10000 10111 100001 58104 209357 16579
105 162 10000 10497 900 226821 40644 152
112 346 10000 10109 100001 57152 211183 16579
230 90 10000 10402 10000 185654 83026 1660
228 315 10000 10496 3160 226804 42327 531
267 61 10000 10498 1100 229780 40772 184
245 268 10000 10499 560 230453 40428 98
35 378 10000 10505 180 231403 40184 37
121 358 10000 10503 900 231055 40644 152
180 283 10000 10504 900 231281 40644 152
121 138 10000 10544 1100 251698 20588 184
159 103 10000 10507 560 231937 40428 98
93 58 10000 10501 1870 230837 41759 316
192 371 10000 10508 900 232138 40644 152
153 187 10000 10509 560 233217 40428 98
294 30 10000 10510 560 233223 40428 98
322 261 10000 10506 3160 231867 42080 531
345 323 10000 10512 250 234373 40549 48
266 21 10000 10513 180 234771 40443 37
135 133 10000 10229 400000 111921 165091 66306
41 121 10000 10421 10000 194491 83026 1660
125 355 10000 10420 10000 194122 83511 1660
342 162 10000 10517 560 237222 40737 98
277 29 10000 10516 560 236991 41133 98
248 307 10000 10518 1870 237248 41513 316
102 80 10000 10427 10000 195899 83026 1660
144 65 10000 10519 1100 238224 40772 184
207 135 10000 10515 180 236886 42949 37
372 98 10000 10523 900 240479 40644 152
107 163 10000 10524 560 241675 40428 98
292 290 10000 10556 900 261996 20322 152
203 48 10000 10522 3160 240338 41998 531
191 21 10000 10489 250 224668 57695 48
208 75 10000 10526 560 242855 40428 98
137 245 10000 10528 560 242967 40428 98
369 379 10000 10388 100001 178549 105015 16579
256 163 10000 10529 1870 242981 41554 316
99 374 10000 10149 100001 76236 208381 16579
363 49 10000 10530 900 244099 40644 152
327 117 10000 10533 250 245820 40228 48
69 218 10000 10442 10000 203292 83509 1660
233 238 10000 10531 10000 244955 41998 1660
303 131 10000 10534 1870 245861 41513 316
196 45 10000 10535 560 247068 40428 98
54 65 10000 10536 900 248334 40843 152
232 283 10000 10538 560 249316 40428 98
68 176 10000 10541 560 250549 40428 98
171 363 10000 10542 560 251075 40428 98
333 362 10000 10454 10000 209143 83026 1660
357 320 10000 10458 10000 209617 83026 1660
314 103 10000 10164 100001 84341 208711 16579
277 335 10000 10543 3160 251161 41998 531
284 164 10000 10167 100001 86035 208050 16579
331 231 10000 10463 10000 212012 83250 1660
18 227 10000 10547 560 255467 40428 98
202 381 10000 10469 10000 213269 83026 1660
190 359 10000 10470 10000 213308 83026 1660
390 9 10000 10546 1100 255283 41154 184
20 126 10000 10537 900 248714 48696 152
50 374 10000 10548 3160 255569 41998 531
39 26 10000 10589 180 277635 20092 37
278 325 10000 10549 1870 257464 41513 316
25 22 10000 10595 560 279057 20214 98
13 69 10000 10475 10000 217588 83299 1660
324 273 10000 10177 100001 90397 211290 16579
277 162 10000 10553 250 261350 40493 48
82 247 10000 10557 900 262049 40644 152
373 148 10000 10555 1100 261824 41220 184
70 317 10000 10558 180 263130 40354 37
336 180 10000 10552 1870 260969 42547 316
65 166 10000 10554 3160 261627 41998 531
75 297 10000 10559 560 263441 40481 98
362 183 10000 10485 10000 221092 83407 1660
206 135 10000 10563 250 264457 40557 48
269 229 10000 10462 10000 211560 93687 1660
392 81 10000 10479 10000 219363 86466 1660
104 58 10000 10566 900 265187 40644 152
295 321 10000 10540 560 249480 56503 98
352 291 10000 10562 3160 264347 41998 531
87 91 10000 10607 3160 284733 22128 531
4 34 10000 10201 100001 97778 209090 16579
84 160 10000 10561 250 263589 44607 48
261 39 10000 10564 1870 265025 43733 316
341 304 10000 10568 1870 267332 41513 316
152 126 10000 10571 560 269655 40651 98
137 127 10000 10619 3160 289277 21484 531
281 235 10000 10573 900 270282 40750 152
116 209 10000 10005 400000 3224 310447 66306
9 57 10000 10575 3160 271696 41998 531
212 181 10000 10551 250 258858 55366 48
221 281 10000 10578 1870 273919 43129 316
36 332 10000 10582 1870 275782 41833 316
68 386 10000 10586 900 276605 41079 152
303 278 10000 10584 1870 276201 41513 316
201 286 10000 10587 250 277335 40527 48
350 270 10000 10590 900 277878 40644 152
104 19 10000 10591 900 278007 40644 152
179 388 10000 10600 180 279468 40249 37
389 131 10000 10593 1100 278955 40772 184
197 35 10000 10596 180 279131 41275 37
391 184 10000 10597 1870 279189 41513 316
174 69 10000 10601 560 280063 40783 98
154 295 10000 10588 1870 277492 44304 316
279 19 10000 10602 900 281745 40644 152
75 170 10000 10603 900 282071 40644 152
302 52 10000 10599 560 279407 43575 98
264 34 10000 10605 560 283406 40683 98
372 232 10000 10604 3160 282083 42331 531
218 134 10000 10583 1870 275885 48645 316
295 344 10000 10606 1100 283826 40772 184
231 226 10000 10648 250 304415 20402 48
295 138 10000 10585 250 276445 49636 48
1 147 10000 10527 10000 242875 83284 1660
222 258 10000 10609 560 285168 41251 98
205 256 10000 10525 10000 241739 85001 1660
5 347 10000 10611 560 286297 40545 98
101 229 10000 10244 100001 118087 209106 16579
335 213 10000 10612 560 286976 40628 98
255 104 10000 10613 560 287262 40428 98
187 301 10000 10617 180 289008 40184 37
128 124 10000 10659 180 309380 20092 37
288 7 10000 10618 900 289016 40644 152
313 48 10000 10614 1870 288589 41589 316
202 221 10000 10621 560 290032 40563 98
27 146 10000 10624 560 290905 40428 98
1 39 10000 10622 1870 290492 41513 316
203 378 10000 10626 1100 291213 40848 184
130 83 10000 10627 1100 291577 40978 184
315 192 10000 10628 560 292354 40428 98
35 359 10000 10629 560 293251 40428 98
337 145 10000 10630 1100 293645 40772 184
142 395 10000 10636 560 296113 40428 98
124 122 10000 10680 900 317359 20335 152
51 319 10000 10640 180 298136 40259 37
175 383 10000 10637 1100 297526 41090 184
88 316 10000 10631 560 293692 46409 98
25 295 10000 10643 1100 300605 40772 184
84 258 10000 10642 900 300514 40996 152
104 62 10000 10646 180 302665 40184 37
233 367 10000 10645 560 302470 40428 98
38 256 10000 10069 400000 33337 310280 66306
105 127 10000 10647 1100 303661 40772 184
332 397 10000 10650 560 305060 40667 98
81 362 10000 10653 250 306530 40338 48
287 355 10000 10652 1870 306260 41720 316
110 281 10000 10657 560 307913 40428 98
259 104 10000 10656 1870 307406 41513 316
204 42 10000 10567 10000 266470 83122 1660
43 233 10000 10662 560 310372 40428 98
162 28 10000 10661 900 310114 40814 152
88 164 10000 10649 900 304820 47128 152
91 137 10000 10663 1870 310543 41513 316
160 313 10000 10665 1870 310900 41762 316
131 96 10000 10269 100001 130633 222902 16579
365 286 10000 10572 10000 270263 83283 1660
54 190 10000 10667 560 313160 40652 98
289 3 10000 10670 560 314009 40428 98
283 247 10000 10669 1100 313997 40772 184
154 165 10000 10672 900 314521 40644 152
206 55 10000 10671 560 314420 40757 98
394 243 10000 10673 900 314898 40644 152
172 73 10000 10301 100001 145399 210475 16579
246 52 10000 10668 1100 313181 42814 184
365 334 10000 10674 1870 315048 41748 316
129 297 10000 10676 900 316157 41085 152
393 20 10000 10679 900 316845 40644 152
25 47 10000 10677 1870 316738 41808 316
239 311 10000 10682 560 318197 40428 98
168 388 10000 10683 250 319023 40228 48
301 228 10000 10315 100001 152018 208050 16579
245 37 10000 10686 900 319961 40644 152
323 249 10000 10594 10000 279050 84147 1660
378 369 10000 10688 10000 321201 41998 1660
264 134 10000 10691 250 323128 40228 48
381 120 10000 10690 560 322955 40473 98
351 48 10000 10651 900 305466 58129 152
9 284 10000 10693 250 323616 40228 48
302 153 10000 10692 560 323514 40819 98
272 213 10000 10104 400000 55744 309072 66306
298 184 10000 10608 560 284891 79926 98
392 227 10000 10699 560 325770 40805 98
42 25 10000 10702 1100 326142 40772 184
398 109 10000 10696 1870 325065 42421 316
326 11 10000 10701 560 325909 41820 98
30 385 10000 10703 180 327385 40477 37
168 240 10000 10704 560 328246 40428 98
269 179 10000 10337 100001 160037 209020 16579
299 152 10000 10705 250 328881 40228 48
70 386 10000 10343 100001 161122 208050 16579
121 71 10000 10610 10000 286281 83026 1660
248 83 10000 10689 1100 322080 47961 184
105 204 10000 10709 1100 329409 40952 184
176 343 10000 10708 1870 329333 41513 316
172 296 10000 10711 900 329608 41301 152
289 166 10000 10715 560 331240 40428 98
391 32 10000 10714 1870 330716 41593 316
170 395 10000 10333 100001 158866 214840 16579
2 27 10000 10719 250 334531 40267 48
159 398 10000 10720 250 334808 40565 48
383 208 10000 10721 560 335678 40428 98
263 130 10000 10718 3160 334447 42101 531
298 28 10000 10623 3160 290558 86340 531
7 342 10000 10723 900 336162 40865 152
297 218 10000 10716 560 333307 44352 98
123 339 10000 10724 560 337423 40428 98
95 201 10000 10633 10000 294937 83430 1660
58 323 10000 10725 900 337822 40940 152
354 8 10000 10697 1870 325498 53346 316
174 148 10000 10726 1100 338029 40863 184
237 60 10000 10727 900 338251 40644 152
36 342 10000 10730 250 339377 40626 48
97 237 10000 10638 10000 297927 83026 1660
287 218 10000 10733 1100 340657 40772 184
185 89 10000 10712 900 329636 51843 152
112 312 10000 10075 400000 36273 346052 66306
87 352 10000 10641 10000 298943 83612 1660
67 257 10000 10735 3160 340948 41998 531
81 59 10000 10737 900 342374 40693 152
139 374 10000 10734 560 340842 42735 98
163 252 10000 10740 1100 342773 40966 184
159 381 10000 10738 1870 342427 42756 316
113 159 10000 10743 560 345435 40428 98
86 205 10000 10644 10000 301592 85560 1660
124 280 10000 10745 900 346683 40644 152
362 46 10000 10746 1100 346699 40787 184
121 100 10000 10749 560 347029 40606 98
269 245 10000 10747 3160 346844 41998 531
320 193 10001 10748 1870 346996 41852 316
331 87 10000 10751 560 348321 40574 98
314 225 10000 10739 900 342488 46737 152
87 66 10000 10386 100001 178442 211238 16579
106 153 10000 10722 1870 335741 54173 316
320 297 10000 10752 900 349362 40939 152
181 154 10000 10393 100001 182307 208050 16579
287 386 10000 10754 180 350489 40185 37
218 217 10000 10798 1100 368270 22478 184
251 199 10000 10756 900 350592 40760 152
99 304 10000 10658 10000 309209 83026 1660
318 271 10000 10755 3160 350591 41998 531
229 254 10000 10654 10000 307159 86549 1660
112 67 10000 10759 560 353399 40428 98
370 263 10000 10760 180 353681 40184 37
73 15 10000 10758 1100 353311 41008 184
138 58 10000 10655 10000 307330 87094 1660
271 253 10000 10761 560 353893 40726 98
109 56 10000 10406 100001 186757 208248 16579
333 239 10000 10763 1100 354350 40772 184
365 29 10000 10765 900 354534 40851 152
255 0 10000 10766 560 355183 40428 98
77 360 10000 10767 180 355552 40286 37
311 397 10000 10764 1870 354469 41640 316
96 55 10000 10168 400000 86199 310401 66306
226 136 10000 10598 10000 279239 118186 1660
111 163 10000 10762 560 354059 43381 98
80 115 10000 10773 250 358009 40228 48
173 231 10000 10770 3160 356841 41998 531
107 379 10000 10772 900 357653 41298 152
357 190 10000 10771 3160 357452 41998 531
175 30 10000 10678 10000 316781 83026 1660
263 343 10000 10775 900 359750 40644 152
217 183 10000 10681 10000 317595 83046 1660
172 387 10000 10408 100001 186907 214344 16579
291 328 10000 10776 1100 361574 41082 184
76 53 10000 10778 560 362659 40428 98
391 299 10000 10780 560 363023 40533 98
5 104 10000 10779 560 362796 41208 98
373 131 10000 10782 1100 364332 41447 184
270 36 10000 10784 560 365470 40428 98
189 77 10000 10790 180 366978 40184 37
9 395 10000 10786 900 366165 41052 152
266 303 10000 10791 560 366980 40428 98
43 335 10000 10783 1870 365176 42692 316
326 63 10000 10793 1100 367258 41453 184
26 385 10000 10698 10000 325525 83307 1660
182 300 10000 10789 3160 366856 41998 531
248 275 10000 10797 900 368175 41074 152
353 219 10000 10795 3160 367367 42211 531
62 305 10000 10436 100001 201642 208050 16579
295 285 10000 10835 900 389569 20322 152
162 327 10000 10799 1870 368679 41724 316
133 370 10000 10800 900 369530 40995 152
323 146 10000 10438 100001 202465 208420 16579
105 387 10000 10801 1100 370218 40772 184
383 327 10000 10769 1100 356827 54244 184
94 5 10000 10794 1870 367356 43763 316
269 3 10000 10802 560 372289 40428 98
239 315 10000 10803 900 372289 40830 152
246 168 10000 10781 560 363832 49291 98
209 369 10000 10710 10000 329583 83896 1660
380 377 10000 10805 560 373246 40486 98
8 368 10000 10806 560 373706 40428 98
350 257 10000 10808 560 374281 40428 98
109 290 10000 10450 100001 207533 208050 16579
14 111 10000 10810 560 375202 40428 98
209 153 10000 10811 560 375935 40496 98
301 244 10000 10449 100001 207124 209500 16579
81 255 10000 10812 900 375941 40962 152
74 168 10000 10787 1100 366347 50860 184
238 98 10000 10813 180 376854 40453 37
236 248 10000 10717 10000 334401 83026 1660
246 231 10000 10815 180 377730 40282 37
23 388 10000 10814 1100 376929 41302 184
107 127 10000 10816 900 378408 40644 152
319 356 10000 10819 560 378909 40643 98
380 33 10000 10817 1870 378625 41660 316
250 77 10000 10822 180 380079 40417 37
329 99 10000 10826 180 381650 40184 37
268 191 10000 10820 1100 379950 41899 184
144 325 10000 10804 1100 372383 49516 184
199 18 10000 10824 900 381293 40893 152
145 297 10000 10821 3160 380010 42712 531
62 297 10000 10825 1870 381335 41513 316
164 215 10000 10827 560 382367 40807 98
56 133 10000 10426 100001 195812 227801 16579
173 33 10000 10823 1100 380823 43161 184
360 395 10000 10828 180 382928 41705 37
168 234 10000 10476 100001 217731 208050 16579
98 54 10000 10830 560 386620 40722 98
288 242 10000 10831 900 386709 40644 152
340 148 10000 10481 100001 220493 208050 16579
1 224 10000 10484 100001 221053 208050 16579
399 231 10000 10742 10000 343773 85477 1660
376 202 10000 10834 1100 389343 40772 184
286 133 10000 10836 560 389692 40602 98
17 145 10000 10832 1870 388868 41513 316
185 387 10000 10837 560 391182 40694 98
143 317 10000 10753 10000 349861 83026 1660
12 343 10000 10840 560 392524 40428 98
366 148 10000 10839 560 392400 40638 98
254 361 10000 10838 900 392087 41620 152
300 99 10000 10842 180 394178 40184 37
178 259 10000 10495 100001 226699 208417 16579
396 94 10000 10846 560 395663 40632 98
90 360 10000 10757 10000 352089 84932 1660
356 256 10000 10849 180 397086 40184 37
219 176 10000 10845 3160 395416 42478 531
83 320 10000 10847 1870 396358 42066 316
120 186 10000 10768 10000 355915 83796 1660
33 23 10000 10914 250 419152 20591 48
22 105 10000 10502 100001 230939 208841 16579
19 255 10000 10853 180 399326 40476 37
335 63 10000 10856 900 400335 40644 152
132 348 10000 10511 100001 233658 208059 16579
348 241 10000 10855 1870 400014 41931 316
156 200 10000 10774 10000 359025 83026 1660
44 230 10000 10857 250 400462 42302 48
312 244 10000 10859 560 401812 41186 98
110 366 10000 10858 1870 400677 42739 316
46 371 10000 10861 900 403108 41111 152
384 175 10000 10852 900 399115 45294 152
254 14 10000 10865 900 404583 40644 152
153 177 10000 10866 180 404768 40635 37
37 32 10000 10927 900 424867 20764 152
121 333 10000 10869 560 405336 40527 98
176 117 10000 10867 1870 404807 41831 316
338 146 10000 10872 1870 406415 41513 316
294 256 10000 10520 100001 239362 208660 16579
331 238 10000 10871 1870 406283 41998 316
245 227 10000 10874 560 406658 41745 98
366 151 10000 10878 180 408304 40486 37
267 175 10000 10877 900 408153 40644 152
367 68 10000 10880 560 408739 40653 98
48 10 10000 10881 900 408767 40644 152
235 306 10000 10792 10000 367173 83026 1660
86 262 10000 10883 900 409899 40769 152
51 98 10000 10888 1100 410682 40965 184
2 93 10000 10889 560 410764 41350 98
17 41 10000 10777 10000 361921 92199 1660
330 159 10000 10863 180 404164 49987 37
177 346 10000 10894 1100 413620 40992 184
247 117 10000 10897 560 414790 40587 98
100 276 10000 10902 250 415392 40324 48
327 95 10000 10900 560 415325 40518 98
47 231 10000 10898 900 414868 41201 152
306 60 10000 10903 250 415680 40672 48
303 68 10000 10901 1100 415344 41493 184
240 327 10000 10904 180 416504 40342 37
17 126 10000 10885 560 410217 46801 98
205 311 10000 10907 180 417055 40814 37
256 245 10000 10957 560 437568 20547 98
144 105 10000 10910 900 417867 40644 152
114 147 10000 10896 560 413984 45406 98
152 114 10000 10912 560 418645 40774 98
72 348 10000 10916 1870 419760 41523 316
299 263 10000 10920 250 421096 40228 48
282 212 10000 10918 900 420705 40644 152
227 99 10000 10917 560 420701 40671 98
276 383 10000 10905 900 416787 44934 152
65 287 10000 10891 560 410936 50969 98
174 98 10000 10923 1870 421739 41513 316
74 155 10000 10921 1100 421605 42940 184
213 296 10000 10807 10000 373774 91509 1660
115 124 10000 10913 900 418982 46769 152
88 22 10000 10922 3160 421669 44613 531
156 290 10000 10929 560 426059 40836 98
133 373 10000 10829 10000 383400 83648 1660
331 129 10000 10928 900 425942 42354 152
173 346 10000 10936 560 427723 40742 98
380 191 10000 10550 100001 258557 210019 16579
76 128 10000 10924 900 422663 46043 152
377 343 10000 10934 1870 427201 41513 316
373 301 10000 10915 560 419202 49869 98
81 10 10000 10938 560 429283 40593 98
394 50 10000 10926 1870 424600 45316 316
101 151 10000 10939 250 429831 40352 48
330 132 10000 10933 180 427113 44038 37
318 185 10000 10940 560 430601 40658 98
66 108 10000 10942 900 431038 40950 152
37 192 10000 10833 10000 389032 83026 1660
6 0 10000 10992 3160 452961 21623 531
144 22 10000 10947 560 434956 40490 98
179 219 10000 10948 180 435139 40308 37
347 238 10000 10950 180 435459 40184 37
245 257 10000 10943 10000 431753 44323 1660
220 91 10000 10945 1870 434518 41665 316
338 135 10000 10949 560 435239 40983 98
190 379 10000 10954 180 436248 40184 37
64 206 10000 10953 560 436087 40428 98
328 367 10000 10951 1870 435680 41513 316
227 228 10000 11002 560 457963 20214 98
326 179 10000 10956 1870 436823 42006 316
49 69 10000 10843 10000 394929 84235 1660
296 314 10000 10959 560 438717 40800 98
300 324 10000 10848 10000 396600 83409 1660
317 229 10000 10960 560 439244 40774 98
284 59 10000 10944 1870 433821 46197 316
84 390 10000 10962 900 440351 40644 152
367 260 10000 10967 180 441934 40184 37
280 286 10001 11004 1870 459819 22299 316
1 330 10000 10946 900 434629 47597 152
107 298 10000 10569 100001 267701 214761 16579
195 169 10000 10579 100001 274595 208050 16579
196 1 10000 10972 560 443110 40514 98
281 207 10000 10971 560 443094 40644 98
242 350 10000 10941 250 430752 53156 48
27 25 10000 10969 10000 442386 41998 1660
331 14 10000 10963 900 440546 44077 152
355 61 10000 10976 250 445126 40432 48
259 205 10000 10500 100001 230677 255435 16579
88 316 10001 10968 1870 442280 44238 316
282 368 10000 10978 900 445585 41031 152
313 329 10000 10979 560 446451 40428 98
202 393 10000 10862 10000 403830 83201 1660
357 69 10000 10981 250 446616 40667 48
46 377 10000 10977 900 445213 42109 152
259 141 10000 10983 1100 446939 40907 184
371 225 10000 10970 180 442614 45374 37
292 132 10000 10984 1870 447828 41513 316
4 307 10000 10985 1870 448070 41513 316
5 210 10000 10986 900 449027 40644 152
25 395 10000 10870 10000 406094 83939 1660
190 299 10000 10876 10000 407012 83253 1660
152 294 10000 10875 10000 406720 83653 1660
40 353 10000 10990 900 450021 40644 152
92 215 10000 10965 900 441130 50185 152
371 399 10000 10974 250 443384 48120 48
35 306 10000 10886 10000 410397 83026 1660
204 42 10001 10982 1100 446917 47372 184
384 273 10000 10961 560 439743 55027 98
223 232 10000 11029 1100 475341 20386 184
311 76 10000 10892 10000 411178 84897 1660
274 370 10000 10994 3160 453651 42517 531
251 313 10000 10995 1100 454226 42781 184
18 119 10000 10998 560 456958 40428 98
72 78 10000 11036 250 477531 20231 48
127 178 10000 11001 560 457755 40428 98
309 144 10000 10616 100001 288708 209726 16579
218 238 10000 11000 560 457750 40819 98
106 30 10000 10899 10000 415246 83578 1660
227 283 10000 10987 1100 449189 50511 184
109 274 10000 11003 1870 458879 41663 316
386 167 10000 11005 180 460100 40613 37
201 58 10000 10620 100001 289704 211880 16579
72 366 10000 11007 1100 461419 40772 184
297 108 10000 10632 100001 294778 208602 16579
153 129 10000 11008 560 463487 40652 98
317 388 10000 10635 100001 296023 209654 16579
233 223 10000 11055 560 485298 20580 98
216 145 10000 10639 100001 298065 208050 16579
350 328 10000 11014 900 466128 40644 152
48 250 10000 11015 1100 466173 40826 184
331 57 10000 11017 560 468125 40764 98
226 348 10000 10973 560 443218 66012 98
97 330 10000 10919 10000 421041 88724 1660
115 289 10000 11019 250 471308 40228 48
138 208 10000 11020 900 471534 40716 152
86 319 10000 11023 900 473561 40888 152
393 354 10000 11025 1870 474252 41513 316
326 397 10000 10580 100001 275188 241918 16579
115 371 10000 10660 100001 309839 208316 16579
295 105 10000 11041 560 477896 40428 98
45 229 10000 11039 1100 477874 40858 184
227 69 10000 11042 1100 478083 41033 184
97 230 10000 11043 560 478636 40788 98
84 358 10000 10955 10000 436391 83531 1660
11 288 10000 11011 560 463927 56184 98
61 93 10000 10666 100001 311548 208737 16579
389 281 10000 11037 1870 477648 43153 316
98 354 10000 11044 900 479607 41342 152
107 251 10000 10932 10000 427017 94343 1660
83 39 10000 11021 560 471878 49780 98
388 186 10000 11024 180 473638 49694 37
275 111 10000 10931 10000 426191 97149 1660
227 6 10000 11033 3160 476856 46643 531
196 151 10000 11049 560 483181 40699 98
31 286 10000 11047 1100 482744 41292 184
28 315 10000 11046 1870 482630 41724 316
225 245 10000 11054 250 484698 40431 48
360 59 10000 11051 1100 483211 42111 184
91 184 10000 10675 100001 315610 209971 16579
218 114 10000 11048 1870 482874 42763 316
35 386 10000 11057 250 485814 40228 48
274 290 10000 11059 560 485830 40428 98
392 58 10000 11056 1100 485713 40772 184
181 157 10000 11053 1870 484520 43048 316
35 176 10000 11063 1870 487801 41538 316
8 134 10000 11062 1870 487530 41998 316
353 215 10000 11064 1100 488875 41037 184
299 179 10000 11067 1870 490682 41725 316
29 4 10000 11068 1100 492078 40772 184
393 359 10000 10988 10000 449194 84380 1660
130 100 10000 11071 900 493458 40754 152
351 105 10000 10989 1870 449203 85255 316
2 352 10000 10480 400000 220072 314628 66306
204 279 10000 11016 3160 466301 68889 531
53 166 10000 10685 100001 319896 215594 16579
17 319 10000 10991 10000 452714 83026 1660
173 82 10000 11073 560 495067 41078 98
321 192 10000 10706 100001 329064 208050 16579
226 93 10000 10560 100001 263576 274117 16579
190 182 10000 11128 900 517671 20433 152
15 306 10000 11066 900 489752 48536 152
397 333 10000 11080 180 498853 40184 37
329 371 10000 11081 560 498949 40428 98
60 161 10000 11077 1870 497709 41903 316
217 368 10000 11079 900 498630 42060 152
216 69 10000 11085 560 500713 40514 98
267 43 10000 11086 250 500831 40536 48
358 48 10000 11082 3160 499219 42493 531
351 258 10000 10996 560 455806 85999 98
232 258 10000 11091 180 501730 40184 37
395 301 10000 11093 560 502847 40428 98
73 360 10000 11094 560 502873 40625 98
100 91 10000 11095 250 503543 40735 48
153 104 10000 11099 900 504343 40853 152
314 160 10000 11097 560 503932 41419 98
332 387 10000 11102 900 505713 40644 152
253 154 10000 11105 250 506384 40476 48
8 92 10000 10700 100001 325908 221043 16579
379 101 10000 11012 10000 464021 83026 1660
154 43 10000 11103 1100 505961 41228 184
207 280 10000 11104 180 506332 40957 37
158 374 10000 11101 3160 505680 42399 531
92 134 10000 10966 10000 441420 107151 1660
163 3 10000 11106 900 507885 40883 152
328 71 10000 11111 560 509317 40428 98
191 107 10000 11098 180 504123 46131 37
261 389 10000 11089 560 501330 48984 98
394 379 10000 11108 1100 508970 41435 184
124 231 10000 11009 10000 463575 87061 1660
280 315 10000 11096 1100 503889 47092 184
271 32 10000 11112 900 509976 41089 152
139 271 10000 11114 560 511365 40428 98
175 217 10000 11115 900 512028 40906 152
249 179 10000 11006 1100 460828 92194 184
244 312 10000 11117 250 512607 40816 48
96 66 10000 10728 100001 338848 214773 16579
183 390 10000 11118 1870 513199 41513 316
31 0 10000 11022 10000 471964 83321 1660
16 351 10000 11119 1100 513876 41414 184
383 377 10000 11109 1100 509005 47910 184
308 222 10000 11126 900 516162 40755 152
91 67 10000 11122 3160 515186 42129 531
71 312 10000 11129 1870 517693 41981 316
229 242 10000 11031 10000 475850 83970 1660
96 372 10000 10732 100001 340531 220569 16579
259 184 10000 11135 900 520363 40888 152
177 386 10000 11136 560 520819 40934 98
278 122 10000 11124 560 515354 46762 98
75 168 10000 11035 10000 477233 85169 1660
204 285 10000 11075 900 496599 66065 152
90 393 10000 11138 560 521940 40735 98
259 289 10000 11137 900 521841 40924 152
230 206 10000 10532 400000 245481 317384 66306
141 261 10000 11133 3160 520038 43399 531
91 267 10000 11040 10000 477880 85654 1660
332 360 10000 11139 900 523280 40857 152
240 221 10000 11132 3160 518896 46416 531
284 360 10000 11131 3160 518312 48613 531
240 50 10000 11052 10000 484146 83585 1660
178 322 10000 11144 1870 526690 41666 316
218 391 10000 11145 560 528491 40713 98
118 266 10000 11143 1100 526532 42689 184
369 43 10000 10514 400000 235345 334183 66306
67 327 10000 11146 900 529094 40644 152
139 232 10000 11151 560 530439 40516 98
294 56 10000 11152 560 530515 40697 98
54 67 10000 11153 1100 530615 40898 184
338 51 10000 11142 1100 525011 48128 184
172 253 10000 11154 1870 531669 41523 316
314 226 10000 11155 1870 532115 41909 316
380 125 10000 11159 560 534292 40428 98
151 334 10000 11156 180 532549 42262 37
41 369 10000 11161 560 534847 40872 98
259 309 10000 11072 10000 493745 83026 1660
303 342 10000 11162 1870 535276 41541 316
98 290 10000 11150 180 530398 46868 37
373 270 10000 11078 1870 498269 79107 316
5 117 10000 11167 900 538353 41058 152
333 117 10000 11169 1100 539050 40772 184
149 348 10000 11171 900 539573 40644 152
49 64 10000 11166 560 537957 43082 98
66 375 10000 11175 180 541276 40304 37
386 354 10000 11172 250 540377 41465 48
171 79 10000 11179 560 542194 40428 98
374 287 10000 10272 400000 131393 451437 66306
243 146 10000 11177 560 542084 40774 98
310 189 10000 11173 900 540523 42724 152
381 394 10000 10911 400000 418298 165108 66306
201 25 10000 11181 900 543005 40967 152
15 154 10000 11183 180 543634 40366 37
296 243 10000 11180 560 542712 41385 98
72 196 10000 11184 180 544089 40184 37
351 340 10000 11127 1100 516909 68313 184
399 41 10000 11185 900 544332 41039 152
162 278 10000 11187 900 545039 40644 152
273 181 10000 11186 560 545011 40773 98
330 351 10000 11189 560 546436 41004 98
94 46 10000 11190 900 546710 40809 152
238 319 10000 11195 560 549811 40428 98
348 66 10000 11174 560 540687 49637 98
41 159 10000 11168 180 538888 51564 37
274 348 10000 11194 560 549736 41237 98
67 84 10000 11197 560 550985 40428 98
262 7 10000 11196 1870 549972 41708 316
313 340 10001 11199 900 551067 40644 152
325 142 10000 11200 900 551112 40644 152
129 323 10000 11110 10000 509186 83441 1660
70 228 10000 11202 560 553253 40681 98
249 310 10000 11203 900 554068 40792 152
369 87 10000 11149 1100 530101 65433 184
269 253 10000 11204 250 555416 40721 48
130 303 10000 11207 900 555715 40855 152
64 386 10000 11206 900 555599 41065 152
305 328 10000 11208 1870 555750 41523 316
30 208 10000 11209 180 556818 40537 37
92 15 10000 10070 1850000 33596 564538 306661
279 118 10000 10818 100001 378660 219922 16579
185 326 10000 11113 10000 510663 89106 1660
45 36 10000 11210 180 559745 40414 37
119 194 10000 11211 560 559936 41171 98
128 53 10000 11214 560 561528 40587 98
188 108 10000 11205 900 555455 46817 152
366 83 10000 11213 900 561451 40945 152
40 359 10000 11193 250 548175 54367 48
73 59 10000 10841 100001 393278 209647 16579
122 222 10000 10044 1850000 22553 580381 306661
127 262 10000 11215 180 563292 40479 37
387 55 10000 11217 180 564134 40636 37
74 12 10000 11218 560 564717 40513 98
183 358 10000 11216 3160 563421 42028 531
389 204 10000 11219 180 564762 40756 37
369 36 10000 11178 180 542101 63452 37
374 155 10000 10478 100001 218828 387413 16579
265 250 10000 10851 100001 398197 208073 16579
315 13 10000 11188 560 545593 61915 98
36 268 10000 11223 1100 566905 40772 184
199 277 10000 11176 560 541544 66497 98
31 2 10000 10854 100001 399747 208540 16579
227 397 10000 11225 1870 567248 41513 316
376 132 10000 11222 560 566840 41933 98
374 25 10000 11090 560 501706 107243 98
294 327 10000 11228 250 568462 40603 48
217 165 10000 11140 10000 524223 86431 1660
346 29 10000 11232 560 570817 40777 98
37 194 10000 11234 1100 571940 41094 184
36 110 10000 11237 250 573816 40953 48
216 119 10000 11239 900 575578 40644 152
218 35 10000 11230 560 569976 46737 98
267 100 10000 11236 560 573449 43286 98
155 51 10000 11241 900 576724 40951 152
170 53 10000 11242 560 577586 40853 98
19 200 10000 11240 1100 576343 42871 184
21 386 10000 11163 10000 535400 84068 1660
335 9 10000 11245 900 578950 40877 152
103 15 10000 11246 180 578955 41714 37
105 370 10000 11250 1100 580788 40966 184
351 393 10000 11157 900 532687 90070 152
28 317 10000 11253 900 582541 40668 152
298 45 10000 11088 1870 501211 122345 316
246 21 10000 11255 1100 583177 40772 184
47 239 10000 11170 10000 539133 84832 1660
368 363 10000 11298 560 603425 20619 98
181 293 10000 11254 900 582618 41539 152
252 291 10000 10895 100001 413688 210561 16579
91 321 10000 11257 180 584162 40332 37
374 247 10000 10909 10000 417740 208216 1660
358 61 10000 10908 100001 417235 208958 16579
113 93 10000 11261 560 586308 40832 98
310 251 10000 11263 900 586581 40722 152
61 130 10000 11260 3160 586223 42048 531
331 37 10000 11266 250 588266 40228 48
150 359 10000 11238 1870 574904 54586 316
259 268 10000 11269 560 589215 40428 98
149 397 10000 11267 250 588467 41459 48
155 231 10000 11264 560 587098 43234 98
99 289 10000 11268 1870 588976 41684 316
8 171 10000 11270 1870 589713 41727 316
330 335 10000 11316 250 611333 20555 48
26 370 10000 10925 100001 424325 208050 16579
366 323 10000 11271 180 589780 42934 37
232 313 10000 11278 560 592647 40428 98
330 147 10000 11276 900 592393 40744 152
176 10 10000 11279 180 593189 40184 37
257 149 10000 11201 10000 552436 83154 1660
151 232 10000 11273 900 590298 45555 152
98 68 10000 10935 100001 427514 209099 16579
233 302 10000 10890 100001 410846 226890 16579
280 296 10000 11327 560 617141 20648 98
274 28 10000 11283 3160 596377 42273 531
272 387 10000 11285 560 598181 40585 98
110 207 10000 11198 10000 551030 89130 1660
367 1 10000 11284 1870 596855 43426 316
46 328 10000 11289 180 600084 40750 37
328 84 10000 11296 250 602730 40311 48
239 202 10000 11294 180 602586 40589 37
269 112 10000 11295 250 602586 40680 48
325 130 10000 11297 180 603103 40184 37
93 13 10000 11293 1100 602331 40963 184
82 278 10000 11292 1870 602212 41513 316
296 95 10000 11291 250 601236 42575 48
340 279 10000 11299 560 603724 40704 98
224 393 10000 11300 180 604264 40498 37
155 92 10000 11302 1100 605231 40982 184
250 264 10000 11304 900 605686 40644 152
312 61 10000 11303 900 605414 41120 152
318 228 10000 11305 250 605974 40849 48
29 268 10000 11287 1100 599300 47663 184
198 48 10000 11307 560 606413 40851 98
226 159 10000 11308 560 606510 41200 98
344 16 10000 10964 100001 440704 208498 16579
369 253 10000 10521 400000 239363 410255 66306
34 384 10000 11130 10000 518090 132089 1660
71 20 10000 11314 900 609545 40645 152
244 313 10000 11235 1870 572270 77950 316
186 393 10000 11226 10000 567790 83026 1660
58 321 10000 11313 1870 609413 42002 316
330 201 10000 11312 3160 608991 42568 531
197 229 10000 10061 1850000 29524 622209 306661
192 7 10000 11281 3160 595800 56013 531
269 300 10000 11311 560 608841 43121 98
319 231 10000 11317 180 611790 40184 37
283 11 10000 10750 400000 347294 306763 66306
235 346 10000 11318 3160 612767 41998 531
278 101 10000 11319 560 613859 40964 98
228 76 10000 11324 180 615564 40184 37
279 286 10000 11322 1100 615039 40772 184
89 71 10000 11309 900 607717 48111 152
120 223 10000 11320 1870 614384 41927 316
322 20 10000 11301 3160 604344 52957 531
61 297 10000 11328 180 617364 40184 37
287 153 10000 11325 1100 616452 41313 184
69 54 10000 10085 1850000 44226 613911 306661
62 302 10000 11329 560 617725 40428 98
85 376 10000 11330 900 618367 41039 152
240 98 10000 11331 1100 619575 40772 184
103 58 10000 11334 900 620769 40644 152
18 284 10000 11332 3160 620186 42180 531
230 36 10000 11335 560 622024 40428 98
206 276 10000 11247 10000 579260 84072 1660
169 390 10000 11341 180 623961 40184 37
229 384 10000 11339 560 623681 41576 98
216 370 10000 11338 1100 623622 41800 184
202 158 10000 11249 10000 580169 85400 1660
267 305 10000 11343 1870 625708 41780 316
64 244 10000 11346 180 627621 40850 37
249 78 10000 11349 560 628027 40875 98
226 158 10000 11262 10000 586557 83694 1660
92 22 10000 11352 900 629722 40659 152
179 164 10000 11392 1100 650228 20386 184
185 141 10000 11347 250 627764 43107 48
52 331 10000 10873 10000 406514 264381 1660
371 81 10000 11351 1870 629514 41857 316
176 36 10000 11355 1100 630494 40909 184
138 244 10000 11358 180 631291 40413 37
159 368 10000 11354 900 630371 41866 152
278 369 10000 11360 180 631895 40676 37
310 348 10000 11362 900 632509 40644 152
112 195 10000 11357 560 630898 42712 98
309 48 10000 11356 900 630640 43172 152
54 274 10000 10937 100001 428569 245480 16579
177 140 10000 11274 10000 590591 84224 1660
223 18 10000 11315 560 610640 64291 98
127 385 10000 11365 900 636042 40644 152
324 83 10000 10145 1850000 73831 603050 306661
388 10 10000 11280 10000 593564 83352 1660
367 356 10000 11282 10000 596087 83026 1660
148 259 10000 11350 900 629428 50311 152
264 147 10000 11368 1100 639017 40886 184
65 108 10000 11373 900 640715 40644 152
278 186 10000 11371 250 640254 42017 48
297 237 10000 11375 560 642273 40908 98
241 146 10000 11374 560 641492 42125 98
305 123 10000 11027 100001 474992 208673 16579
378 389 10000 11340 250 623888 60496 48
116 2 10000 11378 560 643784 40855 98
59 316 10000 11380 560 644111 40576 98
102 168 10000 11026 100001 474653 210100 16579
234 20 10000 11381 900 644115 40644 152
105 136 10000 11382 900 644406 40880 152
350 155 10000 11386 1100 646469 40859 184
256 192 10000 11045 100001 479794 209069 16579
154 161 10000 11385 3160 645367 43775 531
270 77 10000 11306 10000 606124 83193 1660
315 232 10000 11364 900 634892 54569 152
203 271 10000 11388 900 648834 40732 152
161 241 10000 10980 100001 446545 244580 16579
198 311 10000 11384 560 644656 46490 98
98 94 10000 11436 560 670847 20323 98
250 163 10000 11310 10000 608735 83026 1660
130 105 10000 11396 900 651994 40705 152
2 34 10000 11394 1870 651616 41792 316
17 138 10000 11393 180 650526 43250 37
266 290 10000 11060 100001 485937 208112 16579
20 203 10000 11400 560 653983 40560 98
237 352 10000 11058 100001 485827 209718 16579
3 64 10000 11406 180 655506 40468 37
185 377 10000 11407 900 655551 40851 152
104 157 10000 11409 180 655952 40523 37
47 342 10000 11404 1100 655301 41199 184
28 119 10000 11412 560 658817 40428 98
110 44 10000 11413 250 659498 40228 48
165 366 10000 11414 560 659598 40428 98
280 135 10000 11013 100001 464475 236091 16579
352 214 10000 11030 100001 475711 225431 16579
118 326 10000 10270 1850000 130699 570582 306661
139 181 10000 11069 100001 492301 209368 16579
226 33 10000 10080 1850000 38857 663356 306661
123 78 10000 11403 1870 654882 47369 316
228 253 10000 11070 100001 492834 209506 16579
101 156 10000 11418 560 662460 40659 98
14 84 10000 11419 900 662540 40644 152
102 363 10000 11323 10000 615213 88173 1660
45 358 10000 11333 10000 620411 83382 1660
89 253 10000 11420 560 663291 40810 98
133 335 10000 11321 10000 614689 91121 1660
272 1 10000 11417 560 662012 44746 98
30 366 10000 11424 560 666351 40684 98
75 390 10000 11423 900 665535 41670 152
313 340 10000 11084 100001 500343 208389 16579
30 349 10000 11432 900 669531 40644 152
60 103 10000 11431 1870 669157 41513 316
399 18 10000 11433 250 670160 40636 48
109 246 10000 11435 900 670524 40862 152
39 361 10000 11087 100001 501118 210447 16579
8 165 10000 11437 900 670932 40675 152
35 262 10000 11439 250 671457 40247 48
228 11 10000 11434 1100 670367 41420 184
253 366 10000 11440 180 671643 40184 37
32 147 10000 11441 250 671703 40815 48
384 320 10000 11028 100001 475325 237534 16579
243 298 10000 11438 1100 671223 41824 184
155 369 10000 11442 900 672199 40919 152
207 299 10000 11443 1870 672760 42898 316
34 305 10000 10707 400000 329257 386453 66306
78 18 10000 11445 560 673609 42573 98
139 149 10000 11448 900 675448 40887 152
31 249 10000 11429 900 668768 47842 152
2 209 10000 11363 10000 633766 83492 1660
27 142 10000 11450 180 677471 40184 37
210 105 10000 11449 900 676930 41055 152
237 355 10000 11451 180 678022 40184 37
323 318 10000 11446 3160 673847 44499 531
55 169 10000 11453 180 678459 40213 37
187 223 10000 11452 1100 678092 41538 184
297 171 10000 11455 1100 678882 40772 184
321 132 10000 11425 560 666903 52781 98
348 378 10000 11367 10000 638239 83026 1660
30 178 10000 11100 100001 504641 217215 16579
37 227 10000 11457 900 681508 40644 152
164 344 10000 11107 100001 508882 213711 16579
72 372 10000 11459 900 682314 40649 152
346 305 10000 11121 100001 514213 209387 16579
344 350 10000 11505 560 703858 20214 98
88 95 10000 11502 900 702884 22223 152
393 199 10000 11463 180 684379 40997 37
362 248 10000 11461 3160 684075 42172 531
70 53 10000 11464 1870 684526 42078 316
114 183 10000 11454 560 678760 48182 98
124 132 10000 11511 1870 706156 21097 316
98 174 10000 11465 3160 685356 41998 531
248 22 10000 10592 400000 278647 449043 66306
399 110 10000 11383 10000 644596 83467 1660
262 112 10000 11467 900 686623 41602 152
46 141 10000 11447 1100 675060 53290 184
372 262 10000 11468 250 688133 40228 48
352 341 10000 11509 1100 705040 26940 184
20 272 10000 11390 10000 649577 83145 1660
62 228 10000 11474 900 692657 40644 152
275 305 10000 11473 560 692644 40696 98
83 360 10000 11391 10000 650128 83808 1660
311 15 10000 11477 3160 692859 42159 531
2 4 10000 11533 560 715678 20214 98
399 354 10000 11479 900 695527 41635 152
54 201 10000 11399 10000 653358 83950 1660
280 339 10000 11485 900 696576 40783 152
42 246 10000 11486 560 696995 40428 98
254 73 10000 11475 250 692709 44814 48
4 164 10000 11401 10000 653998 83572 1660
350 269 10000 11480 1870 695593 42727 316
76 258 10000 11482 3160 696257 42337 531
277 11 10000 11488 560 697934 40791 98
54 156 10000 11489 180 697954 41387 37
263 196 10000 11366 10000 636578 102850 1660
36 196 10000 10684 400000 319077 420440 66306
391 87 10000 11490 1870 698274 41513 316
303 16 10000 11491 900 699300 40644 152
9 151 10000 11492 560 699826 40428 98
226 33 10001 11494 900 699875 40644 152
37 251 10000 11481 560 695871 44666 98
18 106 10000 11493 1100 699860 41138 184
195 180 10000 11544 180 721067 20092 37
189 111 10000 11496 250 700716 41098 48
342 12 10000 11504 900 703260 40644 152
201 343 10000 11497 900 701364 42878 152
360 130 10000 10062 1850000 30331 713917 306661
190 34 10000 11500 3160 702592 42050 531
344 233 10000 11506 1100 704116 40772 184
111 174 10000 11501 3160 702749 42286 531
209 370 10000 11499 180 701938 43722 37
384 396 10000 10664 1850000 310820 435375 306661
243 118 10000 11508 1100 704976 41373 184
361 75 10000 11507 1870 704436 42313 316
145 194 10000 11512 560 706678 40624 98
249 105 10000 11515 180 708773 40450 37
256 100 10000 11165 100001 535761 213944 16579
329 142 10000 11516 1100 708859 41336 184
124 369 10000 11519 560 709722 40720 98
391 265 10000 11038 100001 477668 273068 16579
179 258 10000 11123 100001 515321 235537 16579
359 47 10000 11518 1870 709634 41609 316
368 302 10000 11517 250 709236 42056 48
391 142 10000 11503 180 702954 48614 37
221 73 10000 11510 1870 705847 46845 316
356 252 10000 11522 1870 711836 42034 316
123 242 10000 11528 180 713995 40184 37
257 15 10000 11525 1100 713370 40917 184
63 262 10000 11526 560 713585 40823 98
346 299 10000 11520 1100 709913 45194 184
182 271 10000 11529 900 714497 41249 152
85 357 10000 11527 3160 713753 41998 531
265 324 10000 11191 100001 547786 208615 16579
383 141 10000 11524 1870 712999 43866 316
12 189 10000 11532 900 715664 41294 152
253 322 10000 11536 180 716660 40481 37
4 370 10000 11530 3160 715312 41998 531
265 72 10000 11539 560 717184 40428 98
292 208 10000 11540 3160 717307 42186 531
172 86 10000 11543 180 720351 40514 37
173 74 10000 11542 1870 719473 41731 316
148 228 10000 11537 250 716993 44626 48
127 343 10000 11456 10000 679477 83405 1660
8 212 10000 11545 1870 721378 41603 316
158 32 10000 11147 100001 529103 234612 16579
69 203 10000 11546 900 723536 41063 152
77 312 10000 11548 250 724098 40548 48
87 262 10000 11549 180 724263 40446 37
275 335 10000 11541 1870 717504 48207 316
157 188 10000 11458 10000 682165 83626 1660
269 117 10000 11531 1870 715555 51257 316
156 70 10000 11460 10000 682339 84567 1660
29 173 10000 11553 560 727101 40531 98
33 399 10000 11444 10000 673371 94846 1660
360 65 10000 11554 1870 728164 41841 316
43 146 10000 11557 180 729722 40697 37
287 130 10000 11558 900 729900 40644 152
265 55 10000 11560 250 730467 40228 48
124 209 10000 11563 180 731011 40655 37
189 318 10000 11556 560 729712 42231 98
322 159 10000 11561 560 730906 41080 98
344 369 10000 11565 560 731670 40428 98
396 221 10000 11566 250 732108 40812 48
143 167 10000 11567 560 732572 40940 98
72 116 10000 11547 250 723814 49860 48
357 364 10000 11568 900 733733 41055 152
274 256 10000 11471 10000 691297 83512 1660
93 286 10000 11220 100001 565233 209797 16579
292 228 10000 11570 900 734417 40644 152
24 15 10000 11569 180 734263 41320 37
372 255 10000 11472 10000 691426 84437 1660
279 119 10000 11574 1100 736751 40772 184
331 361 10000 11575 560 736807 41338 98
7 373 10000 11224 100001 566998 211197 16579
265 153 10000 11229 100001 569365 209048 16579
372 273 10000 11573 900 736627 42146 152
283 350 10000 11576 560 738552 40428 98
13 14 10000 11614 900 758622 20570 152
242 43 10000 11478 10000 692971 86985 1660
168 187 10000 11233 100001 571042 210226 16579
10 11 10000 11620 560 760623 21002 98
230 41 10000 11584 250 742350 40332 48
82 255 10000 11585 180 742782 40511 37
302 397 10000 11582 900 741442 42354 152
24 342 10000 11580 1870 740505 43341 316
72 215 10000 11495 10000 700649 83371 1660
15 109 10000 11583 1870 742307 41891 316
235 254 10000 11588 1100 743934 40772 184
17 274 10000 11586 560 743256 42124 98
25 133 10000 11592 560 747146 40634 98
374 200 10000 11593 900 747676 41769 152
129 174 10000 11596 180 749260 40555 37
371 386 10000 11564 900 731373 58839 152
273 391 10000 11597 1100 749432 41071 184
138 272 10000 11594 3160 748779 41998 531
5 341 10000 11599 560 749810 41519 98
153 246 10000 11591 900 746435 45247 152
306 152 10000 11601 1870 750487 42109 316
8 366 10000 11604 180 752535 40414 37
296 345 10000 11603 3160 750803 42205 531
31 247 10000 11251 100001 580848 212430 16579
24 53 10000 11590 180 746205 47341 37
140 322 10000 11607 180 753455 40602 37
159 87 10000 11605 900 752657 41536 152
28 129 10000 11600 1100 750321 44904 184
23 129 10000 11602 250 750633 44984 48
190 97 10000 11610 250 756457 40355 48
166 4 10000 11609 3160 754475 42593 531
132 104 10000 11272 100001 589946 208050 16579
216 225 10000 11611 900 757320 40722 152
134 86 10000 11612 560 757710 41004 98
114 377 10000 11613 250 758207 41000 48
196 313 10000 11521 10000 710546 89913 1660
94 43 10000 11535 10000 716487 84099 1660
209 189 10000 11275 100001 591055 209837 16579
391 187 10000 11622 1100 760982 40772 184
214 136 10000 11625 560 761398 40428 98
76 192 10000 11627 560 761712 40563 98
196 350 10000 11624 900 761355 40924 152
373 289 10000 11598 1100 749475 53401 184
80 383 10000 11633 900 763708 41015 152
130 178 10000 11635 560 764798 40428 98
179 101 10000 11631 3160 763042 42319 531
398 133 10000 11636 250 764988 40638 48
127 381 10000 11634 1100 764756 40922 184
388 286 10000 11639 180 765411 40405 37
383 140 10000 11637 560 765183 40846 98
192 324 10000 11641 1100 765568 40772 184
25 40 10000 11642 180 765809 40830 37
239 282 10000 11640 560 765434 41234 98
389 263 10000 11644 900 766041 40644 152
213 197 10000 10958 400000 438244 368858 66306
365 257 10000 11626 250 761691 45906 48
108 212 10000 11645 180 767913 40186 37
278 236 10000 11638 900 765249 44121 152
124 80 10000 11643 560 765816 44062 98
177 207 10000 11630 3160 762974 47314 531
112 318 10000 11632 1870 763371 47691 316
307 11 10000 11608 180 753531 57933 37
289 332 10000 11649 250 771306 40567 48
215 301 10000 11286 100001 599198 212911 16579
159 150 10000 11674 900 791203 21422 152
266 26 10000 11653 180 772882 41594 37
10 230 10000 11651 1870 772279 43322 316
227 144 10000 11655 560 774262 41780 98
298 342 10000 11476 900 692832 123936 152
41 51 10000 11684 900 796670 20487 152
394 50 10001 11647 3160 768106 49057 531
260 339 10000 11618 1870 760367 57248 316
265 336 10000 11658 180 779760 40233 37
57 345 10000 10322 1850000 154146 667431 306661
238 354 10000 11555 10000 728979 93733 1660
266 293 10000 11659 1100 780297 42554 184
20 261 10000 11577 10000 738849 84118 1660
323 78 10000 11663 1870 782502 42273 316
276 314 10000 11666 180 784569 40570 37
287 54 10000 11326 100001 617030 208962 16579
216 124 10000 11587 10000 743496 83217 1660
170 94 10000 11669 900 786479 40839 152
217 224 10000 11664 560 782793 45153 98
372 224 10000 11665 1870 782852 45667 316
397 282 10000 11290 100001 601064 227463 16579
274 35 10000 11672 180 788658 40386 37
227 2 10000 11670 1870 787593 41650 316
206 137 10000 11673 250 790789 40342 48
101 109 10000 11718 1100 813235 20386 184
181 338 10000 11675 560 792075 41855 98
329 317 10000 11336 100001 622250 212003 16579
227 71 10000 11677 180 794009 40451 37
297 41 10000 11680 560 795137 40705 98
258 145 10000 11679 180 795011 41384 37
7 285 10000 11685 180 796733 40184 37
159 310 10000 11683 900 796434 41130 152
105 169 10000 11687 560 797824 40580 98
27 0 10000 11342 100001 624457 214580 16579
359 372 10000 11688 900 798686 40811 152
327 290 10000 11690 900 800049 40706 152
15 244 10000 11691 560 800988 41102 98
0 166 10000 11693 250 802839 40429 48
394 125 10000 11657 560 779296 64781 98
125 155 10000 11695 560 803688 40428 98
231 32 10000 11696 900 804211 41612 152
239 246 10000 11698 1100 805421 40861 184
353 156 10000 11686 900 797589 48811 152
71 166 10000 11702 900 807230 40735 152
87 164 10000 11703 1870 807657 41738 316
4 214 10000 11708 560 809074 40642 98
246 156 10000 11694 560 803047 47671 98
225 362 10000 11705 1870 808501 42352 316
131 381 10000 11707 250 808946 42069 48
158 117 10000 11710 180 810341 40768 37
14 318 10000 11376 100001 642631 208904 16579
308 302 10000 11763 900 831520 20322 152
236 139 10000 11709 3160 809756 42248 531
163 199 10000 11711 560 811217 41023 98
10 58 10000 11700 900 806003 47143 152
175 335 10000 11716 250 812699 40577 48
376 9 10000 11715 1100 812579 40772 184
152 173 10000 11699 900 805440 48183 152
328 93 10000 11646 10000 768036 86277 1660
180 149 10000 11717 1870 812820 41533 316
26 115 10000 11650 10000 772237 83676 1660
102 46 10000 11713 900 812234 43775 152
262 170 10000 11720 560 815752 40454 98
201 347 10000 11370 100001 639982 217106 16579
172 157 10000 11387 100001 648458 208811 16579
15 53 10000 11714 1870 812388 45478 316
398 37 10000 11722 560 816697 41274 98
154 282 10000 11724 1870 817202 41513 316
269 38 10000 11725 1870 817986 41513 316
13 333 10000 11726 3160 818066 41998 531
200 156 10000 11727 1870 818349 41786 316
1 168 10000 11728 560 819797 40876 98
156 108 10000 11729 900 820099 40644 152
143 42 10000 11678 900 794680 66876 152
96 116 10000 11723 3160 817029 44651 531
102 32 10000 10565 400000 265166 597554 66306
9 232 10000 11734 560 822283 41208 98
397 199 10000 11719 560 813960 50437 98
281 389 10000 11741 560 825354 40784 98
381 62 10000 11738 3160 823922 42218 531
80 260 10000 11747 560 826325 40754 98
51 302 10000 11744 900 825987 41294 152
49 166 10000 11730 3160 821315 46854 531
33 200 10000 11751 1100 826996 41216 184
79 25 10000 11415 100001 659985 208876 16579
94 355 10000 11752 1870 827451 41760 316
24 374 10000 11757 180 830109 40184 37
221 272 10000 11737 3160 823459 47025 531
361 334 10000 11712 1100 811385 59109 184
380 315 10000 11755 1870 829038 41716 316
203 381 10000 11742 250 825846 45022 48
257 25 10000 11654 10000 774146 96743 1660
84 115 10000 11416 100001 660986 210167 16579
137 203 10000 11758 900 830487 40706 152
29 142 10000 11760 1100 831077 40772 184
150 123 10000 11762 250 831407 40568 48
122 86 10000 11765 900 832336 40714 152
332 382 10000 11754 3160 828346 45044 531
245 364 10000 11764 900 832336 41195 152
367 322 10000 11768 560 833792 40579 98
333 100 10000 11769 900 833794 40979 152
289 139 10000 11772 180 834780 40184 37
283 335 10000 11770 560 834009 41018 98
385 228 10000 11749 560 826642 48685 98
152 47 10000 11160 400000 534367 342065 66306
37 111 10000 11777 560 837043 40939 98
102 51 10000 11778 900 837537 40644 152
245 294 10000 10381 1850000 176455 701874 306661
30 97 10000 11746 560 826293 52057 98
294 392 10000 11779 1100 837619 40772 184
352 11 10000 10311 1850000 148969 729646 306661
112 289 10000 11745 1100 826097 52584 184
370 130 10000 11781 250 838600 40338 48
396 53 10000 11589 10000 745842 133302 1660
78 266 10000 11402 100001 654039 225709 16579
182 7 10000 11775 250 836381 43416 48
382 356 10000 11372 100001 640298 240023 16579
60 68 10000 11819 560 860042 20620 98
148 56 10000 11784 900 840136 40644 152
125 311 10000 11785 560 841413 40448 98
202 17 10000 11408 100001 655812 226299 16579
358 131 10000 11787 180 841554 40568 37
140 333 10000 11788 250 841725 40435 48
206 149 10000 11780 180 837689 45022 37
378 0 10000 11793 560 843931 40736 98
223 3 10000 10882 400000 409836 476705 66306
270 95 10000 11795 250 845590 41133 48
322 178 10000 11794 1870 844686 42728 316
129 248 10000 11796 560 846380 41119 98
53 209 10000 11783 560 839249 48284 98
217 376 10000 11790 560 842763 45055 98
219 287 10000 11692 10000 802761 86723 1660
267 39 10000 11801 560 850002 40428 98
58 242 10000 11689 10000 799014 91630 1660
301 81 10000 11797 3160 848467 43339 531
183 236 10000 11799 560 849750 42416 98
366 26 10000 11804 900 851686 40775 152
90 363 10000 11802 1870 850603 42486 316
128 109 10000 11806 250 854344 40228 48
393 105 10000 11466 100001 685939 208733 16579
292 53 10000 11805 1870 853965 41594 316
10 343 10000 11800 250 849772 46666 48
81 252 10000 11617 10000 760290 137818 1660
245 155 10000 11809 1100 857742 41364 184
385 132 10000 11808 3160 857489 41998 531
169 191 10000 11706 10000 808653 91029 1660
303 310 10000 11811 10000 857968 41998 1660
39 211 10000 11817 900 859611 40690 152
22 69 10000 11820 560 860342 40429 98
90 272 10000 11814 3160 858472 43411 531
96 69 10000 11822 560 861571 40663 98
59 176 10000 11344 100001 626202 276746 16579
110 377 10000 11810 560 857856 45793 98
354 83 10000 11827 1100 863607 40772 184
114 101 10000 11880 1100 884698 20386 184
159 203 10000 11830 180 865003 40903 37
50 98 10000 11831 1100 865224 40885 184
162 140 10000 11736 10000 823112 83298 1660
149 294 10000 11836 1870 866449 41513 316
170 385 10000 11837 1100 867116 41329 184
28 181 10000 11740 10000 825258 83311 1660
132 383 10000 11838 900 868036 40644 152
395 205 10000 11841 900 868141 41020 152
199 347 10000 11824 560 862704 47523 98
164 95 10000 11842 180 868581 41730 37
355 226 10000 11812 1870 858049 52274 316
53 116 10000 11739 10000 824201 86200 1660
331 342 10000 11813 250 858381 52157 48
41 258 10000 11748 10000 826497 84282 1660
45 125 10000 11843 900 870593 40644 152
159 350 10000 11845 180 870946 40673 37
295 10 10000 11487 100001 697715 215622 16579
395 234 10000 11826 900 863303 50292 152
313 224 10000 11853 560 873884 40580 98
72 151 10000 11855 560 874230 40633 98
318 49 10000 11753 10000 827852 87393 1660
112 32 10000 11141 400000 524689 390799 66306
263 108 10000 11847 180 871328 44314 37
84 6 10000 11848 3160 872464 43335 531
236 5 10000 11859 560 875572 40428 98
160 44 10000 11369 10000 639494 276656 1660
126 177 10000 11221 400000 565875 350759 66306
269 297 10000 11862 180 877407 40427 37
315 206 10000 11857 3160 874450 43785 531
334 219 10000 11852 250 873337 45223 48
50 101 10000 11850 560 873049 45574 98
153 371 10000 11849 900 873020 46110 152
346 71 10000 11773 10000 835709 83665 1660
342 71 10000 11863 1870 877940 41752 316
12 277 10000 11864 560 878197 41524 98
28 135 10000 11865 900 878875 40918 152
204 348 10000 11671 180 787933 131999 37
167 177 10000 10744 1850000 345849 574385 306661
248 377 10000 11840 1100 868131 52392 184
55 166 10000 11871 250 880712 40228 48
396 388 10000 11917 1870 900133 20999 316
193 223 10000 11846 250 871104 51218 48
306 238 10000 11259 400000 585418 337113 66306
391 290 10000 11851 900 873277 49445 152
387 179 10000 11873 180 882899 40283 37
151 58 10000 11498 100001 701444 221808 16579
189 323 10000 11866 560 879755 43586 98
99 295 10000 11875 560 883299 40741 98
255 53 10000 11879 1870 884366 41644 316
359 122 10000 11704 10000 807784 118414 1660
21 88 10000 11881 1870 884845 41812 316
187 384 10000 11882 560 885331 41383 98
353 287 10000 11885 250 886580 40228 48
42 80 10000 11886 180 886675 40184 37
142 240 10000 11876 560 883804 43290 98
295 48 10000 11791 10000 843144 84034 1660
271 48 10000 11874 560 883254 44616 98
279 325 10000 11854 1870 874129 54660 316
120 171 10000 11892 250 890557 40751 48
349 115 10000 11890 900 890490 41275 152
175 172 10000 11934 3160 910818 21940 531
39 365 10000 11894 900 892371 41421 152
244 210 10000 11896 1100 892911 41425 184
77 379 10000 11899 560 894525 40428 98
265 112 10000 11887 1100 886982 48771 184
43 312 10000 11898 900 894454 41315 152
200 202 10000 11947 560 915617 20214 98
231 308 10000 11901 900 894766 41113 152
381 207 10000 11900 900 894714 41249 152
138 251 10000 11903 1100 895490 40955 184
81 386 10000 11902 560 895307 41422 98
383 4 10000 11798 10000 849299 88294 1660
377 4 10000 11905 1870 896669 41803 316
362 175 10000 11910 250 898030 40947 48
198 175 10000 11909 900 897947 41238 152
345 220 10000 11908 900 897781 41543 152
392 291 10000 11911 1870 898348 41539 316
267 311 10000 11914 900 899194 40924 152
367 76 10000 11915 900 899348 40907 152
232 22 10000 11918 180 900305 40184 37
71 168 10000 11912 3160 898913 42586 531
371 43 10000 11816 10000 859301 83273 1660
301 186 10000 11562 100001 730930 211688 16579
57 355 10000 11818 10000 859809 83026 1660
388 194 10000 11922 560 902531 40583 98
150 98 10000 11923 560 902625 40889 98
217 87 10000 11924 560 903203 40846 98
352 219 10000 11821 10000 860914 84764 1660
259 360 10000 11927 1870 904231 41513 316
193 210 10000 11928 900 904813 41069 152
116 309 10000 11929 1870 905534 41645 316
228 62 10000 11825 10000 862958 84602 1660
51 1 10000 11834 10000 865826 83863 1660
312 81 10000 11932 560 909364 40643 98
374 114 10001 11925 560 903852 46406 98
75 110 10000 11933 900 909412 42175 152
27 332 10000 11936 250 911404 40228 48
240 336 10000 11878 900 884337 68563 152
395 11 10000 11939 900 912764 40929 152
316 311 10000 11982 900 933224 20508 152
349 22 10000 11944 250 914223 40445 48
161 223 10000 11828 10000 864737 90160 1660
61 259 10000 11943 1870 913577 41963 316
12 227 10000 11941 1870 913115 42694 316
103 269 10000 11949 180 916116 40184 37
80 105 10000 11926 1870 904163 52495 316
24 47 10000 11951 560 916246 40529 98
340 242 10000 11252 400000 581313 376112 66306
54 250 10000 11953 1100 916604 40887 184
107 186 10000 11950 560 916180 41586 98
136 30 10000 11956 900 917348 40644 152
40 88 10000 11959 900 918563 40941 152
272 71 10000 11961 900 918964 40896 152
28 384 10000 11962 250 919688 40462 48
236 398 10000 11945 1870 914552 45957 316
79 41 10000 11952 900 916448 44068 152
151 92 10000 10128 1850000 66711 894468 306661
204 73 10000 11732 180 821663 139758 37
159 392 10000 11860 560 876512 85122 98
252 329 10000 11957 3160 917393 44613 531
325 73 10000 11965 1100 921319 41037 184
299 204 10000 11958 900 917986 45017 152
156 215 10000 11595 100001 748853 214530 16579
55 294 10000 11968 560 922630 40814 98
77 93 10000 11969 900 923494 40920 152
242 287 10000 11559 100001 730316 234488 16579
316 116 10000 11970 250 924741 40462 48
263 357 10000 11971 1100 924744 41834 184
358 226 10000 11581 100001 741028 226150 16579
74 197 10000 11946 560 915566 52016 98
52 153 10000 10142 1850000 72666 894997 306661
69 233 10000 11975 560 926843 41095 98
99 380 10000 11883 10000 885522 83967 1660
137 315 10000 11978 900 928890 40997 152
52 37 10000 11844 180 870662 100212 37
34 201 10000 10152 1850000 77046 895791 306661
398 361 10000 11980 1870 931373 41827 316
183 384 10000 11983 180 933232 40184 37
195 229 10000 11979 3160 930005 43540 531
119 389 10000 11889 10000 890121 83681 1660
218 325 10000 11981 900 933195 40960 152
259 351 10000 11891 10000 890499 83774 1660
179 69 10000 11621 100001 760681 213911 16579
296 4 10000 11987 560 934473 40534 98
78 45 10000 11984 1870 933429 42184 316
155 245 10000 11989 900 934616 41162 152
301 336 10000 11623 100001 761338 214522 16579
125 211 10000 11985 3160 933944 41998 531
203 159 10000 11606 100001 752987 223002 16579
96 373 10000 11470 100001 690500 287516 16579
63 330 10000 11897 10000 893588 84448 1660
43 399 10000 11991 560 938099 41076 98
146 313 10000 11823 560 862662 116584 98
389 240 10000 11994 560 939319 40793 98
175 324 10000 11996 560 939977 40428 98
113 233 10000 11992 250 938358 42076 48
196 228 10000 11652 100001 772648 208050 16579
19 334 10000 11998 900 940164 40842 152
165 53 10000 12002 1100 940719 40866 184
283 9 10000 11578 100001 739244 242597 16579
158 382 10000 11377 400000 643064 339593 66306
272 165 10000 11628 100001 761784 221056 16579
67 101 10000 12008 560 942761 40428 98
374 158 10000 10157 1850000 78959 904895 306661
197 108 10000 12006 180 942650 41377 37
189 153 10000 12004 560 941179 42920 98
117 55 10000 12007 1100 942713 41491 184
59 298 10000 11913 560 899097 86248 98
295 230 10000 11462 400000 684101 301256 66306
275 106 10000 11921 10000 902476 83046 1660
169 275 10000 12009 900 945297 40794 152
344 250 10000 11920 10000 902243 84103 1660
47 33 10000 12010 1100 946119 40772 184
278 170 10000 10930 1850000 426156 560803 306661
1 367 10000 12016 1100 949745 40857 184
284 226 10000 12015 560 949007 41645 98
88 37 10000 12013 900 947529 44269 152
291 362 10000 12022 560 952570 40428 98
398 110 10000 12020 900 952328 40735 152
86 188 10001 12019 560 951933 41142 98
232 366 10000 12021 560 952410 41460 98
332 144 10000 12024 180 954143 40184 37
68 237 10000 12014 1870 947677 47050 316
58 178 10000 12025 560 954651 40812 98
59 103 10000 11931 560 908285 87658 98
45 20 10000 11938 10000 912134 83918 1660
240 53 10000 11942 10000 913251 83676 1660
314 52 10000 12026 180 956978 40950 37
308 166 10000 12030 900 958657 40826 152
184 364 10000 12031 180 959302 40341 37
131 206 10000 11955 10000 916744 83459 1660
237 149 10000 12032 900 960838 40873 152
147 218 10000 11398 400000 652904 351885 66306
304 232 10000 11948 10000 915772 89111 1660
214 290 10000 11940 10000 913041 91898 1660
380 302 10000 12035 3160 963348 42396 531
348 64 10000 12036 1100 964254 41964 184
59 11 10000 11960 250 918626 88683 48
330 85 10000 12033 1870 961877 46168 316
285 395 10000 12040 560 967449 40840 98
48 9 10000 11660 100001 781072 227271 16579
22 301 10000 12044 560 968087 41097 98
330 103 10000 11662 100001 782068 227235 16579
267 112 10000 12029 560 958627 50808 98
111 311 10000 12039 900 967165 42577 152
54 158 10000 11954 10000 916735 93871 1660
185 167 10000 12045 3160 968122 42608 531
86 188 10000 11974 10000 926530 84772 1660
27 116 10000 12047 560 971558 40428 98
106 303 10000 11990 560 935127 77153 98
8 93 10000 12049 180 972755 40184 37
374 363 10000 12088 900 993774 20322 152
362 247 10000 12052 560 974010 40658 98
164 55 10000 12054 560 975122 41092 98
302 176 10000 12055 560 976361 40805 98
365 45 10000 12038 560 967129 50537 98
7 66 10000 12056 180 978168 40435 37
295 332 10000 12057 560 978490 40625 98
23 239 10000 12059 1100 978745 40772 184
240 117 10000 12048 900 972435 47648 152
90 48 10000 12042 560 967765 52741 98
375 358 10000 11379 400000 643817 379445 66306
266 274 10000 12105 1100 1002985 20608 184
153 31 10000 10844 1850000 395268 628527 306661
95 315 10000 12066 1100 984050 41335 184
44 19 10000 12064 900 983638 41941 152
219 67 10000 12058 900 978686 47248 152
107 4 10000 12071 560 985856 40428 98
395 362 10000 12067 3160 984391 41998 531
203 253 10000 11977 10000 927454 99306 1660
143 201 10000 12072 560 986137 40790 98
111 209 10000 11877 10000 883968 142965 1660
48 380 10000 12068 560 984608 42577 98
272 195 10000 12073 560 986348 40976 98
277 362 10000 12060 560 978841 48578 98
321 15 10000 12074 560 987243 40891 98
377 398 10000 12065 560 983801 44602 98
395 112 10000 12075 180 987552 41095 37
33 122 10000 12078 250 988525 40306 48
84 290 10000 12079 900 988899 40884 152
223 377 10000 11244 100001 578630 451285 16579
299 353 10000 12080 560 989093 41838 98
332 28 10000 12082 560 991138 40781 98
304 143 10000 11265 400000 587290 445750 66306
280 329 10000 12084 560 993238 41109 98
51 148 10000 12087 900 993751 40644 152
311 349 10000 12017 10000 951325 83108 1660
188 126 10000 12077 900 987787 47570 152
220 367 10000 12091 560 994938 40846 98
375 297 10000 11973 10000 925665 110314 1660
310 338 10000 12092 560 995449 40597 98
216 255 10000 11337 400000 623295 412851 66306
99 72 10000 12053 900 974424 62140 152
386 138 10000 12023 10000 953060 83917 1660
89 41 10000 11735 100001 822776 214651 16579
198 372 10000 12095 180 997455 40184 37
239 33 10000 12096 180 997463 40278 37
44 37 10000 12093 1100 996694 41720 184
54 328 10000 12094 250 997449 40981 48
58 372 10000 12070 560 985818 53243 98
325 140 10000 12100 180 999914 40452 37
366 114 10000 12076 560 987584 52953 98
227 285 10000 12099 560 999584 41247 98
132 88 10000 12101 900 1001674 41143 152
83 369 10000 12102 900 1001779 41083 152
283 118 10000 12104 560 1002781 40428 98
30 164 10000 12069 250 985253 59376 48
31 140 10000 12034 10000 962133 83570 1660
21 210 10000 12106 1870 1004482 41513 316
276 148 10000 12107 900 1004898 41212 152
5 81 10000 10398 1850000 184314 861823 306661
248 47 10000 12097 1870 999176 47857 316
71 193 10000 11782 100001 838942 208213 16579
151 265 10000 12108 560 1007081 40428 98
138 349 10000 12109 560 1007724 40682 98
126 148 10000 11766 100001 832561 216981 16579
215 131 10000 12083 900 991567 58328 152
108 179 10000 12110 1100 1008155 42045 184
52 339 10000 12111 560 1009643 40854 98
257 219 10000 12116 560 1010948 40656 98
4 348 10000 12043 10000 967996 84927 1660
291 339 10000 12115 1100 1010907 42190 184
83 230 10000 12118 900 1012964 40644 152
24 52 10000 12120 180 1013151 40537 37
360 157 10000 12051 10000 973935 83026 1660
102 396 10000 12126 900 1016423 40746 152
233 395 10000 12130 560 1018137 40683 98
193 70 10000 12129 900 1018001 40931 152
80 1 10000 11629 400000 762725 296275 66306
156 123 10000 12132 900 1018903 40681 152
366 185 10000 11551 100001 724879 334870 16579
10 128 10000 12119 1100 1012975 48324 184
58 145 10000 12027 10000 957059 104271 1660
46 80 10000 12133 180 1019326 42273 37
95 272 10000 12062 10000 980977 83549 1660
361 71 10000 12136 900 1023564 41186 152
133 192 10000 11807 100001 857123 208243 16579
182 144 10000 12135 180 1022806 44038 37
224 397 10000 12137 560 1026671 40517 98
91 271 10001 12138 900 1027515 41154 152
213 176 10000 11534 400000 716296 352691 66306
165 294 10000 11815 100001 859106 209953 16579
237 36 10000 12140 900 1028872 40821 152
84 208 10000 12128 1870 1017859 51836 316
375 308 10000 12143 560 1029415 41017 98
89 337 10000 12144 560 1030010 40980 98
71 7 10000 12145 900 1030653 40644 152
345 350 10000 12146 10000 1030929 42245 1660
319 263 10000 11829 100001 864950 209267 16579
304 182 10000 12149 560 1033477 40992 98
391 314 10000 11835 100001 866397 208419 16579
305 32 10000 12150 180 1033802 42366 37
301 41 10000 12152 900 1035390 40979 152
284 278 10000 11661 100001 781654 295004 16579
179 190 10000 12089 10000 993867 84454 1660
260 41 10000 12158 180 1038978 40184 37
353 339 10000 12161 560 1039984 40428 98
296 25 10000 12162 560 1040153 40623 98
303 53 10000 12050 10000 973090 107710 1660
185 316 10000 12165 560 1041172 40767 98
349 3 10000 12166 900 1041484 40644 152
216 375 10000 12170 900 1043171 40960 152
40 48 10000 12211 900 1064122 20677 152
8 50 10000 12151 900 1034020 51208 152
281 209 10000 12103 10000 1002098 83534 1660
346 50 10000 12176 560 1045570 40815 98
92 267 10000 12177 560 1046275 40800 98
42 111 10000 12171 900 1043452 44257 152
322 35 10000 12156 1100 1038552 49701 184
246 158 10000 11868 100001 879859 208644 16579
8 142 10000 11869 100001 880268 208452 16579
41 14 10000 12179 900 1047673 41081 152
144 327 10000 12181 900 1048334 40924 152
177 176 10000 12220 1870 1069229 20999 316
288 290 10000 12224 900 1070875 20516 152
183 20 10000 12183 900 1050620 40920 152
159 113 10000 12182 180 1049523 42355 37
281 19 10000 12113 10000 1010263 83067 1660
311 56 10000 12112 10000 1010127 83211 1660
211 5 10000 12187 900 1052209 41130 152
30 90 10000 12190 180 1052924 41051 37
116 240 10000 12189 1100 1052750 41655 184
152 150 10000 12232 180 1074417 20092 37
218 274 10000 12186 1870 1052125 42995 316
67 264 10000 11888 100001 887346 208507 16579
323 22 10000 12194 900 1055420 40644 152
2 337 10000 12122 10000 1013772 83552 1660
138 351 10000 12196 900 1056295 41644 152
157 48 10000 12199 1100 1057436 40772 184
130 243 10000 12197 900 1057394 40814 152
247 257 10000 12085 100001 993418 105243 16579
392 95 10000 12184 560 1051178 48254 98
3 396 10000 12125 10000 1016416 83244 1660
220 54 10000 12123 10000 1015016 84680 1660
213 329 10000 12203 560 1059277 40559 98
9 330 10000 12090 10000 994421 106245 1660
90 209 10000 12153 180 1035577 65284 37
156 17 10000 12127 10000 1017101 84502 1660
312 284 10000 12205 180 1061150 40848 37
26 384 10000 12209 900 1062169 40966 152
114 102 10000 11858 400000 874511 229820 66306
281 207 10001 12214 560 1067642 40663 98
394 176 10000 12163 560 1040511 68780 98
162 395 10000 12216 560 1067813 41549 98
363 130 10000 12219 250 1069102 40603 48
317 39 10000 11919 100001 900961 209080 16579
277 231 10000 10369 1850000 172445 938652 306661
255 388 10000 12226 560 1071063 40428 98
283 89 10000 11906 100001 896740 215841 16579
46 314 10000 12212 560 1065270 47411 98
156 319 10000 12141 10000 1029177 83572 1660
9 185 10000 12227 560 1072035 40884 98
336 368 10000 12208 1100 1061986 51037 184
81 280 10000 11904 100001 895495 218309 16579
378 365 10000 12262 1870 1093255 21036 316
238 20 10000 12229 560 1072392 42508 98
79 122 10000 12234 180 1075719 40211 37
164 395 10000 12213 180 1067021 50052 37
158 206 10000 12233 3160 1074822 42479 531
388 30 10000 12237 560 1077305 40800 98
209 171 10000 12238 560 1077964 41295 98
22 194 10000 12242 180 1078896 40989 37
5 87 10000 12225 1100 1070956 49054 184
94 74 10000 12154 10000 1036473 83943 1660
248 284 10000 12210 560 1062938 58255 98
381 305 10000 12239 560 1077970 44285 98
240 254 10000 12284 900 1102386 20510 152
320 317 10000 12134 10000 1021753 101382 1660
341 266 10000 12246 900 1081866 41306 152
399 256 10000 12235 250 1076066 47108 48
270 219 10000 12159 10000 1038993 84252 1660
275 143 10000 12155 10000 1037954 85575 1660
272 132 10000 12164 10000 1040535 83366 1660
35 123 10000 12245 1870 1081779 42319 316
337 63 10000 12248 560 1085259 40428 98
73 75 10000 12288 1870 1105206 20999 316
276 37 10000 12249 250 1086100 40430 48
88 321 10000 11839 100001 868048 259102 16579
272 347 10000 12172 10000 1043491 83661 1660
114 129 10000 12250 900 1086205 41135 152
147 49 10000 12251 560 1086749 40868 98
197 399 10000 12174 10000 1044628 83026 1660
261 3 10000 10713 1850000 330382 797506 306661
323 214 10000 12157 560 1038815 90171 98
363 209 10000 12256 900 1089049 40644 152
186 368 10000 12173 10000 1043921 85802 1660
353 383 10000 12252 900 1087312 42516 152
332 183 10000 12254 1870 1088195 41665 316
261 13 10000 12168 1100 1042402 87956 184
399 29 10000 12257 1870 1089496 41513 316
262 42 10000 12259 560 1090996 40428 98
319 285 10000 12244 1870 1079479 52068 316
341 193 10000 11967 100001 921687 210089 16579
395 273 10000 12215 560 1067805 64711 98
193 262 10000 11935 100001 911205 221735 16579
282 139 10000 12258 3160 1090755 42316 531
306 121 10000 12261 560 1092802 40577 98
252 116 10000 12169 10000 1043098 91248 1660
67 37 10000 12264 560 1094725 40607 98
31 325 10000 11976 100001 927012 209125 16579
375 255 10000 12266 180 1096039 40303 37
122 211 10000 12270 900 1096643 40666 152
379 84 10000 12271 900 1096776 40644 152
115 269 10000 12193 10000 1054158 83332 1660
49 132 10000 11966 100001 921678 216610 16579
5 41 10000 12273 1870 1097415 41664 316
359 318 10000 12228 1870 1072262 66821 316
20 165 10000 12180 10000 1048232 91474 1660
300 197 10000 12278 560 1099140 40741 98
154 174 10000 12198 10000 1057432 83499 1660
87 25 10000 12280 1100 1100365 40999 184
24 210 10000 12277 1870 1098749 42638 316
122 279 10000 12281 560 1100863 40775 98
66 242 10000 12279 1870 1100043 41864 316
19 245 10000 12282 900 1101086 41116 152
36 172 10000 12268 180 1096199 47105 37
113 152 10000 12285 1100 1103570 40862 184
177 343 10000 12286 250 1104182 40738 48
246 270 10000 12287 180 1104767 41763 37
47 341 10000 12192 10000 1053921 92649 1660
183 1 10000 11988 100001 934485 212413 16579
395 262 10000 12292 560 1106962 40810 98
6 10 10000 12330 180 1127578 21121 37
316 296 10000 12294 3160 1107405 42482 531
26 134 10000 12005 100001 941439 209310 16579
289 264 10000 12000 100001 940531 211024 16579
267 50 10000 12297 560 1110945 40930 98
85 200 10000 12298 560 1111253 41005 98
139 290 10000 12218 10000 1068191 84454 1660
118 114 10000 12342 1100 1132304 20496 184
25 172 10000 11092 1850000 502810 650492 306661
22 133 10000 12223 10000 1070732 83498 1660
321 81 10000 12293 1100 1107204 47401 184
233 309 10000 12267 560 1096089 60249 98
197 196 10000 12348 1870 1135516 20999 316
390 307 10000 12300 1870 1114670 41877 316
279 143 10000 12202 560 1058358 98277 98
325 62 10000 12302 900 1115162 41616 152
185 293 10000 12303 1100 1116865 40790 184
334 210 10000 12301 250 1114877 44294 48
237 382 10000 12296 560 1109857 50200 98
25 49 10000 12307 1100 1119230 40855 184
365 351 10000 12306 560 1119095 41225 98
87 13 10000 12309 180 1120033 40478 37
399 378 10000 12310 250 1120399 40362 48
111 68 10000 12299 900 1111908 49491 152
314 149 10000 12308 1870 1119847 42024 316
386 91 10000 12311 900 1121132 41109 152
139 85 10000 12241 10000 1078764 83554 1660
343 159 10000 12018 100001 951688 210908 16579
194 175 10000 12243 10000 1078974 83653 1660
364 360 10000 12359 560 1143044 20214 98
279 321 10000 12231 560 1073251 90008 98
306 246 10000 12312 3160 1121514 42145 531
159 262 10000 12317 250 1123475 40948 48
145 349 10000 12314 560 1122759 41778 98
201 2 10000 10741 1850000 343332 821571 306661
12 58 10000 12320 180 1124223 42375 37
135 104 10000 12325 250 1126194 40820 48
384 65 10000 12327 180 1126503 40518 37
98 161 10000 12316 560 1123336 44031 98
149 93 10000 12324 3160 1125616 42412 531
76 305 10000 12331 250 1127941 40228 48
112 354 10000 12332 900 1128077 41853 152
95 285 10000 12335 900 1130056 41019 152
183 55 10000 12338 180 1131689 40382 37
273 271 10000 12334 10000 1129585 42810 1660
25 248 10000 12340 900 1131885 40900 152
195 384 10000 12344 900 1133293 40644 152
393 203 10000 12343 1870 1132874 41576 316
342 109 10000 12319 3160 1123782 51397 531
182 363 10000 12321 900 1124726 51023 152
245 274 10000 12346 3160 1134338 42450 531
47 275 10000 12350 900 1136076 40806 152
366 176 10000 12349 560 1135658 41253 98
52 34 10000 12352 900 1137269 40851 152
212 386 10000 12347 3160 1135196 43827 531
306 128 10000 12265 10000 1095233 84529 1660
32 156 10000 12353 560 1139357 40967 98
218 113 10000 12354 900 1139742 41169 152
186 52 10000 12356 560 1141480 41047 98
144 310 10000 12358 250 1142607 40706 48
274 322 10000 12360 560 1143739 41374 98
8 323 10000 12322 1870 1125032 60214 316
167 339 10000 12362 560 1144822 40583 98
125 230 10000 12272 10000 1097277 88523 1660
24 255 10000 12364 250 1146646 40400 48
215 41 10000 12337 1100 1131403 57451 184
245 254 10000 12410 3160 1167423 21601 531
174 265 10000 12370 560 1149151 40581 98
210 64 10000 12367 560 1148430 41626 98
318 383 10000 12366 1870 1148385 41998 316
348 103 10000 12371 250 1150171 41021 48
177 93 10000 12372 250 1150208 41072 48
209 25 10000 12374 900 1151042 40761 152
28 2 10000 12373 900 1151028 40927 152
346 277 10000 12365 1100 1146896 45851 184
53 390 10000 12345 3160 1133465 59690 531
215 110 10000 12028 100001 957557 235680 16579
299 153 10000 12375 900 1151113 42220 152
115 235 10000 12377 1100 1152760 40784 184
69 230 10000 12291 10000 1106758 87256 1660
21 12 10000 12376 560 1151678 43241 98
191 345 10000 12385 1100 1154413 41799 184
123 170 10000 12369 560 1149042 47179 98
34 44 10000 12384 560 1154383 42444 98
369 360 10000 12426 560 1177396 20214 98
112 212 10000 11721 100001 816332 381731 16579
391 30 10000 12390 250 1156611 41976 48
375 208 10000 12275 10000 1098003 101567 1660
125 184 10000 12081 100001 989842 210245 16579
395 313 10000 12393 250 1159892 40410 48
62 10 10000 12392 1870 1158834 41656 316
104 248 10000 12378 560 1152858 48015 98
238 375 10000 12391 3160 1158617 42389 531
384 197 10000 12396 180 1161008 40749 37
88 333 10000 11774 400000 836369 365941 66306
335 99 10000 12397 250 1162159 40233 48
88 346 10000 12323 900 1125268 77536 152
368 297 10000 11771 400000 834444 368390 66306
4 149 10000 12399 180 1162721 40184 37
17 83 10000 12394 250 1159961 42976 48
170 73 10000 12386 1870 1155059 49855 316
372 285 10000 12402 1100 1164277 40920 184
258 64 10000 12326 3160 1126202 79244 531
72 196 10001 12313 10000 1122405 83096 1660
333 92 10000 12405 900 1164794 40956 152
369 306 10000 12406 560 1165422 40891 98
173 76 10000 12408 180 1166565 40247 37
381 392 10000 12401 560 1164086 42835 98
255 341 10000 12409 180 1166647 40300 37
69 288 10000 12318 10000 1123695 83357 1660
24 28 10000 12447 250 1186925 20784 48
1 98 10000 12400 560 1163531 44265 98
144 231 10000 12315 10000 1123089 85600 1660
111 7 10000 12363 1870 1145012 64234 316
57 18 10000 12412 180 1169127 40729 37
96 282 10000 12420 560 1172335 40724 98
70 248 10000 12086 100001 993481 219899 16579
325 70 10000 12336 10000 1130262 83947 1660
170 328 10000 12387 560 1155356 59806 98
336 219 10000 12341 900 1131889 83716 152
137 276 10000 12416 900 1171680 44873 152
44 338 10000 12422 180 1175789 40937 37
241 261 10000 12424 560 1176285 41243 98
35 107 10000 12421 3160 1175404 42352 531
315 223 10000 12427 560 1177576 40968 98
292 125 10000 11986 100001 934302 285295 16579
124 263 10000 12431 900 1178987 40644 152
68 361 10000 11395 1850000 651654 568121 306661
388 392 10000 12470 900 1199570 20322 152
49 91 10000 12430 1100 1178814 41124 184
223 317 10000 10864 1850000 404547 816109 306661
286 318 10000 12435 250 1180438 40398 48
365 376 10000 12476 560 1200836 20386 98
89 308 10000 12351 10000 1136830 85628 1660
373 158 10000 12395 1870 1160854 62481 316
359 252 10000 12121 100001 1013337 210515 16579
214 32 10000 12438 900 1182510 41394 152
108 167 10000 12429 1870 1178307 47014 316
38 314 10000 12440 560 1183805 42302 98
365 332 10000 12443 560 1185433 40758 98
331 298 10000 12357 10000 1142230 84276 1660
310 116 10000 12442 3160 1185115 42620 531
215 126 10000 12415 1870 1170806 57266 316
124 148 10000 12451 560 1188448 40564 98
278 64 10000 12452 560 1188588 40982 98
322 108 10000 12444 250 1186400 44390 48
296 12 10000 12456 250 1191318 40692 48
376 337 10000 12453 1870 1190086 42428 316
186 377 10000 12458 1100 1191717 41380 184
77 366 10000 12445 180 1186530 46595 37
261 114 10000 12455 1870 1191156 42599 316
277 166 10000 12454 3160 1190528 44917 531
291 277 10000 12459 900 1192932 42581 152
133 271 10000 12463 560 1196083 40851 98
253 232 10000 12465 900 1196452 40748 152
231 23 10000 12464 560 1196378 40851 98
290 337 10000 12466 900 1196920 42503 152
3 157 10000 12388 10000 1156376 83413 1660
109 105 10000 12469 10000 1198056 42029 1660
216 363 10000 12142 100001 1029401 210866 16579
309 217 10000 12471 900 1199595 40690 152
136 355 10000 12472 180 1199995 40449 37
223 59 10000 11776 100001 836982 403783 16579
16 22 10000 12473 1100 1200093 40941 184
155 284 10000 12147 100001 1031734 210354 16579
312 356 10000 12457 560 1191488 50620 98
216 242 10000 12139 100001 1028679 213672 16579
248 154 10000 12061 100001 979365 263501 16579
175 55 10000 12114 100001 1010781 232411 16579
204 210 10000 12305 900 1119023 125084 152
259 77 10000 12477 560 1200875 43321 98
210 273 10000 11861 400000 876552 368151 66306
330 75 10000 12404 1100 1164709 79998 184
358 157 10000 12481 1870 1203136 41690 316
241 23 10000 12486 180 1205271 40389 37
325 361 10000 12487 180 1205384 40421 37
160 274 10000 10352 1850000 167229 1080013 306661
352 208 10000 12483 1870 1203898 43457 316
276 320 10000 12495 250 1208740 40369 48
146 242 10000 11571 100001 735512 513744 16579
130 177 10000 12498 180 1209371 40184 37
374 332 10000 12496 1100 1209055 41060 184
11 7 10000 12428 900 1177948 72167 152
34 198 10000 12489 180 1205702 44918 37
218 324 10000 12407 10000 1166006 84682 1660
191 91 10000 12500 900 1210481 41048 152
13 376 10000 11999 400000 940495 311626 66306
326 257 10000 12502 900 1211385 40773 152
52 356 10000 12491 250 1206834 45409 48
212 199 10000 12503 1100 1211721 41062 184
146 288 10000 12436 900 1180765 73779 152
389 316 10000 12482 560 1203330 51678 98
392 357 10000 11884 400000 886578 369243 66306
316 71 10000 12485 900 1205038 50977 152
66 221 10000 12175 100001 1045356 211417 16579
72 364 10000 12508 560 1218170 40880 98
59 322 10000 11231 1850000 570106 690944 306661
109 242 10000 12510 1870 1218676 42455 316
373 76 10000 12460 560 1193331 67870 98
376 23 10000 12512 560 1220913 40428 98
159 87 10001 12513 560 1220993 40504 98
352 47 10000 12516 900 1221984 40644 152
337 357 10000 12178 100001 1047544 215709 16579
44 77 10000 12434 10000 1180091 83396 1660
252 74 10000 12515 180 1221979 41682 37
236 335 10000 12514 3160 1221484 42492 531
231 361 10000 12519 560 1223818 40935 98
93 366 10000 12518 560 1223400 41577 98
370 132 10000 12522 900 1224437 40770 152
252 239 10000 12525 250 1224519 41001 48
264 103 10000 12523 180 1224462 41308 37
250 46 10000 12425 3160 1177271 88886 531
389 79 10000 12441 10000 1184868 83026 1660
280 264 10000 12527 1870 1225030 44140 316
175 359 10000 11767 400000 833466 436684 66306
243 3 10000 12188 100001 1052464 217760 16579
360 330 10000 12526 180 1224539 45695 37
21 319 10000 12446 10000 1186831 83711 1660
277 281 10000 12535 1100 1229949 41058 184
207 354 10000 12398 900 1162410 109716 152
144 358 10000 12204 100001 1059852 213181 16579
174 399 10000 12448 10000 1187658 85712 1660
193 333 10000 12539 180 1232534 40916 37
336 144 10000 12536 900 1231103 42362 152
338 359 10000 12544 900 1233204 40945 152
112 161 10000 12541 900 1232610 41634 152
116 233 10000 12437 10000 1182159 92178 1660
288 20 10000 12545 560 1233211 41384 98
48 124 10000 12546 3160 1233317 41998 531
389 82 10000 12548 1870 1234353 41513 316
133 3 10000 12217 100001 1067877 208185 16579
348 156 10000 12550 560 1236829 40450 98
30 111 10000 12037 400000 965347 313230 66306
111 156 10000 12131 100001 1018740 261365 16579
151 181 10000 12553 560 1239180 40979 98
56 104 10000 12467 10000 1197398 83364 1660
205 398 10000 12558 180 1240713 40323 37
6 271 10000 12557 180 1240602 40524 37
368 113 10000 10884 1850000 410010 871323 306661
15 201 10000 11248 1850000 579642 701976 306661
45 24 10000 12560 250 1241218 40886 48
50 366 10000 12543 1870 1233173 49216 316
185 312 10000 12562 1100 1242208 41032 184
303 138 10000 12474 10000 1200535 83250 1660
334 179 10000 12556 560 1239853 44542 98
328 180 10000 12561 900 1241585 42914 152
295 348 10000 12236 100001 1076219 208453 16579
25 347 10000 12567 560 1244594 40428 98
111 162 10000 12528 180 1225089 59938 37
30 328 10000 12200 100001 1058172 226895 16579
127 128 10000 12611 180 1264419 21042 37
319 288 10000 12569 560 1245221 40582 98
261 393 10000 12549 1870 1236496 49766 316
335 364 10000 12505 560 1212400 73928 98
94 180 10000 12568 900 1245093 41263 152
263 166 10000 12573 560 1246350 40580 98
185 226 10000 12575 560 1246388 40611 98
90 245 10000 12571 900 1246067 41180 152
17 288 10000 12574 900 1246363 40961 152
292 205 10000 12509 560 1218302 69815 98
5 312 10000 12577 900 1247779 41472 152
244 147 10000 12551 560 1238160 51153 98
341 70 10000 12475 10000 1200828 88916 1660
236 364 10000 12579 1100 1248294 41596 184
249 219 10000 12580 1100 1249927 40784 184
108 351 10000 12240 100001 1078039 212752 16579
132 388 10000 12581 560 1250008 40888 98
110 93 10000 11083 1850000 499225 792773 306661
27 119 10000 12583 180 1250346 43800 37
180 299 10000 12588 900 1254359 40644 152
8 115 10000 12589 250 1254749 40780 48
108 217 10000 12585 3160 1253495 43069 531
248 145 10000 12552 250 1238194 59200 48
291 61 10000 12586 900 1253738 43879 152
7 356 10000 12593 180 1257298 40722 37
19 203 10000 12591 1870 1255939 42444 316
167 322 10000 12595 560 1258013 41000 98
312 375 10000 12596 560 1258223 41282 98
242 181 10000 12587 250 1253877 45638 48
121 192 10000 12594 3160 1257817 41998 531
100 396 10000 12599 560 1259938 40567 98
15 301 10000 12601 560 1260471 41079 98
337 364 10000 12521 1100 1224117 77573 184
339 189 10000 12603 560 1261922 40505 98
71 76 10000 12652 560 1282365 20214 98
103 319 10000 12608 900 1262718 40878 152
43 10 10000 12606 900 1262203 41673 152
271 272 10000 11656 1850000 779250 525257 306661
353 3 10000 12607 3160 1262233 42286 531
378 354 10000 12592 900 1256984 47622 152
396 257 10000 12609 900 1263827 40999 152
396 40 10000 12605 3160 1262083 43237 531
87 158 10000 12614 560 1265317 40428 98
273 41 10000 12617 560 1265748 40428 98
221 328 10000 12490 10000 1206181 100096 1660
323 278 10001 12616 900 1265692 40818 152
83 80 10000 12663 1870 1287222 20999 316
228 276 10000 12620 900 1268455 40818 152
280 285 10000 12665 180 1288362 20989 37
23 116 10000 10439 1850000 202907 1106695 306661
371 164 10000 12529 10000 1225974 84099 1660
298 60 10000 12598 180 1259383 51587 37
123 133 10000 12670 1100 1290734 20386 184
45 347 10000 12624 560 1271006 40428 98
191 387 10000 12524 10000 1224492 87002 1660
221 202 10000 12613 560 1264838 47358 98
214 118 10000 12628 900 1271476 41276 152
315 166 10000 12532 10000 1228180 84716 1660
309 301 10000 12493 100001 1207753 105253 16579
152 105 10000 12630 560 1273338 40558 98
39 82 10000 12626 180 1271131 43120 37
203 116 10000 10161 1850000 81703 1232683 306661
16 376 10000 12631 560 1273998 40511 98
151 51 10000 12289 100001 1105707 209460 16579
381 335 10000 12450 10000 1188416 127293 1660
125 180 10000 12635 250 1275635 40252 48
384 316 10000 12623 1100 1270647 45293 184
390 217 10000 12634 560 1275232 41422 98
22 45 10000 12632 180 1274104 42664 37
368 389 10000 12637 560 1276390 40887 98
146 120 10000 10615 1850000 288664 1028640 306661
220 235 10000 12683 560 1297154 20557 98
213 185 10000 12639 250 1277315 40878 48
18 322 10000 12640 1100 1277675 41610 184
214 87 10000 12644 250 1279092 40658 48
255 389 10000 12290 100001 1106613 213320 16579
159 169 10000 12615 900 1265678 54327 152
381 40 10000 12625 900 1271008 49144 152
130 201 10000 12649 180 1280656 40184 37
165 384 10000 12633 900 1274905 46172 152
314 194 10000 12646 1870 1279839 41632 316
254 158 10000 12643 1870 1278907 43028 316
258 368 10000 12520 1100 1223950 98516 184
268 354 10000 12641 1870 1278618 43994 316
345 103 10000 12650 900 1281540 41203 152
326 134 10000 12651 250 1281584 41334 48
333 64 10000 12554 10000 1239363 83695 1660
294 339 10000 12655 180 1282899 40233 37
219 60 10000 12647 180 1280298 43080 37
210 263 10000 12658 180 1284137 40300 37
373 258 10000 12584 560 1252237 72625 98
81 109 10000 12657 560 1284001 40978 98
53 362 10000 12333 10000 1128470 197050 1660
379 27 10000 12621 3160 1269050 56962 531
31 245 10000 12662 250 1287046 40228 48
334 294 10000 12648 1100 1280377 47164 184
135 255 10000 12566 10000 1244552 83172 1660
257 95 10000 12660 3160 1286287 43045 531
326 211 10000 12666 560 1288912 40994 98
332 40 10000 12661 3160 1286549 44129 531
360 362 10000 12667 10000 1289197 41998 1660
365 307 10000 12570 10000 1245670 85662 1660
236 329 10000 12304 100001 1118540 212908 16579
338 69 10000 12600 560 1260202 72188 98
319 287 10000 12673 1100 1291977 40772 184
120 321 10000 12674 900 1293042 40644 152
127 227 10000 12677 250 1293800 40688 48
75 267 10000 12679 180 1294441 40240 37
177 25 10000 12678 900 1293945 41036 152
243 254 10000 12718 560 1315084 20276 98
175 170 10000 12714 3160 1313664 21868 531
187 264 10000 11288 1850000 599563 736609 306661
362 387 10000 12671 180 1291833 44778 37
154 350 10000 12328 100001 1126529 210668 16579
199 170 10000 12488 10000 1205663 131646 1660
14 255 10000 12676 1100 1293511 43848 184
398 250 10000 12685 560 1297374 40717 98
316 334 10000 12684 250 1297313 40876 48
208 39 10000 12576 10000 1247234 91565 1660
59 8 10000 12686 900 1298281 41063 152
172 14 10000 12688 560 1298899 40697 98
55 94 10000 12274 100001 1097652 242048 16579
138 291 10000 10232 1850000 112123 1228790 306661
124 350 10000 12691 560 1300531 41037 98
142 74 10000 12680 1870 1294619 48330 316
288 233 10000 12699 250 1302726 40583 48
269 173 10000 12696 900 1302088 41350 152
123 161 10000 12692 560 1301110 42347 98
233 286 10000 12700 560 1303343 40521 98
299 142 10000 12702 250 1303558 40630 48
385 0 10000 12694 1870 1301414 42796 316
260 152 10000 12695 1100 1301959 42537 184
126 125 10000 11786 1850000 841538 503125 306661
269 346 10000 12706 1870 1304774 42292 316
299 219 10000 12708 560 1306655 40698 98
302 321 10000 12355 100001 1141251 208337 16579
78 350 10000 12710 900 1310056 40948 152
30 311 10000 12712 180 1311566 40442 37
361 11 10000 12705 1870 1304521 48832 316
315 321 10000 12222 100001 1070652 283156 16579
241 87 10000 12715 560 1314219 40743 98
375 39 10000 12687 900 1298472 58349 152
180 336 10000 10154 1850000 78712 1279040 306661
357 280 10000 12703 1100 1304072 53722 184
77 222 10000 12721 560 1316781 41112 98
47 73 10000 12361 100001 1144188 214267 16579
248 161 10000 12221 100001 1070391 288510 16579
363 174 10000 12722 1870 1317288 41772 316
27 151 10000 12723 900 1317371 42112 152
66 135 10000 12725 250 1318457 41308 48
259 115 10000 12636 10000 1276308 83722 1660
10 396 10000 12717 560 1314636 45570 98
231 291 10000 12719 1100 1315259 46266 184
102 92 10000 12629 10000 1272682 89265 1660
24 61 10000 12730 3160 1320657 42203 531
163 239 10000 12732 560 1322086 41904 98
365 12 10000 12389 100001 1156412 209400 16579
245 127 10000 12737 1100 1325058 41118 184
182 43 10000 12736 1870 1324795 41637 316
386 362 10000 12744 250 1327058 40374 48
218 254 10000 12742 560 1326857 41451 98
229 380 10000 12738 1870 1325627 42809 316
214 201 10000 12741 10000 1326794 41998 1660
182 32 10000 12743 1870 1326945 42801 316
171 82 10000 12656 10000 1283938 87235 1660
105 232 10000 12622 10000 1269331 102448 1660
272 377 10000 12750 900 1330987 41204 152
63 169 10000 12751 900 1331078 41202 152
283 93 10000 12753 1870 1331878 41814 316
370 116 10000 12755 560 1333489 40454 98
203 75 10000 12731 1870 1321525 52921 316
146 328 10000 10993 1850000 453500 922036 306661
144 199 10000 10975 1850000 444089 931601 306661
68 6 10000 12669 560 1289652 86205 98
16 193 10000 12411 100001 1168081 209155 16579
132 139 10000 12612 100001 1264430 113172 16579
111 368 10000 12749 900 1330264 47935 152
230 316 10000 12747 180 1328897 49555 37
242 107 10000 12382 100001 1154289 224198 16579
395 199 10000 12754 560 1333350 45234 98
250 317 10000 12758 900 1336164 42496 152
259 320 10000 12760 1870 1337536 41513 316
257 134 10000 12764 900 1339231 40967 152
159 55 10000 12769 560 1340758 40604 98
160 159 10000 10574 1850000 271031 1111127 306661
284 120 10000 12766 180 1339580 42956 37
326 351 10000 12765 250 1339340 43328 48
397 17 10000 12759 1100 1337365 45755 184
214 357 10000 12775 900 1342985 40909 152
269 363 10000 12778 900 1343931 40644 152
215 22 10000 12777 560 1343911 42493 98
130 47 10000 12774 900 1342859 43894 152
355 152 10000 12417 100001 1171945 216655 16579
77 266 10000 12781 250 1347991 40647 48
206 67 10000 12675 180 1293089 96886 37
138 143 10000 12780 3160 1347180 43006 531
140 217 10000 12786 560 1349605 40915 98
154 354 10000 12785 560 1349135 41975 98
189 198 10000 12822 560 1370911 20417 98
62 76 10000 12530 400000 1226633 165353 66306
366 206 10000 11483 1850000 696276 695832 306661
227 152 10000 12779 900 1344375 48587 152
166 217 10000 12789 560 1351719 41345 98
95 21 10000 12784 900 1349034 45532 152
113 182 10000 12793 250 1355074 40496 48
73 97 10000 12449 100001 1187974 208292 16579
92 253 10000 12788 900 1351009 45321 152
36 204 10000 12791 1870 1354337 42207 316
257 45 10000 12794 1870 1355795 41513 316
74 338 10000 12795 1870 1356630 41513 316
184 6 10000 12260 400000 1091177 309188 66306
171 142 10000 12801 1100 1360005 40964 184
391 118 10000 12800 1870 1359771 41875 316
386 342 10000 12724 10000 1317610 84550 1660
213 188 10000 12799 1870 1359698 42649 316
204 183 10000 12563 250 1243373 159351 48
219 60 10001 12803 1870 1360764 42093 316
236 336 10000 12806 180 1362560 40619 37
239 309 10000 12804 1870 1362032 42213 316
231 326 10000 12809 180 1364008 40300 37
110 172 10000 12711 10000 1311087 93935 1660
365 135 10000 12810 560 1364076 41826 98
234 394 10000 12811 1870 1365495 42276 316
20 158 10000 12815 250 1367408 40476 48
339 383 10000 12818 180 1368121 40427 37
173 206 10000 12813 180 1366028 43055 37
394 30 10000 12681 560 1295170 114124 98
158 198 10000 12820 1870 1369656 41682 316
325 253 10000 12824 250 1371139 40455 48
345 11 10000 12821 560 1370164 41489 98
57 101 10000 12720 900 1316323 95362 152
181 356 10000 12823 180 1371123 40782 37
87 103 10000 12826 1870 1371665 41612 316
321 251 10000 12829 1100 1372255 41131 184
119 79 10000 12832 900 1373065 40644 152
167 144 10000 12808 3160 1363882 50586 531
136 166 10000 12752 10000 1331766 83026 1660
338 132 10000 12836 180 1374868 40184 37
30 286 10000 12835 900 1374443 40982 152
126 353 10000 12838 900 1375363 40854 152
119 274 10000 12816 3160 1367546 49181 531
122 213 10000 12756 10000 1333880 84060 1660
68 126 10000 12834 180 1373834 45684 37
17 126 10001 12501 100001 1211015 209013 16579
161 292 10000 12840 560 1379919 41204 98
128 201 10000 12844 900 1380416 40790 152
222 58 10000 12817 1870 1367948 53836 316
143 303 10000 12843 1870 1380099 41718 316
30 179 10000 12814 560 1366783 55743 98
10 236 10000 12827 900 1372014 51168 152
44 376 10000 12847 250 1382674 41253 48
351 270 10000 10731 1850000 339617 1084413 306661
38 4 10000 12506 100001 1214588 209491 16579
10 349 10000 12839 1100 1376519 47642 184
331 200 10000 11034 1850000 477119 947277 306661
152 165 10000 12848 1870 1382917 41614 316
106 56 10000 12846 180 1381971 42733 37
194 233 10000 12853 560 1384381 40660 98
53 225 10000 12763 10000 1338182 88111 1660
72 268 10000 12504 100001 1212166 214276 16579
133 18 10000 12859 900 1386057 40750 152
396 263 10000 12841 560 1379991 47230 98
288 286 10000 12898 1100 1406872 20426 184
373 194 10000 12807 3160 1363702 64596 531
299 77 10000 12865 560 1388597 40428 98
71 132 10000 12864 1870 1388402 41513 316
201 398 10000 12762 560 1338015 91937 98
57 150 10000 12849 1100 1382921 47359 184
211 68 10000 12866 1100 1389063 41533 184
336 59 10000 12802 250 1360654 69991 48
7 188 10000 12863 1870 1388272 42535 316
244 115 10000 12230 400000 1073144 358874 66306
90 0 10000 10545 1850000 255086 1177026 306661
56 87 10000 12852 560 1383635 48569 98
235 343 10000 12783 10000 1348827 83419 1660
148 382 10000 12873 1100 1391326 41268 184
56 390 10000 12792 900 1355071 77955 152
370 167 10000 12872 1100 1391309 41893 184
355 208 10000 12876 900 1392362 41007 152
168 96 10000 12877 900 1392859 40986 152
351 257 10000 12534 10000 1229327 205023 1660
273 342 10000 12879 900 1394134 40846 152
72 123 10000 12858 1870 1385711 49509 316
134 382 10000 12878 560 1393954 41691 98
339 374 10000 12881 560 1395677 40428 98
13 5 10000 12917 560 1415724 20451 98
270 26 10000 12787 10000 1350499 86172 1660
351 309 10000 12767 560 1340029 96782 98
334 151 10000 12882 250 1396592 40228 48
0 120 10000 12883 250 1397173 40304 48
118 266 10001 12819 560 1368201 70044 98
392 119 10000 12862 1870 1387424 50979 316
38 35 10000 12923 1870 1417635 21060 316
165 272 10000 12276 400000 1098322 340837 66306
7 171 10000 12884 560 1400070 40428 98
253 267 10000 12861 1870 1387371 53735 316
202 5 10000 12887 180 1400941 40184 37
175 376 10000 12517 100001 1222251 219150 16579
142 141 10000 12932 180 1421356 20335 37
317 145 10000 12890 560 1401542 40428 98
192 281 10000 12892 900 1401737 40950 152
291 15 10000 12870 1870 1390888 51845 316
156 58 10000 12889 1870 1401216 41704 316
75 71 10000 12934 900 1422841 20465 152
295 372 10000 12885 3160 1400121 44317 531
148 373 10000 12533 100001 1228289 216333 16579
250 277 10000 12645 10000 1279160 165897 1660
191 335 10000 12893 560 1404530 40633 98
310 189 10001 12537 100001 1232113 214760 16579
62 116 10000 12899 560 1407187 40716 98
248 153 10000 12900 1100 1407363 41796 184
198 332 10000 12559 100001 1241129 209095 16579
212 352 10000 12903 900 1408324 42490 152
157 241 10000 12867 900 1389907 61221 152
293 41 10000 12909 250 1412144 40228 48
195 92 10000 12904 3160 1408893 43695 531
229 178 10000 12908 900 1411675 42001 152
145 221 10000 12911 180 1413045 40919 37
240 45 10000 12910 3160 1412358 42548 531
213 58 10000 10906 1850000 416908 1038576 306661
16 284 10000 12830 10000 1372577 83372 1660
312 286 10000 12921 560 1417116 41703 98
380 143 10000 12922 1100 1417271 42074 184
339 212 10000 12924 1100 1418004 41725 184
247 339 10000 12837 560 1375124 84648 98
68 87 10000 12368 400000 1148857 311743 66306
271 393 10000 12929 560 1420261 40633 98
45 233 10000 12928 560 1420151 40811 98
399 348 10000 12930 900 1420766 40644 152
91 130 10000 12920 3160 1416808 44667 531
15 65 10000 12578 100001 1248127 213351 16579
332 280 10000 12914 560 1415283 48954 98
88 389 10000 12797 10000 1358300 106146 1660
150 213 10000 12842 10000 1380014 84777 1660
137 230 10000 12590 100001 1255462 209408 16579
37 20 10000 12935 10000 1423102 42206 1660
116 30 10000 12572 100001 1246124 219572 16579
175 160 10000 12978 1100 1445240 21145 184
318 319 10000 12698 400000 1302335 164317 66306
187 376 10000 12857 10000 1384952 83536 1660
70 244 10000 12582 100001 1250239 219404 16579
227 285 10001 12494 100001 1208101 261546 16579
390 312 10000 12941 900 1428529 41215 152
93 260 10000 12912 1100 1413267 56578 184
366 54 10000 12946 900 1429687 40644 152
40 315 10000 12948 180 1429907 40502 37
331 173 10000 12380 400000 1153185 317873 66306
70 181 10000 12947 900 1429745 41431 152
7 15 10000 12991 560 1451915 20562 98
127 360 10000 12610 100001 1264249 208270 16579
198 85 10000 12940 180 1425803 46836 37
211 88 10000 12951 1870 1431029 41775 316
373 201 10000 12913 180 1413268 59709 37
276 271 10000 12989 3160 1450141 22861 531
364 129 10000 12868 10000 1389945 83354 1660
226 122 10000 12952 1870 1431449 43028 316
14 238 10000 12938 560 1425461 49022 98
271 353 10000 12958 250 1434036 40466 48
236 379 10000 12955 1870 1433257 41523 316
181 92 10000 12936 1870 1423850 51430 316
155 239 10000 12949 560 1430743 44654 98
294 79 10000 12957 1870 1433959 41818 316
335 379 10000 12959 1870 1434388 41513 316
291 212 10000 12963 180 1437988 40571 37
59 37 10000 12604 100001 1262011 216776 16579
392 170 10000 12926 1870 1418253 60751 316
288 74 10000 12964 560 1438388 41255 98
178 200 10000 12944 1100 1429345 50683 184
262 177 10000 12942 900 1428596 52234 152
322 396 10000 12954 1870 1432374 48867 316
100 173 10000 12967 1100 1441304 41236 184
25 220 10000 12968 180 1441823 41794 37
286 166 10000 12973 180 1443723 40653 37
295 41 10000 12886 10000 1400653 83743 1660
204 365 10000 12693 1100 1301183 183600 184
117 369 10000 12976 560 1444463 40707 98
43 226 10000 12971 1870 1443289 42519 316
55 37 10000 12980 250 1445811 41046 48
66 12 10000 12982 1870 1446373 41722 316
180 211 10000 12985 180 1447942 40337 37
108 249 10000 12972 560 1443623 44695 98
145 363 10000 12478 100001 1201480 288095 16579
232 147 10000 12960 250 1435574 54427 48
306 334 10000 12897 10000 1406702 83464 1660
287 311 10000 12983 1870 1447016 43321 316
12 290 10000 12950 180 1430957 59437 37
92 6 10000 12986 1870 1448574 42109 316
107 212 10000 12627 100001 1271158 220358 16579
338 100 10000 12896 10000 1406512 85728 1660
257 146 10000 12987 560 1448580 43957 98
41 348 10000 12653 100001 1282439 210667 16579
163 141 10000 12990 1870 1451127 41994 316
36 317 10000 12642 100001 1278901 215174 16579
115 220 10000 12993 1100 1452961 41370 184
109 218 10000 12975 180 1444428 52093 37
297 298 10000 13044 560 1476519 20266 98
142 173 10000 13001 900 1455210 41736 152
202 5 10001 13000 560 1454953 42814 98
360 362 10001 13046 900 1477680 20322 152
186 377 10001 13003 1100 1456155 43077 184
214 335 10000 13008 900 1459273 40880 152
231 294 10000 13007 250 1459044 41114 48
392 135 10000 12329 400000 1127535 373307 66306
254 104 10000 12931 180 1420780 80704 37
111 147 10000 12542 100001 1232765 269168 16579
248 77 10000 12933 900 1421904 81391 152
145 271 10000 13009 560 1459357 44732 98
165 193 10000 13016 560 1463750 41721 98
139 106 10000 13019 560 1466638 40773 98
20 302 10000 13020 1870 1467394 41612 316
204 102 10000 12734 1100 1322843 186274 184
236 164 10000 12919 10000 1416505 92859 1660
53 131 10000 13013 560 1461072 48799 98
160 59 10000 12979 560 1445576 64333 98
333 235 10000 13021 900 1468000 41963 152
135 214 10000 13023 900 1469009 40998 152
44 268 10000 13025 560 1470373 41826 98
270 12 10000 13015 250 1462092 50261 48
224 246 10000 12937 10000 1425364 87684 1660
172 106 10000 13027 900 1471064 42147 152
8 99 10000 13032 1100 1473116 40876 184
351 164 10000 12999 250 1454905 59611 48
114 182 10000 13034 250 1473557 41108 48
85 77 10000 13028 1100 1471319 43684 184
24 47 10001 13035 250 1473587 41563 48
171 48 10000 13039 900 1474553 40774 152
52 372 10000 12916 250 1415487 99882 48
288 289 10000 12906 100001 1410341 105052 16579
60 281 10000 13040 900 1474810 40852 152
382 94 10000 12856 1870 1384631 131238 316
398 372 10000 12701 100001 1303547 213332 16579
161 53 10000 12704 100001 1304141 212999 16579
211 331 10000 13043 1100 1476221 41447 184
135 152 10000 13045 180 1476595 41632 37
146 231 10000 13031 180 1472578 45726 37
295 211 10000 13047 560 1477698 40614 98
94 275 10000 13037 560 1473958 44464 98
36 262 10000 13050 180 1478119 40504 37
56 224 10000 13048 900 1477782 41067 152
70 386 10001 13051 900 1478176 40857 152
205 297 10000 13049 900 1477835 41247 152
288 283 10000 13079 900 1498614 20550 152
181 166 10000 13055 560 1479268 40981 98
228 0 10000 12709 100001 1307324 213440 16579
245 280 10000 13054 1870 1478870 42121 316
128 75 10000 13052 3160 1478206 43129 531
230 381 10000 13056 180 1480240 41512 37
353 191 10000 13058 180 1482865 40184 37
270 206 10000 13030 560 1472034 51866 98
314 302 10000 12927 100001 1418280 105696 16579
24 177 10000 13057 900 1481699 42461 152
172 338 10000 13061 560 1484346 40776 98
269 255 10000 12969 10000 1441900 83676 1660
35 252 10000 12970 10000 1442865 83387 1660
346 66 10000 12977 10000 1444614 83070 1660
240 74 10000 12812 10000 1365882 161855 1660
359 40 10000 13063 900 1486830 41252 152
343 160 10000 12726 100001 1318654 209611 16579
58 186 10000 12728 100001 1319423 208974 16579
190 37 10000 13069 560 1490529 40428 98
241 362 10000 13067 900 1490188 40792 152
160 333 10000 12901 10000 1407599 123682 1660
368 360 10000 13100 900 1511265 20322 152
110 366 10001 13071 180 1491333 40499 37
63 269 10000 13068 560 1490339 41941 98
195 129 10000 13072 900 1491855 41106 152
74 294 10000 12988 10000 1450114 83102 1660
361 133 10000 13064 1870 1487150 47160 316
209 241 10000 12974 180 1443825 90596 37
79 333 10000 13066 1870 1489554 45900 316
96 143 10000 11164 1850000 535543 1001181 306661
63 253 10000 11550 1850000 724279 814580 306661
124 77 10000 13065 1870 1489368 49945 316
334 43 10000 12998 10000 1454767 84860 1660
19 15 10000 13117 3160 1518069 21969 531
101 356 10000 13080 900 1500621 40644 152
193 210 10001 12746 100001 1328349 213661 16579
94 254 10000 13081 1870 1502556 42878 316
112 68 10000 13073 560 1493604 52546 98
112 3 10000 13014 10000 1462051 85078 1660
142 102 10000 13084 900 1506024 41188 152
211 42 10000 13090 900 1507804 41322 152
269 88 10000 13017 10000 1465089 84408 1660
2 132 10000 13095 250 1509260 40649 48
35 324 10000 13091 3160 1507950 42035 531
108 181 10000 12735 100001 1323937 226416 16579
222 210 10000 13011 10000 1459563 90811 1660
235 86 10000 13097 180 1510532 40436 37
363 162 10000 13098 560 1510544 40428 98
138 31 10000 13038 1870 1474182 77451 316
290 76 10000 13077 900 1496488 55792 152
271 398 10000 13103 560 1511797 40868 98
200 121 10000 13102 900 1511722 40967 152
356 273 10000 13101 560 1511670 41635 98
126 220 10000 13107 180 1513114 40251 37
220 381 10000 13105 900 1512387 41461 152
86 248 10000 13104 560 1512322 41580 98
35 273 10000 13110 180 1513412 40495 37
58 350 10000 13026 10000 1470395 83732 1660
131 114 10000 13111 560 1513528 41300 98
287 233 10000 13113 250 1514898 40632 48
50 282 10000 13108 560 1513119 42521 98
286 55 10000 13029 10000 1471825 85226 1660
305 254 10000 13036 10000 1473683 83997 1660
56 253 10000 13033 10000 1473194 84589 1660
377 236 10000 11061 1850000 486197 1072059 306661
374 326 10000 13115 180 1517018 41304 37
342 359 10000 12907 100001 1411218 147712 16579
44 123 10000 13118 180 1518170 42686 37
149 155 10000 13160 1100 1542182 20896 184
165 364 10000 13123 560 1522324 41114 98
349 239 10000 12716 100001 1314497 249917 16579
395 334 10000 13122 1100 1522001 42572 184
10 209 10000 13125 1100 1524060 41661 184
375 244 10000 10487 1850000 223541 1343283 306661
307 344 10000 13116 900 1517753 49351 152
75 359 10000 13059 10000 1482926 86058 1660
75 1 10000 13132 560 1529285 40824 98
293 137 10000 13135 180 1530339 40184 37
102 291 10000 13138 180 1530835 40494 37
161 102 10000 13137 560 1530635 40790 98
81 306 10000 13130 1100 1527841 46545 184
62 1 10000 13143 900 1534234 40837 152
206 223 10000 13141 250 1533347 41770 48
169 201 10000 13144 560 1535194 40887 98
150 290 10000 10893 1850000 413000 1163338 306661
323 336 10000 13183 180 1555750 20981 37
162 346 10000 12796 100001 1356927 220665 16579
119 237 10000 13074 10000 1494458 83159 1660
156 369 10000 13149 180 1537201 40438 37
299 288 10000 13188 250 1557696 20114 48
39 33 10000 13184 180 1556083 22739 37
141 318 10000 13148 560 1536791 42753 98
128 342 10000 13153 900 1538865 40912 152
164 351 10000 13154 900 1539770 40940 152
365 357 10000 13151 900 1537666 43496 152
357 145 10000 13155 1100 1540770 40898 184
318 228 10001 13131 1870 1527956 54523 316
369 62 10000 13078 10000 1498462 84025 1660
11 184 10000 13086 560 1506434 76363 98
265 227 10000 13157 900 1541153 41717 152
77 382 10000 12798 100001 1358655 224907 16579
345 277 10000 13161 180 1543325 40518 37
306 19 10000 13158 1870 1541204 42986 316
171 53 10000 13128 180 1526763 58392 37
361 143 10000 10860 1850000 403089 1184444 306661
138 355 10000 13082 10000 1503727 83919 1660
13 331 10000 13136 1870 1530629 57249 316
109 87 10000 13168 560 1547202 40842 98
329 396 10000 13142 1100 1533950 54478 184
80 398 10000 13169 900 1547640 41040 152
362 360 10000 13212 1870 1569051 21046 316
120 266 10000 12845 100001 1381105 209869 16579
15 14 10000 13209 1100 1567886 23913 184
23 174 10000 13176 1100 1552043 41078 184
140 175 10000 13162 180 1543428 49980 37
182 93 10000 12851 100001 1383273 210259 16579
229 286 10000 12850 100001 1382972 210594 16579
66 118 10000 13174 1870 1551555 42069 316
325 101 10000 12854 100001 1384566 209106 16579
175 193 10000 12831 100001 1372772 221242 16579
103 34 10000 13179 900 1552913 41316 152
253 83 10000 13159 3160 1541316 53104 531
181 345 10000 13173 1870 1550592 44472 316
308 137 10000 13182 250 1555328 40438 48
352 57 10000 13146 1100 1536210 59844 184
265 283 10000 13152 900 1537918 58546 152
339 286 10000 13187 1100 1557333 40772 184
75 28 10000 13185 560 1556917 41609 98
354 161 10000 13186 250 1557161 41458 48
173 160 10000 13237 900 1578526 20423 152
181 308 10000 13192 250 1559334 41232 48
128 159 10000 13194 560 1559538 41211 98
289 191 10000 13121 10000 1519851 83378 1660
182 227 10000 13119 10000 1518275 85307 1660
238 117 10000 11411 1850000 657465 946856 306661
179 49 10000 13199 900 1562881 41448 152
340 48 10000 13124 10000 1522355 83250 1660
389 66 10000 13200 1100 1562970 43235 184
305 14 10000 13053 10000 1478405 128105 1660
225 205 10000 13204 900 1565174 41362 152
372 147 10000 13206 560 1565591 41055 98
81 280 10001 13205 1100 1565312 41355 184
32 252 10000 10341 1850000 160590 1446903 306661
344 2 10000 13197 180 1561073 47063 37
83 297 10000 13180 250 1553767 55105 48
351 332 10000 12565 100001 1244164 365135 16579
19 359 10000 13202 560 1564543 45351 98
198 120 10000 13211 1100 1568892 41025 184
348 72 10000 13215 560 1569494 41041 98
306 88 10000 13181 900 1554437 56775 152
69 47 10000 13218 250 1570457 41045 48
39 96 10000 11733 1850000 821929 790460 306661
120 105 10000 13217 3160 1570196 42299 531
269 279 10000 13270 250 1591991 20573 48
357 130 10000 13221 180 1571880 41082 37
126 372 10000 13223 3160 1572875 41998 531
352 135 10000 13171 1100 1549745 65521 184
353 190 10000 13224 560 1573613 41687 98
166 299 10000 13226 900 1574563 40848 152
396 6 10000 13227 560 1575937 41507 98
6 300 10000 13230 1100 1576784 41235 184
224 45 10000 13234 560 1577902 40858 98
277 46 10000 11182 1850000 543534 1075481 306661
279 233 10000 11427 1850000 667557 951571 306661
137 79 10000 13166 250 1546135 73206 48
391 232 10000 13239 560 1579381 40755 98
12 165 10000 13147 10000 1536393 84091 1660
174 375 10000 13233 1870 1577269 43551 316
206 112 10000 11158 1850000 533586 1087328 306661
330 61 10000 13243 1100 1580177 41667 184
392 252 10000 13228 560 1576080 47014 98
12 268 10000 13250 900 1583045 40675 152
270 64 10000 13216 560 1569866 54157 98
81 355 10000 13251 560 1583501 40604 98
26 142 10000 13249 900 1582821 41500 152
335 127 10000 13253 560 1583717 40939 98
129 72 10000 13252 900 1583541 41656 152
293 382 10000 12915 100001 1415394 210144 16579
1 243 10000 13254 900 1585232 40685 152
222 93 10000 13242 560 1580171 46085 98
399 265 10000 13248 250 1582552 43771 48
306 378 10000 13259 250 1586398 40348 48
389 38 10000 13164 10000 1544519 83677 1660
246 21 10001 12918 100001 1416445 212032 16579
216 389 10000 13261 560 1587879 40854 98
222 21 10000 12160 1850000 1039004 589786 306661
351 270 10001 13093 10000 1508259 120710 1660
331 257 10000 13260 1870 1587079 42083 316
61 395 10000 13255 900 1585372 44088 152
206 94 10000 13262 560 1589685 40849 98
95 49 10000 13266 180 1590016 40839 37
351 305 10000 13241 560 1579993 50943 98
218 397 10001 13263 900 1589699 41309 152
197 111 10000 13167 10000 1546788 84271 1660
212 61 10000 13267 900 1590122 40978 152
164 392 10000 13269 560 1591145 41110 98
256 374 10000 13264 900 1589814 43254 152
388 63 10000 13274 560 1593001 40428 98
29 235 10000 13258 180 1586377 47271 37
278 166 10000 12770 100001 1340960 292849 16579
184 121 10000 13278 560 1593964 40577 98
383 371 10000 13275 180 1593062 41660 37
46 216 10000 12479 400000 1202188 433051 66306
57 152 10000 13279 1100 1594176 41293 184
347 239 10000 11148 1850000 529537 1106052 306661
216 397 10000 13172 10000 1550116 85800 1660
32 54 10000 13265 3160 1589861 46409 531
283 357 10000 13285 250 1596067 40437 48
36 42 10000 13283 1100 1595382 41653 184
389 367 10000 13284 1870 1595508 41664 316
118 220 10000 13244 1100 1581775 55499 184
11 231 10000 10796 1850000 367759 1269947 306661
361 64 10000 13287 1100 1596651 41102 184
226 395 10000 13291 250 1598040 40326 48
25 174 10000 13290 900 1597632 40821 152
104 377 10000 13286 3160 1596479 42200 531
189 66 10000 13293 180 1598465 40564 37
168 367 10000 13292 180 1598255 40844 37
133 179 10000 12745 400000 1327972 311215 66306
89 32 10000 13114 1100 1516500 122691 184
10 148 10000 13268 900 1590745 48511 152
242 392 10000 13289 900 1597623 41839 152
45 256 10000 12689 400000 1298981 341072 66306
393 242 10000 13297 560 1599925 40428 98
124 10 10000 12953 100001 1432072 209888 16579
257 161 10000 13295 3160 1599140 43417 531
122 289 10000 13191 10000 1559121 83459 1660
177 107 10000 13303 180 1601795 41299 37
38 190 10000 13307 180 1603284 40501 37
174 202 10000 13299 250 1600746 43049 48
357 3 10000 13304 1870 1601848 42221 316
1 9 10000 13355 900 1623856 20322 152
171 363 10001 13308 1870 1603785 41513 316
269 219 10000 13309 1100 1604195 41110 184
163 155 10000 13298 900 1600324 45152 152
267 276 10000 13360 1870 1624455 21199 316
2 205 10000 13312 900 1606771 40644 152
83 40 10000 13311 900 1606027 41886 152
91 90 10000 13365 560 1627639 21189 98
223 260 10000 13089 10000 1507535 141448 1660
224 219 10000 13302 180 1601185 48086 37
53 162 10000 13300 560 1601097 48187 98
267 121 10000 13317 250 1609633 40996 48
312 234 10000 13315 560 1608803 41950 98
143 198 10000 13319 560 1610519 40656 98
34 287 10000 13240 900 1579786 71806 152
235 395 10000 13324 180 1612250 40633 37
286 334 10000 13207 10000 1565914 87163 1660
157 283 10000 12875 100001 1391746 261376 16579
360 382 10000 13326 560 1612379 40916 98
156 27 10000 13327 1100 1612615 40772 184
244 308 10000 13322 3160 1611362 42294 531
315 397 10000 10576 1850000 271740 1381956 306661
334 245 10000 13313 1870 1607091 47101 316
238 118 10000 13282 560 1594880 59315 98
282 82 10000 13321 1100 1610714 43950 184
55 311 10000 13323 3160 1611938 43103 531
33 317 10000 13330 3160 1613251 42144 531
259 60 10000 12984 100001 1447038 208672 16579
283 78 10000 13334 560 1615102 40653 98
304 207 10000 13335 180 1615482 40578 37
338 204 10000 13332 1870 1614751 43007 316
97 46 10000 11134 1850000 520203 1137599 306661
399 34 10000 13337 560 1617544 41135 98
230 123 10000 13198 10000 1562191 98159 1660
153 392 10000 13340 1100 1618717 41694 184
359 171 10000 13236 10000 1577965 84055 1660
187 325 10000 13195 10000 1560653 101760 1660
381 338 10000 13175 560 1551943 110886 98
226 183 10000 13347 250 1622468 40611 48
283 186 10000 13343 3160 1620792 42460 531
149 130 10000 13348 560 1622524 41279 98
387 344 10000 13344 3160 1621953 41998 531
249 216 10000 13238 10000 1578629 85611 1660
131 163 10000 13356 560 1623906 40986 98
375 3 10000 13345 900 1622356 42702 152
15 165 10000 13342 3160 1620051 45327 531
122 112 10000 13353 560 1623729 42102 98
367 95 10000 13277 1870 1593726 72329 316
384 57 10000 13362 180 1625940 40570 37
231 359 10000 13361 1100 1624485 42400 184
91 243 10000 13336 1870 1615483 51796 316
82 293 10000 13352 900 1623343 44091 152
254 123 10000 13358 1870 1623948 43976 316
295 233 10000 13010 100001 1459437 209351 16579
74 56 10000 13363 1870 1626336 43150 316
93 266 10000 13350 1100 1622947 46955 184
277 318 10000 13367 560 1629946 40857 98
227 331 10000 12771 400000 1341054 329849 66306
381 266 10000 13189 1100 1558477 112545 184
243 299 10000 13341 1870 1619701 51360 316
59 8 10001 13369 560 1630104 41077 98
373 353 10000 13280 560 1594473 76835 98
6 215 10000 13257 10000 1586186 85526 1660
201 223 10000 13368 1870 1630070 42206 316
307 323 10000 13372 560 1632510 40761 98
323 271 10000 13357 3160 1623922 49374 531
312 172 10000 13374 560 1632950 41309 98
108 278 10000 12966 100001 1441083 233330 16579
225 265 10000 13371 900 1630751 43722 152
17 376 10000 13375 1100 1633849 41199 184
115 159 10000 13373 1870 1632854 42428 316
179 325 10000 12965 100001 1440404 234897 16579
4 197 10000 13381 560 1636207 40634 98
374 261 10000 13339 1100 1618506 59140 184
147 140 10000 13428 900 1657106 20581 152
116 80 10000 13271 10000 1592071 85916 1660
69 262 10000 13333 560 1614977 63072 98
53 306 10000 13004 100001 1457329 221045 16579
14 36 10000 13383 560 1637311 41265 98
313 244 10000 13305 560 1602366 76300 98
270 193 10000 13351 560 1623015 55842 98
336 190 10000 13382 3160 1636711 43090 531
347 370 10000 13247 10000 1582276 98706 1660
293 135 10000 13385 1870 1639626 41544 316
10 199 10000 13380 1870 1635949 46356 316
226 17 10000 13388 180 1641765 40624 37
284 323 10000 13376 560 1633859 48677 98
183 217 10000 13387 560 1641562 40999 98
50 198 10000 13328 1870 1612927 70397 316
148 120 10000 13393 560 1643771 40428 98
254 238 10000 13394 1100 1644576 41026 184
210 123 10000 13396 250 1645423 40821 48
207 4 10000 10336 1850000 159352 1526896 306661
72 382 10000 13398 560 1646012 40830 98
242 347 10000 13306 10000 1602692 84151 1660
101 103 10000 13442 900 1667031 20677 152
30 20 10000 13401 10000 1646441 42063 1660
350 18 10001 11410 1850000 656066 1033812 306661
267 397 10000 13412 560 1650901 40522 98
185 212 10000 13410 900 1650594 41075 152
369 239 10000 13012 100001 1460852 231339 16579
172 393 10000 13414 560 1651185 41089 98
334 122 10000 13390 1870 1642186 50394 316
286 364 10000 13415 560 1651437 41202 98
290 178 10000 13409 560 1650424 43149 98
197 224 10000 13416 1870 1652363 41513 316
228 113 10000 13404 3160 1647932 46167 531
225 150 10000 13411 1870 1650795 43832 316
375 233 10000 10736 1850000 342120 1352973 306661
46 387 10000 13389 3160 1642038 53692 531
379 332 10000 13423 560 1655549 40428 98
146 233 10000 13419 900 1653831 42153 152
28 179 10000 13364 1870 1626595 69826 316
244 341 10000 13329 10000 1613110 83481 1660
324 157 10000 13420 1870 1654342 42789 316
66 353 10000 13427 560 1656928 40748 98
175 0 10000 13405 3160 1648967 48759 531
245 48 10000 13429 250 1658149 40312 48
49 375 10000 12117 1850000 1011423 687148 306661
25 70 10000 13424 1870 1655663 43036 316
58 159 10000 13366 180 1628887 70356 37
322 108 10001 13288 10000 1596994 102397 1660
250 130 10000 13413 560 1651102 48356 98
340 330 10000 13431 560 1659124 41166 98
188 368 10000 13070 100001 1491288 209463 16579
156 336 10000 13432 1100 1659586 41293 184
144 373 10000 13430 560 1658967 42445 98
39 102 10000 13418 1870 1653444 47970 316
340 149 10000 13433 900 1660354 41228 152
193 362 10000 13434 1870 1660394 41724 316
9 79 10000 13338 10000 1617853 85047 1660
386 296 10000 13437 250 1663953 40765 48
39 50 10000 13438 1100 1664209 40983 184
34 195 10000 13214 10000 1569470 135750 1660
165 81 10000 13439 560 1665248 40659 98
219 113 10000 13435 900 1661365 45900 152
365 219 10000 13425 900 1656010 51376 152
4 331 10000 13359 10000 1624279 83552 1660
330 316 10000 13320 10000 1610642 97616 1660
54 121 10000 13444 1100 1668168 40992 184
354 393 10000 12828 400000 1372018 337943 66306
62 145 10000 13448 560 1669737 40529 98
397 325 10000 13445 1870 1668587 41961 316
168 54 10000 13450 560 1670818 40670 98
109 113 10000 13485 1100 1691923 20542 184
195 348 10000 13386 900 1640184 72450 152
236 60 10000 13452 250 1671922 40894 48
313 216 10000 13399 1100 1646037 67168 184
186 309 10000 13076 100001 1496240 217465 16579
30 113 10000 13453 900 1673279 41015 152
109 177 10000 13455 900 1673682 41520 152
384 181 10000 13458 1100 1674837 40963 184
98 359 10000 10695 1850000 324850 1391692 306661
80 390 10000 13459 250 1675968 41012 48
238 335 10000 13042 100001 1475461 241564 16579
1 48 10000 13460 560 1677143 40428 98
140 321 10000 13462 900 1678784 41533 152
353 170 10000 13096 100001 1510196 210310 16579
313 186 10000 13417 180 1653410 68148 37
102 73 10000 12860 400000 1386730 334911 66306
279 302 10000 13379 10000 1635739 86844 1660
133 31 10000 13467 900 1681782 41026 152
319 198 10000 13466 1870 1681706 41513 316
365 50 10000 13426 560 1656710 67223 98
313 249 10000 13421 900 1655009 69230 152
55 43 10000 13504 560 1704256 20400 98
313 18 10000 12994 100001 1453473 271251 16579
81 357 10000 13461 3160 1677753 47485 531
308 359 10000 13463 1870 1680631 44616 316
310 384 10000 13471 900 1684086 41345 152
383 41 10000 13094 100001 1509009 217261 16579
244 106 10000 13478 180 1687801 40447 37
398 364 10000 13477 560 1686926 41727 98
162 273 10000 13454 1100 1673436 55319 184
314 345 10000 13474 900 1685410 44805 152
313 237 10000 13436 1870 1662642 67745 316
62 133 10000 13402 10000 1646995 83601 1660
295 114 10000 13479 3160 1688116 42720 531
146 9 10000 13480 900 1690337 41216 152
233 16 10000 13486 180 1691987 40773 37
336 286 10000 13483 1870 1691458 41555 316
257 280 10000 13475 3160 1685780 49420 531
118 29 10000 13469 560 1683281 51935 98
72 393 10000 13127 100001 1526053 209199 16579
329 78 10000 13018 100001 1466563 269068 16579
48 212 10000 13476 560 1686746 49118 98
359 245 10000 13488 560 1694921 41389 98
254 305 10000 13482 1870 1690880 45604 316
282 197 10000 13408 10000 1650392 86346 1660
259 183 10000 13062 100001 1484673 252463 16579
99 18 10000 11116 1850000 512129 1225364 306661
9 354 10000 13395 10000 1645331 92498 1660
385 105 10000 13075 100001 1495226 242639 16579
51 308 10000 12484 400000 1204684 533733 66306
18 206 10000 13491 1100 1697330 41258 184
130 240 10000 12943 400000 1429059 310114 66306
162 339 10000 13490 3160 1696623 42555 531
92 279 10000 13400 10000 1646168 94366 1660
346 205 10000 13495 1100 1700110 40772 184
278 380 10000 12255 1850000 1088299 653266 306661
334 72 10000 13472 250 1685203 57240 48
217 7 10000 13492 3160 1698359 44327 531
342 34 10000 13497 1100 1702074 41026 184
394 51 10000 13441 3160 1665512 78164 531
280 164 10000 13503 560 1703976 40858 98
297 20 10000 13133 100001 1529994 215524 16579
221 217 10000 13500 1100 1703081 42781 184
304 206 10000 13505 1870 1704393 41744 316
234 322 10000 13502 1870 1703825 42478 316
155 259 10000 13507 250 1706041 40374 48
384 396 10001 13551 560 1725793 20739 98
216 269 10000 13447 1100 1669593 77820 184
87 169 10000 13150 100001 1537572 209975 16579
226 45 10000 13499 250 1702987 44777 48
288 167 10000 13508 1100 1706683 42693 184
315 84 10000 13513 1100 1708741 41237 184
241 217 10000 13140 100001 1532700 217833 16579
60 112 10000 13514 560 1709235 41443 98
391 101 10000 13134 100001 1530247 220496 16579
281 248 10000 13515 250 1709282 42223 48
213 44 10000 13517 560 1709972 41538 98
90 2 10000 13451 180 1671539 80444 37
141 371 10000 13139 100001 1531564 221100 16579
354 334 10000 13524 180 1713420 40481 37
357 343 10000 13406 100001 1649970 105389 16579
65 325 10000 13527 900 1714982 41094 152
175 312 10000 13519 560 1711975 44184 98
92 21 10000 13522 1100 1712734 44295 184
26 20 10000 13562 180 1737012 20093 37
224 11 10000 13457 10000 1674680 83391 1660
309 202 10000 13510 1870 1706931 51848 316
323 389 10000 13464 560 1681269 77842 98
107 3 10000 13530 560 1718388 41172 98
328 315 10000 12805 400000 1362483 397203 66306
34 123 10000 13494 180 1699240 60489 37
329 21 10000 13532 560 1719697 40656 98
10 234 10000 13526 1870 1714170 46647 316
292 375 10000 13272 10000 1592101 168875 1660
123 92 10000 13273 10000 1592912 168263 1660
346 172 10000 13536 180 1721082 40386 37
247 134 10000 13537 560 1721333 41473 98
383 140 10001 13538 180 1722570 40767 37
280 237 10000 13541 560 1722945 40988 98
369 315 10000 13540 1100 1722907 41233 184
162 334 10000 11803 1850000 850648 913535 306661
230 378 10000 13529 1870 1715825 48568 316
228 70 10000 13543 560 1724212 40837 98
176 236 10000 13544 250 1724323 40837 48
311 75 10000 12063 1850000 982988 782558 306661
265 127 10000 13545 900 1724556 41197 152
76 195 10000 13535 900 1720888 45107 152
269 151 10000 13528 250 1715622 50520 48
10 141 10000 13533 250 1719926 46563 48
338 349 10000 13539 250 1722822 43867 48
123 258 10000 13548 1100 1724972 41980 184
70 97 10000 13489 1100 1696042 71039 184
221 265 10000 13552 560 1725931 41400 98
54 340 10000 13193 100001 1559355 208683 16579
325 88 10000 13547 560 1724868 43839 98
212 109 10000 11792 1850000 843804 926034 306661
222 169 10000 13473 10000 1685356 84774 1660
331 365 10000 13554 900 1728419 41826 152
10 156 10000 13534 560 1720493 49939 98
292 165 10000 13484 1870 1691696 79124 316
55 52 10000 13594 1100 1751077 20525 184
222 94 10000 13170 100001 1549252 222818 16579
102 93 10000 13549 900 1725007 47091 152
80 83 10000 13598 1100 1752775 20386 184
154 99 10000 13487 10000 1693274 84605 1660
41 254 10000 10577 1850000 272649 1507107 306661
196 133 10000 13565 560 1739789 40428 98
240 234 10000 13558 560 1736076 44945 98
55 384 10000 13210 100001 1568381 212766 16579
181 41 10000 13569 250 1740948 41650 48
224 102 10000 13570 900 1741488 41114 152
76 194 10000 13571 560 1741975 40960 98
314 160 10001 13573 560 1742141 41085 98
127 96 10000 13566 1870 1740136 43419 316
319 379 10000 13577 560 1744113 40428 98
332 362 10000 13576 900 1744085 41029 152
230 213 10000 13582 1100 1745304 40965 184
313 38 10000 13449 10000 1670528 115849 1660
186 361 10000 13556 560 1732550 54003 98
20 331 10000 13584 250 1745840 40794 48
133 12 10000 13581 1870 1745164 41513 316
141 288 10000 13574 560 1743740 43472 98
54 13 10000 13501 10000 1703324 84734 1660
143 21 10000 13586 3160 1747119 43584 531
52 18 10000 13591 180 1749995 40721 37
182 389 10000 13590 900 1749957 40868 152
133 245 10000 13229 100001 1576287 214602 16579
224 330 10000 13588 1870 1748738 42843 316
49 241 10000 13593 900 1750847 41091 152
281 25 10000 13245 100001 1582096 209954 16579
265 253 10000 13203 100001 1564755 227666 16579
384 274 10000 13595 180 1752306 40811 37
46 69 10000 12757 400000 1334425 459023 66306
45 194 10000 13596 560 1752489 41265 98
247 113 10000 13599 250 1753260 40808 48
118 211 10000 13557 900 1734629 59796 152
13 94 10000 13601 560 1753794 40979 98
220 399 10000 13597 1870 1752755 42037 316
19 21 10000 13572 250 1741990 53724 48
113 109 10000 13635 1870 1773821 22626 316
7 155 10000 13606 1100 1755679 41195 184
257 52 10000 13604 1870 1754830 42219 316
365 261 10000 13129 100001 1527633 269736 16579
65 275 10000 13608 900 1756438 40961 152
28 203 10000 12925 400000 1418183 379540 66306
239 1 10000 13225 100001 1573978 225073 16579
41 234 10000 13560 3160 1736608 63352 531
195 395 10000 13610 1870 1758488 41523 316
22 27 10000 13648 180 1778199 22074 37
254 118 10000 13613 560 1759596 40797 98
359 150 10000 13607 900 1756154 44293 152
386 385 10000 13649 1870 1779043 21877 316
177 253 10000 13614 250 1759640 41652 48
56 201 10000 13585 560 1746378 55422 98
20 291 10000 13617 180 1761483 40804 37
8 40 10000 13619 560 1762857 40667 98
49 86 10000 13579 180 1744667 58890 37
399 179 10000 13620 180 1763378 40184 37
7 239 10000 13621 560 1763517 41002 98
185 24 10000 13618 900 1762653 43540 152
366 232 10000 13623 250 1765710 40801 48
5 23 10000 13525 10000 1713627 93014 1660
95 296 10000 13625 900 1766408 40713 152
278 96 10000 13521 10000 1712627 94547 1660
276 133 10000 13624 560 1765986 41197 98
229 96 10000 13523 10000 1713130 94953 1660
107 82 10000 13578 560 1744371 63793 98
69 183 10000 13615 180 1760049 49482 37
87 48 10000 13546 10000 1724805 86195 1660
263 356 10000 13631 180 1771674 40717 37
378 338 10000 13550 10000 1725666 86965 1660
90 183 10000 13392 10000 1643374 169960 1660
316 227 10000 13634 560 1773534 41223 98
3 204 10000 13628 560 1770895 44162 98
398 149 10000 13294 100001 1598797 216849 16579
57 156 10000 13639 180 1775237 40527 37
141 368 10000 13633 560 1772580 43185 98
157 364 10000 13638 560 1774813 41325 98
49 338 10000 13629 900 1771099 45703 152
156 317 10000 13600 560 1753608 63825 98
249 280 10000 13641 1870 1775679 42124 316
201 32 10000 13642 1870 1775701 42725 316
131 161 10000 11010 1850000 463685 1355151 306661
325 71 10000 13647 900 1778033 44033 152
300 388 10000 13656 180 1782029 40186 37
77 206 10000 13657 180 1782254 40486 37
207 178 10000 13636 3160 1773895 48875 531
89 88 10000 13518 1870 1711510 111590 316
127 22 10000 13654 3160 1780880 42921 531
331 61 10000 13663 250 1783641 40271 48
319 209 10000 13564 10000 1739296 85059 1660
36 23 10000 13700 3160 1802694 21871 531
31 202 10000 13658 560 1782835 42575 98
397 299 10000 13650 900 1779158 46404 152
394 297 10000 13592 560 1750384 75793 98
122 74 10000 13575 10000 1743866 83532 1660
79 149 10000 13668 560 1788022 40428 98
303 6 10000 13583 10000 1745587 83755 1660
322 240 10000 13643 250 1775722 54605 48
235 138 10000 13666 900 1786174 44516 152
28 236 10000 13589 3160 1749124 82331 531
335 350 10000 13674 180 1792288 40604 37
389 128 10000 13673 900 1791963 40948 152
239 289 10000 13318 100001 1609822 223233 16579
309 141 10000 13325 100001 1612256 221113 16579
134 64 10000 13675 1870 1792479 42126 316
5 328 10000 13677 900 1794324 40903 152
324 255 10000 13671 180 1790201 45516 37
65 91 10000 13626 250 1766732 70115 48
326 241 10000 13659 1100 1782868 54174 184
211 216 10000 13726 560 1817043 20214 98
113 13 10000 13672 180 1790488 47032 37
127 153 10000 13679 1870 1794848 42766 316
391 234 10000 13676 1100 1792927 45234 184
121 185 10000 13660 180 1783134 55241 37
219 75 10000 13667 250 1786206 52213 48
218 122 10000 13690 560 1799170 40716 98
171 303 10000 13692 560 1799605 40762 98
377 67 10000 13653 560 1780722 59778 98
355 25 10000 13370 100001 1630318 210801 16579
382 82 10000 13493 1870 1698966 143087 316
318 102 10000 13694 1100 1800918 41260 184
107 331 10000 13681 560 1795390 47540 98
100 323 10000 13696 560 1801864 41163 98
100 311 10000 13698 1100 1802435 40825 184
319 6 10000 13699 1870 1802612 41513 316
397 116 10000 13378 100001 1634772 209701 16579
306 224 10000 13682 1100 1795539 49107 184
69 28 10000 13685 1870 1795810 49358 316
98 95 10000 13738 560 1825099 20214 98
121 43 10000 13702 180 1804435 40908 37
18 344 10000 13703 900 1804902 40644 152
112 53 10000 13704 560 1805551 40767 98
382 311 10000 13516 900 1709622 136850 152
177 329 10000 11421 1850000 664952 1182270 306661
298 28 10001 13701 900 1803870 44030 152
333 126 10000 13622 10000 1764088 84749 1660
73 326 10000 13688 1870 1798455 50466 316
338 365 10000 11538 1850000 717129 1132006 306661
71 198 10000 13705 560 1808499 40651 98
303 198 10000 13708 250 1808771 40626 48
227 398 10000 13706 3160 1808559 42445 531
393 353 10000 13627 10000 1768711 83366 1660
389 221 10000 13716 180 1811565 40574 37
138 66 10000 13715 1100 1811428 40820 184
279 357 10000 13713 900 1811324 40943 152
238 339 10000 13711 900 1810996 41618 152
10 135 10000 13710 560 1809942 43398 98
262 48 10000 13709 560 1809563 44477 98
91 6 10000 13605 3160 1755133 98993 531
146 157 10000 11832 1850000 865249 988977 306661
48 76 10000 13670 900 1790137 64304 152
366 247 10000 13719 560 1813613 40921 98
108 295 10000 13707 1870 1808736 49096 316
14 189 10000 12201 1850000 1058312 801660 306661
52 44 10000 13765 560 1840549 20214 98
365 115 10000 13728 900 1818325 42868 152
20 204 10000 13730 250 1820454 41461 48
42 127 10000 13723 560 1814782 47960 98
373 175 10000 13717 1870 1812452 50295 316
86 189 10000 13732 1870 1822476 41624 316
52 46 10000 13776 900 1844269 20426 152
370 211 10000 13737 560 1825014 41043 98
66 269 10000 13740 900 1825462 40798 152
37 312 10000 13742 180 1825869 40993 37
252 125 10000 13645 1100 1776692 91096 184
121 112 10000 13733 3160 1822668 45389 531
92 235 10000 13744 900 1826743 41824 152
346 267 10000 13746 560 1828291 40477 98
217 92 10000 13743 900 1826103 42846 152
34 235 10000 13612 10000 1759584 111412 1660
283 89 10001 13310 100001 1605170 266468 16579
168 45 10000 13750 560 1830851 40953 98
168 51 10000 13748 3160 1829052 43257 531
28 121 10000 13745 1870 1827468 46235 316
265 390 10000 13752 180 1832563 41509 37
177 101 10000 13758 1100 1835263 40772 184
196 374 10000 13754 3160 1833896 42194 531
70 88 10000 11615 1850000 759107 1117240 306661
394 334 10000 13646 900 1777488 98950 152
262 229 10000 12414 1850000 1170776 708566 306661
284 193 10000 13763 560 1839057 43277 98
36 160 10000 13768 900 1841159 41501 152
54 0 10000 13751 1870 1832340 50345 316
390 369 10000 13686 10000 1795933 86851 1660
335 272 10000 13770 1100 1841862 40944 184
63 118 10000 13772 900 1842440 40989 152
139 167 10000 13755 560 1834644 49218 98
332 27 10000 13773 900 1843047 40996 152
341 295 10000 13760 560 1837102 47563 98
139 357 10000 13695 10000 1800969 83903 1660
106 136 10000 13693 10000 1800018 85201 1660
385 68 10000 13630 10000 1771562 113873 1660
310 325 10000 13741 180 1825856 59880 37
335 134 10000 13779 560 1845394 41300 98
153 349 10000 13780 250 1845632 41326 48
260 261 10000 13809 1870 1865454 21797 316
308 28 10000 13778 3160 1845335 43712 531
200 218 10000 13813 1870 1866559 22518 316
295 239 10000 13783 3160 1846180 42939 531
291 244 10000 13756 560 1834743 54838 98
391 390 10000 13817 560 1867826 24074 98
59 16 10000 10999 1850000 457456 1434637 306661
368 223 10000 13781 560 1845837 46872 98
262 243 10000 13784 250 1851087 41629 48
55 61 10000 13785 1100 1851316 41491 184
189 276 10000 13789 180 1852733 40222 37
138 301 10000 13788 180 1852597 40573 37
21 254 10000 13468 100001 1683274 211146 16579
126 261 10000 13403 100001 1647844 246917 16579
136 97 10000 13714 10000 1811357 83695 1660
143 60 10000 13470 100001 1684011 212422 16579
206 28 10000 13791 1100 1855658 41808 184
265 64 10000 13792 560 1855794 41748 98
378 18 10000 13794 560 1856392 41830 98
24 215 10000 13568 10000 1740848 158050 1660
282 281 10000 13795 10000 1856610 42368 1660
82 328 10000 13797 900 1857188 42268 152
174 340 10000 13766 180 1840780 58829 37
240 101 10000 13798 1870 1857831 42333 316
369 365 10000 13796 10000 1857172 43362 1660
56 24 10000 13724 10000 1816253 84741 1660
367 301 10000 13799 560 1860427 40649 98
52 321 10000 13774 560 1843145 59208 98
151 195 10000 13802 900 1861760 40933 152
124 159 10000 13804 560 1862938 40650 98
105 151 10000 13465 100001 1681340 223001 16579
129 204 10000 13680 900 1795110 109671 152
158 232 10000 13805 900 1863092 41714 152
9 110 10000 13803 1870 1862506 43076 316
375 243 10000 13734 10000 1823034 83109 1660
211 348 10000 13810 1100 1865824 41520 184
242 9 10000 13443 100001 1667314 240826 16579
4 35 10000 13814 3160 1866750 42621 531
40 60 10000 13201 100001 1563720 346410 16579
243 56 10000 13812 1870 1866241 44031 316
224 347 10000 13819 1870 1869020 41513 316
85 270 10000 12499 1850000 1210251 700739 306661
367 255 10000 13786 560 1851842 59195 98
126 206 10000 13498 100001 1702212 209191 16579
193 301 10000 13820 3160 1869073 42466 531
315 178 10000 13825 1100 1870089 42013 184
124 1 10000 13816 1870 1867579 44540 316
147 214 10000 13824 3160 1870085 42701 531
379 206 10000 13822 560 1869580 43218 98
394 19 10000 11789 1850000 842519 1070344 306661
385 359 10000 13811 180 1866116 47005 37
108 47 10000 13749 10000 1830101 83741 1660
316 70 10000 13832 250 1873818 40228 48
358 71 10000 13721 10000 1814504 99798 1660
123 349 10000 13834 560 1874806 40845 98
197 387 10000 13835 560 1875048 40905 98
341 330 10000 13818 560 1868660 48254 98
199 43 10000 13830 900 1873570 46276 152
5 307 10000 13833 900 1874046 45991 152
319 324 10000 13836 900 1875556 44593 152
276 311 10000 13838 1870 1878025 42663 316
390 369 10001 13840 1870 1878678 42204 316
218 200 10000 13842 10000 1878844 42357 1660
164 130 10000 13735 10000 1823857 97691 1660
76 140 10000 13843 1870 1880214 41661 316
207 86 10000 13844 900 1880514 41919 152
338 373 10000 13231 400000 1577030 345795 66306
298 334 10000 13846 250 1881580 41543 48
180 285 10000 13826 180 1870784 52818 37
0 354 10000 13764 10000 1839126 84802 1660
73 118 10000 13847 1870 1882112 42268 316
235 348 10000 13829 3160 1873567 50990 531
156 182 10000 13852 1870 1883889 41733 316
108 377 10000 13851 900 1883223 42731 152
183 227 10000 13855 180 1885105 41119 37
167 181 10000 13854 900 1884914 41485 152
258 236 10000 13736 250 1823932 102734 48
24 92 10000 13759 560 1835846 91977 98
106 266 10000 11937 1850000 911915 1016108 306661
342 359 10001 13902 250 1907508 20643 48
156 307 10000 13821 560 1869267 58975 98
271 172 10000 13757 10000 1834937 93697 1660
370 97 10000 13775 10000 1844117 85509 1660
147 250 10000 13861 560 1888923 41026 98
290 374 10000 13859 900 1887871 43068 152
257 60 10000 13864 560 1889779 41646 98
262 24 10000 13866 900 1891105 41043 152
307 254 10000 13869 900 1891670 40644 152
224 173 10000 13867 560 1891664 40750 98
138 193 10000 13860 250 1888253 45773 48
289 363 10000 13868 900 1891668 42405 152
344 318 10000 13870 560 1893435 41428 98
382 123 10000 13697 560 1802394 132880 98
21 397 10000 13873 560 1895387 40673 98
347 142 10000 13506 100001 1705394 230868 16579
74 189 10000 13787 10000 1852587 84260 1660
197 103 10000 13875 1100 1896050 41072 184
375 62 10000 13790 10000 1854442 83026 1660
165 195 10000 13862 1870 1889156 48328 316
62 90 10000 13739 10000 1825213 113477 1660
378 377 10000 13922 900 1917719 21099 152
54 209 10000 13669 10000 1788311 150965 1660
115 184 10000 13882 560 1899162 40653 98
64 41 10000 13801 250 1861725 79172 48
217 211 10000 13929 250 1920783 20599 48
279 108 10000 13878 3160 1898051 43479 531
296 61 10000 13887 250 1901251 40513 48
137 175 10000 13888 1100 1902410 41105 184
169 374 10000 13876 560 1896558 47005 98
146 229 10000 13883 560 1900229 43754 98
298 342 10001 13863 560 1889767 55065 98
360 88 10000 13885 1870 1900619 44329 316
78 270 10000 13793 10000 1856061 88979 1660
313 53 10000 13889 560 1903138 42168 98
269 377 10000 13559 100001 1736532 209075 16579
205 216 10000 13901 560 1907265 38449 98
73 208 10001 13893 560 1904343 41372 98
43 163 10000 13555 100001 1729865 216024 16579
392 268 10000 13767 900 1840872 105544 152
329 177 10000 13895 560 1905148 41677 98
56 201 10001 13897 1100 1906181 40772 184
45 44 10000 13941 1870 1926529 20999 316
361 55 10000 13903 560 1908401 40791 98
41 126 10000 13849 560 1882425 67013 98
58 139 10000 13346 100001 1622438 327104 16579
221 104 10000 13900 900 1906741 43197 152
61 286 10001 13892 560 1904124 46429 98
144 217 10000 13904 560 1908744 41828 98
45 291 10000 13222 100001 1572595 378328 16579
19 314 10000 13871 3160 1893528 57453 531
21 188 10000 13815 10000 1867499 83976 1660
315 135 10000 10474 1850000 217529 1734169 306661
128 313 10000 13909 900 1912293 41771 152
215 123 10000 13891 250 1903870 51110 48
394 143 10000 13858 560 1887863 67403 98
1 333 10000 13896 180 1905837 49681 37
172 303 10000 13918 900 1915793 41016 152
101 215 10000 13919 180 1916288 40876 37
265 206 10000 13916 3160 1915311 42224 531
144 235 10000 13920 560 1917022 40559 98
11 47 10000 13917 1870 1915347 43298 316
213 349 10000 13853 560 1884829 74220 98
138 233 10000 13910 560 1913521 45797 98
29 358 10000 13923 900 1918289 41461 152
165 55 10000 13921 1870 1917676 42356 316
77 310 10000 13926 1870 1919882 41744 316
72 28 10000 13924 1870 1919263 42472 316
87 333 10000 13928 1870 1920532 42280 316
45 12 10000 13603 100001 1754796 208414 16579
269 185 10000 13932 560 1921654 42355 98
71 361 10000 13933 900 1923071 41030 152
201 101 10000 13937 1870 1924637 41513 316
132 273 10000 13934 3160 1923147 43255 531
396 339 10000 13848 10000 1882259 84652 1660
392 72 10000 13126 400000 1525637 442380 66306
30 214 10000 13907 180 1911502 56841 37
151 334 10001 13936 1100 1924182 44488 184
2 22 10000 13943 560 1928214 40613 98
157 42 10000 13947 560 1928702 40857 98
43 63 10000 13948 900 1928716 41052 152
176 123 10000 13856 10000 1885968 84034 1660
199 107 10000 13927 250 1920369 49845 48
263 61 10000 13939 900 1924715 45764 152
296 370 10000 13945 3160 1928365 43015 531
204 354 10000 13637 1100 1774204 197436 184
105 37 10000 13890 900 1903784 68182 152
320 297 10001 13957 3160 1932276 42452 531
117 377 10000 13949 3160 1929537 45360 531
99 217 10000 13963 560 1934881 41170 98
186 53 10000 13962 560 1934837 41264 98
292 237 10000 13914 560 1914283 62092 98
268 88 10000 13961 1870 1934637 42718 316
52 210 10000 13966 1100 1936398 41412 184
11 394 10000 13940 1100 1925106 52949 184
287 259 10000 13970 560 1938013 41017 98
308 139 10000 13969 180 1937885 41489 37
268 126 10000 13960 1100 1934579 44830 184
222 191 10000 13968 1870 1937632 42053 316
50 3 10000 13952 1100 1931039 48696 184
260 136 10000 13964 560 1935064 44761 98
247 93 10000 13884 560 1900448 80419 98
337 310 10000 13973 1870 1940780 41513 316
329 94 10000 13837 10000 1875990 106878 1660
390 386 10000 14010 1100 1962107 21247 184
302 85 10000 13877 10000 1897459 85927 1660
270 132 10000 13976 560 1942190 42696 98
188 141 10000 13977 900 1942676 42446 152
60 253 10000 13644 100001 1776673 211061 16579
222 30 10000 13986 1100 1947598 40940 184
254 93 10000 13958 560 1933202 55506 98
298 40 10000 13988 560 1947791 41616 98
122 107 10000 13652 100001 1780099 209426 16579
123 318 10000 13894 10000 1904663 85231 1660
344 56 10000 13990 180 1949040 41087 37
43 255 10000 12432 1850000 1179219 811684 306661
299 375 10000 13632 100001 1772063 219254 16579
251 295 10000 13956 900 1931907 59840 152
93 396 10000 13995 900 1952135 41011 152
243 1 10000 13972 180 1940305 53737 37
329 176 10000 13971 560 1938421 55903 98
183 266 10000 13906 10000 1910369 84182 1660
83 113 10000 13999 180 1955883 40234 37
373 316 10000 13994 1870 1951211 45598 316
2 173 10000 13899 10000 1906271 91230 1660
200 220 10000 14003 560 1957346 40428 98
340 28 10000 13998 560 1955683 42380 98
29 183 10000 13955 900 1931804 66558 152
332 259 10000 14004 900 1958703 40969 152
276 63 10000 13911 10000 1914179 85685 1660
303 93 10000 13989 1870 1948913 51222 316
181 345 10001 14005 1870 1958712 41694 316
313 282 10000 13987 560 1947759 53130 98
194 396 10000 13823 250 1869593 131493 48
349 292 10000 14009 900 1960636 40972 152
129 25 10000 13316 100001 1609295 393442 16579
121 318 10000 13908 10000 1911789 90967 1660
222 227 10000 14049 900 1982327 20554 152
97 392 10000 12956 400000 1433848 569616 66306
89 289 10000 13828 900 1871849 132885 152
67 39 10000 14011 3160 1963100 42589 531
225 203 10000 13985 560 1947081 59506 98
45 332 10000 14015 1870 1965056 41991 316
307 110 10000 14017 1870 1967253 43585 316
108 390 10000 14020 560 1968171 42786 98
248 208 10000 13981 900 1944260 67164 152
279 215 10000 14023 1100 1969942 41636 184
63 96 10000 14026 560 1971037 40865 98
138 43 10000 14024 250 1970379 42175 48
218 178 10000 14027 180 1971146 41488 37
158 239 10000 13950 10000 1929794 83614 1660
245 95 10000 13944 10000 1928348 85159 1660
69 231 10000 13983 560 1945681 68808 98
8 387 10000 14022 3160 1969137 46031 531
139 366 10000 14031 180 1974159 41033 37
300 29 10000 14032 180 1976002 41274 37
280 253 10000 14006 1870 1959086 59291 316
361 249 10000 14033 900 1976426 42003 152
56 79 10000 14035 1870 1976766 41799 316
103 193 10000 14025 180 1970557 49962 37
362 360 10001 14075 3160 1999024 21495 531
19 279 10000 14043 900 1979943 40847 152
301 250 10000 14039 560 1978428 42401 98
114 11 10000 14038 3160 1978317 43048 531
259 302 10000 14044 900 1980244 41534 152
177 167 10000 14080 250 2001809 20114 48
324 204 10000 14042 1100 1979845 42125 184
338 186 10000 14045 560 1980864 41439 98
226 359 10000 14040 180 1979305 43277 37
27 238 10000 14046 560 1981382 41381 98
213 358 10000 14048 560 1982069 42261 98
344 213 10000 14047 1870 1981929 42486 316
353 300 10000 13689 100001 1798806 226094 16579
267 23 10000 14051 1870 1983758 41560 316
356 86 10000 13678 100001 1794553 231028 16579
379 392 10000 14054 560 1985277 40882 98
389 378 10000 14058 560 1985817 41433 98
330 230 10000 13722 100001 1814682 212831 16579
97 234 10000 13712 100001 1811299 216545 16579
369 277 10000 13729 100001 1818589 212975 16579
94 69 10000 14062 1870 1990259 42227 316
234 225 10000 14094 1870 2011667 21206 316
76 165 10000 14066 560 1992748 40428 98
61 108 10000 14067 560 1993231 41422 98
292 93 10000 14059 1870 1986418 50380 316
81 200 10000 14072 1100 1997121 40772 184
215 321 10000 13664 100001 1784402 254493 16579
241 231 10000 13951 10000 1930680 109746 1660
383 42 10000 14081 560 2002644 41009 98
392 111 10000 12468 1850000 1197714 846077 306661
270 114 10000 14073 900 1997444 46432 152
319 130 10000 14070 900 1995065 48901 152
100 145 10000 14082 900 2003622 41126 152
89 175 10000 13915 1870 1914672 131979 316
117 141 10000 14087 560 2006681 41334 98
231 311 10000 13753 100001 1833372 214670 16579
84 316 10000 14084 3160 2005827 42241 531
114 193 10000 14089 1100 2007489 40795 184
221 258 10000 13747 100001 1828365 220417 16579
310 190 10000 14000 10000 1956222 92573 1660
379 175 10000 14085 3160 2005994 43096 531
192 92 10000 14076 560 1999425 49784 98
348 201 10000 13727 100001 1817243 232112 16579
48 3 10000 14092 180 2009223 40894 37
3 398 10000 14086 180 2006505 44026 37
389 345 10000 14021 10000 1968481 83273 1660
15 25 10000 14037 900 1977924 74230 152
293 132 10000 13567 400000 1740662 312198 66306
372 271 10000 14096 1100 2013241 41085 184
241 179 10000 14090 1870 2007915 46997 316
334 284 10000 14018 900 1967502 87933 152
107 34 10000 14028 10000 1971451 84015 1660
213 211 10000 14142 3160 2033845 21662 531
91 326 10000 14095 1870 2012201 44340 316
238 251 10000 14100 250 2015148 41615 48
30 272 10000 14097 1870 2013622 43772 316
15 205 10000 14056 900 1985581 72483 152
277 241 10000 14103 180 2017892 40846 37
82 278 10001 14098 560 2014418 45755 98
153 362 10000 14107 560 2019259 40953 98
145 255 10000 14106 1100 2019244 41567 184
56 115 10000 14111 180 2021035 40943 37
399 284 10000 14036 10000 1977643 85641 1660
323 113 10000 14008 560 1959906 104438 98
257 396 10000 14118 900 2023837 41125 152
214 280 10000 14088 900 2006990 58345 152
291 264 10000 14117 1870 2023592 42846 316
326 67 10000 13683 100001 1795570 271081 16579
165 3 10000 14109 560 2020531 46273 98
107 320 10000 14119 900 2023860 43196 152
110 197 10000 14120 1100 2024398 42734 184
80 258 10000 14055 1100 1985548 81866 184
196 179 10000 14127 900 2026435 41226 152
171 139 10000 14016 10000 1966300 101639 1660
388 138 10000 14129 900 2027435 40644 152
353 103 10000 14128 900 2026978 41126 152
239 94 10000 12894 1850000 1405665 662733 306661
224 73 10000 14132 560 2028432 40428 98
130 138 10000 14180 1100 2048931 20386 184
316 308 10000 14007 100001 1959089 111262 16579
306 166 10000 14121 560 2024910 47006 98
3 46 10000 14115 560 2022935 49279 98
63 350 10000 14139 1100 2031230 41048 184
366 329 10000 14135 1870 2029875 42431 316
325 182 10000 14123 250 2026037 46657 48
315 22 10000 14137 1870 2030758 42440 316
332 193 10000 14140 560 2033304 40454 98
257 268 10000 14060 10000 1988915 84993 1660
327 174 10000 14126 1100 2026268 48077 184
99 389 10000 13769 100001 1841173 233593 16579
337 12 10000 14146 900 2034406 40913 152
223 109 10000 14114 560 2022294 53942 98
307 360 10000 14065 10000 1991940 84583 1660
102 319 10000 14152 180 2036296 40544 37
266 91 10000 11277 1850000 592500 1484521 306661
308 228 10000 14145 1870 2034204 42833 316
9 385 10000 14064 10000 1991164 85887 1660
151 326 10000 14150 1100 2036140 41292 184
84 386 10000 14153 900 2036397 41334 152
336 145 10000 14154 560 2036578 41822 98
239 125 10000 14147 560 2035072 43951 98
337 20 10000 14158 560 2038001 42085 98
293 276 10000 14161 180 2039912 40397 37
180 262 10000 13609 400000 1756617 325775 66306
227 79 10000 14071 10000 1995309 87243 1660
34 153 10000 14131 1870 2027818 56359 316
55 7 10000 14078 10000 2000349 84810 1660
342 115 10000 14168 560 2044060 41771 98
376 210 10000 14169 180 2045415 40673 37
273 189 10000 14074 10000 1997940 88372 1660
265 86 10000 14133 900 2029342 57036 152
160 291 10000 14101 560 2016693 70471 98
194 379 10000 13992 560 1951014 136269 98
301 21 10000 14172 1870 2045949 42200 316
39 155 10000 14175 560 2047408 40899 98
269 297 10001 14173 1870 2046541 42741 316
180 270 10000 14174 3160 2046886 42929 531
229 292 10000 14181 560 2049367 40704 98
268 112 10000 14157 560 2037462 52983 98
312 96 10000 11895 1850000 892428 1198069 306661
76 31 10000 14083 10000 2005190 85345 1660
38 353 10000 14176 180 2047995 42624 37
139 65 10000 14141 180 2033473 57638 37
309 154 10000 14179 180 2048929 42201 37
211 213 10000 14224 560 2071254 20398 98
195 242 10000 13806 100001 1863450 228465 16579
164 219 10000 13850 100001 1883104 208839 16579
203 222 10000 14185 1870 2050560 41578 316
381 29 10000 14068 1870 1993439 98962 316
360 119 10000 14187 3160 2050941 44278 531
262 266 10000 14061 100001 1989814 105697 16579
66 91 10000 14190 900 2054360 41552 152
344 270 10000 14191 250 2054550 41458 48
197 360 10000 14167 1870 2043858 52166 316
386 253 10000 14194 180 2055274 40824 37
351 207 10000 14188 180 2052285 44025 37
10 285 10000 14182 1870 2049528 46864 316
221 281 10001 14195 560 2055415 41143 98
279 133 10000 14186 560 2050675 45939 98
271 159 10000 14149 250 2035801 61870 48
165 9 10000 14177 180 2048191 49917 37
260 172 10000 14125 1100 2026180 72248 184
5 319 10000 14200 560 2058221 40718 98
265 51 10000 14183 1870 2050252 49033 316
354 217 10000 14196 560 2056151 43642 98
126 68 10000 14102 10000 2016933 83353 1660
210 354 10000 12339 1850000 1131712 968807 306661
337 377 10000 14193 250 2055173 45918 48
183 370 10000 14203 1870 2059200 42204 316
175 4 10000 14205 560 2060346 41272 98
199 314 10000 14104 1870 2018235 83448 316
370 386 10000 13865 100001 1890334 211352 16579
343 281 10000 14050 900 1982887 118851 152
294 34 10000 14206 560 2060978 40866 98
333 105 10000 14093 10000 2011028 93067 1660
261 31 10000 14204 1100 2059785 45428 184
286 122 10000 14163 250 2040978 64325 48
370 204 10000 13256 400000 1585420 520284 66306
37 257 10000 14110 10000 2020931 85398 1660
72 12 10000 14209 1870 2063477 43136 316
150 320 10000 13481 400000 1690463 416234 66306
134 162 10000 14215 560 2066467 40676 98
124 273 10000 14214 1870 2066443 41619 316
61 286 10000 12555 1850000 1239754 868697 306661
357 341 10000 14287 560 2087934 21026 98
263 320 10000 14170 560 2045580 63514 98
192 240 10000 14217 560 2068435 40845 98
278 341 10000 14201 1870 2058262 51924 316
336 29 10000 14221 900 2070384 41092 152
195 178 10000 14223 560 2071133 40428 98
224 333 10000 14222 900 2070583 41514 152
329 171 10000 14130 1870 2027488 84649 316
179 366 10000 14227 1100 2071451 41271 184
81 264 10000 14207 560 2061901 51321 98
281 75 10000 14230 560 2072524 40932 98
396 381 10000 14294 250 2093813 20186 48
360 136 10000 14233 560 2073442 40815 98
364 126 10000 14220 1100 2069986 45093 184
110 384 10000 13879 100001 1898104 217002 16579
36 74 10000 14236 900 2074098 41432 152
302 309 10000 14296 1870 2094432 21221 316
311 378 10000 14238 560 2074807 40941 98
163 43 10000 14228 900 2071853 43990 152
29 235 10001 14232 250 2073150 43109 48
301 353 10000 14225 560 2071255 45144 98
81 23 10000 14239 1870 2075006 41513 316
347 90 10000 14235 250 2073889 42880 48
399 211 10000 14231 180 2072869 44118 37
389 102 10000 14136 10000 2030462 86626 1660
189 226 10000 14243 560 2076794 40634 98
331 260 10000 14234 180 2073659 44144 37
241 365 10000 13782 100001 1845999 271829 16579
232 6 10000 14242 1100 2076455 41509 184
158 309 10000 14247 250 2078280 41279 48
60 176 10000 14251 250 2079735 40468 48
325 277 10000 14245 3160 2077602 42660 531
260 139 10000 14030 10000 1972888 147509 1660
330 355 10000 14156 10000 2037206 83321 1660
364 205 10000 14211 1870 2065200 55500 316
189 130 10000 14255 900 2080566 40644 152
151 242 10000 14252 900 2080018 41215 152
135 383 10000 14256 560 2080867 40478 98
108 227 10000 14244 1100 2076976 44501 184
297 282 10000 14311 560 2100623 21030 98
245 24 10000 14249 1870 2079160 42558 316
39 226 10000 14248 1100 2079026 42783 184
265 383 10000 14259 180 2081319 41004 37
361 312 10000 14260 1100 2081608 40798 184
282 80 10000 13912 100001 1914181 209119 16579
20 136 10000 14155 10000 2037076 86513 1660
224 110 10000 14265 900 2082712 41029 152
79 36 10000 14262 3160 2081972 42049 531
12 79 10000 14261 3160 2081968 42076 531
225 144 10000 14213 180 2066389 57669 37
227 152 10001 14264 250 2082666 42256 48
299 163 10000 14271 560 2084549 40588 98
147 368 10000 14160 10000 2039695 86363 1660
181 163 10000 14273 1870 2084611 41534 316
178 32 10000 14272 560 2084600 41791 98
165 271 10000 12531 1850000 1227877 898526 306661
145 373 10000 14275 3160 2084959 42459 531
36 323 10000 14269 1870 2084058 43735 316
393 132 10000 14278 1870 2085504 42544 316
317 62 10000 14286 1100 2087648 40970 184
116 173 10000 14279 1100 2085888 44503 184
331 250 10000 14258 1100 2081158 49445 184
86 84 10000 14323 1870 2110330 21045 316
323 12 10000 13954 10000 1931664 199782 1660
75 152 10000 12833 1850000 1373442 758138 306661
238 75 10000 13898 100001 1906238 225925 16579
26 105 10000 13931 100001 1921481 210863 16579
73 212 10000 14257 1100 2081004 51434 184
36 191 10000 14288 560 2088173 45472 98
56 138 10000 14274 3160 2084893 48842 531
267 397 10001 14270 560 2084217 50259 98
378 340 10000 14178 10000 2048364 86160 1660
295 382 10000 14184 10000 2050387 84289 1660
34 256 10000 12480 1850000 1202676 932579 306661
340 248 10000 14116 3160 2023179 112552 531
215 386 10000 14241 1100 2075943 60237 184
264 185 10000 14282 900 2086727 49488 152
325 371 10000 14295 560 2094140 42212 98
343 164 10000 13839 100001 1878402 258166 16579
280 99 10000 14297 900 2094433 42421 152
60 378 10000 13946 100001 1928691 209833 16579
328 11 10000 14299 1870 2096415 42331 316
389 198 10000 14304 560 2098334 41054 98
286 331 10000 14305 560 2098533 40981 98
330 165 10000 14290 900 2090449 50056 152
139 332 10000 14310 250 2100562 41320 48
31 235 10000 14308 1100 2100280 42256 184
101 216 10000 14301 1100 2097636 45118 184
113 73 10000 14268 560 2083930 59329 98
107 249 10000 13925 100001 1919379 224354 16579
381 109 10000 14202 1100 2058316 85508 184
395 317 10000 14250 3160 2079285 66432 531
384 118 10000 14263 560 2082646 63420 98
262 280 10000 14321 180 2109033 40916 37
285 225 10000 14306 180 2098579 51471 37
213 238 10000 14320 1870 2108292 42105 316
85 224 10000 14212 10000 2065427 85347 1660
112 155 10000 14324 560 2110458 40839 98
133 366 10000 14322 1870 2109774 42132 316
272 235 10000 13965 100001 1935130 216854 16579
179 109 10000 14327 560 2111786 40428 98
35 375 10000 14329 560 2112062 40428 98
123 151 10000 13975 100001 1942173 210501 16579
295 297 10000 14377 560 2132866 20214 98
19 310 10000 12739 1850000 1326598 826682 306661
144 29 10000 13953 100001 1931421 222962 16579
278 157 10000 14334 560 2113702 40753 98
399 1 10000 13886 100001 1900866 253883 16579
271 56 10000 14316 1870 2106820 48682 316
329 312 10000 14266 560 2082794 72868 98
1 354 10000 13938 100001 1924646 231297 16579
15 368 10000 14283 3160 2086742 70099 531
342 354 10000 14391 560 2137153 20473 98
286 306 10000 14338 900 2116090 41588 152
287 95 10000 14340 1870 2116896 41523 316
209 164 10000 14189 1870 2052976 105917 316
326 152 10000 14319 1870 2108171 51055 316
88 340 10000 14293 900 2092782 66854 152
33 8 10000 14342 1870 2117890 41799 316
130 45 10000 14336 1100 2114755 45145 184
16 337 10000 14343 560 2119442 41057 98
256 346 10000 13296 1850000 1599864 560697 306661
153 80 10000 14337 1870 2115715 45411 316
207 398 10000 14335 900 2113817 47648 152
85 296 10000 14345 3160 2120776 42701 531
302 43 10000 13996 100001 1953962 209884 16579
117 305 10000 14349 1870 2122258 41767 316
246 150 10000 12383 1850000 1154324 1010365 306661
359 37 10000 14352 900 2122588 42386 152
27 358 10000 14355 560 2124438 41222 98
286 141 10000 11256 1850000 583476 1582197 306661
128 233 10000 14357 900 2124805 41261 152
330 241 10000 14359 250 2125117 41142 48
378 309 10000 14353 180 2123682 44196 37
362 24 10000 14363 900 2127073 41352 152
367 149 10000 14366 560 2128547 40495 98
332 317 10000 14001 100001 1956410 212649 16579
147 316 10000 13997 100001 1954088 215182 16579
343 63 10000 14364 900 2127215 42473 152
137 25 10000 13982 100001 1945370 224384 16579
157 216 10000 14367 560 2129092 41009 98
155 117 10000 14281 10000 2086687 84632 1660
214 134 10000 14372 560 2130791 40758 98
258 95 10000 13905 10000 1909497 262493 1660
274 248 10000 14374 1100 2130975 41918 184
6 174 10000 14368 1870 2129345 43829 316
220 223 10000 14375 10000 2131390 43001 1660
98 286 10000 14379 3160 2133832 42372 531
231 6 10000 14014 100001 1964544 211670 16579
86 22 10000 14381 900 2134847 41506 152
89 11 10000 14162 3160 2040821 135832 531
352 151 10000 11353 1850000 629967 1546722 306661
259 33 10000 13092 400000 1508253 668946 66306
130 206 10000 14384 1100 2136118 41232 184
69 100 10000 14387 560 2136267 41100 98
329 48 10000 13831 100001 1873638 303984 16579
156 103 10000 14347 560 2121389 56449 98
209 94 10000 14246 1100 2078269 99589 184
215 174 10000 14360 560 2125636 53391 98
356 213 10000 14394 180 2138981 40411 37
371 116 10000 14395 250 2139395 40958 48
297 93 10000 14373 1870 2130939 49785 316
209 138 10000 14289 900 2090012 90801 152
299 137 10000 14401 250 2141561 40519 48
164 276 10000 14399 900 2141374 40905 152
248 180 10000 14309 180 2100481 82124 37
169 62 10000 14403 180 2142672 40184 37
151 394 10000 14390 1870 2136680 46464 316
349 88 10000 14397 3160 2139836 43398 531
68 119 10000 14402 900 2142198 41053 152
29 252 10000 13942 100001 1927698 257519 16579
333 220 10000 14405 1100 2143438 42073 184
288 10 10000 14388 900 2136305 49378 152
250 331 10000 13331 400000 1614117 571692 66306
79 190 10000 14371 250 2130029 56398 48
355 220 10000 14315 10000 2103302 83231 1660
181 119 10000 14406 560 2146277 40808 98
52 287 10000 14339 560 2116394 70904 98
249 95 10000 14407 1100 2146582 41565 184
372 391 10000 14409 900 2147154 41170 152
205 115 10000 14382 3160 2135283 53581 531
260 12 10000 14138 10000 2031076 157968 1660
394 354 10000 14398 900 2141030 48460 152
115 326 10000 14386 560 2136253 53395 98
193 128 10000 14411 560 2149418 40757 98
99 276 10000 14034 100001 1976608 214054 16579
68 74 10000 14454 180 2171288 20175 37
67 229 10000 14414 180 2151320 40184 37
46 45 10000 14452 900 2170704 20827 152
236 343 10000 14417 180 2151865 40689 37
377 240 10000 14362 3160 2126655 66605 531
229 3 10000 14416 250 2151856 42153 48
181 248 10000 14419 560 2154659 41026 98
220 316 10000 14412 1100 2149525 47105 184
121 180 10000 14053 100001 1984937 212120 16579
361 115 10000 14421 900 2155609 41634 152
100 294 10000 14423 900 2156789 41539 152
360 1 10000 14427 900 2159117 41029 152
57 51 10000 14425 10000 2157828 42338 1660
300 364 10000 14052 100001 1983978 216200 16579
77 59 10000 14422 900 2156515 44231 152
378 249 10000 14426 1870 2158624 42414 316
257 287 10000 14430 560 2162559 40870 98
110 357 10000 14433 560 2163222 40428 98
346 269 10000 14434 1870 2163433 42095 316
336 95 10000 14436 180 2164187 41400 37
324 57 10000 14438 180 2165531 40590 37
350 159 10000 14429 560 2160611 45600 98
352 218 10000 14418 1870 2153992 52440 316
231 359 10001 14348 10000 2121941 85064 1660
55 202 10000 14440 1870 2166244 41850 316
331 272 10000 14356 10000 2124718 84820 1660
121 148 10000 14428 180 2159262 50545 37
163 160 10000 14171 400000 2045883 164338 66306
117 234 10000 14446 900 2169371 41133 152
298 385 10000 14442 1870 2168371 42246 316
98 314 10000 14447 1100 2169720 41498 184
237 215 10000 14441 560 2166255 45180 98
246 310 10000 14455 560 2171723 40428 98
132 38 10000 14439 900 2166118 46403 152
390 180 10000 14448 180 2170343 42382 37
312 129 10000 14453 1100 2171058 42982 184
292 49 10000 14392 1870 2137791 76308 316
121 108 10000 14389 900 2136572 77799 152
108 246 10000 14459 1870 2173284 41566 316
202 201 10001 14511 560 2194538 20628 98
303 304 10000 14458 10000 2172816 42735 1660
142 385 10000 14463 1100 2174667 41323 184
1 123 10000 14457 180 2172608 43674 37
218 99 10000 14461 560 2174378 42382 98
250 288 10000 13718 100001 1812756 404143 16579
358 45 10000 14317 3160 2107266 109924 531
50 95 10000 14465 560 2175499 41842 98
144 109 10000 14468 180 2176398 41347 37
350 168 10000 14460 560 2174235 43549 98
381 205 10000 14148 10000 2035632 182187 1660
217 274 10000 14192 10000 2055140 163104 1660
388 268 10000 14473 900 2178874 41075 152
186 113 10000 14467 3160 2176388 43949 531
344 92 10000 14476 560 2180800 40582 98
284 170 10000 14328 10000 2111922 110046 1660
275 123 10000 14477 560 2181216 40824 98
328 286 10000 14478 560 2181500 40638 98
61 63 10000 14527 900 2203661 20322 152
229 344 10000 14400 10000 2141450 83026 1660
62 253 10000 14489 560 2187143 40892 98
295 118 10000 14469 900 2176512 51870 152
352 177 10000 14466 180 2175652 53940 37
100 248 10000 14488 1870 2187007 42960 316
201 22 10000 14378 10000 2132942 97163 1660
21 275 10000 14019 100001 1968001 262385 16579
395 146 10000 13827 400000 1871209 359299 66306
149 322 10000 14495 560 2189938 40936 98
148 189 10000 14494 560 2189875 41096 98
196 340 10000 14493 1100 2189864 41585 184
77 129 10000 14479 560 2181518 50265 98
395 208 10000 14472 180 2178137 53853 37
315 72 10000 14504 250 2192302 40506 48
382 194 10000 14370 560 2129954 102961 98
140 283 10000 14503 250 2192298 41212 48
205 27 10000 14496 900 2189957 43833 152
229 162 10000 14509 560 2194233 40428 98
106 62 10000 14483 180 2184201 50467 37
105 135 10000 14385 10000 2136227 98662 1660
248 162 10000 14408 180 2146668 88257 37
53 27 10000 14091 100001 2009205 226019 16579
379 50 10000 14499 1870 2191007 44618 316
52 191 10000 14515 180 2195412 40398 37
125 135 10000 14551 900 2216004 20322 152
309 388 10000 14516 250 2195923 40736 48
332 171 10000 14122 100001 2025761 211201 16579
370 335 10000 14513 1100 2194762 42236 184
227 193 10000 14404 10000 2143114 93945 1660
271 82 10000 14069 100001 1994912 242658 16579
9 299 10000 14508 1100 2193675 44509 184
141 187 10000 14420 10000 2154780 83936 1660
210 234 10000 14520 900 2198442 40781 152
50 53 10000 13661 1850000 1783163 457567 306661
53 217 10000 13974 100001 1941251 299555 16579
86 14 10000 14507 1870 2193600 47618 316
58 247 10000 14517 1100 2196201 45624 184
168 188 10000 14524 900 2200437 41429 152
99 141 10000 11907 1850000 897149 1344975 306661
396 144 10000 14519 3160 2198175 44024 531
294 311 10000 13913 400000 1914216 328046 66306
0 198 10000 14526 560 2201785 41070 98
317 364 10000 14424 10000 2156890 88159 1660
63 152 10000 14432 10000 2163041 83026 1660
287 24 10000 14529 560 2205530 40867 98
367 346 10000 14514 560 2195090 52148 98
145 207 10000 14534 250 2206793 40653 48
55 254 10000 14531 900 2206501 41268 152
58 133 10000 14535 560 2207154 40851 98
220 307 10000 14538 180 2207921 40559 37
386 137 10000 14537 900 2207846 41339 152
78 289 10000 14536 1870 2207546 42224 316
318 140 10000 14540 180 2208279 41503 37
333 172 10000 14530 560 2205655 44640 98
53 294 10000 11681 1850000 795591 1455418 306661
23 392 10000 14435 10000 2163705 87705 1660
150 8 10000 13542 400000 1723542 528304 66306
153 220 10000 14542 180 2211950 41205 37
278 376 10000 14548 560 2214281 40554 98
168 152 10000 14543 900 2212334 42542 152
46 292 10000 14143 100001 2033918 221048 16579
250 235 10000 14267 10000 2083650 171407 1660
363 380 10000 14549 900 2214416 40749 152
392 390 10000 14592 3160 2233010 22542 531
38 165 10000 14445 10000 2169280 86916 1660
353 11 10000 14550 250 2215173 41284 48
24 92 10001 14475 560 2180603 76445 98
250 398 10000 13808 100001 1864267 393215 16579
129 202 10000 13022 1850000 1468756 789446 306661
144 256 10000 14559 560 2218296 40489 98
216 71 10000 14556 560 2217386 42215 98
261 258 10000 14560 560 2218334 41459 98
349 229 10000 14564 560 2219589 40627 98
63 221 10000 14563 900 2219340 41104 152
213 34 10000 14451 180 2170574 90611 37
223 308 10000 14456 900 2172544 89088 152
139 26 10000 14491 900 2187837 73908 152
142 257 10000 14568 180 2220709 41713 37
105 198 10000 14569 1870 2220933 41593 316
124 297 10000 14532 560 2206730 55816 98
347 113 10000 14567 1100 2220557 42421 184
141 389 10000 14573 560 2223539 40788 98
292 62 10000 14557 560 2217894 46594 98
3 75 10000 14572 900 2223352 41259 152
367 89 10000 14462 10000 2174577 90096 1660
277 188 10000 14571 1100 2222800 42445 184
314 248 10000 13391 1850000 1642414 623325 306661
372 149 10000 14570 900 2221423 44608 152
380 246 10000 14481 10000 2183588 84441 1660
80 38 10000 14576 560 2224842 43973 98
285 385 10000 14579 1870 2226217 42910 316
142 211 10000 14581 900 2227239 42163 152
262 54 10000 14585 560 2229860 40923 98
136 93 10000 14124 100001 2026142 244648 16579
86 306 10000 14485 10000 2185341 85615 1660
145 348 10000 14583 180 2228938 42744 37
49 223 10000 14578 1100 2225889 46349 184
56 71 10000 14591 900 2232784 40878 152
128 106 10000 14593 250 2233279 40686 48
238 231 10000 14628 1870 2252107 23107 316
170 16 10000 14497 10000 2190471 85385 1660
325 374 10000 14594 900 2234599 41474 152
12 164 10000 14590 560 2232111 44164 98
326 227 10000 14470 10000 2177708 98989 1660
33 3 10000 14208 100001 2063028 213838 16579
399 88 10000 14596 900 2236036 41118 152
258 0 10000 14351 560 2122457 155322 98
391 47 10000 14539 560 2207924 70078 98
328 262 10000 14595 900 2234912 43730 152
360 365 10000 14350 100001 2122280 156529 16579
323 373 10000 14518 250 2196693 82316 48
274 215 10000 14502 10000 2192114 86979 1660
299 226 10000 14602 560 2238541 40663 98
374 370 10000 13512 1850000 1708417 571092 306661
169 132 10000 14600 1870 2237950 41807 316
194 54 10000 14164 10000 2042096 239029 1660
54 163 10000 14555 250 2217010 64253 48
239 232 10000 14645 1870 2259958 21507 316
287 125 10000 14604 900 2241570 40792 152
91 399 10000 14586 1870 2230028 53342 316
204 264 10000 14285 560 2087510 196468 98
342 183 10000 14606 1100 2242843 41271 184
190 5 10000 14612 560 2244361 41209 98
127 66 10000 14613 900 2244552 41172 152
252 133 10000 14605 250 2242696 43173 48
287 191 10000 14492 10000 2188384 97867 1660
21 341 10000 14599 1100 2237594 49032 184
231 134 10000 14616 560 2246340 41096 98
80 160 10000 14603 180 2241159 46699 37
209 349 10000 14541 560 2211165 76804 98
110 334 10000 14521 10000 2199769 89155 1660
45 96 10000 14226 100001 2071337 217645 16579
21 223 10000 14619 560 2246777 42597 98
202 183 10000 14614 560 2244697 44679 98
222 68 10000 14528 10000 2204737 85011 1660
193 68 10000 14622 250 2248566 41406 48
82 185 10000 14598 560 2236767 53320 98
373 55 10000 14621 180 2247868 42305 37
123 297 10000 14625 250 2250659 40814 48
45 202 10000 14574 900 2223715 68222 152
308 367 10000 14615 1870 2246291 45917 316
362 121 10000 14627 560 2251316 40910 98
115 28 10000 14629 560 2253008 41048 98
137 87 10000 14630 900 2253031 41028 152
90 344 10000 14587 560 2230068 65007 98
100 140 10000 14632 560 2254313 40850 98
171 15 10000 14631 180 2253867 41598 37
297 335 10000 14634 180 2255082 40385 37
279 358 10000 13800 400000 1860961 434599 66306
23 120 10000 14635 180 2255773 40906 37
202 201 10000 14498 100001 2190662 106416 16579
195 129 10001 14641 560 2258061 40597 98
143 57 10000 14640 900 2257714 41332 152
273 62 10000 14637 900 2256076 43587 152
209 203 10000 12733 400000 1322403 977651 66306
320 108 10000 14642 1100 2258140 41942 184
142 109 10000 14544 10000 2213362 87200 1660
323 192 10000 12981 1850000 1446355 854548 306661
287 246 10000 14553 10000 2216879 84915 1660
66 267 10000 14291 100001 2090595 211395 16579
214 399 10000 14646 560 2260785 41363 98
334 11 10000 14486 900 2185404 116805 152
146 114 10000 14648 560 2261130 41315 98
222 109 10000 14649 1100 2261290 41936 184
142 214 10000 14653 1100 2263095 41704 184
167 211 10000 14431 10000 2162971 141854 1660
104 281 10000 14652 900 2262834 43133 152
280 369 10000 14547 10000 2213905 92769 1660
215 270 10000 14611 900 2244312 62414 152
201 68 10000 14657 560 2266463 40724 98
117 372 10000 14659 250 2266796 40626 48
175 267 10000 14284 100001 2087322 220506 16579
191 32 10000 14660 180 2267111 40855 37
203 49 10000 14662 250 2268372 40228 48
19 324 10000 14216 100001 2067824 240898 16579
283 43 10000 14664 180 2268796 40289 37
44 344 10000 14651 1100 2262153 46975 184
192 42 10000 14303 100001 2098322 212080 16579
87 297 10000 14666 180 2269543 41033 37
236 121 10000 14667 1100 2270466 40772 184
120 321 10001 14658 900 2266719 44934 152
301 241 10000 13060 1850000 1483079 829272 306661
394 393 10000 14718 180 2292270 20922 37
379 45 10000 14654 900 2263532 49885 152
332 266 10000 14676 900 2273325 40644 152
339 69 10000 14674 560 2273056 41016 98
337 171 10000 14673 560 2272743 41883 98
87 142 10000 14669 1870 2271991 42812 316
64 301 10000 11872 1850000 880903 1434693 306661
282 374 10000 14617 1100 2246581 69036 184
218 261 10000 14668 1100 2271654 44105 184
263 395 10000 14665 3160 2269415 46657 531
128 281 10000 14680 3160 2274800 42839 531
384 102 10000 14277 100001 2085282 232379 16579
190 331 10000 14684 900 2276315 41490 152
234 393 10000 14575 10000 2224402 94276 1660
230 19 10000 14689 560 2278564 40449 98
83 364 10000 14661 3160 2267671 51951 531
333 16 10000 14686 900 2277990 42025 152
29 160 10000 14683 560 2276196 44038 98
174 117 10000 14693 560 2279499 41177 98
169 97 10000 14688 900 2278342 42710 152
390 264 10000 14298 100001 2096090 225159 16579
195 221 10000 14694 180 2279561 41739 37
109 19 10000 14699 250 2280686 40660 48
129 371 10000 14696 560 2280088 41412 98
127 383 10000 12782 1850000 1348498 973165 306661
88 157 10000 14647 560 2261014 61133 98
236 12 10000 14692 3160 2279274 42977 531
65 115 10000 14672 560 2272644 49914 98
0 249 10001 14677 180 2273495 49506 37
108 357 10000 14704 560 2283343 41324 98
34 98 10000 14670 900 2272227 53324 152
333 141 10000 14706 900 2284889 40839 152
397 81 10000 14679 1870 2274722 51831 316
244 329 10000 14708 1100 2285452 41139 184
229 69 10000 14607 10000 2243270 84270 1660
17 40 10000 14609 10000 2244163 83911 1660
22 265 10000 13857 400000 1887238 441611 66306
29 278 10000 14589 10000 2231084 98795 1660
379 257 10000 14608 10000 2243993 87764 1660
263 396 10000 14702 900 2282247 49875 152
90 78 10000 14638 560 2256167 76016 98
58 75 10000 14525 10000 2200764 131507 1660
102 100 10000 14761 900 2312279 20322 152
245 362 10000 14716 560 2291403 41740 98
100 163 10000 14719 1100 2292462 41269 184
260 349 10000 14584 250 2229630 104940 48
357 83 10000 14723 180 2294109 40528 37
144 118 10000 14721 900 2293477 41223 152
45 214 10000 14558 10000 2217946 116768 1660
133 114 10000 14722 560 2294098 41034 98
161 235 10000 14725 250 2294817 41057 48
334 294 10001 14562 560 2219209 116823 98
60 384 10000 14730 560 2296566 41025 98
31 75 10000 14728 1100 2295599 42025 184
102 174 10000 14729 1100 2296286 41485 184
26 198 10000 14724 1870 2294135 43791 316
226 194 10000 14733 900 2296967 41649 152
386 57 10000 14710 180 2288405 50766 37
382 114 10000 14393 10000 2138915 200903 1660
328 188 10000 14736 900 2298141 41847 152
246 196 10000 14740 1870 2298660 41544 316
383 269 10000 14734 180 2297089 43379 37
133 348 10000 14671 1100 2272365 69324 184
276 320 10001 14365 100001 2128536 213433 16579
336 153 10000 14738 900 2298465 43858 152
354 334 10001 14624 10000 2250160 92229 1660
259 282 10000 14742 560 2301307 41165 98
199 151 10000 14471 10000 2177844 164982 1660
262 219 10000 14739 560 2298521 44427 98
291 170 10000 14361 100001 2126648 216380 16579
74 123 10000 14727 900 2295494 47605 152
77 59 10001 14746 900 2302107 41018 152
341 176 10000 14565 3160 2220165 126210 531
316 325 10000 14726 1100 2294853 52309 184
5 234 10000 14380 100001 2134707 212870 16579
27 75 10000 14750 1100 2306638 41095 184
96 238 10000 14748 1100 2305389 42951 184
276 67 10000 14752 900 2307577 40817 152
243 119 10000 14681 1870 2275049 73500 316
310 123 10000 14754 180 2308190 40840 37
393 312 10000 14644 10000 2259688 89431 1660
146 398 10000 14751 1870 2307064 42090 316
282 250 10000 14685 560 2277483 72228 98
361 13 10000 14656 10000 2266281 86230 1660
356 283 10000 14756 1870 2309392 43662 316
200 61 10000 14762 560 2312580 40584 98
193 127 10000 14763 900 2312609 40864 152
282 327 10000 14765 1100 2314326 41842 184
197 5 10000 14709 1870 2288343 68038 316
354 66 10000 14770 560 2315919 40918 98
104 392 10000 14753 1870 2307696 49556 316
182 301 10000 14767 900 2314840 43050 152
299 255 10000 14772 1100 2316814 41112 184
354 42 10000 14771 1870 2316043 42052 316
187 216 10000 14773 180 2317180 41159 37
216 333 10000 14757 3160 2310804 48004 531
390 99 10000 14764 1870 2314031 45177 316
272 179 10000 14774 560 2317298 43123 98
297 185 10000 14760 560 2312193 48660 98
279 132 10000 14768 1870 2315543 45337 316
115 352 10000 13196 1850000 1560658 800392 306661
24 177 10001 14663 180 2268410 92650 37
230 248 10000 14782 180 2322817 40486 37
76 193 10000 14079 400000 2000742 362981 66306
71 14 10000 14785 250 2323153 40584 48
290 50 10000 14781 1870 2321441 42417 316
270 32 10000 14778 250 2320474 44082 48
163 0 10000 14745 1100 2301964 62745 184
16 130 10000 14791 560 2324368 41150 98
292 346 10000 14769 1100 2315625 50472 184
39 186 10000 14787 1100 2323513 43727 184
239 161 10000 14358 100001 2124911 243326 16579
292 68 10000 14703 1100 2282339 86439 184
372 141 10000 14783 180 2322944 45965 37
21 184 10000 14675 10000 2273310 95702 1660
389 102 10001 14707 10000 2285061 85297 1660
132 184 10000 14799 900 2331522 40954 152
184 167 10000 13935 400000 1923433 449581 66306
140 30 10000 14711 10000 2288828 84421 1660
297 11 10000 14796 560 2330452 43298 98
273 26 10000 14800 560 2331672 42362 98
16 97 10000 14803 560 2333576 40666 98
95 208 10000 14779 560 2320901 53405 98
377 333 10000 14041 100001 1979470 396308 16579
290 152 10000 14789 1870 2324043 52141 316
64 327 10000 14802 560 2333391 44413 98
115 323 10000 14807 1100 2337266 40914 184
346 194 10000 14240 400000 2075635 302735 66306
159 6 10000 14804 180 2333624 45458 37
229 312 10000 14443 100001 2168720 210435 16579
307 47 10000 14811 560 2338499 40872 98
346 279 10000 14810 560 2337982 41489 98
174 310 10000 14437 100001 2164208 215300 16579
191 152 10000 14813 560 2339476 40656 98
76 152 10000 14817 250 2340391 40228 48
241 197 10000 14806 3160 2336473 45128 531
25 384 10000 14809 1870 2337868 44060 316
107 38 10000 14819 560 2340956 41066 98
177 194 10000 14820 900 2341044 41288 152
47 91 10000 14797 250 2331277 51657 48
154 44 10000 14237 400000 2074794 308472 66306
318 270 10000 14818 1870 2340871 42620 316
276 261 10000 14867 560 2365064 20727 98
247 193 10000 14826 900 2345783 40736 152
119 201 10000 14775 1870 2317691 70187 316
48 383 10000 14829 560 2347279 40900 98
396 265 10000 14747 10000 2302509 86305 1660
218 367 10000 14808 560 2337480 51640 98
113 321 10000 14814 900 2339561 49826 152
27 239 10000 14831 180 2349050 40577 37
56 390 10001 14830 3160 2347467 43429 531
89 316 10000 13580 100001 1744895 646033 16579
332 32 10000 14474 100001 2179373 211576 16579
228 374 10000 14836 560 2350737 40638 98
366 321 10000 14480 100001 2182922 209437 16579
139 388 10000 14832 3160 2349429 43656 531
331 273 10000 14835 3160 2350679 42705 531
144 388 10000 14839 560 2352147 41500 98
153 50 10000 12740 1850000 1326607 1067194 306661
263 2 10000 14840 900 2352281 41580 152
54 211 10000 14792 560 2326505 67599 98
86 8 10000 14838 1870 2351943 42260 316
298 8 10000 14816 560 2340076 54369 98
177 238 10000 14780 560 2321353 73753 98
275 377 10000 14845 560 2354562 40927 98
282 113 10000 14822 560 2344030 51728 98
161 253 10000 14849 560 2355756 40946 98
258 72 10000 14533 1870 2206775 189973 316
248 34 10000 14846 560 2354641 42602 98
47 318 10000 14759 10000 2311392 87229 1660
296 236 10000 14854 180 2358343 40520 37
22 277 10001 14848 180 2355738 43173 37
234 80 10000 14857 900 2359452 40775 152
32 182 10000 14755 10000 2309240 91396 1660
239 363 10000 14858 1100 2360888 42078 184
225 102 10000 14698 1100 2280422 123085 184
355 107 10000 14862 900 2362712 40823 152
273 132 10000 14850 3160 2356754 47750 531
332 22 10000 14855 250 2358666 45994 48
49 322 10000 14861 180 2362605 42550 37
49 372 10000 14859 3160 2361086 44564 531
351 376 10000 14834 900 2350629 55720 152
195 254 10000 14871 560 2367485 40917 98
57 6 10000 14815 560 2339987 68537 98
60 343 10000 14873 180 2367908 40697 37
76 262 10000 14876 180 2368768 40759 37
340 266 10000 14866 180 2364789 45024 37
228 32 10000 14874 3160 2368011 42424 531
122 227 10000 14786 10000 2323273 89352 1660
294 67 10000 14865 900 2364307 48805 152
240 129 10000 14884 560 2372562 41281 98
241 383 10000 14878 560 2369566 44324 98
183 326 10000 14890 180 2373894 41260 37
279 139 10000 14450 100001 2170560 244691 16579
252 343 10000 14885 900 2373409 41926 152
170 1 10000 14889 1870 2373873 41513 316
217 151 10000 14891 180 2374738 41682 37
291 193 10000 14790 10000 2324239 93229 1660
341 328 10000 14851 560 2357378 60139 98
38 128 10000 14888 900 2373812 43777 152
268 224 10000 14898 560 2376907 40810 98
281 186 10000 14894 560 2375239 42789 98
45 0 10000 14899 900 2377018 41081 152
229 224 10000 14940 1870 2396714 21539 316
374 333 10000 14794 10000 2328402 90953 1660
195 250 10000 14904 560 2378431 41117 98
346 378 10000 14900 900 2377189 42663 152
157 26 10000 14905 250 2378925 40929 48
227 302 10000 14903 560 2378147 41929 98
196 185 10000 14741 100001 2301000 119449 16579
179 170 10000 14951 900 2400748 20467 152
366 335 10000 14910 1100 2380512 41247 184
320 130 10000 14908 900 2380500 41527 152
200 201 10000 14956 900 2401921 20610 152
141 59 10000 14909 560 2380502 42447 98
348 367 10000 14821 10000 2341652 83026 1660
250 114 10000 14449 100001 2170482 255288 16579
133 384 10000 14917 250 2385891 40461 48
316 165 10000 14911 1870 2380872 45562 316
127 67 10000 14920 250 2386572 40270 48
61 117 10000 14921 250 2386639 40601 48
63 245 10000 14916 1870 2385638 41906 316
284 98 10000 14923 560 2387582 40848 98
13 15 10000 14966 1100 2407855 21100 184
161 343 10000 14824 10000 2344832 84845 1660
219 196 10000 14566 100001 2220451 210247 16579
13 358 10000 14825 10000 2345206 85503 1660
306 377 10000 14925 560 2390405 41096 98
245 146 10000 14924 1100 2390111 41755 184
162 15 10000 14777 10000 2319345 112653 1660
292 160 10000 14882 180 2371536 61402 37
81 174 10000 14914 180 2382883 50454 37
83 288 10000 14833 10000 2350195 84142 1660
351 306 10000 14902 1870 2378136 57363 316
184 93 10000 14933 250 2394610 41115 48
52 310 10000 14929 560 2393216 43398 98
329 298 10000 14863 1870 2363738 72961 316
200 396 10000 14844 10000 2353521 83370 1660
265 135 10000 14827 10000 2346722 90424 1660
268 210 10000 14927 900 2392749 44869 152
39 223 10000 14939 560 2396340 41514 98
259 198 10000 14948 180 2398483 41290 37
241 145 10000 14928 3160 2392794 47363 531
102 302 10000 14610 10000 2244168 196215 1660
54 242 10000 14949 900 2398895 41590 152
376 38 10000 14554 100001 2216949 224982 16579
284 155 10000 10317 10000000 152234 2289723 1657602
399 252 10000 14945 560 2397949 44188 98
312 0 10000 14943 3160 2397061 45668 531
389 151 10000 14958 900 2402595 40750 152
131 346 10000 14931 900 2393708 50417 152
315 194 10000 14960 180 2403620 40788 37
145 328 10000 14955 250 2401788 43334 48
47 345 10000 14962 900 2405227 40924 152
295 62 10000 14963 900 2406072 41126 152
17 334 10000 14961 3160 2405097 42846 531
233 367 10001 14944 1870 2397149 52017 316
331 1 10000 14965 1870 2407528 41753 316
140 169 10000 14967 560 2408000 41375 98
273 31 10000 14953 560 2400955 48599 98
208 262 10000 14952 1100 2400835 48992 184
351 316 10000 14947 900 2398421 51522 152
42 145 10000 14597 100001 2236143 214576 16579
337 51 10000 14973 560 2410339 40925 98
176 288 10000 14972 3160 2410024 41998 531
163 63 10000 14976 900 2411303 40865 152
167 333 10000 14975 1100 2411215 41530 184
271 110 10000 13006 1850000 1459004 994051 306661
97 255 10000 14974 900 2410447 42629 152
395 276 10000 14979 1100 2412367 41863 184
107 178 10000 14977 250 2412032 42592 48
271 210 10000 14983 560 2415631 40514 98
372 230 10000 14982 900 2415408 40807 152
121 318 10001 14980 1100 2415041 41639 184
108 231 10000 14954 1870 2401605 55096 316
296 387 10000 14907 1100 2379872 77029 184
179 139 10000 14879 10000 2370347 87917 1660
136 148 10000 14985 250 2416694 42106 48
38 209 10000 14987 1100 2418355 42467 184
319 336 10000 14989 1100 2419224 41792 184
390 264 10001 14991 560 2419734 42340 98
137 204 10000 14996 900 2421816 40772 152
17 245 10000 15001 250 2423250 40560 48
381 331 10000 14872 900 2367744 97006 152
265 246 10000 14998 180 2422613 42489 37
352 114 10000 14880 560 2370582 94823 98
36 328 10000 15006 1100 2424673 41507 184
100 190 10000 14887 10000 2373562 93192 1660
167 92 10000 15007 900 2424915 42295 152
361 34 10000 15009 180 2426099 41209 37
232 196 10000 15010 250 2426702 41875 48
352 96 10000 14936 560 2395833 72976 98
369 288 10000 14970 250 2409699 59249 48
109 118 10000 15071 1870 2448347 21484 316
179 93 10000 14934 250 2394713 75315 48
208 342 10000 14919 10000 2386330 83901 1660
52 338 10000 15012 900 2427629 42674 152
305 339 10000 15008 900 2425636 44987 152
157 179 10000 15013 1870 2428142 42613 316
156 216 10000 14922 10000 2386725 84399 1660
264 286 10000 15016 1100 2429970 41293 184
202 303 10000 14650 100001 2262056 209973 16579
292 366 10000 14841 10000 2352292 119748 1660
114 361 10000 14997 3160 2422423 50350 531
180 261 10000 15023 900 2431604 41492 152
347 239 10001 15025 1100 2432162 40958 184
334 164 10000 13978 100001 1942800 530622 16579
179 190 10001 15027 1100 2432512 41339 184
399 273 10000 15021 560 2431117 42884 98
333 193 10000 15015 1870 2429819 45161 316
164 238 10000 15031 1100 2434040 41206 184
168 36 10000 15030 250 2433848 41538 48
344 86 10000 15034 560 2434718 40741 98
109 165 10000 15003 3160 2423399 52372 531
313 60 10000 14134 400000 2029380 448450 66306
35 83 10000 15035 3160 2435342 42539 531
48 94 10000 15040 560 2436746 41226 98
27 58 10000 15037 900 2436294 41697 152
193 33 10000 15018 560 2430324 48075 98
344 295 10000 15041 1870 2437510 41612 316
51 332 10000 15042 250 2437940 41395 48
58 218 10000 14950 1870 2399943 79585 316
210 293 10000 15032 560 2434476 46204 98
51 186 10000 14941 10000 2396782 84972 1660
254 339 10000 15054 560 2441899 40601 98
72 282 10000 15044 900 2438937 43642 152
209 52 10000 14968 560 2408767 73883 98
218 17 10000 15050 1100 2440624 42204 184
181 343 10000 15052 900 2441616 41517 152
289 193 10000 15047 1870 2440199 42935 316
251 286 10000 15014 560 2429031 54147 98
256 80 10000 14946 10000 2398393 84807 1660
121 47 10000 15053 1870 2441675 41577 316
81 338 10000 14626 100001 2250787 233099 16579
107 384 10000 15056 560 2442579 41729 98
45 155 10000 14988 900 2418360 66584 152
331 339 10000 15108 1870 2463416 21867 316
17 32 10000 15058 1870 2443718 42238 316
133 230 10000 15057 1870 2443707 43425 316
6 1 10000 15116 900 2465578 22370 152
368 150 10000 15063 1870 2445922 42120 316
22 118 10000 15045 1870 2440044 48187 316
323 298 10000 15064 180 2446115 42194 37
170 377 10000 15066 1870 2446559 42191 316
259 207 10000 14636 100001 2255877 233322 16579
205 179 10000 15022 900 2431253 58503 152
109 307 10000 15024 900 2432012 57898 152
375 56 10000 15065 560 2446388 43659 98
12 293 10000 15072 900 2448398 41833 152
328 379 10000 15073 900 2448566 41686 152
224 103 10000 14691 100001 2279178 211471 16579
171 43 10000 15070 3160 2447893 43067 531
318 390 10000 15075 900 2449879 41315 152
54 354 10000 15074 250 2448934 44886 48
31 120 10000 15060 3160 2444260 50219 531
239 190 10000 15081 560 2453870 40880 98
346 162 10000 15078 1870 2452922 41864 316
194 238 10000 14588 10000 2230076 265790 1660
20 112 10000 15079 1100 2453030 43335 184
332 337 10000 15137 900 2475799 20648 152
203 188 10000 15082 560 2454191 42405 98
209 124 10000 15011 1870 2427354 69478 316
164 146 10000 15086 560 2456219 40843 98
147 66 10000 15085 900 2455854 41263 152
27 95 10000 15083 900 2455489 41845 152
9 146 10000 15061 560 2445146 53099 98
89 57 10000 14990 900 2419561 79293 152
249 268 10000 15084 3160 2455513 43908 531
302 83 10000 15089 900 2457153 44219 152
50 168 10000 15095 900 2459163 42480 152
303 286 10000 14697 100001 2280299 221479 16579
359 106 10000 15105 250 2462922 40622 48
297 358 10000 14994 10000 2420640 84242 1660
223 81 10000 14942 1100 2397041 108259 184
103 159 10000 15111 900 2464391 41060 152
102 370 10000 15017 900 2430315 75886 152
336 311 10000 15109 1870 2463842 42877 316
317 71 10000 15118 560 2466480 40428 98
32 351 10000 15106 1100 2462924 44371 184
320 22 10000 15101 560 2461480 46498 98
22 109 10000 14999 10000 2422776 85811 1660
351 47 10000 14868 10000 2365252 143544 1660
296 293 10000 15178 180 2489958 20386 37
57 137 10000 15123 1100 2469567 41346 184
211 35 10000 15103 1870 2462285 48687 316
334 141 10000 14986 1100 2416749 94676 184
32 64 10000 15119 560 2466528 45027 98
25 272 10000 15055 1870 2441949 69861 316
10 384 10000 14886 10000 2373508 140542 1660
82 84 10000 15069 250 2447867 66425 48
222 328 10000 15129 900 2473968 41127 152
82 279 10000 12654 1850000 1282517 1232794 306661
190 19 10000 15134 180 2475365 40258 37
120 342 10000 15028 10000 2432642 83691 1660
292 185 10000 15091 1870 2457292 59687 316
186 294 10000 15141 180 2476553 40530 37
292 200 10000 15087 180 2456361 61103 37
301 225 10000 15135 1870 2475514 42141 316
161 154 10000 15142 560 2477275 41245 98
56 176 10000 15145 900 2477930 40869 152
75 243 10000 15143 1100 2477772 41148 184
133 95 10000 15150 560 2478415 40648 98
94 137 10000 15133 180 2475011 44081 37
104 357 10000 15076 3160 2450334 69156 531
231 347 10000 15144 1100 2477853 42417 184
132 120 10000 15200 180 2500715 20686 37
102 382 10000 15132 3160 2474999 46768 531
75 398 10000 15033 10000 2434486 87353 1660
380 117 10000 15160 1100 2481386 40933 184
252 174 10000 15156 560 2480436 42023 98
183 153 10000 15147 560 2478035 44606 98
176 257 10000 15146 560 2477931 44749 98
311 122 10000 15152 900 2478623 44353 152
53 72 10000 15046 10000 2440049 84162 1660
397 28 10000 15161 1870 2482011 42381 316
273 84 10000 15155 1100 2480415 44091 184
303 79 10000 15157 900 2480520 44850 152
61 10 10000 15163 1100 2482284 43332 184
102 370 10001 15167 1100 2484770 41268 184
47 397 10000 15168 560 2484837 42100 98
196 68 10000 15138 1870 2475886 51392 316
285 210 10000 15092 3160 2458882 68607 531
166 289 10000 15096 900 2459296 68689 152
394 381 10000 15136 1870 2475696 52562 316
282 92 10000 15004 10000 2423537 104739 1660
31 70 10000 15169 560 2486894 41564 98
0 46 10000 15171 250 2487993 40567 48
368 8 10000 15170 1100 2487486 41375 184
261 77 10000 15049 10000 2440513 88525 1660
147 148 10000 15216 1870 2509245 21009 316
279 17 10000 15140 250 2476239 54503 48
124 71 10000 15098 180 2459624 71139 37
324 40 10000 15172 3160 2488261 42725 531
90 66 10000 12682 1850000 1296934 1234197 306661
187 324 10000 14743 100001 2301497 229708 16579
85 73 10000 14577 100001 2225878 305681 16579
266 115 10000 15179 900 2490659 41006 152
0 279 10000 15121 1100 2468280 63424 184
398 183 10000 15182 1100 2490891 41136 184
177 353 10000 14735 100001 2297377 236607 16579
350 304 10000 12269 1850000 1096261 1438001 306661
81 142 10000 15173 250 2488725 45726 48
91 365 10000 14984 10000 2416186 118344 1660
213 261 10000 15188 560 2492381 42177 98
76 156 10000 15149 3160 2478362 56455 531
383 50 10000 14788 100001 2323952 210968 16579
65 202 10000 15192 900 2493892 41107 152
204 133 10000 10997 1850000 456456 2078555 306661
111 107 10000 15222 180 2511215 24766 37
160 235 10000 15187 900 2492156 44212 152
210 285 10000 14784 100001 2323076 213650 16579
220 187 10000 15193 1100 2495602 41246 184
206 387 10000 15128 1870 2473395 63741 316
395 339 10000 15184 3160 2491091 46283 531
326 165 10000 15186 560 2491942 45443 98
390 314 10000 15059 10000 2443922 94924 1660
173 327 10000 15195 250 2498358 41248 48
222 44 10000 15198 560 2499554 40821 98
142 375 10000 15196 560 2499019 41585 98
291 350 10000 15185 560 2491378 49404 98
292 148 10000 15164 1870 2483047 57922 316
351 179 10000 15183 560 2490939 50361 98
257 355 10000 15199 900 2500267 41118 152
134 375 10000 15005 10000 2424282 117111 1660
113 341 10000 15191 1870 2493093 48421 316
283 362 10000 14798 100001 2331325 210348 16579
348 150 10000 15093 10000 2458891 84525 1660
78 243 10000 15204 180 2503898 41221 37
199 316 10000 12167 1850000 1042031 1504024 306661
199 251 10000 15036 560 2436113 110189 98
91 223 10000 15207 1100 2505860 41192 184
212 15 10000 15208 560 2506627 40767 98
32 265 10000 15202 900 2503271 44756 152
187 349 10000 15209 560 2506828 41231 98
76 59 10000 15210 560 2507602 40630 98
139 313 10000 15205 560 2505125 43550 98
63 383 10000 15213 180 2508447 40589 37
339 32 10000 15214 180 2508890 41306 37
260 368 10000 13587 1850000 1748364 802023 306661
169 259 10000 15220 560 2510755 40669 98
39 7 10000 14582 400000 2228628 323113 66306
254 281 10000 15221 560 2511143 40664 98
325 44 10000 15218 1870 2509587 42436 316
303 22 10000 15217 560 2509325 42757 98
399 119 10000 15219 1870 2510520 42106 316
116 399 10000 15223 1100 2511370 41844 184
398 54 10000 15224 1100 2512343 41504 184
270 261 10000 14749 400000 2305754 248124 66306
310 264 10000 15230 560 2513801 41366 98
315 255 10000 15228 560 2513747 41738 98
379 24 10000 15225 1870 2512429 43351 316
70 62 10000 15272 180 2537276 20987 37
235 158 10000 15238 1100 2517632 41073 184
299 28 10000 15151 1870 2478442 80415 316
93 372 10000 15239 1100 2517944 41410 184
218 257 10000 15127 10000 2473228 86358 1660
245 174 10000 15241 560 2519183 41140 98
356 210 10000 15243 1870 2519335 41949 316
245 65 10000 15249 250 2522045 41042 48
323 47 10000 15248 560 2522017 41079 98
30 246 10000 15126 10000 2472289 91160 1660
249 238 10000 15250 900 2522194 41493 152
72 86 10000 15253 900 2523380 40891 152
36 240 10000 15246 3160 2521638 42747 531
29 356 10000 15162 3160 2482052 82603 531
63 57 10000 15154 10000 2479790 85215 1660
392 328 10000 15215 3160 2509234 56129 531
30 174 10000 15234 900 2516451 48938 152
208 189 10000 15252 900 2522647 43120 152
98 73 10000 14229 400000 2071935 494026 66306
271 352 10000 15233 1100 2515822 50447 184
28 145 10000 15256 180 2526618 41211 37
382 247 10000 15115 3160 2465283 102562 531
77 347 10000 15227 560 2513148 56245 98
358 359 10000 15298 560 2548976 20503 98
24 244 10000 15139 250 2476046 93760 48
394 292 10000 15180 560 2490837 79312 98
44 229 10000 15051 180 2440666 129525 37
127 7 10000 15260 560 2530204 41029 98
329 54 10000 15038 10000 2436338 134906 1660
288 316 10000 15259 900 2529707 41793 152
292 326 10000 15107 10000 2463070 110098 1660
380 294 10000 15175 10000 2489386 83863 1660
133 217 10000 14853 100001 2358205 216049 16579
263 85 10000 15264 1870 2532795 42528 316
112 87 10000 15268 1100 2534770 40871 184
151 329 10000 14869 100001 2366517 209697 16579
97 397 10000 15190 10000 2492747 83860 1660
222 51 10000 15270 560 2535865 40821 98
58 354 10000 14864 100001 2363836 213875 16579
103 198 10000 15251 900 2522576 55544 152
190 266 10000 14860 100001 2361663 216765 16579
312 69 10000 15275 250 2538016 40445 48
245 141 10000 14870 100001 2367285 211501 16579
361 72 10000 15276 1100 2538954 41115 184
389 229 10000 15277 1100 2539106 41751 184
58 144 10000 14881 100001 2370848 210258 16579
91 94 10000 15325 1100 2560250 20859 184
31 347 10000 15280 900 2539910 43497 152
366 79 10000 15197 10000 2499278 84178 1660
327 79 10000 15283 900 2541830 42330 152
321 38 10000 15288 1870 2543219 41836 316
119 294 10000 15287 250 2543009 42261 48
207 42 10000 15281 250 2540224 45112 48
68 338 10000 14643 400000 2259108 326886 66306
203 177 10000 14690 400000 2278902 307164 66306
13 352 10000 15293 560 2545132 40963 98
205 353 10000 15258 250 2528220 58627 48
194 274 10000 15067 560 2447308 139876 98
60 98 10000 15290 3160 2543577 44104 531
57 192 10000 15295 180 2546639 41580 37
68 242 10000 15291 560 2543882 44593 98
309 122 10000 15201 10000 2503228 85383 1660
88 46 10000 15077 10000 2452348 136436 1660
334 287 10000 15177 560 2489731 99710 98
124 68 10000 15048 10000 2440395 149170 1660
127 244 10000 15299 250 2549014 40983 48
349 4 10000 15274 900 2537909 52505 152
43 115 10000 14901 100001 2378108 213742 16579
180 125 10000 15273 560 2537327 55015 98
116 53 10000 15303 560 2552337 41034 98
118 313 10000 15297 1870 2548618 44768 316
78 373 10000 15305 560 2552734 40910 98
154 222 10000 15307 250 2553456 40302 48
93 361 10000 15300 1870 2549415 44409 316
142 139 10000 14505 400000 2192827 401085 66306
324 177 10000 15306 900 2553148 40874 152
66 303 10000 13301 1850000 1601148 993133 306661
115 7 10000 15309 560 2554021 40520 98
114 202 10000 15304 560 2552568 42032 98
330 273 10000 15310 560 2554102 41129 98
354 96 10000 15308 560 2553758 41479 98
335 231 10000 15311 560 2554726 41598 98
14 99 10000 15262 1100 2532474 63999 184
214 368 10000 14895 100001 2375292 221270 16579
5 351 10000 15294 900 2546124 50460 152
332 157 10000 15316 180 2556835 40184 37
329 303 10000 15267 560 2534357 64425 98
8 145 10000 15255 180 2525207 73759 37
80 30 10000 15320 180 2558481 40990 37
210 50 10000 15232 10000 2515179 84430 1660
114 271 10000 15315 900 2556462 43161 152
183 289 10000 15322 1100 2558692 41355 184
324 179 10000 15181 10000 2490859 109608 1660
105 20 10000 15231 10000 2514052 87066 1660
318 398 10000 15323 1870 2559228 42005 316
54 125 10000 15321 900 2558603 42670 152
172 248 10000 15326 250 2560994 40550 48
356 188 10000 15301 1870 2549456 52480 316
167 310 10000 15130 560 2474023 128665 98
281 291 10000 15367 180 2583255 20510 37
292 203 10000 15068 10000 2447762 156231 1660
29 245 10000 15240 1870 2518573 85790 316
333 144 10000 15328 900 2563001 41389 152
281 13 10000 15330 1100 2564244 40796 184
26 231 10000 15314 1870 2556075 49428 316
252 191 10000 15334 900 2564688 40912 152
235 355 10000 15331 900 2564491 41525 152
90 331 10000 15318 250 2557163 49265 48
354 359 10000 15377 560 2586145 20591 98
45 152 10000 15337 560 2566430 40792 98
120 142 10000 15339 1100 2567436 41035 184
139 186 10000 15317 3160 2557015 52337 531
3 76 10000 15340 560 2567714 42902 98
388 97 10000 15336 1870 2565904 46525 316
30 109 10000 13281 1850000 1594722 1019472 306661
99 262 10000 15350 1870 2573309 41861 316
365 45 10001 15347 1870 2570805 44391 316
205 7 10000 15312 560 2555306 60017 98
395 284 10000 15348 1870 2571571 44089 316
45 310 10000 15349 250 2572630 43173 48
136 156 10000 13687 1850000 1797584 818549 306661
32 56 10000 15254 10000 2524247 92362 1660
0 217 10000 15354 900 2575551 41231 152
125 321 10000 15237 10000 2517557 99386 1660
275 199 10000 15352 1870 2573985 43108 316
76 116 10000 14971 100001 2409972 208841 16579
170 60 10000 15266 10000 2533964 84969 1660
368 140 10000 15351 1870 2573612 47236 316
171 308 10000 15357 900 2577294 43954 152
316 287 10000 14964 100001 2406537 215615 16579
15 323 10000 15203 10000 2503545 118702 1660
82 269 10000 14410 400000 2148392 473879 66306
279 42 10000 15364 900 2580122 42524 152
49 133 10000 15359 560 2577649 45540 98
396 202 10000 14732 400000 2296939 326312 66306
316 255 10000 15363 900 2579728 43939 152
342 9 10000 15366 180 2581713 42898 37
83 245 10000 15374 900 2585311 41214 152
229 246 10000 15360 560 2577946 48965 98
245 296 10000 15375 180 2585607 41492 37
124 350 10001 15226 1100 2512508 114628 184
213 293 10000 15236 10000 2517283 111028 1660
352 284 10000 15302 560 2551958 76578 98
394 353 10000 15289 1100 2543455 85223 184
220 261 10000 15379 250 2586937 42099 48
136 375 10000 15257 560 2526686 102352 98
116 26 10000 15384 900 2588668 41427 152
371 310 10000 15385 3160 2588987 42231 531
219 161 10000 15362 560 2579496 52290 98
81 396 10000 15391 560 2591152 40846 98
29 188 10000 14415 400000 2151552 480663 66306
2 66 10000 15393 180 2591892 40409 37
345 354 10000 15426 1100 2611955 20447 184
24 285 10000 15285 1870 2542492 89944 316
0 76 10000 15376 900 2585971 46501 152
239 343 10000 15386 180 2589721 43089 37
13 235 10000 15381 250 2587760 45423 48
381 297 10000 15269 3160 2534923 98833 531
87 391 10000 15370 560 2584082 51251 98
197 352 10000 15278 10000 2539156 96853 1660
365 325 10000 15371 560 2584401 53112 98
313 143 10000 15394 560 2592498 45081 98
261 49 10000 15397 1870 2596089 42305 316
117 73 10000 15400 900 2597055 41484 152
71 232 10000 15402 560 2597917 40709 98
35 317 10000 15404 560 2598398 40500 98
392 163 10000 15382 1100 2588345 50558 184
300 167 10000 14969 100001 2408883 231079 16579
246 342 10000 15403 900 2598029 41944 152
82 127 10000 15392 560 2591155 49874 98
26 83 10000 15313 10000 2556064 85191 1660
147 399 10000 12697 1850000 1302313 1339417 306661
394 68 10000 15176 10000 2489643 152341 1660
344 300 10000 15020 100001 2430760 211349 16579
377 16 10000 12206 1850000 1061315 1581344 306661
355 53 10000 15296 10000 2548046 95451 1660
383 168 10000 15026 100001 2432389 211127 16579
149 146 10000 15442 900 2620130 23622 152
341 293 10000 15284 1870 2542309 101546 316
206 363 10000 15411 1870 2602864 41983 316
192 134 10000 14712 400000 2289634 355899 66306
327 252 10000 15408 900 2601240 44453 152
261 82 10000 12124 1850000 1016109 1629886 306661
266 359 10000 15416 180 2605662 40506 37
372 41 10000 15409 1100 2601855 44802 184
61 131 10000 14705 400000 2284043 363310 66306
87 35 10000 15406 560 2600125 47591 98
104 389 10000 15341 1870 2567801 80240 316
366 11 10000 15414 1100 2604509 43988 184
276 264 10000 15459 1870 2627316 21202 316
62 17 10001 15333 10000 2564639 84339 1660
0 185 10000 15415 560 2605141 43910 98
73 9 10000 15329 10000 2563533 85799 1660
318 183 10000 15410 560 2602147 47779 98
245 380 10000 15420 560 2608708 41461 98
42 295 10000 15043 100001 2438019 212288 16579
64 49 10000 15421 560 2609819 40658 98
302 198 10000 15419 3160 2608025 42643 531
256 15 10000 15332 10000 2564587 86104 1660
317 15 10000 15423 560 2610198 40988 98
390 257 10000 13024 1850000 1469032 1182214 306661
110 108 10000 15473 1870 2630893 21353 316
261 135 10000 15418 560 2607616 45435 98
311 206 10000 15428 250 2612600 40704 48
305 221 10000 15345 10000 2569710 84834 1660
167 214 10000 15430 1100 2615083 41314 184
361 58 10000 15342 10000 2568459 88074 1660
185 8 10000 15431 560 2615292 41612 98
331 275 10000 14618 400000 2246596 410875 66306
178 305 10000 13777 1850000 1844387 814559 306661
66 197 10000 15437 1870 2617669 41565 316
82 389 10000 15443 180 2620451 40739 37
333 313 10000 15444 180 2621488 41069 37
59 317 10000 13246 1850000 1582119 1080561 306661
388 69 10000 15438 900 2617873 44990 152
131 86 10000 15435 1870 2617550 46020 316
7 331 10000 14993 100001 2419747 244039 16579
151 325 10000 15441 560 2619156 45176 98
365 17 10000 15422 180 2610130 54267 37
50 156 10000 13880 400000 1898847 765728 66306
272 267 10000 15445 10000 2621743 42882 1660
7 241 10000 15449 1100 2623793 41284 184
321 78 10000 15448 1870 2622646 42628 316
275 364 10000 15451 900 2624483 40919 152
364 342 10000 15453 900 2625236 41253 152
121 128 10000 15495 1870 2644003 22960 316
383 335 10000 15457 1100 2626434 42803 184
255 155 10000 15458 900 2626893 42785 152
390 229 10000 15462 560 2627986 41728 98
333 245 10000 15373 10000 2584839 85729 1660
307 12 10000 15365 10000 2580384 90477 1660
33 77 10000 15464 180 2628337 42887 37
297 45 10000 15466 1100 2628957 43670 184
129 372 10000 15000 100001 2423067 249616 16579
89 270 10000 15356 1870 2576005 97351 316
168 279 10000 15088 100001 2456637 216822 16579
140 25 10000 15476 900 2632940 41135 152
167 135 10000 15094 100001 2459156 215074 16579
305 13 10000 15475 900 2632725 41639 152
21 241 10000 15387 10000 2590341 84242 1660
166 375 10000 15338 10000 2566597 108006 1660
237 128 10000 15436 560 2617565 57139 98
181 137 10000 15481 180 2636001 40184 37
225 259 10000 15343 250 2569038 107887 48
309 389 10000 15479 1870 2635178 41781 316
118 74 10000 15468 250 2629458 48240 48
369 366 10000 15480 10000 2635925 42033 1660
96 388 10000 15388 10000 2590401 87630 1660
298 281 10000 15440 10000 2618436 60222 1660
306 131 10000 15483 1100 2638226 41449 184
10 227 10000 11243 10000000 577815 2102254 1657602
58 199 10000 15485 180 2638954 41147 37
252 272 10000 12012 1850000 946927 1734209 306661
336 358 10000 15447 560 2621852 59449 98
247 127 10000 15125 100001 2471297 210208 16579
146 178 10000 15429 250 2614972 67348 48
308 1 10000 15112 100001 2464480 218184 16579
360 156 10000 15492 180 2642484 40561 37
76 260 10000 15487 900 2639899 43498 152
161 210 10000 15471 1870 2630404 53077 316
141 350 10000 15494 180 2642617 40992 37
290 62 10000 15131 100001 2474158 210628 16579
301 397 10000 15407 10000 2600720 84465 1660
73 111 10000 15496 900 2644007 41544 152
10 202 10000 15427 250 2612068 73839 48
140 103 10000 15499 900 2644652 41481 152
114 194 10000 15500 900 2645379 41381 152
187 330 10000 15486 250 2639270 47867 48
168 208 10000 15498 1870 2644549 42693 316
143 327 10000 14877 100001 2369315 318406 16579
356 85 10000 15467 900 2629174 58681 152
295 156 10000 15503 1100 2646628 41663 184
353 165 10000 15501 250 2645642 43429 48
364 291 10000 15506 900 2647800 41402 152
0 259 10000 15508 1100 2648404 41061 184
76 235 10000 15510 180 2651094 41819 37
158 128 10000 15511 560 2651528 41541 98
369 240 10000 15513 1870 2651987 41513 316
27 167 10000 15405 10000 2599656 94083 1660
206 278 10000 15509 1870 2650411 43784 316
318 244 10000 15424 10000 2610748 83749 1660
248 241 10000 15389 10000 2590932 103711 1660
57 244 10000 15514 3160 2652418 44227 531
353 325 10000 15491 1100 2641308 56181 184
148 202 10000 15519 560 2657148 41040 98
150 384 10000 15522 900 2657947 41769 152
62 149 10000 15517 180 2655583 44288 37
141 292 10000 15525 560 2658616 41388 98
345 5 10000 15484 560 2638934 61081 98
294 139 10000 15520 3160 2657195 43114 531
37 171 10000 15153 100001 2478790 221952 16579
54 185 10000 12945 1850000 1429542 1271478 306661
297 319 10000 15189 100001 2492392 209066 16579
163 81 10000 15434 10000 2617228 84688 1660
278 358 10000 15527 180 2661111 42303 37
53 149 10000 15521 1870 2657411 46815 316
398 345 10000 15523 250 2657959 46400 48
109 247 10000 15531 250 2664540 40415 48
339 208 10000 15505 1100 2647580 57405 184
345 20 10000 15090 100001 2457258 249355 16579
176 317 10000 15529 180 2663267 43695 37
234 16 10000 15536 560 2666212 40807 98
223 170 10000 15390 900 2590934 116330 152
377 326 10000 15456 560 2626416 81207 98
83 301 10000 15540 900 2666924 41558 152
259 46 10000 15446 10000 2621760 86739 1660
149 300 10000 15537 1870 2666633 42016 316
258 123 10000 14995 10000 2420840 288338 1660
251 200 10000 15526 560 2658965 50923 98
151 395 10000 15532 1870 2664840 45351 316
272 295 10000 15455 10000 2626039 84325 1660
177 124 10000 15543 560 2673886 40772 98
234 299 10000 15542 900 2673564 42077 152
231 145 10000 15452 10000 2625198 90968 1660
334 182 10000 13232 1850000 1577087 1140900 306661
109 144 10000 15549 180 2676125 43079 37
383 32 10000 15553 900 2679337 41483 152
43 182 10000 15528 180 2663124 57706 37
82 184 10000 15554 900 2680048 41035 152
343 253 10000 14013 1850000 1964070 759657 306661
351 79 10000 15557 1100 2682581 41381 184
18 93 10000 15534 560 2665964 58088 98
46 248 10000 15212 100001 2508276 216484 16579
329 298 10001 15497 900 2644393 81152 152
398 291 10000 15555 1870 2680576 45501 316
197 281 10000 15558 560 2682739 44104 98
163 178 10000 15599 900 2704359 23750 152
48 234 10000 15469 10000 2629471 98931 1660
94 309 10000 15544 180 2674116 54310 37
303 280 10000 15512 1100 2651560 78457 184
290 123 10000 15568 180 2690326 40454 37
306 351 10000 15565 1100 2689369 41954 184
46 378 10000 15548 1870 2675901 56161 316
278 285 10000 12001 1850000 940580 1793524 306661
272 66 10000 15570 3160 2690831 43409 531
375 362 10000 15615 1870 2713397 20999 316
262 146 10000 15564 1870 2687993 47210 316
96 221 10000 15576 900 2693893 41477 152
94 151 10000 15560 180 2685857 49783 37
392 126 10000 15577 1100 2694825 41069 184
397 143 10000 15574 1870 2693110 42815 316
27 75 10001 15572 560 2692176 44883 98
195 297 10000 13422 1850000 1655353 1082865 306661
44 379 10000 14758 100001 2310922 427937 16579
226 279 10000 15582 1100 2698080 41574 184
336 248 10000 15578 900 2695710 44116 152
223 296 10000 14490 100001 2187335 552610 16579
210 61 10000 15569 1100 2690430 50109 184
29 375 10000 15587 1100 2698530 42401 184
182 226 10000 15579 560 2696188 45129 98
83 155 10000 15588 3160 2698998 42438 531
332 145 10000 15591 1100 2700669 40884 184
225 82 10000 15490 1870 2640898 100965 316
355 342 10000 15608 900 2708150 33816 152
221 97 10000 14713 100001 2290406 451849 16579
141 224 10000 15594 900 2701413 41186 152
233 171 10000 15493 10000 2642553 101073 1660
255 374 10000 15586 560 2698333 46178 98
183 82 10000 15518 10000 2656381 88842 1660
386 134 10000 15247 100001 2521843 223483 16579
362 68 10000 15600 560 2705071 40461 98
6 14 10000 15472 100001 2630751 115164 16579
298 191 10000 15541 1870 2666931 79702 316
130 151 10000 15602 900 2705856 41209 152
218 120 10000 15606 900 2706273 41965 152
281 399 10000 15605 560 2706173 42705 98
167 62 10000 15609 180 2708773 41103 37
338 40 10000 15530 10000 2664381 85936 1660
334 219 10001 15504 560 2646827 103639 98
196 288 10000 15590 560 2700491 50890 98
225 232 10000 15547 560 2675492 76646 98
350 123 10000 15614 180 2713131 40184 37
301 145 10000 14926 400000 2392174 362909 66306
47 106 10000 15618 250 2714499 40762 48
218 381 10000 15616 1100 2714426 41400 184
355 128 10000 15242 100001 2519311 237572 16579
327 160 10000 15489 10000 2640825 116106 1660
26 2 10000 15601 560 2705146 53561 98
125 255 10000 15619 3160 2715001 43815 531
373 363 10000 15573 3160 2692851 66197 531
163 267 10000 15622 560 2718472 41214 98
177 71 10000 15623 1870 2718809 41652 316
81 77 10000 15545 10000 2674368 86301 1660
334 265 10000 15546 1870 2674774 87266 316
306 142 10000 15538 10000 2666828 95639 1660
305 175 10000 15550 10000 2676251 87099 1660
45 222 10000 15628 3160 2721069 43172 531
227 368 10000 15636 180 2724704 40184 37
269 213 10000 15631 1870 2722725 42239 316
205 182 10000 15581 560 2697252 67719 98
256 204 10000 15633 180 2723410 41981 37
262 74 10000 15100 400000 2461350 304837 66306
298 230 10000 15640 560 2725726 40745 98
163 287 10000 15639 180 2725363 42187 37
222 40 10000 15559 10000 2683847 84599 1660
40 229 10000 15625 560 2719738 48934 98
348 245 10000 15643 560 2728152 40830 98
148 195 10000 15629 1870 2721718 47672 316
229 131 10000 15620 1100 2717012 53217 184
294 299 10000 15681 250 2749481 21024 48
337 196 10000 15637 560 2725233 46470 98
149 275 10000 15648 900 2731547 41558 152
82 70 10000 15647 1870 2731242 42442 316
277 17 10000 15566 10000 2689955 84106 1660
349 345 10000 15507 100001 2647986 126353 16579
390 375 10000 15653 900 2734332 40972 152
171 77 10000 15655 1100 2734616 41611 184
14 252 10000 15649 560 2732361 44303 98
200 356 10000 14793 400000 2328242 449430 66306
242 298 10000 15657 1100 2736518 41217 184
320 350 10000 15658 1100 2736591 41196 184
259 52 10000 15659 900 2736637 41294 152
140 339 10000 15661 250 2737303 40647 48
313 145 10000 15551 1100 2676643 101805 184
82 228 10000 12597 1850000 1259317 1519478 306661
226 374 10000 15662 1100 2737604 41313 184
284 22 10000 15335 100001 2565459 213792 16579
311 226 10000 15665 1870 2738592 41724 316
376 159 10000 15669 560 2740183 41003 98
259 26 10000 15575 10000 2693439 87798 1660
166 327 10000 15668 900 2739756 42218 152
391 140 10000 15626 1870 2720104 61913 316
382 209 10000 15460 10000 2627546 154955 1660
218 104 10000 15670 900 2740516 42208 152
365 39 10000 15642 1100 2727701 55502 184
218 386 10000 15667 1870 2739725 43484 316
101 62 10000 15672 1870 2741215 42050 316
69 236 10000 15585 10000 2698281 85277 1660
378 381 10000 14937 400000 2396177 387779 66306
5 52 10000 15677 900 2744052 41061 152
86 42 10000 15353 100001 2574037 211158 16579
260 256 10000 15675 250 2743235 42057 48
104 65 10000 15597 560 2702563 82927 98
130 133 10000 15715 900 2766039 20423 152
2 106 10000 15580 10000 2696504 90173 1660
151 319 10000 15355 100001 2575872 211553 16579
214 293 10000 15641 250 2725924 61756 48
166 362 10000 15358 100001 2577450 210258 16579
368 108 10000 15678 900 2747998 41066 152
340 178 10000 15680 560 2748160 40940 98
107 216 10000 15361 100001 2578061 212705 16579
143 366 10000 15624 560 2719611 71329 98
104 120 10000 15593 1100 2701207 91015 184
49 345 10000 15663 3160 2737729 54593 531
284 357 10000 15682 3160 2750171 42300 531
263 249 10000 15584 10000 2698276 94546 1660
273 129 10000 15612 560 2712951 80763 98
361 328 10000 15654 900 2734451 59662 152
292 371 10000 15688 1870 2752858 42754 316
321 21 10000 15693 560 2755225 41171 98
315 89 10000 15691 560 2753348 43130 98
29 184 10000 15674 1100 2743187 53488 184
278 17 10000 15703 1100 2758500 40892 184
38 303 10000 15702 250 2758286 41335 48
281 81 10000 15704 900 2760656 41554 152
208 173 10000 12995 1850000 1453754 1348736 306661
290 43 10000 15610 10000 2712188 90423 1660
233 161 10000 13002 1850000 1455378 1347552 306661
139 105 10000 15705 560 2761970 41005 98
392 133 10000 15701 1100 2757566 45449 184
62 92 10000 15671 1870 2740789 63624 316
146 204 10000 15699 900 2756977 48353 152
0 218 10000 15709 1870 2763118 42267 316
265 120 10000 15617 10000 2714462 91290 1660
202 306 10000 15710 560 2763797 42082 98
169 118 10000 15698 1870 2756452 49519 316
206 93 10000 15630 10000 2722408 84634 1660
163 328 10000 15716 560 2766415 40693 98
39 352 10000 15712 560 2765401 41787 98
396 284 10000 15708 560 2762256 45736 98
218 265 10000 15711 3160 2765398 43539 531
228 26 10000 15718 900 2768041 41209 152
75 142 10000 14655 400000 2265124 544656 66306
38 384 10000 15720 900 2768711 41452 152
51 29 10000 15603 10000 2705934 104323 1660
376 257 10000 15721 900 2768731 41962 152
371 195 10000 15722 180 2770091 40629 37
360 100 10000 15725 1100 2771064 40813 184
199 239 10000 15723 250 2770500 41499 48
101 57 10000 15644 10000 2728167 84446 1660
270 154 10000 15719 180 2768474 45002 37
200 298 10000 15327 100001 2561776 251764 16579
8 255 10000 15029 400000 2433665 380099 66306
315 372 10000 15728 560 2773898 40699 98
231 9 10000 15369 100001 2583733 231897 16579
23 386 10000 15729 180 2774009 42474 37
335 215 10000 15730 560 2775665 41165 98
315 196 10000 15733 560 2776715 41599 98
74 30 10000 15380 100001 2587162 231276 16579
142 202 10000 15734 560 2778249 40826 98
233 74 10000 15413 100001 2604300 215133 16579
261 365 10000 15724 560 2770633 48991 98
278 332 10000 15737 3160 2779722 42159 531
237 350 10000 15692 560 2754616 67401 98
299 195 10000 15482 10000 2637322 184756 1660
255 136 10000 15707 900 2762222 60061 152
339 36 10000 15738 560 2780785 41548 98
211 368 10000 15634 1870 2724501 97935 316
142 168 10000 15656 10000 2736467 86072 1660
320 288 10000 15739 1870 2780908 42374 316
39 217 10000 15742 1100 2781853 41464 184
349 289 10000 15396 100001 2594348 229129 16579
370 104 10000 15743 1100 2782101 41637 184
97 372 10000 15746 180 2783567 40184 37
66 118 10001 15744 560 2782291 41749 98
365 130 10000 15717 180 2767387 57033 37
389 137 10000 15747 560 2784456 40428 98
72 262 10000 15740 250 2780916 44061 48
72 41 10000 15652 10000 2733864 91598 1660
58 321 10001 15731 180 2775749 49845 37
0 377 10000 15753 900 2787009 41136 152
59 387 10000 15754 560 2787357 41113 98
398 91 10000 15378 100001 2586215 242648 16579
210 96 10000 15756 900 2787786 41095 152
294 394 10000 15433 100001 2615707 214637 16579
359 21 10000 15383 100001 2588471 242207 16579
269 339 10000 15749 900 2786072 44626 152
306 317 10000 15817 1100 2810203 20588 184
181 88 10000 15760 560 2789437 41535 98
135 358 10000 15761 180 2789683 41992 37
294 153 10000 15660 560 2737219 95321 98
214 391 10000 13145 1850000 1535854 1296698 306661
279 107 10000 15425 100001 2611088 221805 16579
131 145 10000 15758 1100 2789190 43986 184
15 31 10000 13377 1850000 1634117 1199074 306661
376 5 10000 15764 180 2790884 42407 37
130 177 10001 15772 180 2793687 40396 37
274 11 10000 15762 1870 2789792 44315 316
220 317 10000 15771 900 2793509 41452 152
394 241 10000 15713 1870 2765841 69287 316
326 24 10000 15763 900 2790039 45157 152
267 66 10000 15775 180 2794679 41843 37
70 322 10000 15769 1100 2792009 44826 184
99 133 10000 15778 180 2796290 41045 37
280 47 10000 15689 10000 2753056 84798 1660
144 318 10000 15687 10000 2752222 86162 1660
144 80 10000 15779 560 2797105 41288 98
190 292 10000 15598 10000 2703021 135514 1660
319 195 10000 15780 250 2797232 41392 48
17 264 10000 15782 900 2797331 41582 152
96 234 10000 15785 560 2797640 41700 98
288 243 10000 15788 560 2798659 40996 98
45 373 10000 15651 10000 2733742 106263 1660
316 84 10000 15470 100001 2630279 209895 16579
261 262 10000 10103 10000000 54826 2785396 1657602
326 280 10000 15777 1870 2796217 44314 316
149 353 10000 15768 900 2791606 50034 152
281 130 10000 15787 3160 2798003 43878 531
271 52 10000 15790 180 2800855 41264 37
210 251 10000 15695 10000 2756091 86048 1660
207 296 10000 15793 900 2802008 40956 152
385 356 10000 15759 560 2789430 53960 98
185 119 10000 15781 560 2797280 46676 98
276 181 10000 15799 250 2804106 40228 48
346 292 10000 15796 900 2803316 41272 152
217 115 10000 15773 180 2793897 52400 37
139 54 10000 15805 900 2805654 41007 152
244 28 10000 15804 560 2805648 42430 98
57 391 10000 14906 400000 2379089 469865 66306
157 101 10000 15477 100001 2632989 216045 16579
339 79 10000 15812 560 2808371 41484 98
118 146 10000 15789 3160 2799554 50795 531
360 37 10000 15815 900 2809687 40896 152
155 348 10000 15813 900 2808728 41871 152
101 41 10000 15818 560 2810718 40807 98
379 136 10000 15811 1100 2807838 44557 184
77 318 10000 15819 900 2811356 41912 152
173 115 10000 15417 100001 2605824 247885 16579
152 180 10000 15821 1870 2812262 41821 316
249 352 10000 15827 250 2815194 40783 48
132 267 10000 15824 560 2814842 41208 98
57 215 10000 15808 900 2807067 49178 152
372 208 10000 12768 1850000 1340427 1516144 306661
312 184 10000 15826 900 2815162 42147 152
151 261 10000 15830 900 2815991 41786 152
242 226 10000 15831 560 2816550 41228 98
302 129 10000 15820 560 2811600 47028 98
105 309 10000 15836 180 2817722 41557 37
395 118 10000 15097 400000 2459613 399806 66306
68 213 10000 15838 560 2819117 40806 98
21 29 10000 15880 180 2839999 20464 37
136 10 10000 15837 900 2818707 42186 152
146 131 10000 15798 3160 2803647 57287 531
170 279 10000 15841 900 2820237 41001 152
147 68 10000 15839 1870 2819593 41963 316
346 322 10000 15842 1100 2820529 42805 184
258 167 10000 15583 180 2698121 165563 37
332 137 10000 15844 900 2823074 41072 152
97 298 10000 15823 180 2814672 49481 37
132 158 10000 15679 10000 2748060 116155 1660
114 80 10000 15825 900 2815117 49450 152
280 143 10000 15732 10000 2776011 89240 1660
139 266 10000 15846 560 2824090 41232 98
162 80 10000 15845 1870 2823342 42037 316
44 246 10000 15752 1100 2786939 78889 184
243 261 10000 15802 1870 2805435 60641 316
154 248 10000 15850 180 2825244 40909 37
188 287 10000 15750 900 2786327 79886 152
163 239 10001 15848 900 2825111 41923 152
212 245 10000 15515 100001 2654209 212911 16579
189 148 10000 15849 1870 2825238 42029 316
7 215 10000 15851 1100 2826389 41115 184
264 160 10000 15854 1100 2827010 40979 184
351 323 10000 15847 180 2824211 43997 37
146 222 10000 15807 3160 2806292 62519 531
81 131 10000 15856 560 2827368 41943 98
231 392 10000 15858 180 2828557 41116 37
56 129 10000 15741 10000 2781777 88033 1660
314 235 10000 15860 900 2829513 41138 152
48 369 10000 15859 1100 2829091 41606 184
260 34 10000 15862 1100 2830706 41493 184
95 86 10000 15767 560 2791434 81191 98
123 58 10000 15524 100001 2658183 214535 16579
119 111 10000 15895 3160 2846691 26433 531
316 64 10000 15857 560 2827582 46192 98
25 37 10000 15907 180 2854055 20092 37
283 157 10000 15864 1870 2832629 41772 316
276 265 10000 15908 180 2854771 20844 37
392 354 10000 13005 1850000 1458954 1417541 306661
305 357 10000 15867 1870 2834755 41987 316
17 319 10001 15539 100001 2666924 211413 16579
1 38 10000 15757 10000 2788476 90237 1660
65 55 10000 15868 3160 2835711 43020 531
121 196 10000 15866 560 2834209 44806 98
331 200 10001 15874 900 2838206 41080 152
198 332 10001 15124 400000 2470738 408987 66306
397 68 10000 15765 900 2790885 88956 152
231 261 10000 14302 1850000 2097956 782183 306661
371 174 10000 15878 180 2839493 40915 37
171 387 10000 15873 1870 2837843 42648 316
25 339 10000 15861 1100 2830615 50564 184
225 74 10001 15792 900 2801955 79389 152
394 209 10000 15683 10000 2750800 131944 1660
1 258 10000 15882 180 2841384 41364 37
349 52 10000 15840 250 2819599 64087 48
125 243 10000 15875 1870 2838395 45349 316
125 343 10000 15890 560 2843957 40793 98
218 307 10000 15869 1870 2836886 48152 316
39 173 10000 15885 3160 2842308 42747 531
256 349 10000 14501 400000 2191764 693547 66306
53 84 10000 15853 900 2826707 59208 152
146 91 10000 15855 560 2827303 58646 98
262 233 10000 15879 3160 2839673 46401 531
221 248 10000 15784 560 2797485 88743 98
346 21 10000 15886 1100 2842701 43550 184
72 168 10000 15893 560 2845684 41260 98
294 227 10000 15800 10000 2804119 84124 1660
145 72 10000 13456 1850000 1673916 1214735 306661
259 161 10000 15897 180 2847889 41254 37
384 131 10000 15776 900 2795576 93682 152
204 358 10000 15774 900 2794087 95455 152
110 227 10000 15877 180 2839263 50286 37
318 53 10000 15899 560 2848648 41135 98
156 235 10000 14199 1850000 2057160 832741 306661
71 265 10000 15898 900 2848620 41445 152
141 116 10000 15791 10000 2801169 89815 1660
197 116 10000 15889 560 2843774 47535 98
181 342 10000 15801 10000 2804661 86694 1660
313 176 10000 15282 100001 2541233 350400 16579
260 164 10000 15872 560 2837648 54427 98
291 280 10000 12098 10000000 999366 1892776 1657602
296 38 10000 15892 250 2845672 46967 48
350 55 10000 15902 1870 2851339 42010 316
44 351 10000 14314 1850000 2102177 791209 306661
116 203 10000 15905 560 2853199 40864 98
12 138 10000 15896 560 2847863 47537 98
346 168 10000 15279 400000 2539646 356561 66306
397 357 10000 15806 1100 2805793 90429 184
344 49 10000 15910 560 2856012 40933 98
88 251 10000 15906 560 2853657 43554 98
381 380 10000 15613 100001 2712952 186685 16579
169 217 10000 15915 1100 2857802 41837 184
326 393 10000 15113 400000 2464702 435553 66306
368 194 10000 15567 100001 2689961 210474 16579
209 251 10000 15319 100001 2557333 343432 16579
263 339 10000 15918 560 2860042 41103 98
155 5 10000 15919 180 2860066 41185 37
71 261 10000 15922 560 2861187 40570 98
54 260 10000 15921 560 2860519 41483 98
69 183 10001 15923 560 2861290 41357 98
272 260 10000 15959 1100 2882335 20766 184
40 279 10000 15894 900 2846560 57101 152
51 319 10001 15926 180 2862689 41079 37
169 165 10000 15924 10000 2861978 43068 1660
397 320 10000 15925 3160 2862632 42629 531
124 163 10000 15863 180 2831691 73817 37
385 77 10000 15901 1100 2849728 56161 184
307 105 10000 15929 560 2865054 40915 98
306 92 10000 15928 1100 2864579 41402 184
50 57 10000 14981 1850000 2415217 490904 306661
95 116 10000 15843 1100 2821030 85460 184
67 44 10000 15900 900 2848773 57915 152
3 289 10000 15463 100001 2628106 278675 16579
361 109 10000 15930 180 2866786 40352 37
100 143 10000 15932 560 2867253 40951 98
301 58 10000 15934 180 2868003 40418 37
41 382 10000 15914 3160 2857402 51216 531
172 308 10000 15592 100001 2701172 210079 16579
99 234 10000 15909 560 2855665 56442 98
236 127 10000 15940 180 2871889 40539 37
143 299 10000 14396 1850000 2139423 773163 306661
347 226 10000 15562 100001 2686829 226370 16579
259 156 10000 15941 180 2872773 41110 37
217 397 10000 15884 3160 2841966 72195 531
148 300 10000 15933 3160 2867426 47392 531
214 41 10000 15942 900 2873076 42397 152
144 152 10000 15997 560 2895848 20256 98
198 95 10000 15943 900 2873645 42814 152
134 363 10000 15917 900 2859220 57297 152
273 195 10000 15117 400000 2466378 450651 66306
58 246 10000 15939 560 2870196 46977 98
13 368 10000 15948 900 2876454 40931 152
101 175 10000 13691 1850000 1799572 1117882 306661
71 341 10000 15949 1100 2876797 41300 184
78 384 10000 15865 10000 2832866 85395 1660
151 388 10000 15944 560 2874134 44649 98
365 28 10000 15936 560 2869319 51580 98
67 97 10000 15946 560 2874632 46660 98
199 314 10001 15947 900 2875709 45682 152
366 86 10000 15952 180 2878823 43094 37
120 18 10000 15950 900 2877126 45367 152
363 97 10000 15963 900 2883563 40644 152
335 342 10000 15957 900 2881839 42465 152
266 229 10000 15962 900 2883425 41226 152
72 26 10000 15961 1100 2883304 41890 184
174 181 10000 15968 560 2884359 40931 98
223 30 10000 15956 900 2881115 44769 152
231 57 10000 15969 1870 2884454 42021 316
78 379 10000 15958 3160 2882132 44720 531
205 34 10001 15913 900 2857057 69952 152
349 171 10000 15975 180 2886190 41431 37
278 268 10000 16016 250 2907720 20291 48
271 341 10000 15964 250 2883732 44492 48
196 366 10000 15951 3160 2878322 50929 531
290 300 10000 15966 1100 2884085 45359 184
197 259 10000 13845 1850000 1881370 1048322 306661
130 301 10000 15611 100001 2712410 218235 16579
84 222 10000 15981 900 2889797 41108 152
342 359 10002 16027 1870 2909830 21164 316
195 129 10002 15983 900 2890496 40761 152
305 375 10000 15982 900 2890060 41439 152
46 264 10000 15967 900 2884336 47473 152
285 36 10001 15980 250 2889328 42658 48
74 39 10000 15607 100001 2706888 225494 16579
35 39 10000 16029 560 2910329 22497 98
370 248 10000 15985 3160 2891621 43044 531
77 26 10000 14892 400000 2374792 559960 66306
38 78 10000 15991 560 2894445 40821 98
379 167 10000 15621 100001 2717728 218322 16579
262 202 10000 15996 180 2895035 41148 37
173 116 10000 15984 1100 2890661 46516 184
315 1 10000 15995 560 2894992 42488 98
88 188 10000 15561 100001 2686572 251429 16579
373 26 10000 15920 1870 2860226 78191 316
258 397 10000 12748 1850000 1330260 1609786 306661
11 102 10000 16002 560 2900882 40813 98
186 46 10000 15993 1870 2894816 46994 316
160 226 10000 15994 900 2894820 47046 152
398 387 10000 15194 1850000 2495728 446590 306661
88 19 10000 15876 10000 2838891 103529 1660
13 385 10000 16005 560 2901695 41125 98
350 233 10000 15638 100001 2725363 217617 16579
80 250 10000 15987 560 2893170 50247 98
78 355 10000 16004 250 2901432 42137 48
210 42 10000 15888 10000 2843294 101331 1660
117 87 10000 15989 1100 2893421 51263 184
17 326 10000 15954 900 2879520 65192 152
225 288 10000 15916 560 2858209 86653 98
203 154 10000 16003 1100 2901309 43986 184
344 346 10000 16057 1100 2925905 20386 184
210 199 10000 15976 1870 2886383 60406 316
211 80 10000 14292 1850000 2090945 856564 306661
145 349 10001 16013 1870 2905695 42134 316
223 164 10000 16012 180 2904534 44307 37
70 166 10000 16021 180 2908539 40928 37
158 398 10000 16019 900 2908099 41601 152
126 181 10000 15988 900 2893252 56565 152
228 338 10000 16018 1870 2908078 42341 316
173 189 10000 16008 3160 2902740 47898 531
319 270 10000 16025 560 2909738 41538 98
205 243 10000 15974 180 2885981 65714 37
3 157 10001 15986 900 2893091 58645 152
310 20 10000 15673 100001 2741479 210564 16579
3 197 10000 15990 1100 2893657 58821 184
29 355 10000 15970 560 2884748 68208 98
50 78 10000 16032 560 2912240 40864 98
69 67 10000 16070 560 2933069 20214 98
392 196 10000 16034 250 2913033 40613 48
228 48 10000 16024 3160 2909569 44469 531
258 297 10000 15755 900 2787532 166806 152
198 254 10000 15664 100001 2738321 216474 16579
133 118 10000 15286 400000 2542757 414117 66306
271 60 10000 16033 560 2912840 44393 98
201 339 10000 12871 1850000 1391160 1566323 306661
270 4 10000 16007 560 2902361 56795 98
229 198 10000 15099 400000 2459966 500495 66306
205 312 10000 16006 250 2901789 59220 48
255 62 10000 16042 180 2916517 44537 37
63 250 10000 15685 100001 2751267 209842 16579
3 332 10000 14992 400000 2419745 541412 66306
82 100 10000 15927 10000 2863242 97969 1660
158 219 10000 15229 400000 2513770 447522 66306
52 202 10000 16045 180 2920372 41380 37
182 170 10000 16040 900 2916237 46410 152
243 38 10000 16043 560 2917251 47645 98
277 322 10000 16053 560 2923705 41358 98
85 136 10000 15955 1100 2880549 85049 184
44 51 10000 16096 1870 2944892 21389 316
133 359 10000 16037 250 2916193 50179 48
249 179 10001 16055 900 2924496 42263 152
298 249 10000 16056 1100 2924979 42087 184
71 360 10000 16060 560 2926679 40595 98
28 393 10000 16050 560 2922229 46453 98
303 391 10001 16014 1100 2906452 63636 184
96 359 10000 16047 900 2921997 48679 152
154 134 10000 15697 100001 2756250 214915 16579
332 159 10000 15972 10000 2885336 86845 1660
4 36 10000 15973 10000 2885908 86412 1660
250 142 10000 16038 1100 2916211 56255 184
162 236 10000 15706 100001 2762080 211834 16579
324 137 10000 16068 1100 2932314 41626 184
296 342 10000 15714 100001 2765871 209167 16579
216 335 10000 15795 10000 2802801 173116 1660
4 362 10000 16063 900 2928147 48011 152
347 29 10000 16065 560 2928760 47412 98
93 133 10000 16075 560 2935638 41012 98
18 304 10000 16052 560 2923277 53476 98
18 260 10000 16044 250 2918876 58372 48
97 67 10000 16077 560 2936529 40769 98
147 5 10000 16079 560 2937868 40561 98
151 49 10000 16071 250 2933664 45128 48
149 183 10000 16073 180 2935449 43425 37
326 86 10000 12659 1850000 1285912 1693627 306661
393 111 10000 16064 1100 2928692 53640 184
136 277 10000 16085 900 2941040 41409 152
19 79 10000 16088 900 2941743 41438 152
194 114 10000 14805 100001 2334226 649035 16579
294 100 10000 16089 560 2942724 40770 98
167 325 10000 16061 1870 2927352 56568 316
342 197 10000 16093 180 2944284 40920 37
244 375 10000 16098 560 2945601 41038 98
378 299 10000 16059 1100 2926668 60870 184
4 388 10000 16100 900 2946019 41544 152
155 186 10000 16106 180 2947013 41135 37
386 375 10000 16105 900 2946810 41545 152
124 353 10000 13807 1850000 1863648 1125107 306661
256 387 10000 16103 1870 2946423 43005 316
343 231 10000 16109 900 2948402 41240 152
37 334 10000 15684 100001 2750884 239429 16579
93 15 10000 16111 560 2949208 41111 98
254 202 10000 16112 900 2949441 41118 152
152 270 10000 16081 3160 2938936 52264 531
179 181 10000 16082 1870 2939707 51589 316
235 234 10000 16152 180 2968090 23565 37
34 51 10000 16107 560 2947690 45633 98
357 360 10000 16116 560 2952095 41701 98
83 86 10000 16163 1100 2973233 20608 184
318 269 10000 16115 900 2951967 42181 152
269 334 10000 16119 1870 2952627 41721 316
285 387 10000 16023 10000 2909049 85576 1660
6 120 10000 16118 560 2952211 42546 98
238 267 10000 16104 1870 2946714 48067 316
69 127 10000 16121 900 2953197 41643 152
281 168 10000 16122 250 2953207 41663 48
144 244 10000 16126 180 2954128 40810 37
200 212 10000 16169 560 2975210 20214 98
84 282 10000 16113 3160 2950613 45030 531
283 87 10000 16123 900 2953345 42356 152
344 166 10000 15751 100001 2786348 209438 16579
47 180 10000 16101 560 2946126 49951 98
386 399 10000 16170 560 2975302 21043 98
116 156 10000 16020 10000 2908401 87981 1660
66 175 10000 16128 900 2954736 41671 152
114 107 10000 15979 100001 2888457 108767 16579
331 330 10000 16174 3160 2975791 21484 531
188 87 10000 16127 900 2954424 43012 152
50 126 10000 16026 10000 2909789 87774 1660
204 224 10000 14978 100001 2412283 585854 16579
46 49 10000 16062 10000 2927454 70696 1660
81 380 10000 16117 3160 2952121 47097 531
125 40 10000 15439 100001 2618034 381392 16579
359 76 10000 16132 250 2959784 40354 48
142 73 10000 15748 100001 2784822 215712 16579
229 397 10000 16129 1100 2954840 47089 184
271 13 10000 15736 100001 2779650 222451 16579
311 309 10000 16189 180 2982809 20092 37
31 255 10000 16136 250 2961363 43642 48
61 352 10000 16138 900 2963306 41924 152
149 241 10000 16131 250 2958893 47305 48
353 30 10000 16074 900 2935609 70657 152
361 305 10000 16144 560 2965030 41309 98
183 169 10000 16134 180 2960917 45505 37
394 166 10000 16137 180 2961678 44793 37
219 14 10000 16125 3160 2953858 52786 531
342 125 10000 16147 560 2966296 40585 98
340 355 10000 16201 560 2986713 20831 98
135 130 10000 16010 100001 2903202 105534 16579
35 376 10000 16151 1870 2967503 41513 316
256 14 10000 16145 900 2966167 42926 152
138 370 10000 16143 900 2964809 44405 152
337 136 10000 16135 180 2961225 48287 37
222 6 10000 16149 3160 2966738 42836 531
25 275 10000 16154 900 2969150 41244 152
204 32 10000 16049 3160 2922156 88291 531
3 354 10000 15945 10000 2874225 136594 1660
225 267 10000 13959 1850000 1933590 1078126 306661
40 380 10000 16158 560 2971644 40565 98
315 105 10000 16150 560 2967263 45101 98
155 253 10000 16157 1100 2971112 41403 184
166 204 10000 16159 180 2971753 41358 37
41 280 10000 16086 180 2941118 74043 37
213 311 10000 14325 1850000 2111426 904575 306661
16 165 10000 16172 180 2975564 40819 37
305 355 10000 16160 180 2971868 44680 37
285 15 10000 16165 900 2973942 43302 152
43 327 10000 15809 100001 2807185 210378 16579
283 256 10000 15324 100001 2559540 458096 16579
275 345 10000 16173 1870 2975729 42036 316
156 218 10000 16166 1100 2974327 43587 184
22 393 10000 15395 400000 2593803 424273 66306
221 281 10002 16148 1100 2966536 51970 184
375 321 10000 16162 900 2972442 46082 152
6 175 10000 16175 180 2977936 40672 37
62 63 10000 16217 560 2998623 20647 98
376 135 10000 16167 1870 2974395 45233 316
370 125 10000 16141 900 2964041 55776 152
6 313 10000 16176 900 2978780 41184 152
22 343 10000 16161 180 2971949 48097 37
102 21 10000 16177 900 2978876 41202 152
45 147 10000 16179 560 2979809 40700 98
75 204 10000 15766 100001 2791290 229924 16579
338 96 10000 16182 180 2980322 40898 37
342 160 10000 16168 250 2974584 46805 48
84 273 10000 16156 1870 2969787 51602 316
105 87 10000 16191 250 2983100 40718 48
288 65 10000 16192 560 2983248 40682 98
398 99 10000 16164 1870 2973701 50604 316
112 157 10000 16184 900 2981251 44724 152
289 350 10000 16194 560 2984687 41585 98
308 266 10000 16099 560 2945602 80671 98
8 316 10000 16186 180 2981934 44568 37
263 329 10000 16195 560 2984923 41594 98
78 66 10000 15635 400000 2724678 302120 66306
205 288 10000 16090 900 2942953 86115 152
258 201 10000 16035 1870 2913369 115909 316
70 291 10000 14714 1850000 2290617 738847 306661
293 247 10000 16080 10000 2938005 92218 1660
33 43 10000 15516 400000 2654670 375588 66306
183 370 10001 16205 1100 2990205 40990 184
232 47 10000 16204 560 2990168 41104 98
79 308 10000 16185 560 2981307 50762 98
293 119 10000 16188 1870 2982764 49488 316
28 376 10000 16178 560 2979794 53276 98
338 351 10000 16091 10000 2943706 89554 1660
154 189 10000 16203 1870 2988557 44780 316
261 327 10000 16209 560 2992730 40610 98
368 71 10000 16211 180 2992829 40946 37
93 305 10000 16171 180 2975324 59448 37
78 134 10000 16197 250 2986029 50886 48
388 16 10000 16208 1870 2991729 45846 316
382 233 10000 16084 560 2940547 97145 98
280 336 10000 16051 1870 2922792 115445 316
367 88 10000 16207 560 2990559 47762 98
18 370 10000 16213 900 2997333 41266 152
321 61 10000 16133 900 2960446 78821 152
359 228 10000 15833 100001 2816784 223078 16579
92 97 10000 16253 560 3019274 20590 98
114 132 10000 16216 1100 2998392 41754 184
38 48 10000 16130 10000 2956676 83977 1660
356 243 10000 16219 1870 2999876 42057 316
303 66 10000 16200 1100 2986332 56180 184
46 367 10000 16196 1100 2985190 57820 184
118 79 10000 16226 180 3004263 40625 37
268 59 10000 16224 900 3003715 41350 152
152 319 10000 16229 250 3004791 40514 48
270 10 10000 16097 10000 2945432 100003 1660
214 52 10000 16193 250 2983945 61607 48
222 40 10001 16225 1870 3003813 43760 316
95 268 10000 14108 1850000 2020527 1027379 306661
77 377 10000 16231 1870 3006070 41896 316
286 117 10000 16233 1100 3007294 41902 184
178 209 10000 16230 1100 3005015 44587 184
286 47 10000 16235 900 3009072 40936 152
382 133 10000 16139 1100 2963311 87232 184
146 33 10000 16220 560 3000137 50445 98
110 71 10000 16236 180 3009409 41230 37
380 364 10000 16214 560 2997407 53356 98
140 333 10001 16238 180 3010092 41476 37
0 318 10000 16239 180 3010703 40935 37
187 393 10000 15887 100001 2843080 209763 16579
66 75 10000 16283 900 3032374 20689 152
107 319 10000 16222 900 3002354 51700 152
367 63 10000 16243 900 3012686 41541 152
159 194 10000 16241 1870 3011966 42611 316
220 384 10000 16244 180 3013201 42293 37
126 321 10000 14842 400000 2352393 703168 66306
200 377 10000 16210 3160 2992825 62940 531
317 342 10000 16247 560 3015067 40952 98
218 71 10000 16215 560 2997965 59316 98
235 299 10000 16248 1870 3015092 43710 316
120 336 10000 15535 400000 2665997 393401 66306
286 7 10000 16252 250 3019051 40874 48
139 337 10000 15903 100001 2852259 209157 16579
399 48 10000 16258 1870 3020409 41542 316
38 365 10000 16257 250 3020269 42114 48
191 106 10000 16254 3160 3019284 44239 531
253 238 10000 16261 3160 3021852 42311 531
358 77 10000 16183 10000 2981128 85100 1660
295 87 10000 16269 900 3025122 41157 152
162 274 10000 16270 900 3025538 40916 152
375 223 10000 16271 900 3025873 41017 152
139 132 10000 16314 180 3046804 20532 37
80 107 10000 16272 1870 3026345 42360 316
356 201 10000 16274 1100 3026970 41866 184
139 11 10000 16273 560 3026862 42279 98
393 237 10000 16276 1870 3027234 42037 316
21 2 10000 16266 900 3024309 45434 152
137 270 10000 16279 900 3029027 43630 152
54 368 10000 16262 180 3022128 51789 37
32 319 10000 16285 560 3033779 41060 98
58 352 10000 16286 560 3034260 41594 98
54 21 10000 14843 1850000 2352725 723415 306661
7 287 10000 16284 560 3032896 43276 98
28 89 10000 13083 1850000 1505603 1571419 306661
320 102 10000 16292 560 3036744 41572 98
241 182 10000 16206 900 2990416 88463 152
244 63 10000 16290 900 3034947 44085 152
312 71 10000 16294 1100 3037393 41674 184
367 103 10000 16297 560 3038784 40428 98
352 387 10000 16190 10000 2982881 96609 1660
277 362 10001 16263 900 3022687 57216 152
358 69 10000 16296 1100 3038766 41607 184
30 314 10000 16202 10000 2987306 93522 1660
234 362 10000 15938 100001 2869595 211624 16579
132 69 10000 16304 180 3041554 40331 37
9 15 10000 16332 560 3053744 28650 98
380 159 10000 16302 1870 3040264 42141 316
156 102 10000 15372 400000 2584751 498076 66306
23 96 10000 16299 900 3039395 43976 152
256 265 10000 16303 1870 3041209 42255 316
328 138 10000 16291 1100 3036016 48428 184
276 311 10001 16307 560 3043731 41019 98
186 221 10000 16293 560 3036840 48473 98
288 46 10000 16310 1870 3044529 41960 316
55 385 10000 16198 560 2986199 101250 98
147 52 10000 16309 900 3044504 43139 152
270 281 10000 16315 900 3046929 41291 152
101 305 10000 16094 10000 2944337 144852 1660
68 97 10000 16317 1870 3048036 42540 316
394 71 10000 16249 900 3015949 75443 152
278 207 10000 15911 100001 2856214 235276 16579
56 284 10000 16324 900 3050841 40813 152
41 173 10000 16278 1870 3028351 64418 316
388 310 10000 16321 560 3049166 44181 98
97 163 10000 15953 100001 2879507 213846 16579
100 168 10000 16325 1870 3051275 42149 316
130 312 10000 16329 900 3053155 41540 152
358 287 10000 16326 3160 3052520 42756 531
29 214 10000 16259 900 3021064 74302 152
326 47 10000 16331 1870 3053311 42789 316
70 312 10000 16242 10000 3012194 84720 1660
82 356 10000 16308 1870 3044234 52780 316
297 360 10000 16338 1870 3057121 42213 316
100 257 10000 16337 1870 3056843 42918 316
314 253 10000 16342 180 3059888 41977 37
186 355 10000 15960 100001 2882901 219308 16579
391 378 10000 16318 1870 3048483 54430 316
125 140 10000 16237 10000 3010008 93349 1660
275 5 10000 16346 1870 3061794 41803 316
363 310 10000 16251 10000 3018765 85566 1660
330 298 10000 16350 250 3063948 40463 48
310 34 10000 16260 10000 3021502 83352 1660
71 204 10000 16327 3160 3052875 53760 531
65 318 10000 16354 900 3066377 40950 152
10 18 10000 16351 10000 3065165 42653 1660
238 172 10000 16345 560 3061774 46462 98
151 224 10000 15992 100001 2894550 213839 16579
57 180 10000 16330 180 3053189 55291 37
14 68 10000 16333 180 3054509 54559 37
320 60 10000 16358 560 3068948 40428 98
334 225 10000 16114 10000 2951255 158588 1660
43 136 10000 16268 10000 3024776 85109 1660
294 305 10000 15696 100001 2756204 354038 16579
228 283 10000 16316 900 3047008 63271 152
113 86 10000 16355 3160 3066661 43901 531
213 266 10000 16349 250 3063795 47151 48
295 83 10000 16361 1100 3070227 41110 184
9 164 10000 16357 560 3067493 44294 98
50 182 10000 16363 1100 3070610 41429 184
247 73 10000 16362 900 3070336 42232 152
88 199 10000 16295 560 3037394 78227 98
24 319 10000 16306 1870 3043448 72686 316
201 100 10000 16289 1870 3034450 81820 316
195 126 10000 16372 1100 3076998 41190 184
8 83 10000 16370 1100 3075544 42687 184
301 214 10000 15794 400000 2802322 316277 66306
154 385 10000 16022 100001 2908595 210011 16579
181 362 10000 16366 3160 3073688 45000 531
167 92 10001 16340 1100 3058619 60471 184
311 165 10000 16288 10000 3034438 84809 1660
123 173 10000 16376 180 3078698 40909 37
169 209 10000 15786 400000 2797892 322193 66306
338 236 10000 16348 900 3063672 56699 152
0 344 10000 16380 560 3080336 40541 98
126 338 10000 16311 1870 3044695 76925 316
99 163 10000 16015 100001 2906744 215343 16579
133 72 10000 16378 560 3079376 43167 98
99 131 10000 16377 1870 3079255 43337 316
150 169 10000 16374 560 3077940 44897 98
366 140 10000 16298 10000 3039212 84277 1660
89 295 10000 16250 3160 3016071 107862 531
331 152 10000 16356 900 3066750 57280 152
375 73 10000 16384 560 3082430 42096 98
31 12 10000 16381 180 3081277 43274 37
215 145 10000 15271 400000 2536694 588492 66306
50 115 10000 16267 10000 3024342 101973 1660
305 375 10001 16387 1870 3085084 42581 316
16 367 10000 16388 1100 3085899 42062 184
82 191 10000 16375 1100 3078666 49447 184
248 322 10000 14812 400000 2339100 789505 66306
178 158 10000 16391 560 3087634 41228 98
170 70 10000 16398 250 3090114 40539 48
48 335 10000 16379 560 3080267 52255 98
385 312 10000 16367 3160 3074290 59407 531
158 22 10000 16397 1870 3089914 44237 316
117 115 10000 16441 560 3114313 20708 98
224 84 10000 16405 1100 3095308 40776 184
9 397 10000 16402 180 3092155 44279 37
22 290 10000 16301 10000 3039878 97003 1660
361 171 10000 16323 10000 3049676 87621 1660
244 344 10000 16403 1870 3094279 43423 316
334 126 10000 16300 1100 3039863 98308 184
320 246 10000 16407 1870 3096190 42200 316
321 326 10000 16394 560 3089786 49469 98
319 36 10000 16411 900 3098672 41559 152
22 339 10000 16395 1870 3089851 50757 316
228 175 10000 16334 10000 3054536 87279 1660
6 217 10000 16412 900 3098888 43228 152
10 13 10000 16450 1870 3120996 21390 316
72 149 10000 16410 180 3097287 45956 37
106 157 10000 16417 250 3100806 43369 48
385 337 10000 16281 10000 3031904 112827 1660
280 150 10000 16420 250 3104658 40228 48
147 247 10000 16414 900 3099532 47680 152
27 139 10000 16072 100001 2933835 213562 16579
97 235 10000 16422 1870 3105766 42021 316
221 156 10000 16415 560 3099534 48693 98
174 318 10000 15816 400000 2809710 339067 66306
239 397 10000 16428 560 3108315 41029 98
165 134 10000 16429 560 3108551 41143 98
213 314 10000 13384 1850000 1639348 1510548 306661
139 200 10000 16433 560 3110117 40575 98
46 10 10000 16199 10000 2986244 165218 1660
12 339 10000 16430 3160 3108754 44256 531
158 41 10000 16434 1870 3110156 44204 316
225 389 10000 16368 3160 3074532 82020 531
173 108 10000 15650 400000 2732438 424436 66306
172 171 10000 16480 900 3136688 20553 152
89 371 10000 16341 900 3058808 99370 152
392 242 10000 16426 250 3106929 52008 48
362 295 10000 16444 900 3118672 40644 152
70 224 10000 16447 560 3119500 41117 98
227 387 10000 16449 560 3120550 41193 98
49 215 10000 16437 560 3112312 51318 98
213 202 10000 16453 10000 3121529 42492 1660
95 215 10000 16456 560 3123179 41601 98
44 192 10000 16371 10000 3076228 88703 1660
92 22 10001 16455 1870 3122840 42269 316
199 4 10000 16418 900 3101918 63222 152
377 358 10000 14682 400000 2275413 890066 66306
8 290 10000 16442 1870 3114455 51308 316
111 178 10000 16459 900 3125493 41254 152
392 371 10000 15770 400000 2792589 374172 66306
238 161 10000 16440 560 3113974 52879 98
364 178 10000 16461 900 3127540 40644 152
291 384 10000 16462 1100 3127769 41493 184
10 287 10000 16458 250 3125355 44256 48
44 182 10000 16463 900 3127869 42182 152
35 349 10000 16382 10000 3081968 88120 1660
232 245 10000 16464 1100 3128787 41613 184
50 37 10000 16466 180 3130094 40641 37
365 70 10000 16419 180 3103295 67592 37
216 127 10000 16438 180 3112992 58836 37
224 331 10000 16470 180 3130630 41403 37
248 287 10000 13616 1850000 1760844 1411313 306661
54 121 10001 16095 100001 2944432 227732 16579
49 192 10000 16472 560 3130794 41411 98
248 125 10000 16424 180 3105925 67202 37
377 166 10001 15803 100001 2805511 368330 16579
20 144 10000 16474 900 3132762 41201 152
150 321 10000 16469 250 3130576 43517 48
186 148 10000 16467 1100 3130437 44636 184
122 396 10000 15835 100001 2817250 358477 16579
246 329 10000 16475 180 3133828 42111 37
275 344 10000 16478 250 3135537 40943 48
316 94 10000 16146 100001 2966182 210942 16579
233 12 10000 16083 100001 2940540 237697 16579
353 295 10000 16483 900 3138152 40958 152
10 85 10000 16451 1870 3121073 58203 316
187 152 10000 16408 10000 3096233 83627 1660
212 246 10000 16400 10000 3090866 90015 1660
139 243 10000 16484 3160 3138714 42958 531
154 23 10000 16485 3160 3140174 42395 531
82 141 10000 16476 250 3134519 48530 48
372 216 10000 16490 1870 3142980 42685 316
311 13 10000 16491 3160 3143610 42165 531
75 15 10000 16413 10000 3099241 86611 1660
85 309 10000 15245 400000 2520826 665452 66306
52 109 10000 16416 10000 3100793 85604 1660
308 24 10000 16425 1870 3106889 80773 316
165 383 10000 16497 560 3147708 41241 98
140 320 10000 16500 180 3148779 40597 37
160 177 10000 16529 1100 3169041 20472 184
181 368 10000 16494 3160 3146835 42693 531
327 294 10000 16498 900 3148239 41803 152
361 191 10000 16501 560 3149708 40892 98
329 87 10000 16383 180 3082018 108878 37
56 155 10000 16487 560 3141265 50017 98
220 372 10000 16496 1100 3147038 44277 184
387 397 10000 16516 900 3159753 31605 152
236 113 10000 16421 10000 3105671 85766 1660
179 105 10000 16503 180 3150610 41406 37
61 246 10000 16427 10000 3107355 86349 1660
202 315 10000 16492 1870 3144736 49268 316
224 352 10000 16502 900 3150388 45617 152
336 296 10000 16510 1100 3154892 42616 184
334 292 10000 16406 1870 3095844 102002 316
4 394 10000 16499 900 3148259 51740 152
73 295 10000 16432 10000 3109346 90669 1660
19 110 10000 16514 1870 3158597 41889 316
143 295 10000 16512 1870 3156956 43971 316
389 336 10000 16443 10000 3114794 86349 1660
195 177 10000 16507 560 3152605 49443 98
334 46 10000 15563 400000 2687684 514661 66306
209 98 10000 16511 1100 3156589 46059 184
231 268 10000 16445 10000 3119197 83997 1660
132 32 10000 16446 10000 3119372 84102 1660
18 245 10000 16039 100001 2916216 287814 16579
108 183 10000 16181 100001 2980173 225388 16579
254 369 10000 16521 180 3165171 41114 37
304 297 10000 16522 900 3165602 41194 152
155 37 10000 16527 180 3167557 40867 37
163 131 10000 16390 10000 3087043 122257 1660
168 197 10000 16460 10000 3125546 83988 1660
134 25 10000 15971 100001 2885173 325530 16579
347 258 10000 16525 1870 3167329 43628 316
381 283 10000 16518 560 3160919 50075 98
13 123 10000 16530 560 3169834 41897 98
350 328 10001 16187 100001 2982430 230171 16579
126 174 10001 16287 10000 3034423 178803 1660
392 353 10000 16468 900 3130496 82733 152
30 78 10000 16523 560 3165719 47867 98
381 48 10000 16524 250 3166482 47490 48
2 357 10000 15937 400000 2869373 345452 66306
263 279 10000 16564 1100 3189604 25242 184
250 291 10000 16542 180 3175629 41219 37
312 156 10000 16000 400000 2898334 318567 66306
85 147 10000 16534 180 3173482 43955 37
159 336 10000 16543 900 3176189 41554 152
271 376 10000 16541 1870 3175300 42492 316
125 96 10000 16526 250 3167479 50392 48
253 281 10000 16545 560 3177295 40733 98
389 93 10000 16477 10000 3134742 83896 1660
225 323 10000 16495 900 3146997 71794 152
312 183 10000 16547 180 3177918 41224 37
102 255 10000 16538 1100 3174570 44863 184
307 193 10000 16548 250 3178943 41193 48
267 139 10000 16549 560 3179183 41281 98
304 345 10000 16465 10000 3130005 91381 1660
218 108 10000 16396 1870 3089858 132869 316
217 172 10000 16423 1870 3105847 117404 316
343 207 10000 16552 900 3182341 41133 152
163 328 10001 16515 560 3159211 65075 98
324 289 10000 16486 10000 3140177 84415 1660
334 67 10000 16473 1870 3131318 93487 316
105 253 10000 16553 900 3182877 42045 152
251 10 10000 14482 1850000 2183911 1041223 306661
126 399 10000 16448 560 3119699 106923 98
34 295 10000 16550 900 3179441 47312 152
337 69 10000 16555 560 3184756 42048 98
299 280 10000 16519 1100 3162598 64267 184
194 257 10000 12511 1850000 1220832 2006160 306661
341 210 10000 16336 1870 3056355 171388 316
144 366 10000 16537 250 3174190 54272 48
216 231 10000 14144 1850000 2034027 1194882 306661
45 205 10000 16561 180 3187788 42827 37
98 321 10000 16563 560 3188985 41745 98
158 142 10000 16608 180 3211379 20429 37
125 2 10000 16566 560 3190673 41158 98
312 276 10000 16567 560 3190846 41064 98
265 104 10000 16569 250 3191623 40394 48
87 15 10000 16218 100001 2999132 233039 16579
276 247 10000 16256 100001 3020131 212118 16579
9 245 10000 13762 1850000 1838379 1394142 306661
281 390 10000 16565 180 3190624 43113 37
328 210 10000 16573 560 3193138 40671 98
42 132 10000 16536 1870 3174037 59834 316
168 285 10000 16551 1870 3181648 52415 316
32 33 10000 11552 10000000 727016 2507522 1657602
365 252 10000 16554 3160 3183222 51698 531
174 12 10000 16488 10000 3142609 93413 1660
230 255 10000 16575 900 3193924 42828 152
104 219 10000 16344 10000 3061579 176220 1660
380 255 10000 16572 1100 3193125 45632 184
176 118 10000 16505 10000 3151437 87584 1660
187 208 10000 16580 900 3197294 41807 152
346 335 10000 16560 560 3187467 51825 98
213 142 10000 16436 10000 3111020 128861 1660
249 353 10000 16509 10000 3154238 87010 1660
336 49 10000 16508 10000 3153626 89137 1660
374 115 10000 16587 560 3201030 42626 98
87 360 10000 16559 3160 3187003 57995 531
390 315 10000 16588 1870 3203290 42217 316
39 30 10000 16639 1870 3225394 21564 316
110 211 10000 16596 900 3206121 41119 152
296 291 10000 16643 250 3226852 20398 48
42 112 10000 16517 10000 3160621 86771 1660
149 110 10000 16520 10000 3163821 83777 1660
115 226 10000 16598 560 3206599 41038 98
107 137 10000 16595 1100 3205986 41794 184
145 149 10000 16642 1870 3226569 21339 316
101 393 10000 16599 560 3207300 40639 98
110 311 10000 16600 900 3207523 41158 152
284 349 10000 16579 900 3196819 52388 152
302 171 10000 16603 1100 3208447 40780 184
167 22 10000 16602 180 3207875 41856 37
4 31 10000 16582 560 3198582 52378 98
333 140 10000 16606 560 3211075 41125 98
316 24 10000 16611 180 3212075 40718 37
355 159 10000 16610 560 3211590 41386 98
251 179 10000 16612 1100 3213284 40772 184
314 7 10000 16614 560 3213886 40811 98
149 18 10000 16593 3160 3205573 49807 531
212 8 10000 16616 560 3214407 41163 98
165 113 10000 16615 900 3214154 41580 152
212 16 10000 16305 100001 3042890 213728 16579
274 42 10000 16556 1870 3185044 71722 316
259 146 10000 16618 560 3214736 42287 98
248 210 10000 16594 900 3205602 52863 152
316 95 10000 16621 900 3216667 41987 152
16 376 10001 16617 180 3214470 44483 37
265 47 10000 16625 1870 3217268 42051 316
0 138 10000 16607 900 3211307 48271 152
321 267 10000 16571 560 3192904 67843 98
266 234 10000 16620 1100 3216151 46279 184
39 261 10000 16048 400000 2922120 341399 66306
9 365 10000 13407 1850000 1650281 1613719 306661
9 141 10000 16232 100001 3007231 257254 16579
74 289 10000 16631 1870 3223924 42515 316
327 122 10000 16280 100001 3031194 235269 16579
363 5 10000 16638 1870 3225237 41788 316
2 357 10001 16640 1100 3225557 42201 184
165 271 10001 16636 1870 3224776 43047 316
379 83 10000 16634 560 3224581 43329 98
121 171 10000 16531 10000 3170185 99387 1660
265 75 10000 16604 560 3209060 61327 98
295 391 10000 16651 560 3229917 41023 98
191 277 10000 16647 180 3228060 42916 37
121 164 10000 16650 1870 3229559 41715 316
10 341 10000 16532 10000 3170856 101026 1660
251 391 10000 14354 1850000 2123863 1149249 306661
1 297 10000 16562 10000 3188147 85057 1660
19 364 10000 16655 1870 3232038 41513 316
242 64 10000 16609 900 3211575 62375 152
51 171 10000 16656 560 3233684 40477 98
258 180 10000 16574 560 3193591 81173 98
274 200 10000 16648 560 3228318 47721 98
197 134 10000 16658 180 3234289 41810 37
303 172 10000 16577 180 3195763 80801 37
283 166 10000 16660 1100 3234921 42190 184
337 118 10000 16662 560 3236299 41297 98
334 389 10000 16392 10000 3088272 189965 1660
233 48 10000 16652 560 3230133 48490 98
390 303 10000 16568 10000 3191372 87360 1660
187 154 10000 16657 900 3233821 45105 152
12 216 10000 16668 1100 3237938 41028 184
249 112 10000 16661 1100 3235064 43944 184
226 95 10000 16667 180 3237920 41179 37
370 301 10000 15870 400000 2837027 442386 66306
398 123 10000 16558 10000 3186210 93921 1660
39 229 10000 16670 900 3239019 41341 152
184 81 10000 16585 1870 3199362 81060 316
25 200 10000 16673 250 3239982 40934 48
45 295 10000 14057 1850000 1985759 1295513 306661
311 155 10000 16654 250 3231271 50068 48
117 370 10000 15822 400000 2812303 470542 66306
111 6 10000 16676 560 3241404 41541 98
133 336 10000 16635 560 3224689 58293 98
183 301 10000 16669 1870 3238503 44522 316
86 53 10000 16675 180 3241380 42107 37
73 289 10000 16677 900 3242577 41276 152
342 174 10000 16664 560 3237407 46476 98
173 237 10000 16679 560 3243003 41166 98
333 217 10000 16681 560 3243842 41102 98
269 371 10000 16682 1870 3244008 41701 316
225 251 10000 16644 250 3226903 59905 48
171 329 10000 16653 900 3230441 56494 152
372 186 10000 16683 250 3244011 43611 48
226 205 10000 16689 900 3247153 41057 152
225 302 10000 16665 560 3237429 51319 98
355 144 10000 14897 1850000 2376389 912489 306661
53 165 10000 16688 1100 3247028 42010 184
397 317 10000 16693 560 3248057 41074 98
70 113 10000 16686 3160 3246312 42885 531
399 305 10000 16684 250 3244100 45278 48
168 173 10000 16741 250 3268823 20729 48
62 281 10000 16352 100001 3065306 224598 16579
274 287 10000 16557 10000 3185207 104754 1660
86 377 10000 16695 1870 3249246 41640 316
331 268 10000 16699 180 3250941 40594 37
39 116 10000 16690 560 3247598 44178 98
341 122 10000 16439 560 3113410 179132 98
33 178 10000 16701 560 3251534 41422 98
393 209 10000 16700 560 3251471 42259 98
61 254 10000 16385 100001 3082947 212349 16579
265 121 10000 16703 900 3253156 42460 152
144 369 10000 16707 180 3255555 40433 37
169 392 10000 16704 180 3253758 43683 37
81 125 10000 16613 10000 3213841 83687 1660
103 394 10000 16710 250 3256135 41594 48
193 259 10000 16678 3160 3242711 55456 531
262 293 10000 16719 180 3258731 40911 37
95 244 10000 16583 10000 3199176 100866 1660
179 361 10000 16721 560 3259444 40870 98
111 329 10000 16718 560 3258686 42209 98
6 187 10000 16715 1100 3258441 42829 184
185 256 10000 16716 1870 3258565 42862 316
361 325 10000 16720 560 3259089 42374 98
331 162 10000 16713 900 3257139 44884 152
34 315 10000 16725 1100 3260523 41518 184
169 75 10000 16698 1870 3250764 51397 316
165 212 10000 16723 1100 3260246 42206 184
360 324 10000 16717 3160 3258596 44544 531
334 181 10000 16632 180 3224072 80847 37
272 253 10000 16734 1100 3264421 41217 184
209 191 10000 16671 560 3239635 66995 98
390 311 10000 16724 1100 3260508 46794 184
120 229 10000 16630 10000 3223391 83937 1660
333 211 10000 16738 180 3266511 40851 37
183 256 10000 16709 1870 3256101 52741 316
291 223 10000 16629 10000 3222415 86548 1660
308 138 10000 16031 100001 2910647 398583 16579
360 188 10000 16732 900 3264101 45167 152
384 369 10000 16712 250 3256384 53202 48
105 203 10000 16739 3160 3267188 42669 531
77 170 10000 16694 900 3248510 63449 152
393 63 10000 16745 900 3270872 41132 152
3 43 10000 16740 1870 3268251 43814 316
338 76 10000 16731 560 3263440 48697 98
94 340 10000 16744 560 3270641 42267 98
103 279 10000 16750 560 3273024 40759 98
96 276 10000 16393 100001 3089042 225843 16579
70 211 10000 16752 560 3274840 40651 98
62 82 10000 16641 10000 3226515 90446 1660
226 191 10000 16645 10000 3227247 90587 1660
357 97 10000 16742 180 3269274 49608 37
266 376 10000 16758 560 3277980 41053 98
213 222 10000 16696 1870 3249861 69338 316
18 217 10000 16756 900 3277697 41650 152
172 209 10000 16761 560 3278767 40622 98
332 244 10000 16759 900 3278422 41140 152
101 123 10000 16765 560 3279604 40533 98
103 160 10000 16764 1100 3279350 41001 184
129 363 10000 16749 560 3272200 48203 98
293 43 10000 16401 100001 3091899 228805 16579
200 308 10000 16659 10000 3234432 86294 1660
50 369 10000 16763 1100 3279191 42041 184
160 142 10000 16663 10000 3237285 83999 1660
196 368 10000 16755 1100 3276527 44890 184
151 396 10000 16633 10000 3224456 97303 1660
195 261 10000 16762 3160 3279089 43701 531
1 379 10000 16767 560 3281543 41742 98
361 226 10000 16768 1100 3281613 43175 184
359 166 10000 16435 100001 3110569 214262 16579
293 122 10000 16770 1870 3282411 42525 316
46 10 10001 16737 900 3266147 58860 152
385 243 10000 16766 560 3280445 44699 98
339 170 10000 16747 560 3271506 53802 98
245 294 10001 16772 1870 3282931 42510 316
244 313 10001 16066 400000 2929787 395773 66306
200 20 10000 16221 100001 3001986 324210 16579
124 106 10000 14333 1850000 2113224 1213259 306661
196 159 10000 16771 1870 3282471 45040 316
191 74 10000 16779 180 3285531 42056 37
397 140 10000 16685 10000 3244614 83278 1660
164 191 10000 16736 3160 3265014 63048 531
94 271 10000 16780 1870 3285761 42721 316
140 42 10000 16769 560 3281928 47279 98
376 273 10000 16746 900 3270901 58566 152
49 273 10000 16784 1100 3288380 41099 184
255 27 10000 16783 1870 3287243 42243 316
383 193 10000 16787 180 3289218 40622 37
69 170 10000 16785 900 3288774 41372 152
149 298 10000 16782 560 3287068 43418 98
394 196 10000 14720 1850000 2293047 1037461 306661
184 140 10000 16776 1870 3284257 46577 316
295 48 10001 16786 3160 3288796 42272 531
158 325 10000 16775 560 3283905 47483 98
332 344 10000 16789 1870 3289577 41832 316
178 351 10000 16760 900 3278535 53059 152
229 200 10000 16788 3160 3289486 43584 531
2 7 10000 16830 560 3313810 20430 98
245 257 10001 16825 560 3311781 23150 98
115 149 10000 16797 250 3295090 41241 48
220 355 10000 16757 180 3277861 59013 37
108 377 10001 16793 900 3293278 44056 152
271 117 10000 16803 900 3296503 41208 152
287 155 10000 16804 900 3297152 41606 152
10 96 10000 14484 1850000 2184973 1153799 306661
104 38 10000 16702 900 3252387 86946 152
90 237 10000 16806 180 3297917 41755 37
131 72 10000 16801 1100 3295621 44572 184
148 189 10001 16809 180 3299699 40837 37
70 360 10000 16807 1100 3298350 42245 184
57 103 10000 16041 400000 2916429 424314 66306
5 214 10000 16812 180 3300366 40583 37
186 347 10000 16108 100001 2948066 393009 16579
42 371 10000 16796 900 3295072 46058 152
274 15 10000 16811 560 3300234 41034 98
55 73 10000 16730 560 3263178 78179 98
384 351 10000 16799 180 3295301 46884 37
83 134 10000 16802 900 3296420 46316 152
104 360 10000 16714 560 3257897 85726 98
118 170 10000 15998 400000 2897687 445951 66306
68 305 10000 16813 560 3302392 41566 98
142 272 10000 16800 3160 3295616 49029 531
301 28 10000 16814 900 3303516 41175 152
16 218 10000 14077 1850000 1999778 1345574 306661
294 280 10000 16666 100001 3237761 107812 16579
376 311 10000 16404 100001 3095097 251857 16579
300 64 10000 16728 10000 3262890 85303 1660
24 378 10000 16729 1100 3263093 85941 184
22 378 10000 16820 900 3308486 40878 152
47 137 10000 16822 560 3309624 42113 98
248 197 10000 16819 560 3306988 45689 98
79 382 10000 16798 900 3295095 58621 152
295 25 10000 16829 560 3313166 40620 98
243 325 10000 14522 1850000 2199895 1154073 306661
287 72 10000 16743 10000 3269913 85167 1660
132 108 10000 16833 180 3314298 41023 37
152 314 10000 16832 1100 3314266 41537 184
396 384 10000 16881 1870 3334773 21146 316
182 355 10000 16335 100001 3055500 300461 16579
307 218 10000 16831 560 3313919 42766 98
56 275 10000 16733 10000 3264348 92352 1660
313 185 10000 16826 900 3312153 45516 152
188 15 10000 16836 900 3317424 41244 152
322 278 10000 13354 1850000 1623840 1735224 306661
10 171 10000 16838 560 3318331 41340 98
8 277 10000 16837 900 3318019 42406 152
92 29 10000 16818 180 3306567 53980 37
223 258 10000 16845 560 3319881 41768 98
285 34 10000 16846 560 3319993 41732 98
33 347 10000 16847 560 3320760 41044 98
99 346 10000 16848 180 3320801 41078 37
376 374 10000 16875 1870 3333218 28798 316
73 386 10000 16850 560 3321973 40544 98
273 350 10000 16854 900 3323684 41205 152
215 19 10000 11930 1850000 905929 2459283 306661
174 199 10000 16727 10000 3261631 104299 1660
15 33 10000 16851 900 3321993 44040 152
26 239 10000 16842 560 3319442 46634 98
277 25 10000 16862 560 3325984 41310 98
149 252 10000 14444 1850000 2168749 1198748 306661
374 253 10000 16864 250 3326682 41248 48
184 24 10000 16860 560 3325778 42295 98
22 394 10000 16866 250 3326887 41248 48
216 136 10000 16858 1870 3325342 42973 316
34 154 10000 16861 180 3325784 43221 37
203 148 10000 16011 400000 2903412 466637 66306
211 290 10000 16839 560 3318712 51496 98
225 244 10000 16827 900 3312379 60193 152
74 398 10000 16489 100001 3142771 230081 16579
197 106 10000 13984 1850000 1946719 1426699 306661
373 10 10000 16791 900 3292607 81325 152
181 191 10000 16909 1870 3349801 24153 316
378 294 10000 16867 900 3328016 46115 152
181 42 10000 16506 100001 3151475 222964 16579
80 365 10000 16877 560 3333820 41085 98
110 176 10000 16868 560 3330029 45273 98
242 16 10000 16869 560 3330268 45761 98
56 134 10001 16513 100001 3157964 218756 16579
217 142 10000 16605 900 3209626 167094 152
301 92 10000 16880 3160 3334496 42251 531
126 193 10000 16687 1100 3246453 130543 184
217 85 10000 16528 10000 3169033 208419 1660
225 344 10000 16844 560 3319788 58466 98
240 235 10000 16795 10000 3294813 83447 1660
73 67 10000 16929 560 3358318 20658 98
24 370 10000 16792 560 3292851 87143 98
22 15 10000 16884 560 3337550 42814 98
112 145 10000 16890 250 3339882 40876 48
390 48 10000 16853 560 3322546 58539 98
182 345 10000 16878 3160 3333889 47216 531
149 117 10000 16882 1870 3334902 46315 316
365 171 10000 16891 180 3340690 41026 37
281 8 10000 16895 560 3341637 41041 98
288 287 10000 16622 400000 3216798 166246 66306
83 226 10000 16887 1870 3338719 45131 316
362 387 10001 16539 100001 3175104 209176 16579
242 329 10000 16896 180 3344171 41170 37
60 106 10000 16885 1870 3337781 48381 316
9 372 10000 16899 900 3346096 40815 152
328 61 10000 16533 100001 3172970 214359 16579
38 181 10000 16897 3160 3344475 42892 531
198 274 10000 16546 100001 3177394 211233 16579
313 306 10000 16950 900 3367841 20810 152
167 320 10000 16901 900 3346945 41848 152
252 263 10000 16228 400000 3004538 384721 66306
218 169 10000 16586 10000 3200538 189004 1660
62 291 10000 16903 250 3347631 42635 48
265 255 10000 16815 10000 3305108 85433 1660
55 394 10000 16857 560 3324410 66458 98
327 314 10000 16907 560 3349725 41422 98
106 111 10000 16954 560 3370748 20432 98
33 394 10000 16904 1870 3348015 43255 316
44 78 10000 16906 1870 3349344 42408 316
211 87 10000 16913 180 3351613 40740 37
116 87 10000 16544 100001 3176727 216663 16579
1 93 10000 16921 1100 3354061 41655 184
6 73 10000 16922 900 3354512 41850 152
1 247 10000 16924 180 3355178 41310 37
73 132 10000 16926 560 3357295 40534 98
102 383 10000 16920 1870 3353710 44753 316
386 175 10000 16927 900 3357820 41452 152
58 149 10000 16905 1870 3348084 51354 316
234 257 10000 16914 250 3351873 48158 48
99 33 10000 16925 900 3355946 44269 152
11 195 10000 16778 10000 3285458 114777 1660
186 84 10000 16932 1100 3358994 41760 184
56 167 10000 16930 1870 3358704 42215 316
250 3 10000 16908 900 3349785 51383 152
49 5 10000 16938 250 3359802 42119 48
378 57 10000 16933 560 3359144 43284 98
300 272 10000 16937 3160 3359733 43314 531
101 169 10000 16931 180 3358972 45343 37
129 156 10000 16935 1100 3359645 45797 184
240 81 10000 16943 900 3364740 40971 152
290 200 10000 16944 560 3365352 40837 98
377 371 10000 16672 100001 3239721 167407 16579
188 355 10000 16578 100001 3196125 212196 16579
295 271 10000 16941 1870 3362031 46379 316
349 270 10000 16948 1870 3367173 41876 316
356 88 10000 16952 250 3368432 40649 48
239 116 10000 16945 3160 3366756 42687 531
242 83 10000 16949 1870 3367623 41951 316
364 110 10000 16953 900 3369068 40644 152
96 44 10000 16581 100001 3197751 212941 16579
256 18 10000 15412 1850000 2604152 806777 306661
388 266 10000 16936 560 3359693 52206 98
183 311 10000 16841 10000 3318870 93572 1660
33 258 10000 16955 180 3371313 41215 37
205 333 10000 16886 560 3338609 73970 98
236 301 10000 16540 100001 3175267 238159 16579
291 168 10000 16589 100001 3203527 210189 16579
47 31 10000 16386 100001 3083722 330440 16579
122 163 10000 16958 1100 3373364 41484 184
22 166 10000 16959 1100 3373882 41234 184
210 153 10000 16957 900 3373095 42119 152
141 126 10000 14383 1850000 2135572 1280681 306661
210 392 10000 16947 1100 3367068 49574 184
218 291 10000 16017 400000 2907987 508797 66306
217 255 10000 16888 180 3338892 79626 37
173 340 10000 16597 100001 3206537 212945 16579
244 153 10000 16956 3160 3373089 46634 531
257 77 10000 16590 100001 3203921 216423 16579
131 229 10000 16967 180 3380171 41071 37
338 265 10000 16962 1100 3377722 44196 184
12 393 10000 16964 180 3379238 43014 37
68 41 10000 14313 1850000 2101932 1320337 306661
368 229 10000 16971 560 3381831 41253 98
251 340 10000 16970 560 3381674 41473 98
93 372 10001 16973 900 3382578 40644 152
357 369 10000 16969 560 3381156 42140 98
221 267 10000 16865 1870 3326868 98474 316
245 104 10000 14883 1850000 2372021 1053832 306661
129 233 10000 14823 1850000 2344207 1083268 306661
104 122 10000 14744 1850000 2301551 1126896 306661
81 396 10001 16934 180 3359371 70839 37
152 88 10000 16983 1870 3388139 42307 316
107 28 10000 16978 3160 3385784 44763 531
23 265 10000 16984 3160 3388588 42500 531
339 154 10000 16976 180 3384458 46747 37
198 98 10000 16988 560 3390589 40866 98
243 232 10000 16871 10000 3331296 100887 1660
319 128 10000 16985 1100 3389189 44256 184
230 117 10000 16974 1870 3383056 50616 316
27 308 10000 16965 900 3379368 54579 152
53 240 10000 16946 560 3366832 70042 98
43 119 10000 16992 1870 3395451 41653 316
132 240 10000 16592 100001 3204339 233067 16579
396 310 10000 16993 560 3396921 40975 98
284 100 10000 16995 900 3397472 40644 152
233 205 10000 16998 560 3398026 42204 98
367 39 10000 17000 180 3398525 41778 37
397 12 10000 17002 180 3399669 40749 37
333 115 10000 16991 560 3394863 45834 98
211 0 10000 17004 560 3400060 40673 98
31 119 10000 17001 1870 3399169 42083 316
208 20 10000 17003 900 3399984 41529 152
143 14 10000 16918 10000 3353281 88501 1660
167 190 10000 16928 10000 3357873 84111 1660
105 280 10000 16919 10000 3353470 90330 1660
338 40 10001 17007 560 3402167 41664 98
224 132 10000 17009 900 3403110 41886 152
275 136 10000 16996 900 3397679 48070 152
21 308 10000 17011 560 3404701 41252 98
293 4 10000 16989 560 3392228 53899 98
235 371 10000 17013 250 3405713 41074 48
285 0 10000 17005 1100 3400433 46487 184
334 262 10000 16982 3160 3387656 59987 531
154 96 10000 17016 900 3406652 41245 152
66 223 10000 16999 1100 3398260 49659 184
370 115 10000 17014 1100 3406031 42777 184
108 54 10000 17018 560 3406991 41989 98
106 381 10000 17020 1100 3408117 41296 184
293 398 10000 17029 900 3410114 41049 152
63 314 10000 16680 100001 3243631 208894 16579
40 153 10000 16431 100001 3109185 343602 16579
322 19 10000 16994 1100 3397186 55817 184
158 307 10000 17032 560 3411576 41486 98
287 371 10000 17033 560 3412812 40743 98
208 64 10000 17034 180 3412878 41382 37
159 4 10000 17037 560 3413808 41008 98
226 310 10000 17019 1870 3407347 47543 316
25 252 10000 17023 560 3409493 45419 98
63 248 10000 16968 560 3380759 74301 98
97 392 10001 17038 560 3414631 41133 98
156 306 10000 17031 180 3411029 44811 37
366 23 10000 17041 560 3415058 40986 98
210 265 10000 17035 900 3413020 43046 152
136 62 10000 16319 400000 3048570 408117 66306
103 121 10000 17040 250 3414972 41821 48
207 173 10000 17022 250 3408528 48722 48
280 202 10000 17043 900 3416635 40718 152
162 58 10000 16960 10000 3374320 83947 1660
225 146 10000 16872 1100 3331325 127288 184
382 24 10000 16748 10000 3271714 187476 1660
15 24 10000 17044 1870 3417084 42283 316
391 237 10000 17017 250 3406965 52742 48
63 311 10000 17051 900 3419235 40992 152
281 15 10000 17052 560 3419642 40819 98
237 22 10000 17015 1100 3406456 56110 184
144 226 10000 17056 560 3422164 40660 98
377 292 10000 16990 900 3393024 71546 152
373 184 10000 16816 10000 3305261 160124 1660
192 15 10000 17058 900 3425223 40746 152
153 30 10000 17060 560 3425288 40830 98
4 399 10000 16939 1870 3360155 106152 316
118 9 10000 17036 900 3413698 52811 152
369 228 10000 17063 1100 3426312 42028 184
222 399 10000 16980 10000 3386240 84056 1660
229 275 10000 14837 1850000 2351793 1119177 306661
356 333 10000 17070 900 3430277 40985 152
319 47 10000 17068 560 3429627 42094 98
276 76 10000 17073 250 3431238 40676 48
133 198 10000 17054 250 3421420 50763 48
227 118 10000 16979 10000 3386055 86154 1660
141 62 10000 17074 180 3431390 40949 37
201 334 10000 17075 560 3431709 41198 98
364 64 10000 17072 3160 3431066 42225 531
19 3 10000 17118 1100 3453754 20997 184
197 73 10000 12996 1850000 1453849 2021053 306661
42 304 10000 17081 250 3435002 40257 48
313 119 10000 17077 560 3432602 42863 98
365 330 10000 15828 400000 2815284 661575 66306
319 305 10000 16353 1850000 3066226 411167 306661
21 70 10000 17085 1100 3438788 41104 184
326 394 10000 17083 900 3438339 41581 152
254 172 10000 16987 10000 3390127 90107 1660
58 190 10000 17088 900 3439693 43438 152
23 158 10000 17091 1100 3441596 42198 184
223 86 10000 12790 1850000 1352222 2131962 306661
49 340 10000 17093 900 3443160 41439 152
246 164 10000 14957 1850000 2402445 1082466 306661
295 253 10000 17066 560 3428243 58138 98
40 37 10000 17053 560 3420171 66499 98
62 226 10000 17097 560 3445047 43355 98
314 217 10000 17008 10000 3402634 86281 1660
339 7 10000 17042 1870 3416180 72968 316
259 249 10000 17153 560 3468966 20715 98
48 112 10000 17100 1870 3447118 42741 316
294 389 10000 17104 180 3450322 40325 37
267 341 10000 17103 180 3449459 41484 37
218 209 10000 16535 100001 3174006 317182 16579
104 253 10000 17105 900 3450406 41167 152
311 109 10000 17092 3160 3441702 50679 531
149 310 10000 17099 1100 3446852 45878 184
105 349 10000 17006 10000 3401895 90860 1660
369 146 10000 16751 100001 3274762 218107 16579
181 271 10000 17086 180 3438928 54328 37
107 194 10000 17115 250 3453015 40762 48
316 25 10000 17111 900 3452546 41258 152
58 88 10000 17110 560 3452489 41711 98
248 223 10000 10868 10000000 405160 3089278 1657602
121 297 10000 17025 10000 3409657 85015 1660
77 368 10000 17119 250 3453995 40839 48
224 9 10000 17030 10000 3410430 85296 1660
216 130 10000 17116 3160 3453105 44359 531
134 203 10000 16674 100001 3240723 256903 16579
181 267 10000 17127 180 3458659 41549 37
68 24 10000 17128 560 3459280 41001 98
88 208 10000 16892 10000 3341043 159576 1660
43 311 10000 17080 560 3434671 66202 98
239 258 10000 17130 560 3460284 41211 98
297 98 10000 17121 1870 3455755 45905 316
270 73 10000 17106 1100 3450493 51357 184
41 370 10000 17124 3160 3457741 45087 531
206 138 10000 17123 900 3457268 45880 152
150 258 10000 17131 3160 3460328 42997 531
54 87 10000 17048 10000 3417985 85468 1660
8 24 10000 17096 560 3444981 58518 98
164 292 10000 17138 900 3463018 40848 152
166 381 10000 17135 560 3461553 42362 98
97 377 10000 17026 10000 3409717 94391 1660
218 180 10000 15344 1850000 2569542 934568 306661
119 366 10000 17129 1100 3459695 44983 184
190 270 10000 14896 1850000 2375844 1129080 306661
85 319 10000 17141 180 3464058 41364 37
312 193 10000 17137 900 3462584 43591 152
204 140 10000 17027 900 3409748 97438 152
267 210 10000 17146 560 3466969 40876 98
117 201 10000 17148 560 3467758 40644 98
131 310 10000 17140 900 3463633 44832 152
246 380 10000 17150 250 3468223 40622 48
268 176 10000 17144 1870 3466827 42536 316
247 246 10000 17169 900 3478144 32075 152
205 26 10000 13314 1850000 1608333 1902128 306661
61 394 10000 17151 180 3468482 42563 37
395 399 10000 17196 560 3490779 20611 98
280 371 10000 17155 900 3471126 40984 152
179 309 10000 17065 10000 3428213 84871 1660
163 269 10000 17149 1100 3468124 45732 184
295 240 10000 17071 10000 3430309 84204 1660
387 31 10000 17061 900 3425547 89106 152
315 111 10000 17157 3160 3472020 42765 531
215 241 10000 17142 560 3464725 50108 98
92 40 10000 17158 180 3473039 42429 37
86 356 10000 17164 560 3475771 40988 98
60 308 10000 16810 100001 3299946 217062 16579
386 29 10000 17163 250 3475727 41941 48
190 104 10000 17079 10000 3433924 84333 1660
347 385 10000 17165 1870 3476204 42444 316
225 244 10001 17067 1870 3428287 91145 316
64 334 10000 17168 900 3477956 41540 152
180 372 10000 16821 100001 3308848 212313 16579
348 210 10000 17171 900 3478990 42538 152
64 264 10000 17175 900 3481330 40644 152
101 366 10000 17173 1870 3481084 41952 316
100 383 10000 16823 100001 3309884 213506 16579
207 177 10000 17172 900 3480953 42514 152
127 341 10000 17179 900 3482681 40966 152
60 257 10000 17178 3160 3482610 42184 531
140 368 10000 17177 900 3482304 42533 152
42 359 10000 17181 1870 3483211 41709 316
347 354 10000 17223 180 3504634 20426 37
238 107 10000 17089 10000 3440539 86400 1660
261 131 10000 17188 1100 3485957 41172 184
273 212 10000 17087 10000 3439618 88149 1660
224 124 10000 17186 1100 3485439 42578 184
26 124 10000 17109 3160 3451567 77126 531
287 168 10000 17193 560 3487850 40942 98
291 130 10000 17192 180 3486723 42337 37
272 65 10000 17194 560 3488345 41009 98
105 49 10000 17187 560 3485558 44156 98
83 392 10000 17195 560 3488380 41690 98
163 87 10000 17190 1870 3486268 44418 316
252 251 10000 17231 1870 3508728 21992 316
336 292 10000 16808 100001 3298370 233395 16579
65 62 10000 17046 100001 3417709 114301 16579
114 340 10000 17176 180 3481868 50282 37
119 78 10000 17185 3160 3485041 48225 531
232 94 10000 14413 1850000 2151038 1384337 306661
61 137 10000 17191 180 3486635 49433 37
329 223 10000 17102 560 3448028 88041 98
312 372 10000 17204 180 3494338 42692 37
297 395 10000 17113 10000 3452916 84175 1660
107 174 10000 17202 250 3493508 43883 48
13 298 10000 17206 180 3496516 40985 37
277 53 10000 17207 560 3496920 40586 98
10 30 10000 16863 100001 3326562 211463 16579
100 11 10000 17117 10000 3453662 84686 1660
80 212 10000 17213 180 3498440 40247 37
182 60 10000 15263 1850000 2532584 1006633 306661
392 9 10000 14932 1850000 2394537 1144750 306661
213 6 10000 17210 1870 3497930 41822 316
156 222 10000 17090 10000 3441376 98906 1660
138 59 10000 17209 560 3497703 42633 98
133 20 10000 17203 560 3493888 47211 98
198 18 10000 17108 10000 3451487 89950 1660
336 153 10001 17197 250 3492424 49095 48
344 113 10000 16855 100001 3324226 217885 16579
228 74 10000 16753 100001 3275122 267294 16579
244 76 10000 17215 180 3499229 43378 37
66 10 10000 17107 10000 3450607 92091 1660
232 345 10000 16835 100001 3315670 227286 16579
60 332 10000 17214 3160 3498744 44432 531
201 338 10000 17217 900 3500764 42576 152
199 105 10000 17039 900 3414753 129062 152
116 228 10000 17133 10000 3461157 83549 1660
166 95 10000 17221 560 3503938 41026 98
0 266 10000 17205 180 3495768 49272 37
165 90 10000 17134 180 3461213 84125 37
12 114 10000 17224 1100 3506503 40839 184
273 148 10000 17136 10000 3461858 85916 1660
330 320 10000 17263 900 3525689 22347 152
36 240 10001 17139 10000 3463235 84881 1660
130 154 10000 16873 100001 3331900 216435 16579
84 134 10000 17226 560 3507128 41820 98
34 270 10000 17227 900 3507190 41935 152
281 340 10000 17229 1870 3507831 41867 316
169 397 10000 17232 180 3509212 40771 37
113 277 10000 17143 10000 3465216 87058 1660
276 234 10000 17152 10000 3468927 83994 1660
68 88 10000 17236 180 3512303 40764 37
272 306 10000 17235 900 3512109 41556 152
11 235 10000 17045 10000 3417174 136733 1660
319 15 10000 17240 180 3513897 40488 37
44 249 10001 17055 10000 3421848 133906 1660
255 30 10000 16870 100001 3331026 225098 16579
189 304 10000 17241 3160 3514218 42559 531
363 320 10000 16900 100001 3346857 210125 16579
227 245 10000 17159 10000 3473613 83896 1660
318 123 10000 17243 1870 3514640 43891 316
112 356 10000 17246 900 3517111 41588 152
14 346 10000 16339 400000 3058058 504190 66306
387 168 10000 17114 560 3452933 110387 98
47 280 10000 17257 560 3522863 40655 98
257 57 10000 17256 1100 3522346 41508 184
317 227 10000 17254 900 3521011 43032 152
188 208 10000 16916 100001 3352165 211977 16579
348 241 10001 17258 180 3523742 40701 37
374 323 10000 16493 400000 3145081 419568 66306
295 30 10000 17250 180 3518453 46495 37
195 175 10000 17200 180 3493005 72373 37
331 88 10000 17252 1870 3519155 46439 316
22 232 10000 17255 180 3521989 43692 37
174 140 10000 17248 1870 3517831 48713 316
90 10 10000 17239 900 3513792 54563 152
320 361 10000 17268 560 3527579 40903 98
120 278 10000 17265 900 3526023 42620 152
30 164 10001 17259 560 3523821 46952 98
174 368 10000 17273 250 3530905 40862 48
175 298 10000 16856 100001 3324405 247381 16579
231 271 10000 17275 180 3532120 40565 37
42 252 10000 17278 180 3533052 40550 37
287 359 10000 17277 900 3532970 40788 152
156 386 10000 16893 100001 3341209 232898 16579
8 234 10000 14766 1850000 2314700 1259550 306661
113 337 10000 17280 1870 3533667 41866 316
28 338 10000 17271 900 3529835 46718 152
299 19 10000 17184 10000 3484709 92243 1660
101 232 10000 17276 1100 3532450 44921 184
179 112 10000 17279 1870 3533057 45082 316
31 23 10000 17320 900 3558255 20654 152
329 364 10000 17180 560 3482853 96683 98
56 319 10000 17288 560 3539226 40604 98
358 115 10000 17286 1870 3537886 42202 316
80 94 10000 17287 10000 3538039 42378 1660
160 228 10000 17283 560 3536598 44318 98
246 188 10000 17261 1870 3524322 57377 316
185 366 10000 16923 100001 3354515 227527 16579
392 30 10000 17294 900 3541286 41358 152
342 283 10000 17295 560 3542343 40790 98
196 244 10000 17291 560 3540554 42729 98
125 281 10000 15235 1850000 2516931 1066454 306661
7 70 10000 17293 560 3540716 42772 98
287 207 10000 17253 1870 3520087 66448 316
331 260 10001 17296 180 3543446 43314 37
339 84 10000 17219 10000 3502958 83941 1660
126 92 10000 17069 900 3429971 156932 152
30 16 10000 17289 900 3539563 47422 152
33 78 10000 17222 10000 3504568 83537 1660
216 313 10000 15627 1850000 2720312 867869 306661
180 211 10001 17216 10000 3499777 88520 1660
254 211 10000 17305 900 3547591 41444 152
108 152 10000 17307 1100 3548402 41994 184
374 66 10000 16961 100001 3377398 213487 16579
148 70 10000 17310 560 3550068 40835 98
74 247 10000 17309 560 3549951 42268 98
207 3 10000 17208 10000 3497639 94905 1660
235 175 10000 17311 1100 3553551 41038 184
316 189 10000 17312 900 3555136 41658 152
261 317 10000 17315 250 3556661 40228 48
184 241 10000 17264 1870 3526018 70871 316
56 96 10000 17314 900 3555919 41393 152
18 232 10000 17290 250 3540055 57280 48
230 174 10000 17313 3160 3555760 42256 531
164 133 10000 17316 900 3557126 41132 152
195 215 10000 17237 10000 3513278 85162 1660
4 188 10000 17225 560 3506598 92115 98
24 166 10000 17064 10000 3427286 171756 1660
278 291 10000 17245 10000 3515474 83831 1660
253 18 10000 17306 900 3548391 51351 152
334 348 10000 17183 10000 3484474 117258 1660
88 267 10000 16627 100001 3219319 382515 16579
399 158 10000 17317 1100 3557913 44307 184
387 305 10000 17234 560 3510807 91624 98
139 371 10000 17324 1870 3560462 42329 316
35 212 10000 17322 560 3559184 44024 98
326 168 10000 17299 1100 3544618 58935 184
288 304 10000 17199 10000 3492904 110853 1660
226 66 10000 17267 560 3526164 78230 98
328 229 10000 17328 1870 3562359 42257 316
201 17 10000 17304 560 3546681 58224 98
344 132 10000 17329 1870 3563375 41827 316
315 369 10000 17331 3160 3563802 42635 531
391 245 10000 14012 1850000 1963180 1643400 306661
62 359 10000 17334 180 3565910 40698 37
229 311 10000 17238 900 3513635 93475 152
73 160 10000 17335 1100 3566141 41995 184
243 179 10000 17274 1100 3531212 77665 184
84 330 10000 16817 100001 3305593 303575 16579
317 193 10000 17326 1870 3561213 48354 316
144 239 10000 17337 180 3566847 42994 37
103 353 10000 17338 180 3567133 42733 37
70 124 10000 17339 560 3569221 41271 98
114 12 10000 17333 1870 3565043 47888 316
305 346 10000 17340 900 3569320 44114 152
277 219 10000 17325 180 3560799 52904 37
49 247 10000 17300 180 3545010 68914 37
67 366 10000 17341 1870 3570760 43307 316
362 79 10000 17348 900 3573919 40998 152
123 293 10000 17272 10000 3530108 85603 1660
235 110 10000 17262 10000 3525430 90459 1660
207 101 10000 16963 100001 3378702 237257 16579
277 49 10000 17349 250 3574332 41860 48
250 239 10000 16951 100001 3367956 249367 16579
391 119 10000 17357 900 3576486 41276 152
54 366 10000 17358 250 3577628 40814 48
9 78 10000 17346 3160 3573563 46806 531
310 180 10000 17359 560 3579783 40907 98
371 196 10000 16986 100001 3389913 231081 16579
85 32 10000 17350 3160 3574340 47250 531
259 162 10000 17281 10000 3533951 87971 1660
216 258 10000 17360 180 3581001 40972 37
188 105 10000 17362 180 3581688 41005 37
209 221 10000 17342 560 3571369 52504 98
133 170 10000 15368 1850000 2583311 1041523 306661
385 348 10000 17336 1100 3566257 59038 184
190 84 10000 17343 180 3572688 53087 37
337 276 10000 17364 180 3582252 45360 37
371 80 10000 17367 560 3583262 44760 98
27 95 10001 17285 10000 3537742 90968 1660
212 399 10000 17298 10000 3544437 84958 1660
29 169 10000 17373 1870 3586096 43413 316
346 175 10000 17368 1870 3583304 46325 316
395 160 10000 17376 560 3588080 41655 98
202 236 10000 17377 900 3588536 41795 152
326 367 10000 17382 1100 3589891 41774 184
283 84 10000 17381 3160 3589700 42470 531
50 263 10000 15810 1850000 2807302 825658 306661
279 106 10000 17363 900 3582247 51135 152
106 74 10000 17385 900 3592861 41583 152
37 145 10000 17301 560 3545607 89301 98
23 315 10000 17384 560 3591606 43544 98
275 330 10000 17388 900 3593693 41553 152
83 74 10000 17378 1100 3588605 47647 184
256 207 10000 17390 560 3595682 41196 98
191 293 10000 17394 250 3596543 40552 48
239 183 10000 17371 560 3585444 52320 98
275 368 10000 17396 1100 3596928 41398 184
372 25 10000 17397 560 3597791 40694 98
57 229 10000 17379 1870 3589401 49342 316
244 11 10000 17393 560 3596327 43439 98
183 392 10000 17401 250 3599720 40332 48
352 379 10000 17355 560 3576211 65419 98
118 370 10000 17318 180 3558102 84211 37
94 34 10000 17398 3160 3597907 44461 531
215 182 10000 17323 900 3559782 83315 152
361 114 10000 17403 560 3601246 42445 98
164 169 10000 17444 560 3625647 20660 98
259 157 10000 17408 1100 3605952 41104 184
70 366 10000 17402 1100 3601017 48053 184
83 285 10000 17407 1100 3604391 44986 184
158 84 10000 17406 1870 3604065 45741 316
263 140 10000 17356 900 3576427 73400 152
186 90 10000 17410 1870 3606427 43942 316
97 187 10000 17412 900 3607902 45148 152
71 331 10000 17332 10000 3564098 91699 1660
373 16 10000 17366 250 3583175 73803 48
377 354 10000 17387 560 3593676 64169 98
133 141 10000 17428 1870 3615403 43098 316
329 276 10000 17330 560 3563762 94759 98
1 371 10000 17098 100001 3445931 213022 16579
114 165 10000 17405 560 3604015 55048 98
211 391 10000 17432 560 3618162 41058 98
296 270 10000 17344 10000 3573245 86476 1660
377 379 10000 17434 1100 3618968 40844 184
111 257 10000 17351 10000 3574714 85143 1660
68 283 10000 17433 1870 3618298 41581 316
310 102 10000 17352 10000 3574847 85038 1660
203 157 10000 17084 100001 3438668 221387 16579
369 85 10000 17429 1100 3615821 44598 184
283 122 10000 17353 10000 3575363 85914 1660
87 157 10000 17395 3160 3596833 64582 531
1 282 10000 13725 1850000 1816530 1845872 306661
231 48 10000 17437 900 3622136 41050 152
26 242 10000 17392 900 3596235 67127 152
304 328 10000 17439 900 3622855 41500 152
258 113 10000 17297 1870 3544176 120600 316
165 248 10000 17427 560 3614838 52111 98
155 117 10001 17365 10000 3582448 85061 1660
377 50 10000 16981 100001 3386888 280747 16579
203 266 10000 17441 3160 3623431 44518 531
285 246 10000 17445 1100 3625743 43601 184
358 336 10000 17436 900 3621562 48008 152
367 123 10000 17448 1100 3627252 42818 184
115 376 10000 17449 560 3627300 42940 98
285 81 10000 17450 180 3628085 42476 37
291 262 10000 17456 1100 3629915 41131 184
89 62 10000 17327 1870 3561914 109585 316
14 335 10000 14795 1850000 2329791 1342345 306661
155 81 10000 15265 1850000 2533829 1140180 306661
87 123 10000 17413 1100 3607954 66096 184
312 133 10000 17457 1100 3630291 43812 184
100 24 10000 17443 1870 3625133 49503 316
223 266 10000 17442 1100 3624420 51119 184
161 142 10001 17465 560 3635256 40599 98
74 345 10000 17458 1870 3631439 45975 316
87 262 10001 15832 1850000 2816618 861242 306661
40 126 10000 17400 180 3599671 78340 37
248 272 10000 17468 560 3637753 41136 98
274 40 10000 17469 900 3637943 41422 152
187 309 10000 17472 560 3638797 41240 98
338 244 10000 17440 3160 3622894 57578 531
285 364 10000 17419 1100 3611327 69765 184
354 22 10000 17476 900 3640795 40889 152
94 182 10000 17446 1100 3626084 55601 184
189 185 10000 17519 1870 3662140 21282 316
143 76 10000 17480 560 3643329 40599 98
161 107 10000 17474 900 3640162 44284 152
393 331 10000 17467 900 3636510 48010 152
190 372 10000 17481 1100 3645109 40991 184
185 78 10000 17477 560 3641192 44938 98
198 240 10000 17482 560 3645918 40428 98
195 219 10000 14731 1850000 2296927 1391466 306661
225 2 10000 14717 1850000 2291453 1397252 306661
285 250 10000 17471 900 3638349 50446 152
57 290 10000 17483 1870 3647449 42971 316
279 314 10000 17386 10000 3593255 97492 1660
280 312 10000 17452 3160 3628597 63475 531
21 397 10001 17487 1100 3650904 41291 184
373 167 10000 17426 560 3614535 77998 98
41 186 10000 17451 1870 3628356 65859 316
186 310 10000 17170 100001 3478725 216087 16579
6 169 10000 17417 10000 3610706 84284 1660
143 186 10000 17496 900 3654787 41324 152
211 44 10000 17493 900 3653087 43185 152
280 34 10000 17501 900 3656586 41123 152
164 364 10000 17475 900 3640719 57112 152
344 94 10000 17506 250 3657631 40431 48
223 338 10000 17498 250 3655620 42538 48
287 253 10000 17505 560 3657577 40610 98
146 224 10000 17415 250 3609580 89069 48
6 50 10000 17430 10000 3615943 84191 1660
17 191 10000 17162 100001 3475455 224768 16579
183 399 10000 17510 250 3658184 42399 48
146 118 10000 16977 100001 3384993 316111 16579
356 177 10000 17514 900 3660078 41126 152
152 361 10000 17517 560 3661165 40541 98
215 357 10000 17303 10000 3546515 156117 1660
201 223 10001 17495 1870 3653501 49304 316
83 262 10000 17484 250 3648656 54377 48
197 370 10000 17504 3160 3657420 48609 531
131 342 10000 17525 900 3665287 41011 152
205 146 10000 17527 250 3665427 40919 48
346 210 10000 17526 1100 3665381 41030 184
202 397 10000 17499 900 3655776 51038 152
223 376 10000 17425 10000 3613889 93186 1660
268 229 10000 17500 900 3656039 51337 152
30 201 10000 17524 900 3664961 43722 152
325 18 10000 17532 900 3666931 41777 152
13 360 10000 17529 1870 3666405 42397 316
108 35 10000 17212 100001 3498252 210827 16579
19 211 10000 17516 180 3660822 48667 37
342 53 10000 17540 900 3668719 40964 152
332 230 10000 17534 1870 3667442 42345 316
15 140 10000 17531 1100 3666689 43750 184
321 4 10000 16482 400000 3137907 572831 66306
160 225 10000 17507 900 3657794 53467 152
324 383 10000 17544 560 3670467 40858 98
372 34 10000 17537 900 3668245 43299 152
49 92 10000 14546 1850000 2213688 1497857 306661
201 136 10000 17535 180 3667792 43796 37
179 31 10000 17549 180 3671718 40498 37
393 157 10000 17542 560 3669706 44189 98
281 362 10000 17552 1870 3672923 41513 316
22 57 10000 17545 560 3670592 44165 98
279 357 10001 17057 100001 3423069 292371 16579
387 144 10000 15977 400000 2887940 827938 66306
376 177 10000 17557 1870 3675037 41924 316
351 372 10000 17491 1870 3652386 65205 316
4 390 10000 16705 100001 3254252 463809 16579
196 178 10000 17515 900 3660585 58066 152
152 3 10000 17463 10000 3633456 86389 1660
80 312 10000 17551 560 3672117 47877 98
51 152 10000 17560 3160 3675977 44251 531
311 257 10000 17568 180 3680376 40284 37
192 58 10000 17561 250 3677362 43578 48
188 3 10000 17567 900 3680296 41133 152
93 11 10000 17470 10000 3638130 84413 1660
72 204 10000 17563 560 3677573 45175 98
38 111 10000 17570 900 3680906 41968 152
139 72 10000 17572 3160 3681693 41998 531
167 110 10000 17554 1870 3673300 50452 316
74 336 10000 17218 100001 3502946 221912 16579
89 101 10000 17418 1870 3610901 114083 316
351 166 10000 17502 900 3656830 69289 152
343 151 10000 17571 560 3681540 44593 98
206 256 10000 17581 560 3685561 40812 98
18 124 10000 17564 900 3678101 48286 152
34 33 10000 17361 100001 3581537 145296 16579
114 244 10000 17541 560 3669544 57901 98
143 27 10000 17589 180 3687369 40559 37
104 311 10000 17586 1870 3686586 41959 316
22 13 10000 17579 900 3685259 43501 152
344 374 10000 17584 3160 3686009 43608 531
25 137 10000 17588 1870 3686940 42868 316
363 177 10000 17592 3160 3688700 42103 531
351 352 10000 17251 100001 3518827 212169 16579
207 205 10000 17601 900 3694850 38381 152
76 317 10000 17594 1100 3690425 42929 184
327 294 10001 17596 1100 3691850 43438 184
340 93 10000 17024 100001 3409624 325831 16579
103 174 10000 17576 250 3684011 51540 48
386 29 10001 17582 560 3685840 51503 98
172 347 10000 17602 1870 3696096 42284 316
334 301 10000 17082 100001 3436276 302309 16579
349 99 10000 17490 10000 3652263 86367 1660
55 294 10001 17556 250 3674742 64697 48
66 65 10000 17640 180 3716224 24419 37
314 344 10000 17604 180 3700680 40293 37
172 138 10000 17486 10000 3650049 90951 1660
241 251 10000 13640 1850000 1775494 1966110 306661
62 386 10000 17424 10000 3612724 129505 1660
379 241 10000 17270 100001 3529370 213278 16579
55 101 10000 17558 1100 3675133 67747 184
98 27 10000 17512 10000 3659200 84132 1660
269 397 10000 17503 10000 3656961 86449 1660
84 139 10000 17608 560 3702617 41052 98
75 109 10000 17600 1870 3693665 50357 316
201 294 10000 17606 1870 3702230 42185 316
244 112 10000 15019 1850000 2430597 1314040 306661
245 50 10000 17611 900 3703875 41655 152
353 0 10000 17518 10000 3661704 84133 1660
298 48 10000 17555 250 3673475 73027 48
70 16 10000 17575 560 3682822 63983 98
360 304 10000 17614 1100 3706065 41061 184
155 93 10000 17613 1100 3706031 41118 184
90 120 10000 17605 560 3702055 45384 98
158 65 10000 17603 560 3696298 51861 98
4 302 10000 17511 900 3658948 90185 152
264 86 10000 17260 100001 3523852 225563 16579
23 395 10000 17618 900 3708195 42043 152
199 270 10000 17459 180 3631862 118589 37
7 34 10000 17508 10000 3657803 93539 1660
122 397 10000 17627 180 3712076 40704 37
219 370 10000 17619 560 3708796 44099 98
20 288 10000 17282 100001 3535571 217607 16579
283 323 10000 17533 10000 3666944 87087 1660
150 42 10000 17247 100001 3517163 237044 16579
0 396 10000 17620 560 3709900 44370 98
252 233 10000 17211 100001 3497994 256423 16579
75 331 10001 17574 560 3682587 72342 98
163 250 10000 15797 1850000 2803558 952443 306661
3 394 10000 17624 1100 3710639 45839 184
60 8 10000 17633 560 3714136 42552 98
21 139 10000 17634 180 3714286 42649 37
10 324 10000 17631 1870 3713582 43446 316
46 25 10000 17562 560 3677569 79481 98
274 326 10000 17547 10000 3670924 86882 1660
207 269 10000 17473 10000 3639217 118995 1660
169 250 10000 17639 1870 3715527 43430 316
82 121 10000 17489 10000 3651088 107955 1660
339 100 10000 17643 560 3718579 40774 98
185 59 10000 17641 1870 3716334 43189 316
181 6 10000 17593 560 3690267 69723 98
272 38 10000 17553 10000 3673295 87494 1660
256 110 10000 17649 560 3719495 41310 98
120 329 10000 17645 560 3719110 41709 98
255 269 10000 17647 3160 3719237 42380 531
150 119 10000 16975 400000 3383642 378181 66306
54 330 10000 17648 900 3719259 42697 152
160 349 10000 17607 560 3702257 59822 98
40 5 10000 17391 10000 3596100 167030 1660
207 174 10000 17610 1870 3703300 60143 316
158 65 10001 17655 560 3722505 40978 98
339 70 10000 17659 180 3724165 40336 37
33 89 10000 17661 560 3724442 40657 98
217 349 10000 16859 100001 3325578 440031 16579
170 46 10000 17587 180 3686741 78895 37
140 211 10000 17636 3160 3714828 51016 531
175 136 10000 17488 10000 3650929 115227 1660
186 348 10000 17667 250 3726798 40251 48
73 162 10000 17658 560 3723588 44179 98
217 182 10000 17543 1870 3670061 97773 316
223 129 10001 17638 560 3715422 52512 98
95 278 10000 17666 250 3726628 41917 48
216 249 10000 17642 180 3717835 51356 37
60 255 10000 17559 1870 3675739 93952 316
353 366 10000 17673 250 3728887 41086 48
11 185 10000 17632 900 3713787 56216 152
184 304 10000 17646 900 3719191 51092 152
255 163 10000 17670 900 3728453 42049 152
178 327 10000 17660 560 3724379 46823 98
118 133 10000 17521 560 3663578 108461 98
210 216 10000 17528 100001 3666143 106226 16579
146 254 10000 17591 1870 3687966 84602 316
64 16 10000 17671 250 3728624 44265 48
337 22 10000 17677 900 3731386 41536 152
219 61 10000 17678 180 3732111 41048 37
29 228 10000 17679 900 3732313 41229 152
217 44 10000 17585 1100 3686350 88668 184
215 128 10000 17546 180 3670839 104696 37
358 215 10000 17590 10000 3687496 88630 1660
345 301 10000 17629 1100 3712306 66657 184
159 233 10000 17689 560 3738559 41171 98
264 78 10000 17548 10000 3671305 108934 1660
190 264 10000 17676 560 3731265 49481 98
154 359 10000 17690 250 3740085 41087 48
387 21 10000 17347 10000 3573594 207962 1660
382 164 10000 17513 560 3660013 121578 98
222 354 10000 17420 10000 3611687 170893 1660
395 100 10000 17583 10000 3685907 96793 1660
0 318 10001 17599 10000 3692782 90307 1660
32 62 10000 17694 560 3742263 41074 98
297 51 10000 17693 1870 3740710 42651 316
203 89 10000 17695 1100 3742763 41450 184
288 186 10000 17688 250 3738125 46142 48
17 35 10000 17696 250 3744807 40383 48
340 380 10000 15965 1850000 2883820 901471 306661
41 115 10000 13087 10000000 1506624 2279609 1657602
139 329 10000 17635 560 3714372 72312 98
86 53 10001 17665 900 3725946 60772 152
193 123 10000 16110 1850000 2948662 838198 306661
261 39 10001 17622 560 3710060 77417 98
288 59 10000 17698 1870 3745982 42519 316
167 154 10000 17684 180 3734649 53958 37
70 333 10000 17630 1100 3712331 76569 184
266 278 10000 17731 1870 3768186 21286 316
30 331 10000 17697 560 3745615 43915 98
77 59 10002 17615 10000 3706391 83675 1660
263 68 10000 17680 560 3732568 57983 98
59 379 10000 17701 900 3748387 42180 152
1 104 10000 17612 10000 3705593 85016 1660
50 118 10000 17672 900 3728853 61880 152
155 110 10000 17702 900 3750448 40846 152
196 47 10000 17685 560 3736018 56988 98
252 11 10000 17704 180 3751873 41955 37
293 28 10000 15686 1850000 2751364 1045219 306661
190 175 10000 17710 560 3755307 41311 98
169 120 10000 17708 560 3753162 43585 98
117 78 10000 17530 10000 3666678 133201 1660
303 288 10000 17668 250 3727548 73434 48
391 100 10000 17663 560 3725612 76202 98
262 131 10000 17616 10000 3707157 94780 1660
339 336 10000 17760 900 3783147 20705 152
329 148 10000 16824 100001 3311337 493270 16579
210 367 10000 17687 560 3737411 67755 98
70 271 10000 17721 560 3763837 41457 98
201 138 10000 17720 1100 3763099 42493 184
79 176 10000 15080 1850000 2453850 1351917 306661
98 83 10000 17764 3160 3785128 22072 531
139 291 10000 17727 1100 3766479 40939 184
192 286 10000 17713 3160 3757869 49574 531
197 141 10000 17160 400000 3474337 333458 66306
57 259 10000 17125 400000 3458236 349986 66306
83 218 10000 17728 560 3766572 41879 98
171 109 10000 17729 900 3767622 40930 152
163 286 10000 17374 100001 3587014 221625 16579
1 242 10000 17126 400000 3458290 350939 66306
76 391 10000 17726 3160 3766463 42787 531
44 385 10000 17732 250 3768361 41098 48
189 213 10000 17716 900 3759358 50457 152
131 126 10000 17773 560 3789330 20503 98
235 13 10000 17733 560 3769280 40572 98
18 110 10000 17709 180 3754713 55618 37
91 15 10000 16153 1850000 2969050 841394 306661
314 11 10000 17662 10000 3725433 85612 1660
374 356 10000 17664 10000 3725695 85435 1660
211 89 10000 17737 900 3770703 43095 152
60 136 10000 17725 900 3766373 48043 152
250 294 10000 17745 560 3773325 41223 98
209 257 10000 17686 900 3736936 77814 152
354 295 10000 17744 1100 3773252 41606 184
267 396 10000 17748 250 3775050 40953 48
184 21 10000 16277 1850000 3027707 788516 306661
15 291 10000 17739 900 3771806 45317 152
192 120 10000 17734 1100 3770387 49380 184
171 16 10000 17414 100001 3608550 211494 16579
145 127 10000 17354 100001 3575888 244299 16579
132 341 10000 17754 560 3779622 41052 98
181 303 10000 17752 560 3778203 45347 98
287 146 10000 17756 900 3780975 43124 152
91 127 10000 17738 900 3771477 55404 152
12 316 10000 17766 560 3786297 41401 98
223 370 10000 16898 100001 3345070 482785 16579
126 297 10000 17485 180 3649092 179392 37
178 165 10000 17808 180 3808712 20915 37
52 91 10000 11997 1850000 940035 2889932 306661
381 265 10000 17220 100001 3503118 327252 16579
35 346 10000 17774 250 3790006 40787 48
206 23 10000 17736 3160 3770477 60779 531
102 62 10000 17775 180 3790641 40661 37
290 365 10000 14254 1850000 2080513 1751941 306661
59 345 10000 17765 560 3785360 47126 98
375 202 10000 17431 100001 3616797 216062 16579
30 395 10000 17759 900 3782762 50554 152
242 344 10000 17782 560 3792769 41009 98
240 353 10000 17784 560 3794132 40492 98
247 328 10000 17762 1870 3784973 49686 316
371 308 10000 17768 900 3787247 48765 152
95 68 10000 17785 560 3794183 41865 98
146 340 10000 17161 100001 3475241 361034 16579
303 86 10000 17723 1100 3765427 70983 184
317 154 10000 17779 1870 3792554 44926 316
392 53 10000 17788 900 3796511 41670 152
118 174 10000 16940 400000 3360551 477906 66306
265 69 10000 17786 3160 3794817 43673 531
360 161 10000 17783 3160 3793174 45657 531
346 17 10000 17790 180 3797353 42455 37
131 269 10000 17792 560 3799396 40713 98
5 298 10000 17794 1100 3800555 41175 184
336 339 10000 17796 560 3802261 39888 98
116 60 10000 17454 100001 3628910 213281 16579
187 196 10000 17832 250 3819795 23817 48
338 243 10000 17789 560 3797287 46627 98
80 274 10000 17800 180 3803682 40603 37
236 207 10000 17455 100001 3628972 216028 16579
320 178 10000 17799 900 3802961 42064 152
257 152 10000 17802 900 3805164 40942 152
72 313 10000 17804 900 3805544 41358 152
390 62 10000 17438 100001 3622281 224876 16579
209 264 10000 12418 1850000 1172197 2675053 306661
331 219 10000 17722 10000 3764186 83259 1660
114 44 10000 17156 400000 3471940 375756 66306
196 83 10000 17806 1870 3806573 42014 316
123 267 10000 17598 10000 3692370 156248 1660
228 312 10000 17801 250 3804119 44635 48
345 301 10001 17750 900 3776244 72766 152
46 166 10000 17757 560 3781447 68267 98
385 69 10000 17787 1870 3796234 55015 316
240 328 10000 17812 1870 3810260 42234 316
178 207 10000 17242 100001 3514408 338808 16579
160 389 10000 17747 250 3775019 78992 48
94 10 10000 17244 400000 3515097 338985 66306
178 148 10000 17816 560 3810828 43912 98
114 181 10000 17822 250 3814086 40796 48
146 116 10000 15002 1850000 2423252 1432234 306661
83 144 10000 17820 1870 3812036 43613 316
166 243 10000 17823 1100 3814296 41943 184
187 195 10000 17706 100001 3752592 105760 16579
213 88 10000 17479 100001 3642202 216204 16579
271 381 10000 17827 1870 3816906 42044 316
228 75 10000 17810 180 3810092 49687 37
120 5 10000 17831 560 3819786 41135 98
379 269 10000 17830 250 3818765 42605 48
294 81 10000 17835 900 3820143 41537 152
236 239 10000 17874 3160 3839157 22659 531
101 203 10000 17811 1870 3810100 51732 316
8 208 10000 17828 1100 3816938 45379 184
255 134 10000 17837 3160 3820228 42508 531
225 189 10000 17761 3160 3783706 79488 531
317 375 10000 17818 180 3811567 52082 37
322 339 10000 17826 1870 3816635 47136 316
39 312 10000 17839 180 3823231 41018 37
160 101 10000 17798 560 3802528 61749 98
248 18 10000 17843 560 3824787 41101 98
207 390 10000 17821 180 3814012 51937 37
385 227 10000 17825 1870 3815580 50408 316
307 151 10000 17841 1100 3824218 42894 184
66 347 10000 17746 180 3774092 93621 37
213 394 10000 17848 1100 3826901 41553 184
175 194 10000 14913 1850000 2382844 1486202 306661
282 224 10000 17809 560 3809544 59723 98
365 174 10000 17657 10000 3723357 146203 1660
284 267 10000 15645 1850000 2731135 1138832 306661
20 45 10000 17854 180 3830465 40184 37
325 73 10001 17850 1870 3828260 42801 316
251 277 10000 17758 10000 3782094 89061 1660
171 35 10000 17855 250 3830554 40764 48
67 361 10000 17853 900 3829765 41806 152
392 188 10000 17851 1870 3828546 43054 316
3 398 10001 17447 100001 3627053 244756 16579
237 57 10000 17772 3160 3788903 83647 531
306 176 10000 17509 100001 3658088 214549 16579
262 194 10000 17860 180 3832295 40767 37
41 31 10000 17464 100001 3634933 238693 16579
397 316 10000 17846 3160 3826138 47581 531
273 221 10000 17536 10000 3667975 206333 1660
397 5 10000 17466 100001 3635363 239346 16579
142 39 10000 17845 3160 3825157 49797 531
265 206 10001 17807 560 3807643 67933 98
34 157 10000 17833 180 3819958 55881 37
100 350 10000 17863 900 3833212 42701 152
164 46 10000 17778 10000 3791883 84070 1660
57 299 10000 17791 1100 3797781 79221 184
120 357 10000 17866 1100 3836346 41678 184
370 364 10000 17724 10000 3766212 112193 1660
22 319 10000 17742 10000 3772385 106266 1660
163 191 10000 17858 1870 3831306 47695 316
275 269 10000 17740 100001 3772033 107944 16579
83 254 10000 16359 1850000 3069185 811566 306661
365 312 10000 17824 180 3815283 65939 37
261 395 10000 17871 900 3838692 43286 152
156 284 10000 17700 10000 3747368 135353 1660
369 157 10000 17868 250 3837185 45954 48
119 356 10000 17873 180 3838830 44326 37
246 35 10000 17872 560 3838822 44571 98
392 257 10000 17840 3160 3823631 59784 531
117 281 10000 17880 560 3843222 41026 98
77 130 10000 17882 560 3843777 40593 98
135 116 10000 17883 560 3844047 40452 98
266 191 10000 17881 1100 3843692 41242 184
244 133 10000 17781 10000 3792687 92378 1660
90 333 10000 17870 560 3838096 47673 98
386 347 10000 17886 180 3845625 40855 37
258 99 10000 17711 1870 3756744 130821 316
190 196 10000 17923 1870 3866336 21364 316
173 167 10000 17741 100001 3772221 115500 16579
375 111 10000 17780 10000 3792562 95272 1660
389 256 10000 17494 100001 3653217 235633 16579
104 11 10000 17550 100001 3671902 217220 16579
25 102 10000 17889 1870 3847170 42612 316
247 73 10001 17847 560 3826620 63855 98
126 1 10000 16570 100001 3192151 699609 16579
202 327 10000 17891 1100 3849221 42642 184
321 377 10000 17867 180 3836576 55903 37
193 197 10000 17892 10000 3850153 42335 1660
26 51 10000 17637 10000 3715084 178498 1660
102 254 10000 17893 1870 3850937 42976 316
7 241 10001 17896 180 3853327 41510 37
308 89 10000 17849 180 3827481 67530 37
303 28 10000 17836 900 3820175 76174 152
171 34 10000 17859 1100 3831497 65880 184
269 43 10000 17903 560 3857468 40955 98
300 98 10000 17904 250 3858160 40635 48
178 253 10000 17905 900 3858601 41020 152
71 16 10000 17595 100001 3690639 209259 16579
154 198 10000 17715 10000 3757988 141981 1660
236 47 10000 17907 560 3859226 40855 98
156 375 10000 17898 900 3855950 44411 152
160 202 10000 17856 900 3830726 70735 152
269 274 10000 17949 180 3881126 20374 37
27 198 10000 17895 900 3852910 49294 152
164 367 10000 17908 3160 3860179 42299 531
64 155 10000 17914 1100 3861659 41493 184
305 52 10000 17917 1100 3862434 41047 184
204 158 10000 17890 900 3847574 56391 152
291 102 10000 17912 3160 3861158 43051 531
181 234 10000 17884 560 3844449 60152 98
272 170 10000 17920 900 3864768 42488 152
183 73 10000 17922 900 3865762 42010 152
393 122 10000 17539 100001 3668675 240347 16579
157 65 10000 17906 180 3859086 50678 37
261 268 10000 17963 180 3888952 20956 37
195 232 10000 17876 180 3841359 68620 37
59 177 10000 17842 10000 3824223 86331 1660
351 19 10000 17628 10000 3712284 198583 1660
39 287 10000 17838 10000 3821937 89572 1660
285 64 10000 17927 560 3871456 40571 98
55 237 10000 17767 10000 3787211 125339 1660
361 224 10000 17916 900 3862292 50991 152
201 248 10000 17934 180 3874235 40365 37
314 223 10000 17933 900 3873563 41306 152
348 233 10000 17931 1100 3872880 42180 184
333 295 10000 17932 1870 3873304 42636 316
314 291 10000 17936 560 3875222 41656 98
381 137 10000 17877 1100 3841731 75242 184
235 320 10000 17938 180 3877271 40709 37
228 199 10000 17862 10000 3833167 85041 1660
252 183 10000 17939 900 3877679 40965 152
259 197 10000 17940 900 3878056 40644 152
369 219 10000 17925 560 3867650 51338 98
137 373 10000 17865 10000 3835624 84288 1660
64 256 10000 17943 560 3879192 40899 98
304 339 10000 17948 250 3880295 40510 48
150 329 10000 17864 10000 3835505 85869 1660
116 39 10000 17947 1870 3880249 42190 316
6 345 10000 17945 1870 3879759 43181 316
320 209 10000 17950 1870 3881196 42326 316
168 327 10000 17951 180 3881764 41961 37
151 124 10000 17869 10000 3837703 86528 1660
304 394 10000 17852 10000 3829283 94997 1660
79 270 10000 17928 3160 3872200 52743 531
250 310 10000 17861 10000 3832986 92706 1660
252 225 10000 17958 900 3886320 41138 152
219 210 10000 17956 10000 3885857 43684 1660
149 255 10000 17573 100001 3681782 248723 16579
349 278 10000 17953 560 3884681 46632 98
346 142 10000 17962 1100 3888835 43220 184
34 6 10000 17955 1870 3885346 46887 316
49 111 10000 17961 900 3888596 44119 152
184 382 10000 17968 560 3890717 42316 98
139 306 10000 17650 100001 3720210 212902 16579
163 54 10000 17894 560 3851884 82418 98
271 304 10001 17971 1870 3892319 42127 316
340 154 10000 17957 900 3886169 48720 152
21 283 10000 17974 1100 3893422 41572 184
210 90 10000 17885 10000 3844678 90380 1660
25 14 10000 17976 1100 3893956 41388 184
351 124 10000 17875 180 3839712 95778 37
315 275 10000 17978 900 3894821 40695 152
381 298 10000 17879 3160 3842339 93195 531
79 129 10000 15165 1850000 2483758 1452477 306661
21 174 10000 17959 1870 3886771 50560 316
270 279 10000 18000 900 3906311 31392 152
393 138 10000 17644 100001 3718944 220099 16579
163 315 10000 17981 900 3896156 43205 152
275 393 10000 17984 1100 3897331 42054 184
210 67 10000 17986 900 3898055 41598 152
384 205 10000 17911 560 3860779 78987 98
332 276 10000 16067 1850000 2931531 1008350 306661
169 294 10000 17980 900 3895535 45110 152
280 221 10000 17990 180 3900939 40479 37
203 143 10000 17897 10000 3855303 86546 1660
166 235 10000 17966 900 3890015 52113 152
148 247 10000 17987 560 3899908 42445 98
299 55 10000 17899 10000 3856295 86823 1660
226 81 10000 17989 560 3900680 43128 98
237 84 10000 17901 900 3857360 87452 152
182 312 10000 17626 100001 3711915 233246 16579
142 67 10000 17995 560 3904219 41479 98
365 41 10001 17982 180 3896373 49346 37
395 35 10000 17913 10000 3861419 84342 1660
160 95 10000 17946 1100 3879903 66803 184
353 196 10000 17915 10000 3862222 84728 1660
217 11 10000 15399 1850000 2596577 1350528 306661
129 231 10001 17999 560 3906112 41407 98
4 338 10000 17888 1100 3847140 101327 184
343 273 10000 17674 100001 3729062 219980 16579
288 233 10001 17994 560 3904121 45060 98
126 295 10000 17793 250 3800121 149086 48
221 340 10000 18005 180 3908390 41380 37
202 148 10000 17919 10000 3863751 86243 1660
352 81 10000 17972 1100 3892432 58823 184
236 325 10000 18007 1870 3909043 43154 316
61 82 10000 18008 1100 3910338 41985 184
379 106 10000 18006 560 3908975 44794 98
70 116 10000 18010 1870 3912390 42003 316
351 383 10000 17918 250 3862797 92026 48
190 320 10000 18015 560 3915520 40900 98
156 36 10000 17423 400000 3612166 344945 66306
262 290 10000 18016 1100 3916127 41101 184
140 286 10000 18018 180 3917040 40474 37
46 65 10000 17028 400000 3409830 549352 66306
359 113 10000 18020 1100 3917802 41468 184
19 10 10000 18065 900 3939026 20322 152
369 251 10000 17997 1870 3905732 55331 316
158 353 10000 18025 900 3920393 41042 152
290 332 10000 18030 560 3920793 40961 98
10 347 10000 18023 1870 3919546 42553 316
381 312 10000 17967 180 3890085 72068 37
350 334 10000 18026 560 3920476 42657 98
320 55 10000 18029 1870 3920619 43770 316
78 179 10000 18036 560 3923378 41331 98
202 32 10000 17707 100001 3752682 212453 16579
213 360 10000 18039 250 3924736 40754 48
340 113 10000 18041 250 3925707 41381 48
184 59 10000 18046 560 3927136 40801 98
132 65 10000 18035 180 3922842 45126 37
304 0 10000 17692 100001 3740479 228828 16579
255 50 10000 18044 900 3926528 43300 152
264 324 10000 18024 180 3919934 52013 37
97 210 10000 18031 1870 3921767 50438 316
191 226 10000 18048 1870 3930006 42296 316
242 169 10000 18032 900 3921848 50499 152
369 50 10000 18040 1870 3925017 47407 316
158 20 10000 18052 560 3931441 41247 98
84 303 10000 18049 180 3930080 42638 37
121 92 10000 18042 560 3925945 46893 98
253 36 10000 18012 560 3914806 58062 98
125 177 10000 17691 100001 3740085 233565 16579
343 134 10000 18011 1870 3914268 59544 316
346 121 10000 18050 1870 3931186 42684 316
239 131 10000 17399 100001 3598534 375363 16579
16 71 10000 14620 1850000 2246855 1727834 306661
131 317 10000 17965 10000 3889845 85122 1660
257 340 10000 18022 1870 3918984 56606 316
195 38 10000 18057 560 3934195 41522 98
14 360 10000 17964 10000 3889008 86758 1660
350 300 10000 18060 560 3935615 41025 98
125 51 10000 18003 560 3908056 69133 98
336 165 10000 17992 560 3902502 74892 98
399 305 10001 18062 900 3936996 40933 152
337 43 10000 18054 560 3932143 47176 98
143 187 10000 18063 180 3937213 43242 37
253 240 10000 18102 1100 3959651 20872 184
58 378 10000 18059 1100 3935286 45414 184
374 350 10000 18066 900 3939731 41129 152
311 328 10000 17985 10000 3897488 85184 1660
46 305 10000 18017 1870 3916160 66854 316
52 394 10000 18067 900 3941328 42414 152
22 271 10000 17714 100001 3757916 226985 16579
147 121 10000 17717 100001 3760180 225307 16579
131 321 10000 18073 560 3944696 41104 98
53 56 10000 17578 400000 3685080 301280 66306
124 120 10000 18107 1870 3965088 21330 316
330 126 10000 18068 560 3941731 44938 98
368 84 10000 18079 250 3946904 41171 48
241 171 10000 18038 900 3923617 64647 152
62 193 10000 15904 1850000 2853001 1135320 306661
259 319 10000 18078 1100 3946665 41970 184
296 205 10000 18075 1870 3945015 45004 316
60 302 10000 16275 1850000 3027042 963051 306661
49 177 10000 18051 250 3931231 59470 48
392 54 10000 18061 250 3936316 54519 48
343 131 10000 18070 560 3943419 47711 98
224 90 10000 18087 900 3950781 41346 152
37 370 10000 16912 400000 3351605 640818 66306
22 277 10000 12195 10000000 1055544 2936929 1657602
247 76 10000 17902 10000 3857387 135469 1660
310 272 10000 17705 100001 3752454 242641 16579
306 6 10000 18089 560 3955565 40950 98
146 208 10000 17930 10000 3872597 124111 1660
378 279 10000 18084 250 3949098 48108 48
47 67 10000 18085 3160 3949520 47952 531
265 137 10000 17977 10000 3894499 103053 1660
21 258 10000 18093 900 3956525 41161 152
390 233 10000 18072 180 3943732 54239 37
276 175 10000 18074 3160 3944896 53756 531
130 108 10000 18099 250 3957973 41163 48
176 334 10000 18082 560 3948764 50734 98
94 228 10000 18088 560 3954435 45270 98
29 6 10000 18094 560 3956613 43651 98
174 97 10000 18103 250 3959795 40899 48
165 43 10000 18105 560 3960801 40556 98
312 12 10000 18100 1870 3959207 43278 316
124 92 10000 14500 1850000 2191471 1811172 306661
325 242 10000 18104 180 3960564 42386 37
164 282 10000 18092 3160 3956357 46987 531
388 294 10000 17769 100001 3788371 216717 16579
111 250 10000 18021 10000 3918349 88071 1660
89 398 10000 18076 560 3945394 62693 98
184 187 10000 18141 180 3986676 21865 37
296 301 10000 18111 560 3968055 40667 98
209 342 10000 17993 10000 3902721 106987 1660
286 328 10000 18108 1870 3967166 42730 316
172 205 10000 18096 900 3957618 52353 152
106 342 10000 18101 1870 3959615 50727 316
340 218 10000 18112 900 3969322 41086 152
19 15 10001 18143 1870 3989209 21283 316
204 369 10000 17996 10000 3905433 105581 1660
313 100 10000 18116 180 3971975 40735 37
20 371 10000 18114 1870 3971001 42706 316
150 317 10000 18119 560 3973384 40682 98
156 244 10000 16457 1850000 3123354 890997 306661
380 8 10000 18019 10000 3917729 96726 1660
108 170 10000 18053 10000 3931444 83640 1660
98 197 10000 18123 560 3974607 40961 98
350 207 10000 18055 10000 3932203 85040 1660
97 24 10000 18033 10000 3921930 95378 1660
21 130 10000 18125 250 3976864 40494 48
367 254 10000 17803 100001 3805190 212878 16579
243 62 10000 18080 1870 3947203 71691 316
21 96 10000 18126 1870 3977308 41760 316
33 131 10000 18127 1870 3977660 42287 316
129 13 10000 18117 3160 3972115 49494 531
63 15 10000 17813 100001 3810286 212537 16579
247 186 10000 18120 1100 3973533 50174 184
280 56 10000 18133 180 3983496 40929 37
303 284 10000 18122 180 3974573 49973 37
283 351 10000 18136 560 3985085 41211 98
273 257 10000 18034 180 3922123 104248 37
62 8 10000 18135 250 3984108 44354 48
158 222 10000 18140 3160 3986082 42508 531
146 307 10000 18071 10000 3943543 86897 1660
346 52 10000 18144 900 3989842 42128 152
194 265 10000 18134 250 3984026 48799 48
296 319 10000 18148 1100 3991149 41713 184
348 248 10000 18146 3160 3990272 43179 531
346 399 10000 18145 1870 3989871 43810 316
53 309 10000 18142 250 3988902 44810 48
323 235 10000 18028 10000 3920596 113292 1660
118 131 10000 18139 560 3986016 47974 98
376 150 10000 17770 100001 3788381 245782 16579
268 203 10000 18154 180 3994031 40947 37
326 234 10000 18131 1870 3982325 54234 316
102 85 10000 18151 1100 3992706 43860 184
12 367 10000 18155 1870 3995214 42608 316
332 144 10001 18147 250 3990929 47168 48
395 383 10000 18199 560 4017765 20490 98
353 368 10000 17844 100001 3825140 214118 16579
247 278 10000 18137 1870 3985744 55066 316
37 288 10000 18138 180 3985837 56632 37
156 42 10000 18163 560 4001299 41337 98
371 369 10001 18158 10000 3996934 46157 1660
341 20 10000 17952 560 3882882 161225 98
108 395 10000 18166 180 4002018 42283 37
203 298 10000 16360 1850000 3069666 975660 306661
52 279 10000 18170 1100 4004301 41274 184
349 164 10000 18160 1100 4000432 45630 184
392 377 10000 18173 900 4005217 41516 152
142 185 10000 18171 900 4004647 42529 152
199 147 10000 14165 1850000 2042862 2004785 306661
136 84 10000 18175 3160 4005985 42137 531
186 299 10000 18152 560 3993049 55364 98
385 95 10000 17805 100001 3805580 243271 16579
304 229 10000 18178 560 4007998 40868 98
299 168 10000 18172 900 4004709 45448 152
195 194 10000 18064 100001 3938767 111598 16579
33 70 10000 18167 1870 4002492 48332 316
15 1 10000 18215 560 4027612 23614 98
54 119 10000 18180 560 4010707 40577 98
207 271 10000 18043 10000 3926373 126108 1660
234 66 10000 17975 10000 3893494 159336 1660
99 71 10000 18176 560 4006034 46856 98
269 313 10000 18183 1870 4011666 41728 316
17 346 10000 18113 10000 3970372 83332 1660
347 296 10000 18185 1100 4011942 41850 184
361 307 10000 18179 180 4010606 43384 37
335 226 10000 18177 250 4007399 47068 48
245 108 10000 18095 10000 3957610 96928 1660
376 19 10000 18047 10000 3927303 127295 1660
2 341 10000 18189 180 4013866 40904 37
348 325 10000 18191 560 4014361 40774 98
238 32 10000 18188 250 4013661 41588 48
221 188 10000 17814 100001 3810391 245051 16579
195 11 10000 18194 180 4015502 40531 37
376 103 10000 17777 100001 3791823 264270 16579
11 125 10000 15935 1850000 2868073 1188559 306661
41 240 10000 18118 10000 3973120 83653 1660
219 226 10000 18196 900 4016363 40941 152
252 46 10000 18195 900 4016242 41454 152
45 311 10000 18200 560 4017835 41439 98
242 92 10000 18184 180 4011898 47850 37
34 88 10000 18197 1870 4017551 44033 316
230 7 10000 18201 1870 4019719 42363 316
229 177 10000 18205 560 4021705 40468 98
355 329 10000 18187 560 4013299 50308 98
155 0 10000 18202 900 4020973 43413 152
301 55 10000 18209 180 4023055 41469 37
381 278 10000 18182 1100 4011261 53856 184
353 111 10000 18129 10000 3980381 84821 1660
41 314 10000 18157 1100 3996456 69315 184
110 140 10000 18211 3160 4023764 43215 531
98 259 10000 18128 10000 3977902 90334 1660
200 145 10000 18216 1870 4028055 41903 316
97 392 10002 18207 1100 4022081 48610 184
251 244 10000 18266 560 4050926 20354 98
314 274 10000 17900 100001 3856832 215059 16579
296 113 10000 18222 900 4032097 41025 152
227 387 10001 18225 250 4033953 40746 48
239 287 10000 17651 400000 3720685 354980 66306
130 372 10000 18150 10000 3992180 83730 1660
311 76 10001 18221 560 4031707 44505 98
67 46 10000 18204 560 4021518 55180 98
223 367 10000 18226 900 4034391 42428 152
393 152 10000 18229 1100 4035928 41030 184
322 312 10000 18132 250 3983244 94039 48
333 35 10000 18234 180 4037971 40480 37
312 81 10001 16774 1850000 3283730 795184 306661
170 120 10000 18231 1100 4036629 42883 184
79 114 10000 18236 560 4038058 42210 98
261 386 10000 18198 180 4017710 63365 37
250 178 10000 18213 560 4026003 55357 98
135 257 10000 18210 1100 4023351 58206 184
207 297 10000 18098 10000 3957954 123924 1660
238 357 10000 18162 1870 4001077 81046 316
321 200 10000 18181 1870 4010834 72132 316
371 321 10000 18240 900 4039927 43209 152
306 394 10000 18244 180 4041996 41150 37
355 72 10000 18223 250 4033374 50255 48
237 277 10000 18124 560 3975993 108149 98
6 138 10000 18159 10000 3997992 87146 1660
4 341 10000 16054 1850000 2924247 1161271 306661
303 169 10000 18203 560 4021329 64220 98
143 71 10000 18246 900 4043107 42528 152
195 288 10000 18224 900 4033949 51891 152
205 20 10000 18252 900 4045295 40939 152
331 186 10000 18247 560 4043452 42816 98
131 239 10000 18255 250 4045954 40933 48
140 59 10000 17909 100001 3860317 226746 16579
306 139 10000 18169 10000 4003861 83508 1660
334 377 10000 18230 560 4036065 51761 98
218 392 10000 18250 180 4044988 42858 37
144 32 10000 18253 900 4045648 42684 152
130 356 10000 18260 250 4048412 40751 48
128 227 10000 18208 1100 4022322 67753 184
207 64 10000 18106 10000 3961256 128939 1660
287 214 10000 18263 560 4049543 40691 98
206 125 10000 18239 900 4039608 50849 152
168 347 10000 18243 250 4041639 49740 48
395 130 10000 18262 900 4049350 43413 152
343 177 10001 18268 1100 4050979 41985 184
51 389 10000 18233 1100 4037611 55500 184
168 381 10000 17597 400000 3692112 402465 66306
331 141 10000 18258 560 4047152 47757 98
334 65 10000 18256 250 4046023 48952 48
367 55 10000 18168 10000 4003336 91939 1660
331 314 10000 18276 1100 4054627 41908 184
333 327 10000 18325 560 4073904 23043 98
314 158 10000 18281 900 4056277 41023 152
56 347 10000 17411 400000 3607232 490078 66306
197 286 10000 18278 3160 4055596 42228 531
311 273 10000 18280 900 4055893 42770 152
76 109 10000 18290 900 4058438 40832 152
222 339 10000 18285 250 4057945 41451 48
159 302 10000 18293 900 4059101 40724 152
285 127 10000 18288 560 4058363 41498 98
206 291 10000 17460 400000 3632751 467218 66306
136 139 10000 18339 560 4079424 20745 98
127 162 10000 18289 1870 4058417 41831 316
379 136 10001 18267 1100 4050951 49300 184
83 370 10000 18298 250 4060018 40481 48
200 276 10000 18296 560 4059601 41715 98
372 249 10000 18271 1870 4052518 49545 316
208 308 10000 18297 3160 4059720 42812 531
352 291 10001 18249 250 4044770 58974 48
241 127 10000 18261 560 4048749 55029 98
255 40 10000 18227 900 4035100 68787 152
334 62 10000 15883 1850000 2841599 1262868 306661
235 338 10000 18273 3160 4053410 51151 531
111 211 10000 18286 900 4058012 46637 152
122 36 10000 18299 180 4060412 44801 37
364 333 10000 18306 180 4064220 41042 37
225 220 10000 18347 560 4084212 21346 98
166 309 10000 18270 1100 4051802 54093 184
357 45 10000 18287 180 4058225 48114 37
28 201 10000 18309 560 4066199 41222 98
127 363 10000 18212 10000 4024547 84482 1660
78 4 10000 18312 1100 4067355 42258 184
313 307 10000 18359 900 4088895 20802 152
375 364 10000 18344 900 4082322 27509 152
125 94 10000 18283 1100 4057298 52878 184
328 263 10000 18311 3160 4066934 43336 531
125 311 10001 18294 1100 4059387 51759 184
90 30 10000 18310 180 4066660 44860 37
320 103 10000 18315 1870 4069091 42961 316
394 322 10000 18320 180 4070636 41521 37
59 300 10000 16840 1850000 3318841 793694 306661
359 262 10000 18319 250 4070318 42271 48
5 236 10000 18307 560 4064729 48585 98
293 157 10000 18318 1870 4069970 43346 316
27 289 10000 18248 180 4043772 70717 37
161 46 10000 18301 1100 4061571 53065 184
259 330 10000 18323 900 4073459 41698 152
104 316 10000 18313 560 4067942 47624 98
55 176 10000 15454 1850000 2625290 1490894 306661
131 214 10000 18321 250 4071455 44952 48
75 79 10000 18305 1870 4062685 53928 316
189 296 10000 17991 100001 3901454 215516 16579
85 5 10000 18304 1870 4062319 54810 316
391 394 10000 18235 900 4038041 79207 152
248 325 10000 18275 3160 4054421 62828 531
214 184 10000 18329 180 4076509 40892 37
33 237 10000 18332 560 4078107 41487 98
355 232 10000 18220 10000 4030988 88865 1660
6 304 10000 17970 100001 3892225 228953 16579
243 68 10000 18343 180 4080975 40918 37
97 78 10000 18218 10000 4029187 92878 1660
137 56 10000 16917 1850000 3352460 769934 306661
121 361 10000 18338 3160 4079375 43036 531
82 60 10000 17577 400000 3684540 438011 66306
171 266 10000 18314 900 4068617 54000 152
140 209 10000 18330 1870 4076646 46186 316
296 73 10000 18342 1870 4080482 42819 316
345 380 10000 18291 900 4058817 64603 152
18 298 10000 18217 560 4028318 95224 98
58 383 10000 18219 10000 4030908 92722 1660
201 299 10000 18241 10000 4040506 83441 1660
187 254 10000 18238 10000 4038779 86025 1660
297 44 10000 18349 1100 4085306 40828 184
399 322 10000 18352 900 4085793 40966 152
46 328 10001 15727 1850000 2772359 1354457 306661
174 46 10000 18013 100001 3915216 211967 16579
59 333 10000 18351 560 4085666 41538 98
89 166 10000 18259 3160 4047385 79847 531
79 225 10000 18350 1100 4085474 42520 184
387 219 10000 18346 560 4082777 45564 98
58 319 10000 18237 10000 4038778 89933 1660
240 29 10000 17422 100001 3612111 516863 16579
36 317 10001 18355 560 4086736 42323 98
227 305 10000 18357 180 4088654 40566 37
213 170 10000 18341 1870 4080096 49810 316
198 353 10000 18367 560 4090903 40525 98
307 124 10000 18363 900 4090057 41742 152
339 382 10000 18340 900 4079990 52977 152
90 28 10000 17565 100001 3678200 455916 16579
220 252 10000 18265 10000 4050741 83709 1660
256 269 10000 18376 180 4094301 40538 37
180 261 10001 18362 900 4089835 45056 152
148 231 10000 18370 560 4091385 44404 98
223 161 10000 18361 900 4089577 46469 152
147 326 10000 18380 180 4095406 40996 37
216 155 10000 18368 180 4091008 47070 37
24 377 10000 17743 100001 3772701 365813 16579
229 97 10000 18274 10000 4054216 84624 1660
157 5 10000 18384 900 4096846 42213 152
2 80 10000 18381 1870 4095744 43546 316
172 65 10000 18386 1870 4098093 41754 316
101 102 10000 18423 560 4119484 20368 98
32 299 10000 18385 1100 4097106 43298 184
186 206 10000 18388 560 4098664 42652 98
17 311 10000 18391 1100 4100654 40977 184
260 256 10001 18389 560 4100327 41418 98
6 237 10000 18390 1100 4100593 41754 184
399 217 10000 18392 900 4100908 41710 152
164 297 10000 18366 560 4090498 52265 98
28 341 10000 18369 3160 4091129 51688 531
380 106 10000 18373 1100 4093190 50369 184
152 279 10000 18037 100001 3923573 220614 16579
360 258 10000 18371 560 4092044 52396 98
290 135 10000 18331 1870 4077443 67287 316
260 146 10000 18394 1870 4101788 42986 316
321 149 10000 18303 3160 4062296 82515 531
53 86 10000 10186 10000000 93614 4051199 1657602
244 374 10000 18395 180 4102011 43732 37
194 343 10000 18358 1100 4088883 57565 184
252 299 10000 18282 10000 4057245 90011 1660
383 29 10000 18401 1870 4105606 41990 316
146 34 10000 18398 180 4102926 44730 37
24 75 10000 17795 100001 3801827 345965 16579
344 300 10001 18399 3160 4103154 45070 531
374 190 10000 18406 560 4108311 40591 98
207 337 10000 15646 1850000 2731224 1419969 306661
175 192 10000 18404 180 4107584 43667 37
343 48 10000 17755 400000 3780471 370989 66306
264 261 10000 18455 250 4132774 20490 48
65 189 10000 18402 560 4105645 47781 98
207 248 10000 18410 560 4112310 41119 98
355 389 10000 18405 1100 4107597 45853 184
336 248 10001 18308 10000 4065883 88520 1660
247 381 10000 18327 3160 4075999 78529 531
181 351 10000 18295 560 4059456 95418 98
322 399 10000 18272 900 4053342 101579 152
241 252 10000 18097 100001 3957885 198130 16579
356 268 10000 18397 250 4102195 53975 48
34 116 10000 18413 560 4114281 43027 98
109 6 10000 18415 180 4114887 42454 37
61 285 10000 18284 180 4057679 101618 37
349 254 10000 18416 900 4115429 44226 152
341 34 10000 18165 560 4001946 157884 98
243 395 10000 18420 180 4118842 41575 37
215 366 10000 18334 3160 4078455 82962 531
163 0 10001 18427 180 4121665 40596 37
314 115 10000 18426 900 4121070 41401 152
17 347 10000 18419 900 4118138 45107 152
256 237 10000 18336 10000 4078976 84498 1660
177 131 10000 18422 3160 4119422 44264 531
242 149 10000 18429 1870 4122749 42037 316
155 119 10000 18430 560 4123445 41576 98
91 141 10000 18424 1870 4119982 45474 316
118 55 10000 12538 10000000 1232191 2933354 1657602
43 9 10000 18433 900 4124487 41105 152
96 368 10000 18434 1100 4125322 41179 184
311 248 10000 18437 560 4126107 41104 98
162 263 10000 18441 560 4126826 40741 98
13 114 10000 18439 180 4126236 41371 37
283 254 10000 18432 3160 4124487 43662 531
363 184 10000 18442 180 4126973 41371 37
142 217 10000 18436 180 4125537 43046 37
155 167 10000 18447 560 4128013 41282 98
169 371 10000 18449 180 4129077 40737 37
338 288 10000 18360 900 4089201 80963 152
22 258 10000 18086 100001 3950061 221182 16579
370 336 10000 16942 1850000 3363022 808376 306661
273 328 10000 18372 560 4092750 79277 98
259 144 10000 18451 250 4130202 42217 48
240 267 10000 18418 1100 4117080 56342 184
113 203 10000 18452 180 4130267 43933 37
389 80 10000 16240 1850000 3011447 1163347 306661
358 83 10000 18453 900 4130470 45184 152
4 29 10000 18375 180 4093941 83387 37
358 9 10000 18457 250 4133015 46299 48
80 388 10000 18377 10000 4094583 85244 1660
21 20 10000 18326 100001 4074299 105608 16579
398 130 10000 18443 560 4127297 52838 98
202 107 10000 18466 900 4137205 43126 152
347 128 10000 18464 3160 4136870 43640 531
288 243 10001 18378 3160 4095205 86056 531
163 258 10000 18462 1870 4136626 44772 316
23 303 10000 18469 560 4141446 41143 98
398 351 10000 18467 1870 4140504 42253 316
197 24 10000 18460 1870 4135303 47459 316
335 264 10000 18471 560 4142689 42429 98
103 341 10000 18403 1100 4106773 79293 184
54 154 10000 18435 560 4125372 61317 98
210 378 10000 18479 180 4145891 41441 37
69 39 10000 18476 900 4145540 42426 152
282 365 10001 18477 1870 4145627 42387 316
12 134 10000 16312 1850000 3046207 1141916 306661
22 226 10000 18483 560 4148421 41636 98
204 337 10000 18458 560 4133541 56565 98
159 162 10000 18485 900 4149087 41105 152
303 1 10000 18408 900 4110538 79880 152
171 71 10000 18486 250 4149120 41512 48
286 77 10000 18448 900 4128285 62949 152
383 159 10000 18472 180 4142850 48620 37
85 259 10000 18440 3160 4126381 65368 531
313 270 10000 18484 560 4148779 43690 98
79 339 10000 14678 1850000 2273822 1918792 306661
397 350 10000 18491 560 4151090 41575 98
389 384 10000 18489 10000 4150310 43435 1660
258 25 10000 18153 10000 3993542 201906 1660
212 283 10000 18481 1100 4147106 48878 184
359 137 10000 16282 1850000 3031937 1164072 306661
264 97 10000 18492 1870 4154603 41589 316
372 274 10000 18493 250 4156462 41680 48
220 119 10000 18300 10000 4061086 137174 1660
353 297 10000 18494 1870 4157376 41953 316
190 322 10000 18502 900 4159597 41875 152
159 18 10000 17625 400000 3711807 489897 66306
301 219 10000 18501 560 4159425 42733 98
228 271 10000 18507 1100 4161322 41410 184
67 169 10000 18475 560 4145528 57956 98
61 7 10000 18511 1100 4162694 40956 184
220 188 10000 18505 1870 4160435 43550 316
12 153 10000 18503 3160 4159715 46414 531
109 196 10000 18516 900 4164659 41599 152
268 139 10000 18269 10000 4051104 155484 1660
338 27 10000 18461 560 4135567 71048 98
78 252 10000 18500 560 4159198 47511 98
281 115 10000 18512 3160 4163029 43683 531
32 28 10000 18563 560 4186124 20759 98
284 370 10000 18463 180 4136824 70163 37
316 241 10000 18515 900 4164130 43015 152
384 95 10000 18431 560 4123454 83899 98
355 255 10000 16102 1850000 2946405 1261225 306661
254 220 10000 17929 400000 3872432 335338 66306
40 195 10000 18459 250 4134918 73059 48
162 176 10000 18521 10000 4165949 42107 1660
395 221 10000 17960 400000 3887500 320989 66306
200 307 10000 18522 250 4166621 42667 48
282 276 10000 18524 900 4168026 42321 152
347 180 10000 16997 1850000 3397827 812898 306661
305 327 10000 18161 100001 4000703 210468 16579
158 49 10000 18527 1870 4168784 43543 316
268 245 10000 18454 900 4130920 81579 152
179 168 10000 18561 900 4185421 28121 152
145 370 10000 18531 560 4172443 41221 98
277 337 10000 18525 560 4168136 45593 98
324 320 10000 18578 250 4192423 21634 48
233 268 10000 18438 10000 4126178 88929 1660
46 95 10000 18536 900 4174412 40866 152
73 151 10000 18532 560 4172644 42916 98
382 396 10000 18468 250 4141243 75054 48
254 362 10000 18446 10000 4127867 88945 1660
248 320 10000 18520 900 4165917 51125 152
96 182 10000 18539 560 4176024 41187 98
251 16 10000 18526 1870 4168488 48746 316
7 269 10000 18407 10000 4109697 108318 1660
273 297 10000 17182 1850000 3483448 734979 306661
258 354 10000 18193 10000 4014653 204928 1660
4 187 10000 17654 100001 3722210 498091 16579
188 148 10000 18544 900 4179071 41243 152
258 299 10001 18174 10000 4005724 215114 1660
389 370 10000 18546 560 4179262 42049 98
118 317 10000 18549 250 4181401 41002 48
9 127 10000 18537 560 4175888 46543 98
327 87 10000 18547 1870 4180610 42720 316
345 158 10000 18497 900 4158122 65278 152
396 70 10000 18548 560 4181354 42648 98
262 203 10000 18465 10000 4137164 87344 1660
256 175 10000 18550 1870 4181465 43162 316
307 235 10000 18557 560 4184141 40513 98
240 301 10000 18555 180 4183361 41559 37
71 294 10000 18556 560 4184106 40846 98
22 303 10000 18540 1870 4176568 48671 316
195 267 10000 18558 900 4184294 42378 152
165 338 10000 18559 900 4184925 42674 152
19 187 10000 18560 1870 4185077 43359 316
145 236 10000 18564 1100 4186843 41674 184
87 214 10000 18566 250 4188551 40495 48
291 234 10000 18567 560 4188903 41003 98
379 243 10000 18554 1870 4182721 48523 316
55 65 10000 15556 1850000 2680911 1551095 306661
165 298 10000 18517 1100 4164982 67596 184
279 141 10000 18569 1870 4190130 42985 316
197 98 10000 18576 180 4191761 42187 37
161 121 10000 18579 900 4192626 41502 152
370 328 10000 18570 3160 4190175 44235 531
150 363 10000 18581 560 4194155 40730 98
18 154 10000 18534 180 4173059 62389 37
380 303 10000 18574 1870 4191160 44919 316
105 163 10000 18565 1870 4187020 49425 316
115 39 10000 18582 900 4194230 42243 152
333 145 10000 18109 100001 3967590 269235 16579
115 134 10000 18568 1870 4189156 47822 316
96 75 10000 18584 180 4196388 40655 37
184 241 10001 18580 3160 4193428 43703 531
326 366 10000 18587 250 4198151 40469 48
101 126 10000 18571 1100 4190268 49144 184
158 87 10000 18585 1870 4197322 42163 316
238 315 10000 18575 560 4191537 47975 98
1 129 10000 18589 250 4198901 41109 48
211 8 10000 18588 900 4198649 42965 152
179 127 10000 17010 1850000 3403860 838424 306661
112 188 10000 18496 10000 4158065 84988 1660
270 235 10000 18421 3160 4118969 125837 531
280 301 10000 18214 100001 4027480 217598 16579
1 306 10000 18595 900 4203716 42425 152
299 243 10000 18597 900 4204989 41183 152
215 84 10000 18506 900 4160767 85549 152
89 231 10000 18510 560 4162573 83772 98
256 55 10000 17681 400000 3732704 514338 66306
99 375 10000 18601 560 4206712 41145 98
243 292 10000 18593 180 4203340 44732 37
318 28 10000 18600 900 4206683 41726 152
338 95 10000 18518 900 4165004 83407 152
211 251 10000 16910 1850000 3349888 898846 306661
60 379 10000 18606 560 4208398 41149 98
248 299 10000 18186 100001 4013231 236586 16579
235 344 10000 18608 250 4209307 40526 48
263 317 10000 17416 400000 3609916 640794 66306
183 164 10000 18611 560 4209620 41392 98
365 128 10000 18594 1100 4203673 47412 184
12 366 10001 18615 560 4211414 40956 98
3 393 10000 18599 3160 4206034 46369 531
317 300 10000 18655 180 4233169 20092 37
137 23 10000 18598 1100 4205786 48126 184
380 392 10000 18660 250 4234024 20114 48
179 313 10000 13446 1850000 1668605 2585702 306661
279 119 10001 18624 900 4214970 41742 152
191 281 10000 18625 1100 4215681 41402 184
346 32 10000 18613 3160 4210894 46815 531
262 285 10000 17675 400000 3729804 527957 66306
118 281 10000 18535 10000 4173179 84688 1660
119 125 10000 18629 560 4218374 41187 98
65 208 10000 18206 100001 4021723 238224 16579
316 277 10000 16624 1850000 3216859 1043227 306661
146 277 10000 18614 900 4211020 49261 152
40 296 10000 15676 1850000 2744018 1516363 306661
321 384 10000 15122 1850000 2468884 1791512 306661
233 145 10000 18542 10000 4177198 84591 1660
302 83 10001 18632 560 4219996 41951 98
158 216 10000 18634 560 4221144 41914 98
0 258 10000 18631 560 4219398 43947 98
143 45 10000 18279 100001 4055733 208580 16579
22 297 10000 18538 10000 4175988 89046 1660
243 372 10000 18533 10000 4172906 92487 1660
335 389 10000 18639 560 4225188 40816 98
394 67 10000 18605 900 4208132 58490 152
290 157 10000 18635 560 4221215 45454 98
14 135 10000 18641 1100 4225550 41317 184
100 128 10000 18637 560 4223740 43686 98
329 366 10000 18633 560 4220835 47005 98
21 87 10000 18644 560 4227282 40738 98
154 179 10000 18627 560 4217792 50338 98
218 268 10000 18245 100001 4042380 226356 16579
234 273 10000 18645 1870 4227460 41831 316
0 21 10000 18647 180 4229624 40699 37
47 315 10000 18552 900 4181625 88704 152
130 128 10000 18695 180 4248821 23228 37
16 196 10000 18562 10000 4185841 87255 1660
7 241 10002 18652 560 4231886 42251 98
102 126 10000 18661 1100 4234434 41528 184
13 170 10000 18658 900 4233777 42544 152
40 5 10001 17954 100001 3885195 391380 16579
396 145 10000 18659 1870 4233996 43559 316
79 338 10000 18663 180 4236399 41203 37
369 307 10000 18656 560 4233232 45262 98
275 347 10000 18669 250 4237546 41056 48
212 189 10000 17937 400000 3875590 403606 66306
1 127 10000 18640 180 4225477 53962 37
88 331 10000 16471 1850000 3130644 1148828 306661
224 214 10000 18671 900 4238209 41375 152
360 338 10000 18672 560 4238610 41103 98
132 267 10001 18626 560 4217283 62695 98
203 364 10000 18058 400000 3934360 345778 66306
37 387 10000 18665 560 4236492 44546 98
234 46 10000 18586 10000 4197398 84860 1660
380 233 10000 18676 900 4241357 41965 152
275 385 10000 18675 1870 4241030 42852 316
91 347 10000 18679 1100 4242951 40987 184
220 208 10000 18682 560 4243720 41071 98
192 256 10000 18677 3160 4241398 43413 531
94 257 10000 18001 400000 3906677 378373 66306
95 213 10000 18687 180 4245366 41486 37
239 186 10000 18684 1870 4244219 42757 316
143 373 10000 18680 560 4242997 44116 98
182 323 10000 18686 560 4244923 42574 98
161 69 10000 18662 180 4234872 52628 37
365 375 10000 18678 560 4242849 44840 98
179 154 10000 18690 180 4246335 41831 37
19 399 10000 18694 180 4247907 40482 37
28 278 10000 18650 560 4231353 57296 98
285 192 10000 18692 560 4247530 41566 98
117 46 10000 18693 560 4247862 41793 98
139 135 10000 18553 100001 4182491 107622 16579
135 210 10000 18689 900 4246165 45257 152
126 33 10000 16001 1850000 2899306 1392702 306661
125 244 10000 18697 180 4249489 42563 37
244 48 10000 16399 1850000 3090521 1201775 306661
277 59 10000 18702 560 4252729 40826 98
81 377 10000 18703 1100 4253165 41555 184
341 102 10000 18488 900 4150238 144749 152
233 341 10000 18706 900 4254272 40884 152
318 279 10000 18707 900 4254357 40806 152
159 18 10001 18701 560 4252107 43279 98
5 226 10000 18711 180 4256222 40284 37
39 246 10000 18710 900 4256052 40937 152
40 346 10000 18696 3160 4248843 48374 531
278 125 10000 18646 900 4228317 69179 152
176 310 10000 18713 180 4256964 40756 37
187 343 10000 18708 1870 4255696 42085 316
242 274 10000 18603 10000 4207416 90616 1660
228 150 10000 18700 560 4251666 46678 98
139 289 10000 18714 560 4257187 41276 98
180 204 10000 18705 900 4253719 45073 152
53 325 10000 18716 250 4257655 41487 48
279 96 10000 18529 10000 4169755 129958 1660
32 223 10000 18528 10000 4169741 130185 1660
6 355 10000 18623 10000 4214895 85916 1660
28 189 10000 18592 10000 4202326 98489 1660
89 336 10000 18617 1100 4211655 89401 184
65 375 10000 18328 100001 4076413 225317 16579
263 14 10000 16078 1850000 2936717 1367859 306661
11 159 10000 18348 100001 4084868 219788 16579
57 103 10001 18727 1100 4263889 40880 184
22 262 10000 18728 1100 4264334 41411 184
138 265 10000 18733 560 4265081 40679 98
16 157 10000 16777 1850000 3284964 1020872 306661
225 265 10001 18726 3160 4262927 42925 531
312 393 10000 18730 900 4264481 41523 152
188 335 10000 18712 1870 4256910 49235 316
362 170 10000 18732 900 4264697 41889 152
98 245 10000 18720 1870 4259192 48257 316
312 359 10000 18636 10000 4221474 85985 1660
258 186 10000 18630 560 4218607 89600 98
3 2 10000 18781 900 4288169 20872 152
281 155 10000 18354 100001 4086646 222621 16579
338 147 10000 18610 180 4209606 99696 37
364 327 10000 18731 560 4264523 44894 98
384 208 10000 18583 1100 4195904 113762 184
161 352 10000 18740 1100 4268258 41640 184
193 398 10000 18741 180 4268627 41293 37
43 393 10000 18744 900 4269614 41307 152
72 214 10000 18628 10000 4217813 93127 1660
56 100 10000 18750 560 4270643 41118 98
236 170 10000 18643 10000 4226820 85060 1660
280 142 10000 18739 560 4268109 44108 98
218 183 10000 18745 900 4269721 42584 152
293 340 10001 18751 560 4272184 40591 98
284 114 10000 18752 900 4272559 41084 152
165 246 10000 18724 180 4260924 52855 37
165 116 10000 18719 1100 4258649 55625 184
194 142 10000 18738 1870 4268027 46665 316
126 185 10000 18541 180 4176993 138188 37
0 333 10000 18374 100001 4093382 222500 16579
39 20 10000 18798 1870 4294858 21136 316
200 210 10000 18802 1100 4295433 20635 184
109 77 10000 18757 1870 4274201 42968 316
132 309 10000 18718 3160 4258630 58560 531
382 164 10001 18604 560 4207807 109625 98
108 216 10000 18400 100001 4103519 214155 16579
83 99 10000 18609 100001 4209469 108792 16579
169 192 10000 16874 1850000 3333036 985851 306661
392 3 10000 18763 180 4279060 41218 37
379 336 10000 17749 400000 3776061 544595 66306
322 16 10000 17569 400000 3680788 639925 66306
45 25 10000 18765 900 4280020 41142 152
357 121 10000 18768 560 4280827 40696 98
118 38 10000 18735 3160 4266716 55090 531
123 296 10000 18766 1100 4280360 42235 184
347 192 10000 18770 1870 4281201 42818 316
144 184 10000 18773 3160 4282651 42173 531
379 289 10000 18759 180 4274309 51409 37
306 339 10000 18776 560 4284608 41186 98
211 272 10000 18651 1100 4231543 94724 184
388 272 10000 18764 1100 4279913 46432 184
74 389 10000 18618 10000 4211882 114660 1660
361 269 10000 18746 1100 4269884 56690 184
320 344 10000 18754 180 4272830 54686 37
212 32 10000 18664 10000 4236431 91194 1660
289 163 10000 18729 1870 4264431 64443 316
104 227 10000 18264 100001 4050731 279479 16579
322 100 10000 18654 560 4232545 97702 98
237 310 10000 17302 1850000 3545773 784589 306661
229 314 10000 18767 1100 4280630 49833 184
186 10 10000 18782 560 4288293 42952 98
253 29 10000 18317 100001 4069495 262044 16579
222 299 10000 18743 1100 4269191 63316 184
172 128 10000 18653 10000 4232487 101888 1660
28 352 10000 18688 10000 4245993 89316 1660
76 217 10000 18699 10000 4251315 84265 1660
249 328 10000 18795 900 4294427 41553 152
189 21 10000 18797 180 4294727 41284 37
247 197 10000 18799 560 4294992 41472 98
12 208 10000 18803 560 4295631 40841 98
181 350 10000 17969 100001 3892194 444316 16579
362 14 10000 18800 560 4294997 41838 98
137 154 10000 18783 560 4288642 48427 98
239 298 10000 18806 560 4296218 40899 98
317 154 10001 18784 560 4289214 47962 98
83 7 10000 18794 250 4294217 43413 48
14 288 10000 18786 1870 4289616 48232 316
187 340 10000 18811 900 4297169 41727 152
125 168 10000 18805 3160 4296205 43487 531
25 196 10000 18814 560 4298325 41634 98
43 268 10000 18815 1100 4299013 41826 184
238 67 10000 16009 1850000 2902915 1437980 306661
124 334 10000 18816 560 4300037 41502 98
236 205 10000 18820 180 4300684 40926 37
131 214 10001 18813 1870 4298323 43691 316
165 150 10000 18817 900 4300142 42076 152
275 231 10000 18808 3160 4296636 46441 531
358 325 10000 18417 100001 4116866 226306 16579
111 15 10000 18788 250 4290794 52651 48
165 95 10000 18819 1870 4300660 42805 316
66 19 10000 16711 1850000 3256332 1088057 306661
347 121 10000 18821 900 4301447 43098 152
75 89 10000 18737 900 4267587 77425 152
337 341 10000 18822 560 4301609 44556 98
132 154 10000 18804 250 4295969 51266 48
288 22 10000 18749 1870 4270433 76872 316
98 332 10000 18828 900 4306242 41287 152
365 381 10000 18365 100001 4090075 258021 16579
351 353 10000 18849 900 4319650 29211 152
1 74 10000 18824 1870 4302046 47514 316
293 97 10000 18830 560 4308732 41780 98
168 43 10000 18831 1870 4308913 42430 316
132 239 10000 18832 560 4310256 41155 98
62 54 10000 18837 180 4311011 41152 37
335 89 10000 18834 1100 4310648 41580 184
183 334 10000 18836 1100 4310715 41864 184
398 277 10000 18838 1100 4311682 41028 184
265 320 10000 18004 400000 3908320 445654 66306
381 130 10000 18772 1870 4281817 74159 316
393 147 10000 18778 560 4285927 70854 98
222 384 10000 18829 1870 4308338 48709 316
122 350 10000 18844 1100 4316359 40989 184
261 307 10000 17266 1850000 3526153 832554 306661
263 364 10000 18846 560 4317226 41702 98
389 188 10000 18164 100001 4001316 358024 16579
245 384 10000 18761 10000 4275119 86255 1660
6 198 10000 18450 100001 4129931 232029 16579
199 288 10000 18657 560 4233573 128423 98
390 211 10000 18747 1100 4269897 92648 184
79 66 10000 16373 1850000 3077516 1285172 306661
146 313 10001 18850 560 4320687 42040 98
88 338 10000 18848 560 4319069 43858 98
270 386 10000 18704 10000 4253249 110362 1660
75 192 10000 16504 1850000 3150832 1213239 306661
379 110 10000 18854 560 4321987 42421 98
56 357 10000 18769 10000 4281126 83793 1660
108 0 10000 18853 900 4321966 43873 152
248 236 10000 18683 10000 4243921 123128 1660
171 337 10000 18857 900 4326314 41277 152
157 119 10000 18861 560 4326945 40757 98
127 224 10000 18495 100001 4157828 210549 16579
385 194 10000 14633 1850000 2255075 2113731 306661
144 98 10000 18862 900 4328018 40814 152
274 79 10000 18775 10000 4284095 84860 1660
93 351 10000 18856 1870 4326278 42907 316
21 135 10000 18833 1870 4310428 59743 316
91 100 10000 18859 1870 4326548 44107 316
218 325 10001 18456 100001 4132791 238808 16579
259 399 10000 18818 3160 4300183 71769 531
151 296 10000 18867 560 4331561 41413 98
294 52 10000 18789 10000 4291147 85082 1660
299 213 10000 18870 1100 4334581 41789 184
83 30 10000 18791 10000 4291956 85229 1660
71 104 10000 18872 900 4335899 41583 152
175 118 10000 18779 10000 4286638 91081 1660
254 336 10000 17935 100001 3874437 503438 16579
119 304 10000 18792 10000 4293525 84690 1660
101 8 10000 18787 10000 4289910 89572 1660
337 328 10000 18909 560 4358369 21577 98
40 293 10000 18736 10000 4267377 112979 1660
114 185 10000 18721 10000 4260703 120512 1660
335 199 10000 18881 560 4340643 41007 98
308 296 10000 18876 560 4338127 44255 98
232 222 10000 18885 900 4344416 37981 152
117 307 10000 18874 900 4337020 46545 152
197 17 10000 18474 100001 4143188 240419 16579
176 113 10000 18878 560 4339345 44560 98
58 347 10000 18875 1870 4337850 46653 316
247 357 10000 18879 250 4339424 46310 48
167 320 10001 18886 560 4344757 41199 98
122 41 10000 18823 10000 4301911 84313 1660
364 24 10000 18480 100001 4146623 240132 16579
16 176 10000 18887 250 4345838 40967 48
4 270 10000 18866 560 4330892 56100 98
47 107 10000 18027 400000 3920507 468465 66306
303 280 10001 18845 250 4316591 72445 48
250 279 10000 18790 180 4291630 97656 37
55 286 10000 18890 1100 4348096 41536 184
65 390 10000 18825 10000 4302617 87439 1660
178 45 10000 18758 10000 4274240 116181 1660
187 11 10000 18826 10000 4305107 85440 1660
234 385 10000 18877 180 4338646 52123 37
75 211 10000 16754 1850000 3275847 1117459 306661
250 79 10000 18774 900 4283375 111071 152
159 68 10000 18898 560 4354998 40428 98
253 172 10000 18840 10000 4312169 85440 1660
218 11 10000 18906 560 4356820 40820 98
34 288 10000 18482 100001 4147440 250320 16579
236 96 10000 18896 560 4353858 44077 98
47 179 10000 18110 400000 3967630 430799 66306
191 75 10000 17101 1850000 3447788 950648 306661
68 288 10000 18901 3160 4355584 43261 531
338 283 10000 18793 1100 4294076 105249 184
191 155 10000 18897 900 4354192 47033 152
32 366 10000 18895 560 4353758 47551 98
297 268 10000 15206 1850000 2505745 1895643 306661
300 146 10000 18911 3160 4358500 43087 531
9 47 10000 18902 1870 4355590 46043 316
53 59 10000 18955 900 4381006 20634 152
233 95 10000 18316 100001 4069106 332871 16579
159 243 10000 18914 1870 4359168 42885 316
370 398 10000 18910 560 4358457 44525 98
274 57 10000 18917 900 4362221 40897 152
170 267 10000 18871 900 4335028 68415 152
157 144 10000 18958 900 4383231 20621 152
82 22 10000 18882 900 4341736 62831 152
137 339 10000 18922 1100 4365077 41083 184
356 396 10000 18921 1100 4363265 42919 184
83 230 10001 18523 100001 4167754 239124 16579
285 141 10000 18915 1100 4359587 47524 184
48 84 10000 18919 1100 4363024 44586 184
145 121 10000 17230 1850000 3508265 900248 306661
323 328 10000 18889 10000 4347870 61380 1660
209 74 10000 18926 1100 4368446 44044 184
349 320 10000 18930 1100 4371347 41256 184
356 96 10000 18903 1100 4355768 57632 184
94 245 10000 18865 900 4329263 84516 152
153 47 10000 18884 900 4343781 70990 152
298 97 10000 18935 1870 4372860 42466 316
320 32 10000 18445 100001 4127845 287635 16579
322 254 10000 18864 1870 4328393 87287 316
80 280 10000 18928 560 4370865 45819 98
377 244 10000 18941 250 4376079 40691 48
43 35 10000 18932 900 4372468 44928 152
35 97 10000 18337 400000 4079142 338674 66306
28 278 10001 18940 1100 4376033 41804 184
219 103 10000 18942 250 4376335 41992 48
47 154 10000 18945 1100 4377715 40988 184
66 91 10001 18892 250 4352540 66446 48
42 342 10000 18383 400000 4096068 322967 66306
326 42 10000 18944 1100 4377605 41625 184
136 341 10000 18801 10000 4295012 124275 1660
300 394 10000 18948 560 4378203 41535 98
334 248 10000 18607 100001 4208687 211057 16579
184 49 10000 18947 560 4378193 41827 98
282 370 10000 18949 180 4378240 41948 37
141 142 10000 18508 10000 4161979 258259 1660
192 177 10000 18953 180 4379809 40526 37
20 373 10000 18931 1100 4371939 48808 184
269 366 10000 18577 100001 4192345 230629 16579
38 125 10000 18957 250 4381802 41503 48
322 194 10000 18873 250 4336720 87039 48
289 232 10000 16637 1850000 3224935 1199386 306661
216 312 10000 18924 560 4366830 57515 98
353 222 10000 18959 560 4383905 40675 98
108 126 10000 18961 180 4385310 40620 37
184 214 10000 18962 1100 4385322 40772 184
282 94 10000 18939 180 4375270 50882 37
382 238 10000 18642 10000 4225766 201327 1660
311 283 10000 18960 3160 4384027 43618 531
246 244 10000 19001 560 4407455 20214 98
260 227 10000 18963 1870 4386507 41969 316
196 207 10001 18965 560 4387917 40701 98
284 133 10000 18964 1870 4387321 42468 316
14 145 10000 18967 180 4388765 41102 37
267 36 10000 18954 560 4380614 49394 98
266 132 10000 18969 900 4389196 41282 152
205 75 10000 18973 180 4390223 41105 37
15 350 10000 18971 900 4389810 41780 152
0 108 10000 18974 180 4391302 40818 37
391 374 10000 17112 1850000 3452885 979737 306661
178 351 10001 18972 560 4390093 43031 98
241 390 10000 18936 560 4373404 59790 98
362 85 10000 18979 560 4393429 40901 98
12 155 10000 18353 400000 4086610 347757 66306
310 361 10000 18891 10000 4350602 83794 1660
42 50 10000 19020 1100 4415102 20815 184
164 385 10000 18927 1100 4369250 68749 184
153 376 10000 18982 180 4395307 42975 37
6 99 10000 18894 10000 4352787 85771 1660
262 313 10000 18937 250 4373503 65959 48
397 356 10000 18980 560 4394291 45403 98
130 217 10000 18904 10000 4355809 84171 1660
337 23 10000 18968 1870 4388928 51243 316
292 308 10000 18835 180 4310693 131219 37
118 47 10000 18993 560 4402587 40815 98
344 126 10000 18992 900 4402559 41227 152
12 72 10000 18913 10000 4359064 85841 1660
349 341 10000 19037 250 4424844 20350 48
290 399 10000 18994 560 4402606 43861 98
115 79 10000 18987 1870 4398876 47663 316
17 292 10000 18996 1870 4405029 41794 316
134 16 10000 18984 250 4397005 50408 48
235 234 10001 19042 900 4427477 20322 152
158 34 10000 19003 250 4408423 40605 48
233 334 10000 18920 10000 4363263 86405 1660
5 159 10000 19004 3160 4408427 42624 531
4 38 10000 19002 560 4408342 42975 98
109 277 10000 18596 100001 4204217 249796 16579
9 262 10000 19013 900 4412929 41176 152
98 214 10000 18999 1100 4406692 47525 184
246 44 10000 19011 1100 4411920 42555 184
41 29 10000 19012 3160 4412548 42204 531
58 144 10001 19017 560 4413955 40913 98
179 281 10000 18681 100001 4243657 211281 16579
184 146 10000 19014 560 4412969 42334 98
104 256 10000 19018 560 4414694 42210 98
114 307 10000 19016 900 4413833 43130 152
154 58 10000 18938 10000 4373644 84445 1660
178 201 10000 19005 900 4408568 49941 152
325 90 10000 18946 250 4377857 80707 48
216 213 10000 19075 900 4438093 20758 152
369 224 10000 19024 560 4416796 42371 98
103 97 10000 16623 1850000 3216820 1242735 306661
86 164 10000 19023 560 4415993 43699 98
43 264 10000 18933 10000 4372685 87322 1660
330 311 10000 19007 1870 4409993 51164 316
30 153 10000 19026 900 4418183 43434 152
68 46 10000 19027 1870 4419681 42713 316
194 73 10000 19028 560 4420646 42018 98
363 327 10000 19031 560 4422568 40842 98
353 189 10000 19032 560 4422635 40867 98
22 60 10000 18951 10000 4379296 84766 1660
154 196 10000 19029 1870 4422028 42120 316
56 224 10001 19034 560 4422908 41658 98
337 93 10000 18666 100001 4236908 228065 16579
75 306 10000 19039 180 4425380 40536 37
349 120 10000 19036 900 4424628 41526 152
197 291 10000 19040 560 4426141 41434 98
108 310 10000 19035 900 4423407 44321 152
138 288 10000 19033 1870 4422755 45476 316
268 26 10000 18981 3160 4395208 74636 531
21 140 10000 19044 1870 4428266 41914 316
178 34 10000 19046 180 4428716 41649 37
298 124 10000 19045 560 4428491 42623 98
58 118 10000 18934 900 4372719 98629 152
341 152 10000 18839 180 4311759 159998 37
318 214 10000 19051 560 4431455 41411 98
370 384 10000 19054 560 4431963 41264 98
323 293 10000 19009 560 4410896 62479 98
82 42 10000 18292 400000 4059035 414341 66306
144 163 10000 19055 900 4432267 41113 152
119 291 10000 18722 100001 4260708 213622 16579
249 121 10000 19053 250 4431755 42804 48
254 47 10000 18709 100001 4255775 218956 16579
392 173 10000 19059 900 4433811 41634 152
395 336 10000 19056 560 4433039 42619 98
222 342 10000 19061 1870 4433832 42008 316
215 255 10000 18997 1870 4405462 70412 316
177 164 10000 19100 900 4454988 21174 152
69 364 10000 19065 1870 4434406 42355 316
367 237 10000 19071 180 4436495 40506 37
216 107 10000 19064 250 4434178 42960 48
222 271 10000 19057 560 4433125 44136 98
249 105 10001 17047 1850000 3417714 1059651 306661
219 397 10000 19062 1100 4434059 43839 184
308 396 10000 12874 10000000 1391332 3086858 1657602
257 57 10001 18977 10000 4392477 86265 1660
64 47 10000 18748 100001 4269983 209312 16579
62 347 10000 18970 10000 4389651 89921 1660
74 184 10000 19077 900 4438857 40832 152
312 228 10000 19074 180 4437590 42765 37
65 163 10000 19049 1870 4431300 49473 316
386 219 10000 19058 900 4433600 49493 152
350 306 10000 19052 1100 4431711 51748 184
198 368 10000 19078 560 4441203 42910 98
52 143 10000 19069 900 4436308 48310 152
165 82 10000 19079 1870 4442481 42195 316
261 275 10000 19073 10000 4436995 47827 1660
392 103 10000 19081 560 4444420 41021 98
261 386 10001 18753 100001 4272651 214111 16579
2 309 10000 19090 250 4448572 40277 48
151 180 10000 18277 400000 4055018 434207 66306
389 27 10000 19088 560 4448058 41347 98
380 282 10000 19091 560 4449074 41052 98
330 147 10001 18725 100001 4261824 228362 16579
167 4 10000 19084 1870 4447111 43104 316
55 324 10000 19083 180 4445927 45637 37
198 149 10000 19085 3160 4447583 45222 531
229 161 10000 19094 900 4452058 40831 152
227 96 10000 19082 900 4445818 47888 152
324 307 10000 19097 900 4453744 41263 152
184 310 10000 19101 180 4455249 40700 37
86 40 10000 19060 900 4433826 62936 152
330 190 10000 16849 1850000 3321782 1175004 306661
125 13 10000 19102 180 4455744 41288 37
48 53 10000 19141 180 4476965 20092 37
338 122 10000 18056 400000 3933639 564686 66306
107 245 10000 19105 900 4457096 42512 152
254 255 10000 19149 900 4478987 20791 152
271 344 10000 19103 3160 4456425 43387 531
111 15 10001 18989 10000 4400432 100725 1660
101 241 10000 18530 100001 4172230 329405 16579
161 77 10000 19109 900 4461185 41016 152
326 197 10000 19008 10000 4410773 91945 1660
57 301 10000 19110 1100 4461401 41481 184
99 336 10000 19108 1100 4460456 42616 184
109 269 10000 19112 900 4461961 41280 152
390 331 10000 19066 180 4435651 68860 37
156 84 10000 19114 900 4463966 41697 152
229 72 10000 19120 900 4466641 41154 152
380 362 10000 19098 250 4453979 53828 48
33 368 10000 18785 100001 4289457 219042 16579
174 357 10000 19117 3160 4465884 42702 531
372 106 10000 19119 1870 4466538 42335 316
96 270 10000 19124 560 4468575 41226 98
19 337 10000 18771 100001 4281433 228634 16579
270 213 10000 19086 560 4447717 62666 98
115 356 10000 19125 560 4468660 42958 98
309 64 10000 19130 560 4471687 40853 98
377 396 10000 19038 10000 4425134 87462 1660
169 176 10000 19177 1100 4492599 20604 184
112 302 10000 19128 1870 4470717 43033 316
86 123 10000 19115 900 4463978 50076 152
92 278 10000 19121 560 4467153 47136 98
329 1 10000 19107 250 4460293 54667 48
144 211 10000 19129 250 4471503 43573 48
351 226 10000 19092 560 4449518 65575 98
19 13 10000 19184 560 4494521 20740 98
130 289 10000 19048 10000 4431011 84749 1660
180 112 10000 19134 1870 4473814 42412 316
152 335 10000 19135 560 4474658 41705 98
85 40 10000 19095 560 4452218 64478 98
71 309 10000 19041 10000 4426621 91301 1660
282 3 10000 19143 250 4477242 40709 48
228 363 10000 19127 3160 4469922 48556 531
148 283 10000 19140 1870 4476918 41814 316
182 199 10000 18990 100001 4401231 117949 16579
323 212 10000 18966 10000 4388325 130885 1660
138 362 10000 18827 100001 4306070 214483 16579
12 98 10000 19070 10000 4436442 84280 1660
319 332 10000 19150 900 4479681 41124 152
5 202 10000 19139 900 4476785 44128 152
150 270 10000 16028 1850000 2910070 1611335 306661
368 275 10000 19145 900 4477463 44125 152
56 71 10001 18807 100001 4296221 225690 16579
375 234 10000 19021 900 4415260 106800 152
242 384 10000 19153 900 4481000 41366 152
166 314 10000 17167 1850000 3477866 1045754 306661
155 303 10000 19063 10000 4434094 90377 1660
114 385 10000 19155 900 4483237 41379 152
11 329 10000 19159 250 4485277 41149 48
14 292 10000 19126 560 4469325 57646 98
258 101 10000 18156 100001 3995339 533451 16579
100 14 10000 19164 560 4487666 41326 98
163 63 10001 19157 900 4483736 45329 152
301 329 10000 19151 1100 4479777 51303 184
291 345 10000 18755 100001 4273804 257300 16579
49 131 10000 19167 1870 4489486 41670 316
270 80 10000 19136 1870 4475197 57434 316
282 356 10000 19168 560 4489732 43159 98
289 168 10000 19165 1870 4488876 45184 316
58 3 10000 16155 1850000 2969301 1564986 306661
10 198 10000 19181 180 4493319 41116 37
8 273 10000 19166 560 4489302 45274 98
271 76 10000 19180 900 4493295 41314 152
108 215 10000 19174 560 4491911 43020 98
75 193 10000 19173 1870 4491814 43867 316
378 29 10000 19176 560 4492407 44091 98
197 309 10000 19190 900 4496308 40708 152
325 216 10000 19179 3160 4493253 44019 531
215 316 10000 19152 180 4480243 60725 37
125 170 10000 17462 1850000 3632909 908108 306661
362 118 10000 19195 900 4499492 41735 152
139 190 10000 19198 900 4500599 41529 152
157 48 10001 19196 560 4500053 42461 98
22 175 10000 19186 560 4495027 47792 98
56 251 10000 19197 3160 4500090 43010 531
184 269 10000 19200 1870 4500668 42883 316
321 198 10000 19201 560 4502527 41096 98
228 298 10000 18860 100001 4326821 217314 16579
230 326 10000 18673 100001 4238632 307302 16579
93 21 10000 19192 180 4496971 49325 37
60 216 10000 19187 560 4495345 51082 98
166 145 10000 19188 1100 4495403 51244 184
253 147 10000 19207 1100 4505924 41046 184
10 27 10000 19206 1100 4505781 41544 184
6 330 10000 19208 560 4505949 42052 98
86 52 10000 19203 180 4504540 43472 37
90 72 10000 19178 560 4493091 55723 98
380 331 10000 19204 560 4505649 43792 98
72 121 10000 18621 400000 4212990 336496 66306
17 360 10000 19212 1100 4508513 41870 184
272 264 10000 19258 1870 4529428 21810 316
193 167 10000 19210 560 4506815 45091 98
199 293 10001 19043 250 4427930 124652 48
156 370 10000 18880 100001 4340215 212933 16579
167 155 10000 18851 100001 4321657 231525 16579
360 250 10000 19220 900 4511473 42608 152
9 260 10000 19221 900 4512232 41927 152
358 170 10000 19205 560 4505688 48969 98
307 332 10000 19222 560 4512591 42488 98
270 21 10000 19172 180 4491209 63899 37
277 198 10000 19231 560 4516091 40645 98
191 327 10000 18490 400000 4150328 406722 66306
38 54 10000 19214 900 4509507 47870 152
224 80 10000 19229 560 4515767 41871 98
363 341 10000 19228 560 4515672 41968 98
101 390 10000 19225 560 4514691 43208 98
344 32 10000 19230 560 4515812 42148 98
163 241 10000 18412 400000 4113719 444279 66306
211 252 10000 19224 1100 4513711 45265 184
345 61 10000 19158 900 4485014 74021 152
285 133 10000 19227 250 4515224 44048 48
183 301 10001 19223 180 4513297 46002 37
195 129 10003 19160 1870 4486113 73291 316
358 22 10000 19235 180 4518442 41077 37
58 275 10000 18868 100001 4332192 229118 16579
6 211 10000 19239 180 4520763 40952 37
293 180 10000 19133 10000 4472560 89897 1660
204 384 10000 19025 10000 4417723 145663 1660
221 320 10000 19156 560 4483596 80366 98
391 275 10000 19137 10000 4475263 88974 1660
190 373 10000 19244 560 4523342 41220 98
328 366 10000 19242 1100 4522222 42638 184
145 292 10000 19247 560 4524951 40591 98
54 4 10000 19216 560 4510338 55448 98
310 324 10000 19233 1870 4517790 49230 316
294 351 10000 19245 1870 4524298 42742 316
375 317 10000 19096 1870 4452423 115071 316
172 385 10000 19250 180 4526294 41338 37
186 49 10000 19252 560 4527367 41383 98
239 127 10000 19253 560 4527665 41157 98
121 79 10000 19218 1870 4510471 58631 316
224 375 10000 18545 400000 4179200 389970 66306
70 186 10000 19237 560 4519701 50233 98
144 238 10000 19260 250 4530226 41292 48
70 319 10000 19256 900 4529192 42735 152
140 42 10001 19261 900 4531335 41159 152
99 197 10000 18900 100001 4355517 217254 16579
352 311 10000 19118 180 4466070 107294 37
134 230 10000 19226 560 4514697 58777 98
279 247 10000 19257 3160 4529272 44777 531
81 389 10000 19249 3160 4525473 48617 531
255 117 10000 19213 1870 4508654 65569 316
254 81 10000 19263 1100 4531842 42812 184
354 104 10000 19265 180 4534078 41172 37
61 219 10000 19255 900 4528817 46797 152
170 307 10000 19264 250 4534016 41814 48
40 276 10000 19122 900 4468135 107946 152
378 171 10000 18918 100001 4362422 213754 16579
63 354 10000 19171 10000 4490021 86969 1660
111 315 10000 18842 100001 4315510 261523 16579
254 70 10000 19161 10000 4486260 90827 1660
66 7 10000 19169 10000 4489885 87547 1660
112 121 10000 18616 400000 4211604 365965 66306
229 392 10000 19271 900 4537465 40850 152
102 166 10000 19269 180 4536796 42089 37
330 38 10000 19259 1100 4530212 48913 184
174 161 10000 19267 10000 4536252 43105 1660
258 276 10000 19104 560 4456978 123104 98
109 31 10000 19189 10000 4495707 85174 1660
394 333 10000 19183 10000 4493779 87680 1660
219 198 10000 15694 1850000 2755309 1826548 306661
110 51 10000 19275 560 4541188 40682 98
181 316 10000 19215 1100 4509526 72355 184
1 99 10000 18591 400000 4201441 381414 66306
101 6 10000 18257 400000 4046392 536603 66306
135 176 10000 19240 900 4521543 61651 152
323 250 10000 18734 100001 4266254 317570 16579
177 36 10000 19278 1870 4541855 43225 316
347 158 10000 18908 100001 4357504 227739 16579
37 241 10000 19276 560 4541215 44261 98
340 85 10000 19285 1100 4544203 41614 184
157 320 10000 19282 3160 4543075 43425 531
359 297 10000 19284 180 4543998 43888 37
109 306 10000 19289 900 4547064 41018 152
15 374 10000 19290 1100 4547114 42301 184
237 1 10000 19262 560 4531449 58434 98
278 175 10000 19162 10000 4486552 103428 1660
14 25 10000 19273 1870 4537953 52297 316
342 51 10000 19292 250 4549675 40631 48
198 132 10000 19294 900 4549937 40843 152
27 194 10000 19241 560 4522140 70018 98
368 42 10000 19279 1870 4542065 50143 316
44 75 10000 18923 100001 4365692 226733 16579
159 303 10000 19286 3160 4545462 47110 531
56 134 10000 14601 1850000 2238311 2356589 306661
73 105 10000 19295 180 4551999 44084 37
94 203 10000 19274 560 4539233 57402 98
183 349 10000 18893 100001 4352763 244219 16579
142 29 10000 19301 1870 4555601 41670 316
287 188 10000 19277 1870 4541545 57171 316
367 87 10000 19299 560 4553755 45147 98
173 102 10000 19297 900 4553333 47424 152
279 220 10000 19303 250 4558466 42586 48
363 331 10000 19305 900 4561565 41224 152
399 16 10000 19307 560 4562477 40722 98
319 228 10000 17623 1850000 3710369 893210 306661
42 162 10000 19310 1870 4563298 42255 316
389 269 10000 19302 900 4557730 48020 152
96 139 10000 19312 560 4564861 41006 98
287 245 10000 19300 900 4555237 51275 152
228 166 10000 18925 100001 4368341 238192 16579
305 349 10000 19293 250 4549876 57359 48
282 97 10000 19314 1870 4565960 43028 316
202 300 10000 19320 250 4569027 40903 48
383 261 10000 19324 560 4570128 40847 98
131 220 10000 19316 1870 4567231 44572 316
380 159 10001 19311 560 4564219 48210 98
49 151 10000 19322 1870 4569652 43219 316
264 242 10000 19328 900 4571439 41898 152
246 45 10001 19323 900 4569784 43827 152
165 53 10001 18991 100001 4401293 212705 16579
189 297 10000 19329 1870 4571905 42256 316
79 355 10000 19326 1870 4571117 43109 316
390 125 10000 17829 400000 3818732 796603 66306
15 34 10000 19331 1100 4573227 43154 184
101 292 10000 19327 560 4571189 46183 98
9 142 10000 19335 250 4576166 41493 48
60 37 10000 19332 1870 4574636 43032 316
269 101 10000 19154 10000 4483214 136403 1660
67 35 10000 19334 560 4575275 44584 98
182 234 10000 19266 10000 4535482 85664 1660
349 249 10000 19343 560 4580342 41050 98
20 358 10000 19338 180 4577024 44493 37
144 224 10000 19347 560 4582216 40881 98
69 378 10000 19351 900 4583257 40911 152
314 191 10000 19022 100001 4415443 208874 16579
393 399 10000 19397 180 4604623 20123 37
369 61 10000 19318 1100 4568098 56695 184
98 357 10000 16601 1850000 3207867 1418396 306661
124 219 10000 19352 900 4584149 42755 152
377 4 10001 19280 10000 4542286 84890 1660
49 293 10000 19236 10000 4519377 107836 1660
133 359 10001 19340 900 4578173 49107 152
46 44 10000 19376 900 4595948 33403 152
278 156 10000 19346 900 4582026 49874 152
48 154 10000 19366 250 4591588 40542 48
239 149 10000 19342 1870 4579376 52807 316
49 134 10000 19364 900 4591042 41390 152
56 77 10000 19367 560 4591688 40819 98
298 394 10000 19362 180 4590311 42434 37
276 278 10000 19403 900 4606770 26928 152
138 281 10000 19363 3160 4590829 44295 531
328 263 10001 19375 560 4594834 40452 98
65 264 10000 17669 1850000 3727697 908049 306661
239 59 10000 19372 560 4593341 42971 98
183 344 10000 18648 400000 4230507 405969 66306
314 264 10000 19377 560 4596346 40496 98
74 84 10000 19349 560 4582408 55892 98
73 243 10000 19270 10000 4537080 101528 1660
40 374 10000 19131 560 4472078 166566 98
242 226 10001 19383 900 4597766 41606 152
258 187 10000 19209 250 4506423 133114 48
239 359 10000 19381 1870 4597545 41998 316
197 3 10000 19382 1100 4597611 42099 184
78 300 10000 19359 560 4588691 51110 98
375 281 10000 19248 560 4525378 115352 98
137 298 10000 19387 560 4600554 40891 98
376 157 10000 19371 180 4593168 48289 37
112 346 10001 19388 900 4601167 41510 152
192 272 10000 19394 180 4603108 40916 37
208 251 10000 19304 10000 4559051 85148 1660
313 281 10000 19389 1870 4601622 43005 316
111 333 10000 19386 180 4599730 45094 37
118 187 10000 16876 1850000 3333812 1311024 306661
229 386 10000 19296 10000 4552907 91937 1660
222 369 10000 19369 180 4592191 52711 37
44 165 10000 19354 1870 4587121 58169 316
132 360 10000 19401 900 4605907 40840 152
5 126 10000 19050 100001 4431304 215809 16579
330 61 10001 19370 900 4593070 55741 152
94 163 10000 19281 10000 4542753 106453 1660
158 235 10000 19407 900 4608676 40644 152
151 333 10000 19405 900 4608071 41274 152
137 321 10000 19408 560 4609097 40681 98
202 95 10000 19398 3160 4604806 45095 531
158 314 10000 19409 180 4609688 40593 37
161 60 10000 19411 180 4610015 41032 37
228 105 10000 19384 560 4598019 53196 98
37 166 10000 16781 1850000 3286884 1364896 306661
281 398 10000 19319 10000 4568535 83780 1660
178 273 10000 14344 1850000 2120155 2532902 306661
217 86 10000 19378 560 4596762 56357 98
242 54 10000 19417 180 4614641 40349 37
45 359 10000 19392 1870 4601913 53363 316
147 137 10000 19413 3160 4613064 42260 531
47 86 10000 19410 3160 4609779 45686 531
304 117 10000 19399 3160 4604977 51842 531
326 58 10000 19421 900 4615131 41703 152
101 363 10000 19420 1870 4614951 42003 316
8 74 10000 19419 900 4614853 42433 152
113 246 10000 19423 560 4617339 40837 98
41 150 10000 19395 560 4604335 54390 98
72 53 10000 19416 1100 4614295 44577 184
33 144 10000 19047 100001 4429070 230533 16579
153 126 10000 19425 1100 4618078 41764 184
194 135 10001 19406 560 4608369 51505 98
119 26 10000 19427 560 4618436 42424 98
176 55 10000 19432 900 4620177 41209 152
29 208 10000 19333 250 4574877 86588 48
287 286 10000 19448 180 4629365 32348 37
57 251 10000 19430 3160 4619602 43045 531
98 90 10000 19474 250 4644494 20596 48
387 144 10001 18723 100001 4260791 405565 16579
335 306 10000 19443 560 4625311 41170 98
125 55 10000 19345 10000 4581620 85744 1660
275 276 10000 19219 100001 4510577 157267 16579
379 180 10000 19442 560 4624995 43572 98
121 41 10000 19446 1870 4626915 42656 316
276 157 10000 19291 10000 4547634 122847 1660
325 202 10000 19435 560 4621500 49678 98
150 365 10000 19440 180 4623427 47996 37
101 256 10000 19449 3160 4629527 42018 531
175 300 10000 19450 560 4629848 41913 98
104 295 10000 19437 1870 4622412 49376 316
386 192 10000 19358 10000 4588389 85032 1660
356 198 10000 19454 1100 4632726 40946 184
390 45 10000 19268 10000 4536752 137497 1660
231 68 10000 19441 560 4624893 49701 98
275 218 10000 19348 180 4582367 92254 37
101 213 10000 19456 1870 4633069 42082 316
226 3 10000 19113 100001 4463325 211855 16579
284 31 10000 19365 10000 4591540 83936 1660
396 166 10000 19455 560 4632963 43006 98
41 362 10000 19344 10000 4581046 95088 1660
185 379 10000 19436 250 4621687 54526 48
26 53 10000 18619 100001 4212067 464322 16579
334 321 10000 19451 10000 4631200 45406 1660
128 327 10000 17292 1850000 3540656 1136107 306661
43 280 10000 19458 1870 4634659 42245 316
215 151 10000 19453 1100 4631682 46388 184
7 174 10000 19460 1870 4638536 41833 316
391 361 10000 18810 400000 4297040 383684 66306
17 30 10000 19463 560 4639433 41384 98
131 134 10000 19515 560 4660213 20726 98
28 134 10000 19462 180 4639044 42571 37
277 220 10000 19465 560 4640939 40928 98
236 80 10000 19414 1870 4613800 68523 316
297 356 10000 19466 560 4641495 41714 98
37 362 10000 19470 900 4641934 41540 152
399 351 10000 19385 10000 4598472 85961 1660
293 303 10000 19467 250 4641602 43004 48
101 103 10001 19469 10000 4641806 43916 1660
225 268 10000 19325 10000 4570152 115706 1660
396 131 10000 19099 100001 4454275 231657 16579
154 256 10000 19464 900 4639922 46478 152
23 383 10000 19390 10000 4601627 87197 1660
262 160 10000 19468 3160 4641646 47568 531
366 297 10000 19471 560 4642108 48599 98
357 107 10000 19484 180 4649886 40924 37
385 335 10000 19457 900 4633683 57392 152
253 231 10000 19482 560 4649446 42139 98
307 359 10000 19380 10000 4597486 96112 1660
59 294 10000 19480 560 4648454 45178 98
90 170 10000 19147 100001 4478468 215406 16579
91 16 10000 19489 560 4651977 41986 98
7 213 10000 19492 250 4652375 41635 48
101 59 10000 19494 180 4652643 41530 37
27 32 10000 18988 100001 4398878 295365 16579
194 367 10000 19487 560 4651055 43926 98
238 47 10000 19396 10000 4604532 90616 1660
4 290 10000 18777 400000 4285843 409939 66306
182 168 10000 19493 560 4652401 43428 98
294 22 10000 19148 100001 4478660 218271 16579
270 345 10000 19429 3160 4619344 77773 531
66 157 10000 19502 560 4656373 40774 98
281 212 10000 19501 560 4656235 40934 98
197 271 10000 18956 400000 4381135 316737 66306
34 31 10000 19566 560 4679713 20448 98
246 164 10001 19500 180 4655879 44294 37
165 140 10000 19511 250 4659398 40811 48
275 270 10000 19567 560 4679964 20884 98
248 282 10000 19478 900 4647394 53604 152
279 301 10000 19087 100001 4447736 253641 16579
327 192 10000 19496 3160 4654195 47637 531
62 358 10000 15834 1850000 2817048 1885327 306661
235 113 10000 19415 10000 4614205 88481 1660
216 115 10000 17699 1850000 3746986 955821 306661
54 171 10000 19521 180 4663450 40501 37
159 161 10000 19519 250 4662090 42071 48
369 351 10000 19518 1870 4661553 42645 316
176 158 10000 19520 560 4663011 41403 98
259 154 10000 19508 180 4658078 46352 37
359 171 10001 19523 900 4663833 40886 152
369 383 10000 16264 1850000 3023388 1681562 306661
356 167 10000 19524 1100 4664213 41081 184
90 83 10000 19571 3160 4681646 24139 531
164 60 10000 19527 900 4665329 40894 152
359 391 10000 19528 900 4665345 40958 152
36 179 10000 19525 1100 4664707 41648 184
36 245 10000 19526 1870 4664980 42385 316
18 239 10001 19476 900 4645410 62484 152
173 8 10000 19483 3160 4649614 58453 531
39 18 10001 19479 250 4648109 59981 48
99 189 10000 19534 560 4667532 40986 98
376 128 10000 19505 560 4656899 51760 98
3 150 10000 18995 100001 4404225 304476 16579
273 297 10001 19452 560 4631332 77442 98
258 375 10000 18335 100001 4078578 630623 16579
4 178 10000 19475 900 4644550 64745 152
367 169 10000 19535 560 4667606 41769 98
374 142 10000 19193 100001 4499113 210564 16579
317 158 10000 19537 1100 4669065 41004 184
328 184 10000 19542 1100 4669900 41117 184
396 375 10000 19545 180 4670852 40794 37
99 40 10000 19498 900 4654754 56963 152
289 335 10000 16343 1850000 3060665 1651212 306661
15 235 10000 19540 1100 4669628 42461 184
150 132 10000 19544 900 4670401 42056 152
120 301 10000 19445 10000 4626911 85699 1660
249 277 10000 19546 900 4671388 41315 152
220 379 10000 19549 1100 4672376 41695 184
150 38 10000 19551 1870 4674072 42126 316
180 288 10000 17389 1850000 3594273 1121940 306661
135 150 10000 19517 900 4660270 56283 152
270 27 10000 19339 10000 4577437 139840 1660
148 144 10000 19598 900 4696110 21737 152
189 288 10000 19541 250 4669880 48743 48
93 217 10000 19564 250 4678310 40689 48
163 120 10000 19557 1870 4676098 42904 316
239 96 10000 19558 900 4676156 43213 152
262 239 10000 19552 3160 4675286 44608 531
68 3 10000 19565 3160 4678950 42408 531
16 370 10001 19561 1870 4677571 44056 316
98 203 10000 19555 560 4675845 47229 98
368 359 10000 19570 1870 4681085 42015 316
248 366 10000 19559 180 4676524 46806 37
302 264 10000 19572 560 4682174 41262 98
301 65 10000 19575 250 4683633 40425 48
2 325 10000 19554 900 4675586 49927 152
388 204 10000 19550 560 4672658 53573 98
368 373 10000 19620 180 4706551 20553 37
209 173 10000 19538 1870 4669102 58084 316
180 206 10000 19577 560 4686548 41763 98
16 94 10000 19579 560 4687811 40820 98
309 385 10000 19578 560 4687567 41276 98
374 253 10001 19583 560 4688649 40587 98
70 74 10000 19439 100001 4623162 106828 16579
324 115 10000 19581 1870 4687958 42353 316
345 170 10000 19503 560 4656626 74342 98
372 250 10000 19586 900 4690172 40893 152
208 321 10000 19356 10000 4587643 145241 1660
260 370 10000 19587 560 4691220 41675 98
146 39 10000 19461 10000 4638956 94094 1660
32 95 10000 19576 180 4685293 48390 37
337 247 10000 19569 900 4680854 52881 152
366 357 10000 19574 250 4683188 51209 48
294 253 10000 19580 900 4687822 46662 152
135 131 10000 19630 900 4714141 20831 152
58 175 10000 19584 3160 4688851 47064 531
61 392 10000 19593 1100 4695256 40828 184
253 377 10000 19597 560 4695748 41304 98
16 264 10000 19232 100001 4517589 219766 16579
387 98 10000 19530 180 4666023 71504 37
284 263 10000 19251 100001 4526888 210710 16579
3 256 10000 16692 1850000 3247773 1489866 306661
104 87 10000 19163 100001 4487263 250695 16579
123 219 10000 19600 1870 4697359 41523 316
378 347 10000 19601 1100 4697738 41191 184
1 319 10000 19604 900 4699327 40767 152
150 367 10000 19602 180 4698136 43288 37
60 188 10000 19495 10000 4653187 89706 1660
144 190 10000 19254 100001 4528182 214719 16579
375 95 10000 17819 1850000 3811761 931318 306661
96 34 10000 19459 10000 4636688 106410 1660
350 68 10000 19512 10000 4659663 83844 1660
4 117 10000 16369 1850000 3075284 1668321 306661
250 337 10000 19499 560 4655007 88814 98
93 331 10000 19510 10000 4659174 85256 1660
355 288 10000 19607 3160 4701347 43454 531
281 145 10000 19613 1100 4703619 41339 184
371 317 10000 19609 900 4702212 43112 152
18 294 10000 17249 1850000 3517838 1227503 306661
276 366 10000 19610 1100 4702248 44112 184
138 125 10000 19653 3160 4724427 22545 531
243 104 10000 19616 560 4705312 41670 98
77 59 10003 19608 560 4702167 45553 98
391 129 10000 18852 100001 4321804 427117 16579
102 288 10000 19622 1100 4707463 41783 184
53 233 10000 19617 1100 4706240 43302 184
86 249 10000 19588 3160 4691431 60439 531
365 5 10000 17132 1850000 3461116 1291212 306661
87 231 10000 19533 10000 4667439 85056 1660
75 6 10000 19627 560 4710967 41662 98
84 195 10000 19509 1100 4658312 95086 184
303 318 10000 19562 10000 4678137 75787 1660
214 337 10000 19619 1100 4706460 47626 184
272 76 10000 19628 900 4713701 41552 152
171 306 10000 19632 560 4714444 41206 98
57 273 10000 19532 10000 4667030 88953 1660
380 228 10000 19625 560 4710526 45792 98
208 161 10000 19634 250 4715455 41469 48
119 369 10000 19592 1870 4694479 62731 316
301 157 10000 19631 1870 4714215 43363 316
228 342 10000 19030 400000 4422250 336422 66306
323 346 10000 19623 1870 4708258 50877 316
226 279 10001 19639 250 4719010 40422 48
310 120 10000 19633 1870 4715008 44617 316
43 158 10000 19638 560 4718818 40935 98
8 369 10000 19636 1100 4718140 41883 184
229 134 10000 19647 560 4720941 41009 98
5 180 10000 19644 1870 4720559 41659 316
231 215 10000 19643 900 4720552 41824 152
40 302 10000 19536 3160 4668923 94542 531
312 0 10001 19652 250 4723321 40340 48
314 88 10000 19640 900 4719229 44442 152
32 372 10000 17682 1850000 3733365 1031009 306661
379 48 10000 19642 180 4719398 45328 37
298 398 10000 19650 900 4723088 43954 152
220 317 10001 19573 10000 4682825 84390 1660
114 233 10000 19659 560 4726026 41917 98
72 160 10000 19568 3160 4680203 88254 531
1 82 10000 19649 560 4722402 46124 98
375 61 10000 19308 10000 4562574 206121 1660
210 311 10000 19663 250 4728953 40388 48
21 349 10000 19656 1100 4724569 45032 184
330 266 10000 19664 180 4729056 40730 37
147 165 10000 19665 180 4729686 40231 37
345 382 10000 19438 10000 4622751 147328 1660
28 393 10001 19662 1870 4728107 42136 316
183 35 10000 19635 1870 4716641 53656 316
241 340 10000 19585 900 4689992 80970 152
19 269 10000 19666 560 4730224 41139 98
335 385 10000 19646 250 4720722 51791 48
331 232 10000 19669 900 4731469 41116 152
43 271 10000 19668 3160 4730594 41998 531
46 306 10000 18983 400000 4396185 377406 66306
362 383 10000 19674 180 4733556 40184 37
91 394 10000 19673 1100 4733197 41695 184
120 253 10000 19667 900 4730411 44482 152
215 162 10000 19657 1100 4725363 50039 184
371 206 10000 19582 10000 4688557 87132 1660
313 337 10000 12497 10000000 1209268 3566496 1657602
46 266 10000 19612 900 4702969 73047 152
195 84 10000 17817 1850000 3810859 965391 306661
292 243 10000 19447 1870 4628883 147987 316
185 31 10000 19661 900 4727972 50472 152
341 94 10000 19360 250 4588769 190404 48
310 218 10000 19596 10000 4695579 85217 1660
188 343 10000 18543 400000 4177218 603857 66306
394 241 10001 19683 900 4740211 41185 152
313 387 10000 19686 1100 4741307 41357 184
111 65 10000 19675 900 4734433 48809 152
180 30 10000 19689 560 4743018 40877 98
223 169 10000 18379 400000 4095282 689037 66306
394 333 10001 19687 180 4742769 41710 37
249 68 10000 19688 1870 4742997 41523 316
217 156 10000 19589 180 4692145 92422 37
345 293 10000 19624 560 4709105 75466 98
328 249 10000 19682 560 4739546 46195 98
382 206 10000 19246 10000 4524537 262167 1660
332 274 10000 19692 3160 4744706 42651 531
379 167 10001 19684 1870 4740239 47383 316
224 162 10000 19695 900 4746719 41636 152
23 34 10000 19735 1870 4767159 22004 316
209 270 10000 19696 250 4747093 43069 48
101 318 10000 19606 10000 4701153 90210 1660
110 335 10000 19697 1870 4747189 44377 316
388 107 10000 19691 560 4743939 47863 98
222 341 10000 19706 1100 4750910 41202 184
142 255 10000 19702 560 4749752 42955 98
346 130 10000 19350 100001 4583039 210009 16579
171 41 10000 19707 250 4751104 41992 48
218 124 10000 19700 900 4748648 44897 152
179 326 10000 19709 900 4753786 40714 152
31 13 10000 19698 560 4747970 46534 98
292 322 10000 19243 10000 4522789 272496 1660
43 357 10000 19705 1870 4750829 45443 316
23 274 10000 19710 560 4755122 41335 98
146 4 10000 19714 560 4757737 40610 98
57 332 10000 19355 100001 4587618 211164 16579
347 232 10000 19713 900 4757273 42126 152
35 49 10000 19670 180 4731718 68020 37
121 296 10000 19711 560 4755214 45327 98
136 256 10000 19715 1870 4759395 42161 316
390 260 10000 19605 10000 4700816 100781 1660
143 140 10000 19717 10000 4759615 41998 1660
32 101 10000 19357 100001 4588156 213639 16579
76 85 10000 19718 1870 4760083 42050 316
159 355 10000 19720 560 4761215 40952 98
130 42 10000 19719 900 4761017 41315 152
392 26 10000 19704 900 4750582 52387 152
363 146 10000 19637 10000 4718326 84879 1660
325 173 10000 19703 180 4750217 53830 37
289 298 10000 19765 900 4780155 24630 152
351 318 10000 19543 10000 4670362 134680 1660
244 331 10000 19724 1870 4763588 41821 316
186 380 10000 19727 560 4764494 41068 98
153 343 10000 17921 1850000 3864847 940923 306661
360 365 10001 19780 180 4786428 20396 37
317 263 10000 19733 180 4766404 40610 37
372 206 10000 19728 900 4764523 42604 152
151 165 10000 19729 900 4765007 42178 152
316 11 10000 19734 1100 4766514 40955 184
363 23 10000 19626 10000 4710892 97345 1660
147 86 10000 19732 1870 4766324 42126 316
368 67 10000 19336 100001 4576477 232034 16579
192 174 10000 19730 900 4765228 43327 152
118 238 10000 19655 10000 4724524 84315 1660
262 40 10000 19341 100001 4579219 229803 16579
239 188 10000 19726 1870 4764271 45457 316
127 396 10000 19337 100001 4576797 234452 16579
131 347 10000 19368 100001 4592174 219149 16579
230 61 10000 19603 10000 4698343 114277 1660
283 317 10000 19742 1100 4772563 40887 184
196 117 10000 19737 180 4768777 44898 37
257 215 10000 19745 250 4773451 40268 48
149 397 10001 19648 1870 4721285 94181 316
361 243 10000 19725 1870 4763900 52429 316
84 43 10000 19748 180 4775840 40695 37
138 272 10001 19747 900 4775299 41433 152
22 50 10000 19749 560 4776288 40716 98
244 122 10000 19522 10000 4663680 153669 1660
290 8 10000 19671 10000 4731798 85708 1660
10 362 10000 19751 560 4776724 40875 98
5 297 10000 19740 250 4772011 45765 48
228 234 10000 19793 560 4798553 20360 98
218 124 10001 19744 180 4772620 46895 37
20 360 10000 19759 900 4779033 41022 152
105 24 10000 19721 3160 4761385 59167 531
247 377 10000 19756 3160 4778388 42979 531
254 265 10000 19760 900 4779369 42102 152
36 285 10000 19768 250 4780807 40809 48
365 308 10000 19750 560 4776436 45617 98
212 314 10000 19758 1100 4778491 43678 184
271 117 10001 19067 400000 4435931 386626 66306
156 259 10000 19654 10000 4724447 98294 1660
57 326 10000 19769 180 4782024 41052 37
87 12 10000 19757 3160 4778425 45076 531
35 104 10000 19106 400000 4459308 364317 66306
61 374 10000 19774 560 4783945 40428 98
275 272 10000 19791 560 4797837 26705 98
354 336 10000 19770 1870 4782236 42397 316
39 102 10001 19660 10000 4726040 98957 1660
21 181 10000 19766 900 4780332 44713 152
79 306 10000 19775 560 4784042 42844 98
75 69 10000 19746 10000 4773990 53603 1660
236 392 10000 19776 560 4784094 43645 98
75 211 10001 19317 100001 4568051 261501 16579
7 69 10000 19782 560 4789865 40706 98
136 9 10000 19781 250 4789402 41202 48
35 383 10000 19753 560 4777634 54139 98
7 33 10000 19701 10000 4749202 84946 1660
59 280 10000 19783 3160 4789973 44352 531
353 44 10000 19786 180 4792971 41851 37
65 289 10000 19779 250 4786162 50399 48
392 134 10000 16735 1850000 3264627 1572404 306661
215 93 10000 19763 180 4779901 58779 37
228 381 10000 19792 250 4798362 42079 48
239 353 10000 19146 400000 4478128 362351 66306
56 79 10001 19784 900 4792386 48950 152
347 281 10000 19796 1870 4799873 41513 316
114 294 10000 19433 100001 4620507 222242 16579
122 194 10000 19777 250 4784592 58379 48
258 278 10000 16092 1850000 2944233 1899417 306661
325 3 10000 19068 400000 4436089 407952 66306
215 27 10000 19785 3160 4792640 51640 531
133 189 10000 19802 1870 4801796 43325 316
8 188 10000 19434 100001 4620604 225193 16579
91 104 10000 19801 900 4801401 44400 152
339 334 10000 19846 560 4825415 20609 98
266 17 10000 19771 900 4782555 63506 152
122 35 10000 19690 10000 4743875 103223 1660
365 115 10001 19803 900 4802105 46305 152
335 174 10000 19808 1100 4806116 43220 184
167 139 10000 19813 900 4808855 40921 152
40 380 10001 19722 1870 4762721 87377 316
272 116 10000 19723 10000 4763341 86963 1660
3 389 10000 19804 900 4804880 45964 152
28 347 10000 19795 1870 4799088 52423 316
220 210 10000 19810 180 4807739 47503 37
228 290 10000 19819 3160 4813194 43350 531
302 267 10000 19818 1870 4812962 44403 316
55 282 10000 19827 560 4817701 40609 98
215 259 10000 19815 3160 4810214 49066 531
133 284 10000 18322 1850000 4071567 788859 306661
181 112 10000 19676 10000 4735358 125982 1660
192 393 10000 19825 900 4817580 43850 152
52 387 10000 19830 900 4820406 41129 152
385 99 10000 19794 900 4799023 64024 152
269 362 10000 19838 560 4822725 40732 98
333 355 10000 19832 900 4821664 42365 152
182 237 10000 19836 180 4822312 42056 37
88 398 10000 19831 560 4820876 44437 98
268 191 10001 19821 1100 4813975 52066 184
353 219 10001 19424 100001 4617667 248392 16579
99 244 10000 19845 1100 4825336 41194 184
117 6 10000 19823 1870 4816821 50893 316
236 161 10000 19761 10000 4779550 88663 1660
388 93 10000 19738 10000 4769148 99417 1660
106 59 10000 19486 100001 4650641 217990 16579
255 152 10000 19848 1870 4826067 42733 316
4 139 10000 19767 10000 4780371 89657 1660
188 134 10000 19859 250 4830036 40815 48
78 244 10000 19858 180 4829844 41163 37
253 71 10000 19856 180 4829702 41617 37
179 190 10002 19850 1100 4828586 43043 184
288 292 10000 17942 1850000 3878328 993484 306661
190 174 10000 19853 900 4829349 42598 152
381 92 10000 19828 1100 4819202 52882 184
83 321 10000 19854 1870 4829398 43356 316
304 359 10000 19861 180 4831847 41193 37
188 332 10000 19863 180 4832718 40912 37
96 280 10000 19869 560 4834287 40854 98
64 189 10000 19860 250 4831595 44394 48
90 44 10000 19870 560 4834775 41400 98
291 328 10001 19871 560 4835333 40864 98
36 257 10000 19865 250 4833002 43208 48
41 202 10000 19839 1870 4822791 53477 316
162 72 10000 19867 3160 4833817 42537 531
328 204 10000 19563 10000 4678249 199296 1660
188 16 10000 19862 1870 4832648 45133 316
95 278 10001 19864 1100 4832955 45295 184
323 211 10000 17319 1850000 3558160 1320459 306661
287 390 10000 19834 250 4821895 57183 48
248 77 10001 19789 10000 4794532 86203 1660
248 378 10000 19876 1870 4838723 43002 316
135 336 10000 19887 560 4842307 41093 98
314 110 10000 19890 560 4843623 40754 98
360 39 10000 19881 1100 4840765 43658 184
390 335 10000 17380 1850000 3589666 1294912 306661
104 2 10000 19889 1870 4843141 41775 316
103 30 10000 19680 10000 4736561 149401 1660
166 219 10000 19877 560 4838791 48302 98
25 80 10000 19893 180 4846279 41227 37
0 176 10000 19872 560 4835553 52922 98
367 128 10000 19897 180 4847478 41024 37
275 328 10000 19892 1870 4845524 42986 316
337 39 10001 16911 1850000 3350729 1538492 306661
18 316 10000 15062 1850000 2445150 2444076 306661
342 364 10000 19885 3160 4841894 47484 531
20 397 10000 19882 560 4841053 48826 98
201 278 10000 19879 1100 4839300 50945 184
383 324 10000 19899 900 4849226 41603 152
300 246 10000 19843 560 4825293 66539 98
22 167 10000 19895 560 4846839 45324 98
245 170 10000 19898 900 4848794 43997 152
46 267 10000 19891 1870 4843965 49179 316
159 365 10000 19799 10000 4800930 92653 1660
253 20 10000 19902 900 4852673 41201 152
298 257 10000 19883 180 4841071 53171 37
192 125 10000 19814 10000 4810157 84763 1660
258 145 10001 19755 250 4778346 117122 48
131 248 10000 19811 10000 4808188 87340 1660
353 208 10000 19904 250 4854827 41858 48
329 176 10001 19752 10000 4777415 119756 1660
198 242 10000 19905 560 4855015 42167 98
30 57 10000 19878 560 4839210 58498 98
340 73 10000 19910 1870 4857380 41847 316
11 322 10000 19913 560 4858344 41558 98
103 393 10000 19840 900 4822968 78500 152
79 279 10000 19916 250 4859850 41818 48
123 308 10000 19920 560 4860962 41072 98
235 130 10000 19906 560 4855229 46889 98
91 378 10000 19309 400000 4563063 339781 66306
282 379 10000 19915 560 4859734 43573 98
56 389 10000 19868 3160 4834208 69458 531
350 220 10000 19919 560 4860907 42857 98
280 362 10000 19924 1100 4863434 41706 184
81 319 10000 19547 100001 4671717 233486 16579
41 353 10000 19926 250 4864551 41889 48
13 193 10000 19927 1100 4864889 41830 184
156 103 10001 19929 900 4865927 41003 152
110 107 10000 19978 900 4887098 20641 152
292 343 10000 19679 1870 4736424 171681 316
100 46 10000 19928 1870 4865278 43740 316
87 299 10000 19932 560 4868287 41115 98
359 290 10000 19914 250 4858393 51632 48
56 314 10000 19934 1870 4868297 42018 316
175 21 10000 17878 1850000 3842063 1068591 306661
341 1 10000 19693 1100 4745021 165734 184
193 89 10000 19940 1100 4869822 41082 184
196 33 10000 19943 560 4870397 40738 98
346 250 10000 19937 1870 4869635 41839 316
297 206 10000 19936 250 4868780 43539 48
225 160 10000 19912 560 4858303 54363 98
88 31 10000 19938 900 4869670 43423 152
317 135 10000 19945 180 4872866 40735 37
4 132 10000 19925 250 4864051 50204 48
24 87 10000 19942 560 4870135 46127 98
225 151 10000 19238 400000 4520483 396593 66306
388 93 10001 19911 560 4857515 59587 98
257 218 10000 19948 560 4875642 41930 98
60 316 10000 17201 1850000 3493354 1425382 306661
81 363 10000 19953 560 4878292 40946 98
20 155 10000 19951 1100 4877496 41838 184
358 152 10000 19921 900 4861123 59060 152
68 57 10000 17621 1850000 3710053 1210548 306661
46 127 10000 19901 560 4851416 69250 98
294 233 10000 19874 10000 4835838 85562 1660
340 43 10000 19955 250 4878677 42754 48
183 360 10000 19963 560 4880725 40914 98
52 150 10000 19946 560 4873103 48542 98
115 303 10000 19817 10000 4812656 110087 1660
399 292 10000 19959 560 4880337 43977 98
313 47 10000 19961 250 4880470 43918 48
213 38 10000 19590 100001 4692763 231954 16579
13 216 10000 19957 1100 4879056 45736 184
379 353 10000 19964 1870 4880970 44989 316
284 128 10000 19958 250 4879927 46191 48
216 394 10000 19965 3160 4882318 43835 531
0 301 10000 19976 560 4886454 40631 98
102 327 10000 19933 1870 4868294 60119 316
351 249 10000 19903 900 4854275 74171 152
32 162 10000 19539 100001 4669170 259297 16579
108 306 10000 19283 400000 4543513 385877 66306
173 109 10000 19974 3160 4886265 43297 531
117 224 10000 19970 3160 4885882 43842 531
276 106 10000 19980 180 4887410 42633 37
263 123 10000 19954 560 4878580 52130 98
16 175 10000 19979 1870 4887346 43497 316
118 215 10000 19983 900 4888959 42055 152
228 300 10000 19618 100001 4706408 225129 16579
188 284 10000 19987 560 4891099 40917 98
131 153 10000 19894 10000 4846376 85708 1660
245 332 10000 19923 560 4863163 69789 98
134 9 10000 19010 400000 4411599 521820 66306
98 281 10000 19591 100001 4694087 239598 16579
43 28 10000 19988 180 4891596 42726 37
293 392 10000 19930 1100 4866144 68202 184
89 278 10000 19947 250 4873483 61050 48
160 279 10000 19809 10000 4806738 128190 1660
25 6 10000 19995 560 4894025 41346 98
89 208 10000 19807 10000 4805935 130577 1660
211 184 10000 19985 900 4890395 46437 152
275 394 10000 19820 10000 4813844 123022 1660
399 183 10000 19975 180 4886277 52220 37
160 251 10000 19944 1100 4872579 66039 184
353 144 10000 18916 400000 4359746 579053 66306
350 216 10000 19993 560 4893260 45842 98
166 276 10000 19851 10000 4829092 111096 1660
31 361 10000 19996 900 4896030 44325 152
246 45 10000 17062 1850000 3425698 1517808 306661
105 112 10000 19629 100001 4714067 230476 16579
342 225 10000 19672 100001 4731804 213606 16579
55 222 10000 19971 560 4885911 59579 98
297 340 10000 19812 10000 4808325 139078 1660
152 53 10000 19922 10000 4861982 85555 1660
293 310 10000 19412 400000 4611890 335778 66306
93 50 10000 19611 100001 4702265 246493 16579
258 197 10000 18869 100001 4334514 614777 16579
258 109 10000 19824 560 4817323 132453 98
107 174 10001 19950 250 4877407 72451 48
178 189 10000 19313 400000 4565027 385040 66306
74 83 10000 19952 900 4878130 72316 152
160 42 10000 19966 1870 4883576 67003 316
164 296 10000 19677 100001 4736205 215464 16579
105 71 10000 19875 10000 4836763 117392 1660
194 174 10000 19968 3160 4885071 69330 531
320 36 10000 19939 1100 4869770 84805 184
217 296 10000 19847 900 4825780 129752 152
345 195 10000 16481 1850000 3137703 1818747 306661
29 257 10000 19941 900 4870041 86674 152
141 395 10000 19816 560 4811064 146192 98
223 98 10000 19829 10000 4820396 137692 1660
182 175 10000 19998 560 4897845 61594 98
92 399 10000 19986 1870 4890686 69936 316
259 85 10000 19949 900 4877231 84701 152
70 372 10000 19956 10000 4879001 83766 1660
249 326 10000 19990 900 4892888 75048 152
50 315 10000 19981 560 4888016 80149 98
41 40 10000 19918 100001 4860810 108047 16579
90 255 10000 19967 10000 4884487 84872 1660
168 264 10000 19716 100001 4759596 210344 16579
270 162 10000 19960 560 4880340 93192 98
51 167 10000 19984 10000 4889744 83936 1660
291 344 10000 19504 100001 4656659 318430 16579
335 200 10000 19994 1870 4893571 82241 316
147 62 10000 19513 400000 4659775 317409 66306
52 307 10000 19739 100001 4770998 212645 16579
283 149 10000 18929 400000 4371143 613939 66306
275 172 10001 18976 400000 4392163 595485 66306
292 105 10000 16389 1850000 3085932 1903116 306661
126 393 10000 19857 10000 4829809 161759 1660
330 296 10000 17523 1850000 3664753 1327479 306661
34 96 10000 19621 100001 4707124 285384 16579
29 165 10000 13761 10000000 1838374 3155624 1657602
399 5 10000 19681 100001 4739073 255416 16579
207 305 10000 19743 100001 4772616 223910 16579
259 25 10000 17580 1850000 3685324 1312334 306661
38 55 10000 19778 100001 4785655 215476 16579
167 315 10000 19287 400000 4545894 462147 66306
353 231 10000 19194 400000 4499446 509954 66306
149 165 10000 19969 3160 4885840 129901 531
342 254 10000 19595 400000 4695394 321422 66306
200 103 10000 15735 1850000 2778737 2239264 306661
91 383 10000 19531 100001 4666675 351596 16579
164 93 10000 19529 400000 4665838 358042 66306
78 50 10000 17189 1850000 3486258 1538416 306661
105 215 10000 19678 100001 4736260 291638 16579
198 224 10000 19837 100001 4822575 209611 16579
191 368 10000 19841 100001 4824074 214475 16579
3 249 10000 19833 100001 4821798 217720 16579
358 365 10000 19731 100001 4765675 274163 16579
362 388 10000 19402 400000 4606424 434364 66306
56 394 10000 19800 100001 4801346 239565 16579
231 66 10000 19826 100001 4817666 225907 16579
72 381 10000 19849 100001 4827429 217081 16579
7 179 10000 19798 100001 4800689 247713 16579
126 272 10000 19444 100001 4626613 423264 16579
364 107 10000 19497 400000 4654547 398703 66306
171 97 10000 19900 100001 4849739 212602 16579
292 132 10001 19962 560 4880670 188440 98
15 330 10000 19909 100001 4856962 226158 16579
393 326 10000 19393 400000 4602123 482258 66306
387 114 10000 16365 1850000 3072545 2013029 306661
49 53 10000 19917 400000 4859974 229234 66306
77 19 10000 19977 100001 4886948 210171 16579
200 144 10000 19599 400000 4696213 426343 66306
321 353 10000 19694 100001 4745455 377546 16579
297 242 10001 19490 400000 4652184 477929 66306
358 112 10000 19842 100001 4825112 309045 16579
257 19 10000 19997 100001 4897196 237669 16579
397 358 10000 17478 1850000 3641271 1498975 306661
200 270 10000 19404 400000 4607263 535802 66306
307 385 10000 18780 1850000 4287325 856105 306661
251 275 10000 18302 1850000 4062226 1087816 306661
5 271 10000 19852 400000 4829309 327008 66306
199 135 10000 16120 1850000 2953150 2219050 306661
372 259 10000 19006 1850000 4409950 762875 306661
26 40 10000 15814 1850000 2809280 2363554 306661
320 171 10000 16646 1850000 3227577 1947946 306661
259 311 10000 17797 1850000 3802298 1373467 306661
161 12 10000 11120 10000000 514131 4672576 1657602
253 280 10000 18572 1850000 4191101 1001289 306661
379 55 10000 19844 400000 4825296 367523 66306
282 275 10000 17049 1850000 3418649 1779397 306661
234 394 10001 19514 400000 4660046 546975 66306
45 381 10000 17308 1850000 3549409 1657948 306661
107 222 10000 16347 1850000 3063656 2151318 306661
94 14 10000 16883 1850000 3336661 1887335 306661
80 146 10000 19772 100001 4782706 441860 16579
203 162 10000 19080 1850000 4443238 783228 306661
228 153 10000 19999 400000 4897971 340158 66306
182 375 10000 19835 100001 4822172 417104 16579
379 109 10000 17887 1850000 3846518 1413336 306661
322 397 10000 19391 100001 4601812 665349 16579
81 277 10000 19217 400000 4510448 774777 66306
232 254 10000 15589 1850000 2699713 2591161 306661
345 89 10000 10188 10000000 93716 5204567 1657602
321 158 10000 15461 10000000 2627822 2676030 1657602
387 249 10000 16805 1850000 3297282 2015838 306661
35 281 10000 18382 1850000 4095829 1227555 306661
230 318 10000 18612 1850000 4210824 1118127 306661
32 330 10000 16879 1850000 3334263 1997973 306661
273 348 10000 16246 1850000 3013910 2351638 306661
97 202 10000 17345 1850000 3573327 1798320 306661
53 295 10000 18691 1850000 4246506 1128807 306661
160 88 10000 16790 1850000 3290548 2093464 306661
141 245 10000 11074 10000000 496311 4889332 1657602
302 392 10000 18841 1850000 4312809 1075405 306661
381 93 10000 12041 10000000 967633 4466878 1657602
134 325 10000 18014 1850000 3915237 1521064 306661
170 194 10000 16902 1850000 3347259 2097290 306661
376 6 10000 17753 1850000 3779279 1677800 306661
337 169 10000 18796 1850000 4294671 1168682 306661
126 231 10000 18698 400000 4250624 1214384 66306
30 169 10000 19762 400000 4779552 693082 66306
40 112 10000 10879 10000000 408639 5065266 1657602
5 210 10001 19880 400000 4840647 652544 66306
364 324 10000 17166 1850000 3477210 2019007 306661
107 60 10000 11870 10000000 880417 4645530 1657602
125 155 10001 17730 1850000 3768115 1758165 306661
220 199 10000 18943 1850000 4376536 1150879 306661
246 344 10000 19199 1850000 4500655 1037742 306661
336 11 10000 17233 1850000 3510491 2054995 306661
185 277 10000 18590 1850000 4200554 1368706 306661
366 381 10000 18228 1850000 4035605 1539193 306661
237 295 10000 18674 1850000 4239446 1349333 306661
163 289 10000 19651 1850000 4723254 873546 306661
268 389 10000 17983 1850000 3896569 1701892 306661
122 16 10000 19379 1850000 4597194 1010787 306661
52 136 10000 17656 1850000 3723147 1892470 306661
378 150 10000 19019 1850000 4414913 1205588 306661
228 56 10000 19175 1850000 4492376 1131396 306661
271 59 10000 18760 1850000 4274570 1364811 306661
59 236 10000 19989 1850000 4892670 754041 306661
113 24 10000 19015 1850000 4413266 1234038 306661
291 380 10000 18504 1850000 4159817 1493854 306661
292 169 10000 18975 400000 4391843 1270780 66306
141 378 10000 17461 1850000 3632777 2036077 306661
176 377 10000 19553 1850000 4675506 994519 306661
285 164 10000 18717 1850000 4258294 1419348 306661
199 70 10000 10570 10000000 269544 5416977 1657602
179 257 10000 19972 1850000 4886027 803353 306661
58 293 10000 19615 1850000 4705282 987909 306661
263 144 10000 16628 1850000 3221376 2472902 306661
45 149 10000 16834 1850000 3314631 2380146 306661
365 195 10000 19182 1850000 4493706 1207205 306661
135 330 10000 19072 1850000 4436737 1265903 306661
47 299 10000 18742 1850000 4268806 1434152 306661
276 65 10000 17998 1850000 3905920 1798050 306661
382 124 10000 19797 100001 4800479 904140 16579
386 18 10000 18888 1850000 4346684 1397863 306661
331 132 10000 17857 1850000 3831133 1920884 306661
352 309 10000 18649 1850000 4230942 1521583 306661
303 392 10000 17095 1850000 3444550 2326044 306661
275 202 10000 18232 1850000 4037223 1734725 306661
360 114 10000 19491 1850000 4652269 1162573 306661
278 348 10000 17815 1850000 3810628 2021367 306661
145 348 10001 19594 1850000 4695284 1148745 306661
230 295 10000 19330 1850000 4572432 1289709 306661
351 291 10000 19321 1850000 4569386 1314878 306661
206 2 10000 18411 1850000 4112906 1779093 306661
60 372 10000 19806 1850000 4805778 1091565 306661
267 42 10000 14105 10000000 2018470 3887966 1657602
21 261 10000 19935 1850000 4868315 1064431 306661
43 393 10001 19884 1850000 4841800 1092384 306661
86 124 10000 18863 1850000 4328128 1620698 306661
311 391 10000 19361 1850000 4589069 1372414 306661
206 157 10000 12776 10000000 1342997 4618669 1657602
397 27 10000 19788 1850000 4794355 1191130 306661
221 301 10000 17924 1850000 3867328 2137092 306661
326 178 10000 12895 10000000 1405773 4617123 1657602
24 371 10000 18685 1850000 4244580 1800363 306661
254 351 10000 16966 1850000 3379513 2765445 306661
211 177 10000 19516 1850000 4660215 1486883 306661
106 94 10000 17369 10000000 3583330 2565364 1657602
310 0 10000 19488 1850000 4651301 1519343 306661
141 263 10000 18115 1850000 3971812 2297402 306661
5 79 10000 19428 1850000 4618465 1653856 306661
258 172 10000 18324 1850000 4073731 2221332 306661
322 351 10000 17979 1850000 3895027 2407942 306661
328 38 10000 19685 1850000 4741154 1570145 306661
29 380 10000 18952 1850000 4379752 1978465 306661
388 0 10000 18509 1850000 4162508 2201792 306661
274 75 10000 19353 1850000 4586966 1785521 306661
132 382 10000 19736 1850000 4768087 1642610 306661
14 112 10000 19426 1850000 4618377 1797821 306661
303 118 10000 19741 1850000 4772541 1677567 306661
173 2 10000 11667 10000000 785043 5680768 1657602
103 379 10000 17145 10000000 3466878 3000852 1657602
223 129 10000 11032 10000000 475900 5999329 1657602
336 206 10000 14552 10000000 2216535 4263223 1657602
110 124 10000 13930 10000000 1920839 4608252 1657602
37 324 10000 14099 10000000 2014521 4528012 1657602
172 186 10000 19896 1850000 4846864 1728818 306661
384 363 10000 18009 1850000 3912182 2707214 306661
196 109 10000 14276 10000000 2085066 4569894 1657602
160 216 10000 12003 10000000 941124 5743407 1657602
394 186 10000 19144 1850000 4477416 2215058 306661
232 363 10000 17776 1850000 3790662 2904766 306661
221 296 10000 14369 10000000 2129593 4574106 1657602
221 11 10000 19374 1850000 4593583 2143550 306661
243 288 10000 10788 10000000 366820 6372379 1657602
345 123 10000 16619 10000000 3215026 3534406 1657602
141 18 10000 17719 1850000 3762567 3017762 306661
242 316 10000 11361 10000000 631949 6169096 1657602
160 242 10000 19699 1850000 4747979 2080357 306661
27 187 10000 16626 10000000 3217347 3632671 1657602
258 105 10000 16576 1850000 3194709 3710959 306661
265 18 10000 13208 10000000 1567645 5347800 1657602
390 224 10000 15346 10000000 2570315 4354423 1657602
18 87 10000 13720 10000000 1813623 5141830 1657602
303 202 10000 14151 10000000 2036209 4994729 1657602
328 306 10000 19888 1850000 4842785 2202405 306661
385 208 10000 18487 1850000 4149785 2918876 306661
3 281 10000 18812 1850000 4297784 2794058 306661
156 252 10000 18077 10000000 3945415 3160354 1657602
288 376 10000 17712 10000000 3756896 3390103 1657602
67 266 10000 15102 10000000 2462168 4697959 1657602
217 70 10000 19400 1850000 4605232 2600805 306661
121 394 10000 16889 10000000 3339499 3958317 1657602
82 56 10000 19645 1850000 4720657 2695940 306661
348 39 10000 11579 10000000 740193 6697374 1657602
184 136 10000 13980 10000000 1943217 5584542 1657602
371 85 10000 15852 10000000 2826639 4708990 1657602
22 98 10000 17497 10000000 3655489 3952744 1657602
258 382 10000 10230 10000000 111923 7557082 1657602
322 128 10000 18081 1850000 3948340 3742135 306661
8 270 10001 13190 10000000 1559018 6159841 1657602
205 175 10000 13553 10000000 1726895 6016272 1657602
299 260 10000 14847 10000000 2354795 5389941 1657602
351 49 10000 10222 10000000 108663 7697075 1657602
105 276 10000 16142 10000000 2964372 4842195 1657602
279 324 10000 12638 10000000 1276849 6556849 1657602
82 32 10000 13841 10000000 1878719 6056461 1657602
233 396 10000 16479 10000000 3136502 4814024 1657602
134 336 10000 18883 10000000 4342250 3619625 1657602
376 151 10000 14801 10000000 2331861 5662270 1657602
103 5 10000 19306 10000000 4561944 3482069 1657602
26 308 10000 13496 10000000 1701916 6442175 1657602
236 289 10000 16265 10000000 3023909 5120366 1657602
17 163 10000 18858 10000000 4326480 3850686 1657602
379 373 10000 14464 30000000 2174966 6263232 4972800
18 239 10000 14875 10000000 2368241 6078317 1657602
30 219 10000 16364 10000000 3070935 5378180 1657602
10 125 10000 19973 10000000 4886162 3591877 1657602
208 355 10000 13531 10000000 1718510 6891199 1657602
30 31 10000 15999 10000000 2897945 5872212 1657602
69 215 10000 18622 10000000 4213106 4574739 1657602
304 270 10000 17078 10000000 3433691 5419388 1657602
204 63 10000 19787 1850000 4793232 4146799 306661
376 320 10000 13771 10000000 1841872 7137488 1657602
223 197 10000 18130 10000000 3980602 5089247 1657602
80 113 10000 19422 10000000 4616321 4467007 1657602
207 185 10000 10687 10000000 320009 9083857 1657602
298 321 10000 14300 10000000 2097325 7342391 1657602
374 95 10000 19560 10000000 4676597 4785435 1657602
267 389 10000 18121 10000000 3974316 5491032 1657602
248 365 10000 17050 10000000 3419102 6137869 1657602
185 155 10000 15159 30000000 2481383 7133521 4972800
66 231 10000 15401 10000000 2597865 7141686 1657602
122 302 10000 13662 10000000 1783228 7993787 1657602
260 60 10000 19132 10000000 4472134 5312820 1657602
275 172 10000 17228 10000000 3507353 6332371 1657602
160 230 10000 19477 1850000 4646944 5230780 306661
204 59 10000 11756 10000000 829701 9103919 1657602
149 313 10000 17492 10000000 3653083 6408808 1657602
321 50 10000 19272 10000000 4537710 5580106 1657602
194 150 10000 12997 10000000 1454537 8704139 1657602
86 110 10000 18756 10000000 4274102 6056490 1657602
177 341 10000 16076 10000000 2936399 7408054 1657602
165 375 10000 17122 10000000 3456338 6915196 1657602
231 357 10000 18620 10000000 4212556 6258767 1657602
178 49 10000 17404 10000000 3602229 6895512 1657602
43 383 10000 15114 10000000 2465210 8115825 1657602
174 114 10000 14210 10000000 2063922 8568996 1657602
377 302 10000 18356 10000000 4087489 6622688 1657602
132 159 10000 19507 10000000 4657993 6117843 1657602
323 192 10001 18393 10000000 4101354 6692370 1657602
1 186 10000 18364 10000000 4090071 6760772 1657602
13 100 10000 19473 10000000 4642892 6226493 1657602
352 170 10000 16454 10000000 3121871 7821584 1657602
238 189 10000 15292 30000000 2544709 8434035 4972800
15 17 10000 12672 30000000 1291950 9691617 4972800
298 164 10000 10187 30000000 93653 11212826 4972800
382 31 10000 11916 10000000 899812 10427430 1657602
308 17 10000 15571 10000000 2691164 8671879 1657602
237 251 10000 12729 30000000 1319658 10152124 4972800
276 282 10000 12207 30000000 1061554 10429161 4972800
204 381 10000 10694 30000000 324782 11405553 4972800
268 352 10000 15552 30000000 2677935 9061251 4972800
382 167 10000 10051 30000000 26129 11714650 4972800
90 274 10000 12439 30000000 1182775 10584341 4972800
387 208 10000 10952 30000000 436033 11346277 4972800
223 86 10001 18985 10000000 4397296 7419820 1657602
292 197 10000 18573 10000000 4191148 7732203 1657602
270 184 10000 12433 30000000 1179775 10830473 4972800
31 349 10000 13440 30000000 1665352 10501882 4972800
329 66 10000 13220 30000000 1571553 10618361 4972800
97 240 10000 18899 10000000 4355503 7942687 1657602
215 199 10000 10209 30000000 102778 12240004 4972800
24 359 10000 10581 30000000 275316 12185146 4972800
3 174 10000 12547 30000000 1233914 11258848 4972800
7 92 10000 14113 30000000 2021585 10538441 4972800
194 135 10000 10006 30000000 3228 12588882 4972800
272 13 10000 11972 30000000 924985 11725716 4972800
167 280 10000 19614 10000000 4704926 8213684 1657602
115 154 10000 15110 10000000 2464121 10633589 1657602
14 128 10000 13520 30000000 1712450 11443481 4972800
80 366 10000 19641 10000000 4719374 8535194 1657602
4 105 10000 14715 10000000 2291178 10969403 1657602
393 160 10000 18083 30000000 3948871 9313080 4972800
81 102 10000 11513 10000000 707960 12640543 1657602
292 13 10000 11405 10000000 655352 12750768 1657602
192 200 10000 16708 30000000 3255557 10190666 4972800
34 356 10000 17609 30000000 3703079 9859536 4972800
232 210 10000 19116 10000000 4464902 9244000 1657602
295 61 10000 19908 30000000 4856732 8915747 4972800
384 28 10000 16452 10000000 3121184 10782154 1657602
300 151 10000 19764 10000000 4779923 9397362 1657602
341 334 10000 14935 10000000 2395412 12014078 1657602
250 82 10000 14318 10000000 2107290 12386569 1657602
40 320 10000 12825 30000000 1371324 13248014 4972800
88 90 10000 10284 30000000 138650 14494690 4972800
304 200 10000 18428 10000000 4122159 10552491 1657602
108 79 10000 19431 10000000 4620023 10089730 1657602
29 248 10000 18907 30000000 4357256 10393275 4972800
250 58 10000 17926 30000000 3869839 10984645 4972800
309 96 10000 18513 30000000 4163671 11082839 4972800
377 102 10000 19992 10000000 4893234 10423912 1657602
104 0 10000 19211 30000000 4507857 10898634 4972800
27 85 10000 13120 30000000 1519460 14060762 4972800
329 258 10000 11993 30000000 938377 14756176 4972800
149 239 10000 14912 30000000 2380985 13515009 4972800
134 371 10000 14002 30000000 1956971 14074140 4972800
94 55 10000 19754 30000000 4777788 11808138 4972800
178 230 10000 14918 10000000 2386030 14227781 1657602
152 233 10000 14856 30000000 2359164 14314328 4972800
153 225 10000 19472 30000000 4642527 12216510 4972800
137 319 10000 19481 30000000 4649003 12265257 4972800
195 82 10000 19185 10000000 4495008 12556532 1657602
131 47 10000 13967 30000000 1936441 15246592 4972800
67 91 10000 17683 30000000 3733419 13472744 4972800
287 75 10000 19000 30000000 4407365 12910441 4972800
217 33 10000 18514 10000000 4163959 13278250 1657602
93 59 10000 19142 30000000 4477240 13489358 4972800
217 22 10000 14326 30000000 2111767 16095251 4972800
161 3 10000 19773 30000000 4782837 13618190 4972800
223 149 10000 12381 30000000 1153695 17356977 4972800
23 269 10000 18498 30000000 4158952 14583078 4972800
80 38 10001 17751 30000000 3776838 15017400 4972800
357 368 10000 16255 30000000 3019548 15929300 4972800
258 222 10000 11867 30000000 879798 18101977 4972800
330 216 10000 19123 30000000 4468447 14939438 4972800
199 293 10000 16773 30000000 3283082 16218074 4972800
141 80 10000 16843 30000000 3319661 16453089 4972800
317 177 10000 19805 30000000 4805245 15029142 4972800
268 368 10000 19315 30000000 4566562 15321298 4972800
134 355 10000 15931 30000000 2866818 17309068 4972800
149 22 10000 17988 30000000 3900016 16308194 4972800
298 365 10000 10027 30000000 12334 20435365 4972800
254 95 10000 19202 30000000 4503720 16007673 4972800
97 186 10000 16794 30000000 3293629 17697703 4972800
382 64 10000 18473 30000000 4143146 17410242 4972800
14 224 10000 15533 30000000 2665636 19007384 4972800
375 161 10000 16046 30000000 2921693 18774255 4972800
270 144 10000 17735 30000000 3770466 17929920 4972800
209 370 10001 11856 30000000 874390 21042473 4972800
46 312 10000 10038 100000000 18124 22018307 16576002
371 369 10000 16227 100000000 3004470 19034700 16576002
382 148 10000 11648 30000000 768145 21528097 4972800
292 360 10000 12962 10000000 1437184 21083359 1657602
126 235 10000 17370 30000000 3584965 18973011 4972800
117 131 10000 18444 30000000 4127780 18644085 4972800
255 333 10000 12461 100000000 1193584 21601409 16576002
217 339 10000 18069 30000000 3942488 18948141 4972800
88 118 10000 12713 100000000 1311826 21706246 16576002
283 301 10000 14341 100000000 2117874 21119387 16576002
277 6 10000 19855 100000000 4829554 19551812 16576002
241 278 10000 13106 30000000 1512932 22870363 4972800
151 198 10000 19548 100000000 4671880 20360103 16576002
241 247 10000 19790 10000000 4797584 20531430 1657602
74 99 10000 13163 100000000 1543619 23813246 16576002
119 306 10000 13156 100000000 1541098 23860228 16576002
180 159 10000 19873 30000000 4835590 20732654 4972800
26 268 10000 17021 30000000 3408523 22745988 4972800
30 140 10000 13881 100000000 1899061 24359919 16576002
303 384 10000 14938 100000000 2396183 25123470 16576002
126 35 10000 14700 100000000 2281628 25320564 16576002
338 273 10000 17147 100000000 3467068 24407242 16576002
311 240 10000 18396 100000000 4102123 25228178 16576002
181 258 10000 19170 30000000 4489911 24909280 4972800
181 177 10000 16915 30000000 3352081 26240721 4972800
376 330 10000 18192 100000000 4014422 26316030 16576002
199 290 10000 16124 100000000 2953826 27381157 16576002
365 41 10000 12773 100000000 1342529 29478054 16576002
341 30 10000 14915 10000000 2384469 28748568 1657602
186 213 10000 12888 100000000 1401026 30107171 16576002
352 9 10000 14695 100000000 2279609 29519550 16576002
362 351 10000 19658 100000000 4725738 27343718 16576002
217 32 10000 11484 30000000 696362 31660170 4972800
209 8 10000 10046 100000000 23602 33086149 16576002
221 314 10000 10035 100000000 16708 34032615 16576002
40 196 10000 18519 30000000 4165143 30097211 4972800
343 23 10000 17059 100000000 3425271 31795086 16576002
181 161 10000 11050 100000000 483196 34753538 16576002
323 131 10000 12992 100000000 1452243 34031820 16576002
394 168 10000 10729 100000000 339062 36028101 16576002
232 102 10000 12690 100000000 1299632 35071528 16576002
248 40 10000 14737 100000000 2298394 34776317 16576002
201 328 10000 19822 100000000 4814894 32777498 16576002
373 217 10000 10428 100000000 196132 37891368 16576002
292 388 10000 17703 100000000 3751214 35413463 16576002
78 111 10000 15783 100000000 2797419 36504128 16576002
361 210 10000 14828 100000000 2347218 39073830 16576002
9 182 10000 19288 100000000 4546480 36903709 16576002
82 219 10000 18855 100000000 4322587 37232821 16576002
247 366 10000 13085 100000000 1506185 42882433 16576002
81 358 10000 19931 100000000 4866878 39529448 16576002
395 285 10000 12046 100000000 969888 44682519 16576002
338 49 10000 14487 100000000 2185838 44103738 16576002
160 354 10000 17076 100000000 3431888 44210596 16576002
200 302 10000 18425 100000000 4120980 44215164 16576002
241 44 10000 15690 100000000 2753158 46397314 16576002
292 357 10000 11893 100000000 890798 48881982 16576002
237 236 10000 14893 250000000 2374884 47426748 41440002
351 132 10000 15596 100000000 2702494 47732665 16576002
352 315 10000 12295 100000000 1109651 49565466 16576002
115 45 10000 18387 250000000 4098210 46873641 41440002
208 53 10000 18843 100000000 4315932 47837815 16576002
26 120 10000 15039 100000000 2436570 50706954 16576002
111 73 10000 17522 250000000 3664315 50180542 41440002
250 154 10000 11469 250000000 688269 53961885 41440002
204 176 10000 10330 250000000 158634 57788357 41440002
184 175 10000 19191 100000000 4496894 53516734 16576002
11 173 10000 10405 250000000 186422 57967021 41440002
333 52 10000 17154 250000000 3470045 54891426 41440002
104 238 10000 11743 250000000 825851 57589755 41440002
196 207 10000 14623 100000000 2249788 56649706 16576002
194 147 10000 12707 250000000 1304811 58028322 41440002
57 234 10000 13611 250000000 1759568 60045986 41440002
304 242 10000 18002 250000000 3907641 58170124 41440002
141 10 10000 16140 100000000 2963986 59146198 16576002
163 72 10000 15666 100000000 2739612 59771050 16576002
176 354 10000 11964 100000000 920835 62789631 16576002
313 390 10000 15104 250000000 2462809 61818778 41440002
9 226 10000 19886 100000000 4842279 61582488 16576002
23 321 10000 17198 250000000 3492904 63434267 41440002
291 34 10000 16697 100000000 3249908 64022032 16576002
218 397 10000 10015 100000000 8442 68310836 16576002
247 145 10000 16409 250000000 3096612 65660950 41440002
377 250 10000 11759 250000000 830913 67937557 41440002
378 36 10000 12772 250000000 1342064 71123954 41440002
385 392 10000 13235 100000000 1577910 71844824 16576002
232 165 10000 19708 250000000 4752812 68974852 41440002
240 205 10000 18978 250000000 4392724 70381906 41440002
258 299 10000 12891 250000000 1401584 76968178 41440002
388 79 10000 14331 100000000 2112766 77613410 16576002
287 50 10000 13874 250000000 1895865 77968725 41440002
269 63 10000 17973 250000000 3892735 76422797 41440002
229 347 10001 14280 250000000 2086221 79778053 41440002
129 231 10000 12247 250000000 1084409 82322595 41440002
26 304 10000 17372 250000000 3585868 81061227 41440002
85 226 10000 13109 100000000 1513122 88570578 16576002
44 249 10000 15450 250000000 2624369 92718301 41440002
81 34 10000 18470 250000000 4141854 96775980 41440002
85 150 10000 17409 250000000 3606253 105761959 41440002
279 91 10000 11359 250000000 631631 112844704 41440002
47 115 10000 17941 250000000 3878249 110261409 41440002
351 342 10000 10147 250000000 75806 114111565 41440002
387 101 10000 15474 250000000 2631687 118096950 41440002
322 47 10000 18715 250000000 4257435 117102534 41440002
341 23 10000 14332 100000000 2113218 126582015 16576002
341 264 10000 13088 250000000 1506969 142356212 41440002
385 107 10000 18912 250000000 4359020 162997573 41440002
66 228 10000 17653 1000000000 3722207 172521409 165760002
334 220 10000 11018 1000000000 469671 181349334 165760002
19 262 10000 19982 1000000000 4888259 177078054 165760002
138 97 10000 18667 1000000000 4237058 179209618 165760002
254 185 10000 19093 1000000000 4449724 182150878 165760002
373 193 10000 10539 1000000000 249343 187742780 165760002
337 39 10000 12413 1000000000 1169804 188325786 165760002
375 191 10000 18333 1000000000 4078178 186076067 165760002
358 337 10000 17520 1000000000 3663566 186739759 165760002
355 26 10000 18242 1000000000 4040977 186848628 165760002
166 247 10000 16212 1000000000 2995965 191798402 165760002
108 138 10000 10125 1000000000 65757 200522012 165760002
285 325 10000 11125 1000000000 515612 203511765 165760002
149 183 10001 18809 1000000000 4297005 200472239 165760002
322 139 10000 11389 1000000000 649059 212709706 165760002
82 188 10000 15595 1000000000 2701663 224932209 165760002
44 265 10000 11430 1000000000 668964 227839309 165760002
34 20 10000 10887 1000000000 410570 231022187 165760002
85 370 10000 14561 1000000000 2218506 230527521 165760002
241 82 10000 11076 1000000000 496909 237786645 165760002
341 117 10000 11995 1000000000 939821 244234826 165760002
385 323 10000 10144 1000000000 73539 246868687 165760002
274 127 10000 12540 1000000000 1232551 250905726 165760002
89 334 10000 14112 1000000000 2021246 284693123 165760002
388 169 10000 14197 1000000000 2056217 290548561 165760002
384 87 10000 12403 1000000000 1164321 352940696 165760002
384 317 10000 18045 1000000000 3926686 353927367 165760002
89 103 10000 12283 1000000000 1101396 361443799 165760002
240 225 10000 16180 1000000000 2980015 421145002 165760002
252 318 10000 10366 1000000000 170878 428795701 165760002
209 100 10000 12668 1000000000 1289520 430761129 165760002
215 353 10000 14029 1000000000 1971587 444157618 165760002
372 24 10000 18251 1000000000 4045021 471379316 165760002
351 21 10000 17120 1000000000 3454616 482952290 165760002
